2026-10-09T06:15:13.8812155Z Current runner version: '2.337.0'
2026-10-09T06:15:13.8839468Z ##[group]Runner Image Provisioner
2026-10-09T06:15:13.8840374Z Hosted Compute Agent
2026-10-09T06:15:13.8841038Z Version: 20261002.596
2026-10-09T06:15:13.8841666Z Commit: c3d12f3313a95f25162a1503be624f3b0617f8c0
2026-10-09T06:15:13.8842531Z Build Date: 2026-10-02T22:28:27Z
2026-10-09T06:15:13.8843216Z Worker ID: {9bb9d5ca-055c-441a-9b30-bf6c631fb091}
2026-10-09T06:15:13.8843963Z Region: northcentralus
2026-10-09T06:15:13.8844559Z Cloud: Azure
2026-10-09T06:15:13.8845091Z ##[endgroup]
2026-10-09T06:15:13.8846592Z ##[group]Operating System
2026-10-09T06:15:13.8847577Z Ubuntu
2026-10-09T06:15:13.8848265Z 24.04.5
2026-10-09T06:15:13.8848796Z LTS
2026-10-09T06:15:13.8849301Z ##[endgroup]
2026-10-09T06:15:13.8849982Z ##[group]Runner Image
2026-10-09T06:15:13.8850628Z Image: ubuntu-24.04
2026-10-09T06:15:13.8851760Z Version: 20261004.327.1
2026-10-09T06:15:13.8853086Z Included Software: https://github.com/actions/runner-images/blob/ubuntu24/20261004.327/images/ubuntu/Ubuntu2404-Readme.md
2026-10-09T06:15:13.8854716Z Image Release: https://github.com/actions/runner-images/releases/tag/ubuntu24%2F20261004.327
2026-10-09T06:15:13.8855677Z ##[endgroup]
2026-10-09T06:15:13.8856790Z ##[group]GITHUB_TOKEN Permissions
2026-10-09T06:15:13.8859145Z Contents: read
2026-10-09T06:15:13.8859855Z Metadata: read
2026-10-09T06:15:13.8860433Z ##[endgroup]
2026-10-09T06:15:13.8862528Z Secret source: Actions
2026-10-09T06:15:13.8863631Z Cache mode: write
2026-10-09T06:15:13.8864712Z Prepare workflow directory
2026-10-09T06:15:13.9213030Z Prepare all required actions
2026-10-09T06:15:13.9263581Z Getting action download info
2026-10-09T06:15:14.1775266Z Download action repository 'actions/checkout@v4' (SHA:11d5960a326750d5838078e36cf38b85af677262)
2026-10-09T06:15:14.2758242Z Download action repository 'actions/setup-node@v4' (SHA:49933ea5288caeca8642d1e84afbd3f7d6820020)
2026-10-09T06:15:14.4691866Z Complete job name: bridge-components
2026-10-09T06:15:14.5506957Z ##[group]Run actions/checkout@v4
2026-10-09T06:15:14.5508183Z with:
2026-10-09T06:15:14.5508683Z   repository: shopable-ai/opendesk-browser
2026-10-09T06:15:14.5512810Z   token: ***
2026-10-09T06:15:14.5513265Z   ssh-strict: true
2026-10-09T06:15:14.5513728Z   ssh-user: git
2026-10-09T06:15:14.5514188Z   persist-credentials: true
2026-10-09T06:15:14.5514687Z   clean: true
2026-10-09T06:15:14.5515148Z   sparse-checkout-cone-mode: true
2026-10-09T06:15:14.5515695Z   fetch-depth: 1
2026-10-09T06:15:14.5516147Z   fetch-tags: false
2026-10-09T06:15:14.5516607Z   show-progress: true
2026-10-09T06:15:14.5517059Z   lfs: false
2026-10-09T06:15:14.5517913Z   submodules: false
2026-10-09T06:15:14.5518401Z   set-safe-directory: true
2026-10-09T06:15:14.5518920Z   allow-unsafe-pr-checkout: false
2026-10-09T06:15:14.5519784Z ##[endgroup]
2026-10-09T06:15:14.6525961Z Syncing repository: shopable-ai/opendesk-browser
2026-10-09T06:15:14.6528175Z ##[group]Getting Git version info
2026-10-09T06:15:14.6529707Z Working directory is '/home/runner/work/opendesk-browser/opendesk-browser'
2026-10-09T06:15:14.6531692Z [command]/usr/bin/git version
2026-10-09T06:15:14.6675052Z git version 2.55.0
2026-10-09T06:15:14.6741891Z ##[endgroup]
2026-10-09T06:15:14.6751819Z Temporarily overriding HOME='/home/runner/work/_temp/9e5ab2f5-a386-49ed-a596-7a4643d6f192' before making global git config changes
2026-10-09T06:15:14.6754724Z Adding repository directory to the temporary git global config as a safe directory
2026-10-09T06:15:14.6757759Z [command]/usr/bin/git config --global --add safe.directory /home/runner/work/opendesk-browser/opendesk-browser
2026-10-09T06:15:14.6816816Z Deleting the contents of '/home/runner/work/opendesk-browser/opendesk-browser'
2026-10-09T06:15:14.6822025Z ##[group]Initializing the repository
2026-10-09T06:15:14.6827919Z [command]/usr/bin/git init /home/runner/work/opendesk-browser/opendesk-browser
2026-10-09T06:15:14.6969252Z hint: Using 'master' as the name for the initial branch. This default branch name
2026-10-09T06:15:14.6978452Z hint: will change to "main" in Git 3.0. To configure the initial branch name
2026-10-09T06:15:14.6980452Z hint: to use in all of your new repositories, which will suppress this warning,
2026-10-09T06:15:14.6982210Z hint: call:
2026-10-09T06:15:14.6983225Z hint:
2026-10-09T06:15:14.6984325Z hint: 	git config --global init.defaultBranch <name>
2026-10-09T06:15:14.6985517Z hint:
2026-10-09T06:15:14.6986688Z hint: Names commonly chosen instead of 'master' are 'main', 'trunk' and
2026-10-09T06:15:14.6988769Z hint: 'development'. The just-created branch can be renamed via this command:
2026-10-09T06:15:14.6990369Z hint:
2026-10-09T06:15:14.6991424Z hint: 	git branch -m <name>
2026-10-09T06:15:14.6992131Z hint:
2026-10-09T06:15:14.6993191Z hint: Disable this message with "git config set advice.defaultBranchName false"
2026-10-09T06:15:14.6994980Z Initialized empty Git repository in /home/runner/work/opendesk-browser/opendesk-browser/.git/
2026-10-09T06:15:14.7002763Z [command]/usr/bin/git remote add origin https://github.com/shopable-ai/opendesk-browser
2026-10-09T06:15:14.7065260Z ##[endgroup]
2026-10-09T06:15:14.7066567Z ##[group]Disabling automatic garbage collection
2026-10-09T06:15:14.7070843Z [command]/usr/bin/git config --local gc.auto 0
2026-10-09T06:15:14.7108225Z ##[endgroup]
2026-10-09T06:15:14.7109609Z ##[group]Setting up auth
2026-10-09T06:15:14.7118547Z [command]/usr/bin/git config --local --name-only --get-regexp core\.sshCommand
2026-10-09T06:15:14.7160518Z [command]/usr/bin/git submodule foreach --recursive sh -c "git config --local --name-only --get-regexp 'core\.sshCommand' && git config --local --unset-all 'core.sshCommand' || :"
2026-10-09T06:15:14.7563890Z [command]/usr/bin/git config --local --name-only --get-regexp http\.https\:\/\/github\.com\/\.extraheader
2026-10-09T06:15:14.7601185Z [command]/usr/bin/git submodule foreach --recursive sh -c "git config --local --name-only --get-regexp 'http\.https\:\/\/github\.com\/\.extraheader' && git config --local --unset-all 'http.https://github.com/.extraheader' || :"
2026-10-09T06:15:14.7828623Z [command]/usr/bin/git config --local --name-only --get-regexp ^includeIf\.gitdir:
2026-10-09T06:15:14.7864565Z [command]/usr/bin/git submodule foreach --recursive git config --local --show-origin --name-only --get-regexp remote.origin.url
2026-10-09T06:15:14.8092101Z [command]/usr/bin/git config --local http.https://github.com/.extraheader AUTHORIZATION: basic ***
2026-10-09T06:15:14.8134049Z ##[endgroup]
2026-10-09T06:15:14.8135100Z ##[group]Fetching the repository
2026-10-09T06:15:14.8146588Z [command]/usr/bin/git -c protocol.version=2 fetch --no-tags --prune --no-recurse-submodules --depth=1 origin +b8cfc1f597ae1578e790f1b7fee89fb8aa1fcce9:refs/remotes/origin/main
2026-10-09T06:15:17.4633381Z From https://github.com/shopable-ai/opendesk-browser
2026-10-09T06:15:17.4635372Z  * [new ref]         b8cfc1f597ae1578e790f1b7fee89fb8aa1fcce9 -> origin/main
2026-10-09T06:15:17.4639598Z ##[endgroup]
2026-10-09T06:15:17.4641011Z ##[group]Determining the checkout info
2026-10-09T06:15:17.4642649Z ##[endgroup]
2026-10-09T06:15:17.4651595Z [command]/usr/bin/git sparse-checkout disable
2026-10-09T06:15:17.4711166Z [command]/usr/bin/git config --local --unset-all extensions.worktreeConfig
2026-10-09T06:15:17.4748961Z ##[group]Checking out the ref
2026-10-09T06:15:17.4752837Z [command]/usr/bin/git checkout --progress --force -B main refs/remotes/origin/main
2026-10-09T06:15:18.4939408Z Updating files:  64% (8844/13652)
2026-10-09T06:15:18.4988753Z Updating files:  65% (8874/13652)
2026-10-09T06:15:18.5144759Z Updating files:  66% (9011/13652)
2026-10-09T06:15:18.5230395Z Updating files:  67% (9147/13652)
2026-10-09T06:15:18.5281605Z Updating files:  68% (9284/13652)
2026-10-09T06:15:18.5435047Z Updating files:  69% (9420/13652)
2026-10-09T06:15:18.5516077Z Updating files:  70% (9557/13652)
2026-10-09T06:15:18.5577736Z Updating files:  71% (9693/13652)
2026-10-09T06:15:18.5729250Z Updating files:  72% (9830/13652)
2026-10-09T06:15:18.5807035Z Updating files:  73% (9966/13652)
2026-10-09T06:15:18.5868427Z Updating files:  74% (10103/13652)
2026-10-09T06:15:18.5996419Z Updating files:  75% (10239/13652)
2026-10-09T06:15:18.6094770Z Updating files:  76% (10376/13652)
2026-10-09T06:15:18.6160286Z Updating files:  77% (10513/13652)
2026-10-09T06:15:18.6257538Z Updating files:  78% (10649/13652)
2026-10-09T06:15:18.6379467Z Updating files:  79% (10786/13652)
2026-10-09T06:15:18.6457581Z Updating files:  80% (10922/13652)
2026-10-09T06:15:18.6512531Z Updating files:  81% (11059/13652)
2026-10-09T06:15:18.6666693Z Updating files:  82% (11195/13652)
2026-10-09T06:15:18.6753221Z Updating files:  83% (11332/13652)
2026-10-09T06:15:18.6803701Z Updating files:  84% (11468/13652)
2026-10-09T06:15:18.6956083Z Updating files:  85% (11605/13652)
2026-10-09T06:15:18.7038586Z Updating files:  86% (11741/13652)
2026-10-09T06:15:18.7228215Z Updating files:  87% (11878/13652)
2026-10-09T06:15:18.7582696Z Updating files:  88% (12014/13652)
2026-10-09T06:15:18.8005610Z Updating files:  89% (12151/13652)
2026-10-09T06:15:18.8150213Z Updating files:  90% (12287/13652)
2026-10-09T06:15:18.8250299Z Updating files:  91% (12424/13652)
2026-10-09T06:15:18.8355269Z Updating files:  92% (12560/13652)
2026-10-09T06:15:18.8631441Z Updating files:  93% (12697/13652)
2026-10-09T06:15:18.9149596Z Updating files:  94% (12833/13652)
2026-10-09T06:15:18.9729612Z Updating files:  95% (12970/13652)
2026-10-09T06:15:19.0242892Z Updating files:  96% (13106/13652)
2026-10-09T06:15:19.1033028Z Updating files:  97% (13243/13652)
2026-10-09T06:15:19.1886989Z Updating files:  98% (13379/13652)
2026-10-09T06:15:19.2258783Z Updating files:  99% (13516/13652)
2026-10-09T06:15:19.2259388Z Updating files: 100% (13652/13652)
2026-10-09T06:15:19.2261609Z Updating files: 100% (13652/13652), done.
2026-10-09T06:15:19.2430517Z Switched to a new branch 'main'
2026-10-09T06:15:19.2435666Z branch 'main' set up to track 'origin/main'.
2026-10-09T06:15:19.2512259Z ##[endgroup]
2026-10-09T06:15:19.2564410Z [command]/usr/bin/git log -1 --format=%H
2026-10-09T06:15:19.2595172Z b8cfc1f597ae1578e790f1b7fee89fb8aa1fcce9
2026-10-09T06:15:19.2876669Z ##[group]Run actions/setup-node@v4
2026-10-09T06:15:19.2876997Z with:
2026-10-09T06:15:19.2877207Z   node-version: 22
2026-10-09T06:15:19.2877668Z   cache: npm
2026-10-09T06:15:19.2877865Z   always-auth: false
2026-10-09T06:15:19.2878097Z   check-latest: false
2026-10-09T06:15:19.2880831Z   token: ***
2026-10-09T06:15:19.2881033Z ##[endgroup]
2026-10-09T06:15:19.4405900Z Found in cache @ /opt/hostedtoolcache/node/22.23.3/x64
2026-10-09T06:15:19.4411343Z (node:2300) [DEP0040] DeprecationWarning: The `punycode` module is deprecated. Please use a userland alternative instead.
2026-10-09T06:15:19.4412280Z (Use `node --trace-deprecation ...` to show where the warning was created)
2026-10-09T06:15:19.4414399Z ##[group]Environment details
2026-10-09T06:15:21.9543949Z node: v22.23.3
2026-10-09T06:15:21.9544267Z npm: 10.9.9
2026-10-09T06:15:21.9544464Z yarn: 1.22.22
2026-10-09T06:15:21.9546648Z ##[endgroup]
2026-10-09T06:15:21.9568436Z [command]/opt/hostedtoolcache/node/22.23.3/x64/bin/npm config get cache
2026-10-09T06:15:22.3444508Z /home/runner/.npm
2026-10-09T06:15:22.4733876Z Cache hit for: node-cache-Linux-x64-npm-b8ba1b1e75b534e8b18fa308aa4c06e83b4d486ff426239c6fd9007055bc4cce
2026-10-09T06:15:22.4844625Z (node:2300) [DEP0169] DeprecationWarning: `url.parse()` behavior is not standardized and prone to errors that have security implications. Use the WHATWG URL API instead. CVEs are not issued for `url.parse()` vulnerabilities.
2026-10-09T06:15:23.0307102Z Received 15714701 of 15714701 (100.0%), 33.5 MBs/sec
2026-10-09T06:15:23.0307966Z Cache Size: ~15 MB (15714701 B)
2026-10-09T06:15:23.0335639Z [command]/usr/bin/tar -xf /home/runner/work/_temp/369d1164-2a4c-4d8f-be4b-162a6e35a410/cache.tzst -P -C /home/runner/work/opendesk-browser/opendesk-browser --use-compress-program unzstd
2026-10-09T06:15:23.1631490Z Cache restored successfully
2026-10-09T06:15:23.1642943Z Cache restored from key: node-cache-Linux-x64-npm-b8ba1b1e75b534e8b18fa308aa4c06e83b4d486ff426239c6fd9007055bc4cce
2026-10-09T06:15:23.1836282Z ##[group]Run npm ci --ignore-scripts --no-audit --no-fund
2026-10-09T06:15:23.1836766Z [36;1mnpm ci --ignore-scripts --no-audit --no-fund[0m
2026-10-09T06:15:23.7318661Z shell: /usr/bin/bash -e {0}
2026-10-09T06:15:23.7318970Z ##[endgroup]
2026-10-09T06:15:27.9177107Z 
2026-10-09T06:15:27.9184655Z added 240 packages in 4s
2026-10-09T06:15:27.9691440Z ##[group]Run node --test tests/environment/native-agent-wire.test.mjs tests/environment/native-agent-host.test.mjs tests/environment/native-agent-bridge.test.mjs tests/environment/native-agent-native-host.test.mjs tests/environment/native-agent-package.test.mjs tests/environment/compact-schema.test.mjs tests/environment/agent-to-task-fixtures.test.mjs
2026-10-09T06:15:27.9694101Z [36;1mnode --test tests/environment/native-agent-wire.test.mjs tests/environment/native-agent-host.test.mjs tests/environment/native-agent-bridge.test.mjs tests/environment/native-agent-native-host.test.mjs tests/environment/native-agent-package.test.mjs tests/environment/compact-schema.test.mjs tests/environment/agent-to-task-fixtures.test.mjs[0m
2026-10-09T06:15:27.9758473Z shell: /usr/bin/bash -e {0}
2026-10-09T06:15:27.9758747Z ##[endgroup]
2026-10-09T06:15:28.0568925Z TAP version 13
2026-10-09T06:15:28.1137675Z # Subtest: read-only Agent observation draft retains the main R6.2 bounded snapshot contract
2026-10-09T06:15:28.1143680Z ok 1 - read-only Agent observation draft retains the main R6.2 bounded snapshot contract
2026-10-09T06:15:28.1144765Z   ---
2026-10-09T06:15:28.1145573Z   duration_ms: 8.71423
2026-10-09T06:15:28.1146401Z   type: 'test'
2026-10-09T06:15:28.1146960Z   ...
2026-10-09T06:15:28.1269141Z # Subtest: modern Locator Task candidate is exact and immutable, never pre-verified
2026-10-09T06:15:28.1298731Z ok 2 - modern Locator Task candidate is exact and immutable, never pre-verified
2026-10-09T06:15:28.1299813Z   ---
2026-10-09T06:15:28.1300433Z   duration_ms: 15.077876
2026-10-09T06:15:28.1301084Z   type: 'test'
2026-10-09T06:15:28.1301602Z   ...
2026-10-09T06:15:28.1739024Z # Subtest: fixed production protocol Schema uses variable-width LZW and decodes byte-for-byte to the audited object
2026-10-09T06:15:28.1754757Z ok 3 - fixed production protocol Schema uses variable-width LZW and decodes byte-for-byte to the audited object
2026-10-09T06:15:28.1756302Z   ---
2026-10-09T06:15:28.1757074Z   duration_ms: 79.869024
2026-10-09T06:15:28.1758231Z   type: 'test'
2026-10-09T06:15:28.1758909Z   ...
2026-10-09T06:15:28.1760208Z # Subtest: small and non-ASCII schemas still round-trip through existing smaller-of-two-formats selection
2026-10-09T06:15:28.1762080Z ok 4 - small and non-ASCII schemas still round-trip through existing smaller-of-two-formats selection
2026-10-09T06:15:28.1763289Z   ---
2026-10-09T06:15:28.1763953Z   duration_ms: 1.066153
2026-10-09T06:15:28.1764656Z   type: 'test'
2026-10-09T06:15:28.1765291Z   ...
2026-10-09T06:15:28.1955470Z # Subtest: startup permission check cannot reconnect after permission-removed
2026-10-09T06:15:28.1992366Z ok 5 - startup permission check cannot reconnect after permission-removed
2026-10-09T06:15:28.1993475Z   ---
2026-10-09T06:15:28.2007820Z   duration_ms: 14.715779
2026-10-09T06:15:28.2008489Z   type: 'test'
2026-10-09T06:15:28.2009001Z   ...
2026-10-09T06:15:28.2009806Z # Subtest: startup permission check cannot reconnect after dispose
2026-10-09T06:15:28.2010904Z ok 6 - startup permission check cannot reconnect after dispose
2026-10-09T06:15:28.2011662Z   ---
2026-10-09T06:15:28.2012159Z   duration_ms: 1.559144
2026-10-09T06:15:28.2012750Z   type: 'test'
2026-10-09T06:15:28.2013287Z   ...
2026-10-09T06:15:28.2014052Z # Subtest: reserved mutation never dispatches across disable
2026-10-09T06:15:28.2015038Z ok 7 - reserved mutation never dispatches across disable
2026-10-09T06:15:28.2015757Z   ---
2026-10-09T06:15:28.2016260Z   duration_ms: 11.506532
2026-10-09T06:15:28.2016812Z   type: 'test'
2026-10-09T06:15:28.2017528Z   ...
2026-10-09T06:15:28.2018810Z # Subtest: reserved mutation never dispatches across permission-removed
2026-10-09T06:15:28.2019969Z ok 8 - reserved mutation never dispatches across permission-removed
2026-10-09T06:15:28.2020856Z   ---
2026-10-09T06:15:28.2021349Z   duration_ms: 7.385734
2026-10-09T06:15:28.2021886Z   type: 'test'
2026-10-09T06:15:28.2022374Z   ...
2026-10-09T06:15:28.2023503Z # Subtest: reserved mutation never dispatches across disconnect-reconnect
2026-10-09T06:15:28.2024753Z ok 9 - reserved mutation never dispatches across disconnect-reconnect
2026-10-09T06:15:28.2025560Z   ---
2026-10-09T06:15:28.2026061Z   duration_ms: 7.657314
2026-10-09T06:15:28.2026629Z   type: 'test'
2026-10-09T06:15:28.2027125Z   ...
2026-10-09T06:15:28.2028165Z # Subtest: reserved mutation never dispatches across disable-enable
2026-10-09T06:15:28.2029228Z ok 10 - reserved mutation never dispatches across disable-enable
2026-10-09T06:15:28.2029990Z   ---
2026-10-09T06:15:28.2030469Z   duration_ms: 6.009664
2026-10-09T06:15:28.2031017Z   type: 'test'
2026-10-09T06:15:28.2031571Z   ...
2026-10-09T06:15:28.2032310Z # Subtest: reserved mutation never dispatches across dispose
2026-10-09T06:15:28.2033273Z ok 11 - reserved mutation never dispatches across dispose
2026-10-09T06:15:28.2033961Z   ---
2026-10-09T06:15:28.2034439Z   duration_ms: 7.154013
2026-10-09T06:15:28.2034957Z   type: 'test'
2026-10-09T06:15:28.2035501Z   ...
2026-10-09T06:15:28.2036337Z # Subtest: Native permission is rechecked immediately before dispatch
2026-10-09T06:15:28.2037654Z ok 12 - Native permission is rechecked immediately before dispatch
2026-10-09T06:15:28.2038412Z   ---
2026-10-09T06:15:28.2038867Z   duration_ms: 6.095083
2026-10-09T06:15:28.2039378Z   type: 'test'
2026-10-09T06:15:28.2039841Z   ...
2026-10-09T06:15:28.2040747Z # Subtest: a late disconnect from an old Native port cannot cancel a new connection request
2026-10-09T06:15:28.2042096Z ok 13 - a late disconnect from an old Native port cannot cancel a new connection request
2026-10-09T06:15:28.2042980Z   ---
2026-10-09T06:15:28.2043500Z   duration_ms: 14.724856
2026-10-09T06:15:28.2044074Z   type: 'test'
2026-10-09T06:15:28.2045203Z   ...
2026-10-09T06:15:28.2046059Z # Subtest: a pending enable permission check cannot overwrite disable
2026-10-09T06:15:28.2047171Z ok 14 - a pending enable permission check cannot overwrite disable
2026-10-09T06:15:28.2048206Z   ---
2026-10-09T06:15:28.2048725Z   duration_ms: 2.753557
2026-10-09T06:15:28.2049274Z   type: 'test'
2026-10-09T06:15:28.2049767Z   ...
2026-10-09T06:15:28.2050671Z # Subtest: a pending enable permission check cannot overwrite permission-removed
2026-10-09T06:15:28.2051934Z ok 15 - a pending enable permission check cannot overwrite permission-removed
2026-10-09T06:15:28.2052780Z   ---
2026-10-09T06:15:28.2053298Z   duration_ms: 1.205083
2026-10-09T06:15:28.2053865Z   type: 'test'
2026-10-09T06:15:28.2054394Z   ...
2026-10-09T06:15:28.2061935Z # Subtest: a pending enable storage write cannot persist over a newer disable
2026-10-09T06:15:28.2063187Z ok 16 - a pending enable storage write cannot persist over a newer disable
2026-10-09T06:15:28.2064046Z   ---
2026-10-09T06:15:28.2064544Z   duration_ms: 3.807827
2026-10-09T06:15:28.2065101Z   type: 'test'
2026-10-09T06:15:28.2065634Z   ...
2026-10-09T06:15:28.2208163Z # Subtest: an old Host ACK cannot match a new connection read with the same external requestId
2026-10-09T06:15:28.2214102Z ok 17 - an old Host ACK cannot match a new connection read with the same external requestId
2026-10-09T06:15:28.2257978Z   ---
2026-10-09T06:15:28.2262205Z   duration_ms: 17.037261
2026-10-09T06:15:28.2262764Z   type: 'test'
2026-10-09T06:15:28.2263200Z   ...
2026-10-09T06:15:28.2264068Z # Subtest: enabled Native handshake sends version and correct extension identity
2026-10-09T06:15:28.2265213Z ok 18 - enabled Native handshake sends version and correct extension identity
2026-10-09T06:15:28.2265978Z   ---
2026-10-09T06:15:28.2266398Z   duration_ms: 1.730495
2026-10-09T06:15:28.2266862Z   type: 'test'
2026-10-09T06:15:28.2267907Z   ...
2026-10-09T06:15:28.2268821Z # Subtest: default-off requires a packaged Settings sender and real granted Native permission
2026-10-09T06:15:28.2270152Z ok 19 - default-off requires a packaged Settings sender and real granted Native permission
2026-10-09T06:15:28.2271045Z   ---
2026-10-09T06:15:28.2271456Z   duration_ms: 0.71707
2026-10-09T06:15:28.2271911Z   type: 'test'
2026-10-09T06:15:28.2272531Z   ...
2026-10-09T06:15:28.2398531Z # Subtest: request hash journal deduplicates after real Host admission; conflicting bytes fail
2026-10-09T06:15:28.2400490Z ok 20 - request hash journal deduplicates after real Host admission; conflicting bytes fail
2026-10-09T06:15:28.2401601Z   ---
2026-10-09T06:15:28.2402250Z   duration_ms: 13.040577
2026-10-09T06:15:28.2402895Z   type: 'test'
2026-10-09T06:15:28.2403466Z   ...
2026-10-09T06:15:28.2509065Z # Subtest: dispatched but unanswered calls are never retried, even if same id reappears
2026-10-09T06:15:28.2541294Z ok 21 - dispatched but unanswered calls are never retried, even if same id reappears
2026-10-09T06:15:28.2542375Z   ---
2026-10-09T06:15:28.2542916Z   duration_ms: 13.072643
2026-10-09T06:15:28.2543565Z   type: 'test'
2026-10-09T06:15:28.2544231Z   ...
2026-10-09T06:15:28.2545310Z # Subtest: no live registered Host means no run reservation or Worker execution
2026-10-09T06:15:28.2546761Z ok 22 - no live registered Host means no run reservation or Worker execution
2026-10-09T06:15:28.2548027Z   ---
2026-10-09T06:15:28.2548625Z   duration_ms: 1.85082
2026-10-09T06:15:28.2549323Z   type: 'test'
2026-10-09T06:15:28.2549899Z   ...
2026-10-09T06:15:28.2550888Z # Subtest: run.get and run.stop cannot inspect arbitrary Sidebar-owned Run records
2026-10-09T06:15:28.2552335Z ok 23 - run.get and run.stop cannot inspect arbitrary Sidebar-owned Run records
2026-10-09T06:15:28.2553325Z   ---
2026-10-09T06:15:28.2553882Z   duration_ms: 2.199402
2026-10-09T06:15:28.2557988Z   type: 'test'
2026-10-09T06:15:28.2558602Z   ...
2026-10-09T06:15:28.2721841Z # Subtest: ACK journal write failure after Host action remains OUTCOME_UNKNOWN and never replays
2026-10-09T06:15:28.2808989Z ok 24 - ACK journal write failure after Host action remains OUTCOME_UNKNOWN and never replays
2026-10-09T06:15:28.2872943Z   ---
2026-10-09T06:15:28.2897976Z   duration_ms: 17.823799
2026-10-09T06:15:28.2898468Z   type: 'test'
2026-10-09T06:15:28.2899115Z   ...
2026-10-09T06:15:28.2984239Z # Subtest: run.get and run.stop remain pinned to the original authenticated Host registration
2026-10-09T06:15:28.2990169Z ok 25 - run.get and run.stop remain pinned to the original authenticated Host registration
2026-10-09T06:15:28.2990841Z   ---
2026-10-09T06:15:28.2991070Z   duration_ms: 27.02156
2026-10-09T06:15:28.2991317Z   type: 'test'
2026-10-09T06:15:28.2991523Z   ...
2026-10-09T06:15:28.3159416Z # Subtest: current target is live Sidebar snapshot, not active tab chosen by CLI
2026-10-09T06:15:28.3182721Z ok 26 - current target is live Sidebar snapshot, not active tab chosen by CLI
2026-10-09T06:15:28.3184494Z   ---
2026-10-09T06:15:28.3185374Z   duration_ms: 2.852443
2026-10-09T06:15:28.3185873Z   type: 'test'
2026-10-09T06:15:28.3186218Z   ...
2026-10-09T06:15:28.3187101Z # Subtest: external draft uses exact RunHost with frozen borrowed target and controller requestId
2026-10-09T06:15:28.3188646Z ok 27 - external draft uses exact RunHost with frozen borrowed target and controller requestId
2026-10-09T06:15:28.3189460Z   ---
2026-10-09T06:15:28.3189805Z   duration_ms: 1.206665
2026-10-09T06:15:28.3190056Z   type: 'test'
2026-10-09T06:15:28.3190274Z   ...
2026-10-09T06:15:28.3190959Z # Subtest: Host ACK correlation preserves the external Controller admission requestId
2026-10-09T06:15:28.3192219Z ok 28 - Host ACK correlation preserves the external Controller admission requestId
2026-10-09T06:15:28.3192985Z   ---
2026-10-09T06:15:28.3193349Z   duration_ms: 0.899292
2026-10-09T06:15:28.3193724Z   type: 'test'
2026-10-09T06:15:28.3194052Z   ...
2026-10-09T06:15:28.3194809Z # Subtest: permissions and document id fail before admission (no Chrome prompt)
2026-10-09T06:15:28.3196297Z ok 29 - permissions and document id fail before admission (no Chrome prompt)
2026-10-09T06:15:28.3197000Z   ---
2026-10-09T06:15:28.3197580Z   duration_ms: 3.8413
2026-10-09T06:15:28.3197963Z   type: 'test'
2026-10-09T06:15:28.3198294Z   ...
2026-10-09T06:15:28.3198879Z # Subtest: saved requires pinned exact revision and source hash
2026-10-09T06:15:28.3200003Z ok 30 - saved requires pinned exact revision and source hash
2026-10-09T06:15:28.3200608Z   ---
2026-10-09T06:15:28.3200944Z   duration_ms: 1.216183
2026-10-09T06:15:28.3201342Z   type: 'test'
2026-10-09T06:15:28.3201682Z   ...
2026-10-09T06:15:28.3202471Z # Subtest: run.get removes unrelated Sidebar run history from Controller snapshot projection
2026-10-09T06:15:28.3203700Z ok 31 - run.get removes unrelated Sidebar run history from Controller snapshot projection
2026-10-09T06:15:28.3204489Z   ---
2026-10-09T06:15:28.3204832Z   duration_ms: 0.879203
2026-10-09T06:15:28.3205222Z   type: 'test'
2026-10-09T06:15:28.3205595Z   ...
2026-10-09T06:15:28.3889317Z # Subtest: identity is pinned; invalid origin cannot launch a server
2026-10-09T06:15:28.3908820Z ok 32 - identity is pinned; invalid origin cannot launch a server
2026-10-09T06:15:28.3928158Z   ---
2026-10-09T06:15:28.3928710Z   duration_ms: 2.837834
2026-10-09T06:15:28.3929226Z   type: 'test'
2026-10-09T06:15:28.3929666Z   ...
2026-10-09T06:15:28.3930606Z # Subtest: framed Chrome welcome, authenticated local IPC, request and exact response
2026-10-09T06:15:28.3931938Z ok 33 - framed Chrome welcome, authenticated local IPC, request and exact response
2026-10-09T06:15:28.3932819Z   ---
2026-10-09T06:15:28.3933295Z   duration_ms: 23.47924
2026-10-09T06:15:28.3933815Z   type: 'test'
2026-10-09T06:15:28.3934267Z   ...
2026-10-09T06:15:28.3935096Z # Subtest: duplicate inflight request ID is rejected, not dispatched again
2026-10-09T06:15:28.3936275Z ok 34 - duplicate inflight request ID is rejected, not dispatched again
2026-10-09T06:15:28.3937058Z   ---
2026-10-09T06:15:28.3937750Z   duration_ms: 5.998373
2026-10-09T06:15:28.3938299Z   type: 'test'
2026-10-09T06:15:28.3938725Z   ...
2026-10-09T06:15:28.3939539Z # Subtest: unacknowledged dispatched effects become unknown on native shutdown
2026-10-09T06:15:28.3940873Z ok 35 - unacknowledged dispatched effects become unknown on native shutdown
2026-10-09T06:15:28.3941600Z   ---
2026-10-09T06:15:28.3941972Z   duration_ms: 5.659439
2026-10-09T06:15:28.3942349Z   type: 'test'
2026-10-09T06:15:28.3942900Z   ...
2026-10-09T06:15:28.3943271Z # Subtest: wrong credential is rejected without local API access
2026-10-09T06:15:28.3943805Z ok 36 - wrong credential is rejected without local API access
2026-10-09T06:15:28.3944151Z   ---
2026-10-09T06:15:28.3944363Z   duration_ms: 4.94317
2026-10-09T06:15:28.3944593Z   type: 'test'
2026-10-09T06:15:28.3944813Z   ...
2026-10-09T06:15:28.3945216Z # Subtest: handshake timeout closes the private socket without stale reuse
2026-10-09T06:15:28.3945841Z ok 37 - handshake timeout closes the private socket without stale reuse
2026-10-09T06:15:28.3946218Z   ---
2026-10-09T06:15:28.3946421Z   duration_ms: 102.452711
2026-10-09T06:15:28.3946658Z   type: 'test'
2026-10-09T06:15:28.3946861Z   ...
2026-10-09T06:15:28.4333293Z # Subtest: native response timeout preserves unknown-effect outcome
2026-10-09T06:15:28.4334641Z ok 38 - native response timeout preserves unknown-effect outcome
2026-10-09T06:15:28.4335627Z   ---
2026-10-09T06:15:28.4336258Z   duration_ms: 43.406761
2026-10-09T06:15:28.4336958Z   type: 'test'
2026-10-09T06:15:28.4337899Z   ...
2026-10-09T06:15:28.4338845Z # Subtest: existing socket is never unlinked or replaced by a second host
2026-10-09T06:15:28.4340193Z ok 39 - existing socket is never unlinked or replaced by a second host
2026-10-09T06:15:28.4341116Z   ---
2026-10-09T06:15:28.4341721Z   duration_ms: 1.303507
2026-10-09T06:15:28.4342382Z   type: 'test'
2026-10-09T06:15:28.4343000Z   ...
2026-10-09T06:15:28.4409939Z # Subtest: Native remains optional after merging the current permission catalog
2026-10-09T06:15:28.4411518Z ok 40 - Native remains optional after merging the current permission catalog
2026-10-09T06:15:28.4412260Z   ---
2026-10-09T06:15:28.4412651Z   duration_ms: 9.075655
2026-10-09T06:15:28.4413085Z   type: 'test'
2026-10-09T06:15:28.4413464Z   ...
2026-10-09T06:15:28.4414505Z # Subtest: strict production SW budget and fixed packaged Native transport entry
2026-10-09T06:15:28.4415766Z ok 41 - strict production SW budget and fixed packaged Native transport entry
2026-10-09T06:15:28.4428273Z   ---
2026-10-09T06:15:28.4438396Z   duration_ms: 0.28882
2026-10-09T06:15:28.4438895Z   type: 'test'
2026-10-09T06:15:28.4439335Z   ...
2026-10-09T06:15:28.4440110Z # Subtest: single exact same-extension static import allowed in SW only
2026-10-09T06:15:28.4441308Z ok 42 - single exact same-extension static import allowed in SW only
2026-10-09T06:15:28.4442128Z   ---
2026-10-09T06:15:28.4442562Z   duration_ms: 10.324772
2026-10-09T06:15:28.4443078Z   type: 'test'
2026-10-09T06:15:28.4443618Z   ...
2026-10-09T06:15:28.4444703Z # Subtest: fixed transport registers listeners on the original SW APIs; default-off does not connect
2026-10-09T06:15:28.4446364Z ok 43 - fixed transport registers listeners on the original SW APIs; default-off does not connect
2026-10-09T06:15:28.4447537Z   ---
2026-10-09T06:15:28.4447946Z   duration_ms: 1.041818
2026-10-09T06:15:28.4448517Z   type: 'test'
2026-10-09T06:15:28.4448921Z   ...
2026-10-09T06:15:28.4449831Z # Subtest: native framing uses UTF-8 byte length and handles split multibyte boundaries
2026-10-09T06:15:28.4451269Z ok 44 - native framing uses UTF-8 byte length and handles split multibyte boundaries
2026-10-09T06:15:28.4452058Z   ---
2026-10-09T06:15:28.4452479Z   duration_ms: 1.62637
2026-10-09T06:15:28.4452903Z   type: 'test'
2026-10-09T06:15:28.4453250Z   ...
2026-10-09T06:15:28.4454067Z # Subtest: private CLI line framing has bounded buffer and independent messages
2026-10-09T06:15:28.4455219Z ok 45 - private CLI line framing has bounded buffer and independent messages
2026-10-09T06:15:28.4455933Z   ---
2026-10-09T06:15:28.4456348Z   duration_ms: 1.895322
2026-10-09T06:15:28.4456812Z   type: 'test'
2026-10-09T06:15:28.4457215Z   ...
2026-10-09T06:15:28.4458306Z # Subtest: reject unsupported transport operations and malformed browser requests
2026-10-09T06:15:28.4459692Z ok 46 - reject unsupported transport operations and malformed browser requests
2026-10-09T06:15:28.4460468Z   ---
2026-10-09T06:15:28.4460827Z   duration_ms: 0.420977
2026-10-09T06:15:28.4461235Z   type: 'test'
2026-10-09T06:15:28.4461588Z   ...
2026-10-09T06:15:28.4462413Z # Subtest: stable digest pins equivalent JSON key order and rejects prototype pollution
2026-10-09T06:15:28.4463679Z ok 47 - stable digest pins equivalent JSON key order and rejects prototype pollution
2026-10-09T06:15:28.4464459Z   ---
2026-10-09T06:15:28.4464831Z   duration_ms: 9.000033
2026-10-09T06:15:28.4465262Z   type: 'test'
2026-10-09T06:15:28.4465630Z   ...
2026-10-09T06:15:28.4465985Z 1..47
2026-10-09T06:15:28.4466330Z # tests 47
2026-10-09T06:15:28.4466682Z # suites 0
2026-10-09T06:15:28.4467022Z # pass 47
2026-10-09T06:15:28.4467859Z # fail 0
2026-10-09T06:15:28.4468248Z # cancelled 0
2026-10-09T06:15:28.4468621Z # skipped 0
2026-10-09T06:15:28.4468973Z # todo 0
2026-10-09T06:15:28.4469373Z # duration_ms 420.001472
2026-10-09T06:15:28.4521148Z ##[group]Run node --test tests/environment/script-editor.test.mjs tests/environment/sidebar-draft-runhost.test.mjs tests/environment/task-workbench.test.mjs tests/environment/sidebar-product-contract.test.mjs
2026-10-09T06:15:28.4522691Z [36;1mnode --test tests/environment/script-editor.test.mjs tests/environment/sidebar-draft-runhost.test.mjs tests/environment/task-workbench.test.mjs tests/environment/sidebar-product-contract.test.mjs[0m
2026-10-09T06:15:28.4585500Z shell: /usr/bin/bash -e {0}
2026-10-09T06:15:28.4585757Z ##[endgroup]
2026-10-09T06:15:28.5168975Z TAP version 13
2026-10-09T06:15:28.6156166Z # Subtest: reopening the editor restores window-scoped source and params without starting or saving
2026-10-09T06:15:28.6165133Z ok 1 - reopening the editor restores window-scoped source and params without starting or saving
2026-10-09T06:15:28.6210456Z   ---
2026-10-09T06:15:28.6211303Z   duration_ms: 18.574001
2026-10-09T06:15:28.6211985Z   type: 'test'
2026-10-09T06:15:28.6212586Z   ...
2026-10-09T06:15:28.6261363Z # Subtest: another window draft and the catalog editor never replace the Sidebar draft
2026-10-09T06:15:28.6268675Z ok 2 - another window draft and the catalog editor never replace the Sidebar draft
2026-10-09T06:15:28.6269849Z   ---
2026-10-09T06:15:28.6270500Z   duration_ms: 9.148752
2026-10-09T06:15:28.6271456Z   type: 'test'
2026-10-09T06:15:28.6272277Z   ...
2026-10-09T06:15:28.6381131Z # Subtest: reopening a project draft preserves the source view and compiled execution bytes
2026-10-09T06:15:28.6383696Z ok 3 - reopening a project draft preserves the source view and compiled execution bytes
2026-10-09T06:15:28.6384783Z   ---
2026-10-09T06:15:28.6385037Z   duration_ms: 13.506701
2026-10-09T06:15:28.6385281Z   type: 'test'
2026-10-09T06:15:28.6385482Z   ...
2026-10-09T06:15:28.6437622Z # Subtest: a delayed draft restore never overwrites newly imported source
2026-10-09T06:15:28.6438601Z ok 4 - a delayed draft restore never overwrites newly imported source
2026-10-09T06:15:28.6439005Z   ---
2026-10-09T06:15:28.6439221Z   duration_ms: 5.057273
2026-10-09T06:15:28.6439470Z   type: 'test'
2026-10-09T06:15:28.6439725Z   ...
2026-10-09T06:15:28.6519604Z # Subtest: importing a JS draft leaves saved versions and running source independent
2026-10-09T06:15:28.6521486Z ok 5 - importing a JS draft leaves saved versions and running source independent
2026-10-09T06:15:28.6522431Z   ---
2026-10-09T06:15:28.6522781Z   duration_ms: 8.456478
2026-10-09T06:15:28.6523175Z   type: 'test'
2026-10-09T06:15:28.6523509Z   ...
2026-10-09T06:15:28.6578212Z # Subtest: draft import rejects empty/oversized sources and active saves without overwriting the editor
2026-10-09T06:15:28.6580229Z ok 6 - draft import rejects empty/oversized sources and active saves without overwriting the editor
2026-10-09T06:15:28.6581280Z   ---
2026-10-09T06:15:28.6588095Z   duration_ms: 6.08091
2026-10-09T06:15:28.6588996Z   type: 'test'
2026-10-09T06:15:28.6589628Z   ...
2026-10-09T06:15:28.6626251Z # Subtest: catalog draft import updates dependency review from the new source without saving or running
2026-10-09T06:15:28.6629081Z ok 7 - catalog draft import updates dependency review from the new source without saving or running
2026-10-09T06:15:28.6630027Z   ---
2026-10-09T06:15:28.6630456Z   duration_ms: 4.810362
2026-10-09T06:15:28.6630921Z   type: 'test'
2026-10-09T06:15:28.6631311Z   ...
2026-10-09T06:15:28.6676822Z # Subtest: Save persists revision/hash without requesting permission, creating a Run, or executing code
2026-10-09T06:15:28.6679089Z ok 8 - Save persists revision/hash without requesting permission, creating a Run, or executing code
2026-10-09T06:15:28.6683201Z   ---
2026-10-09T06:15:28.6683628Z   duration_ms: 5.070418
2026-10-09T06:15:28.6684075Z   type: 'test'
2026-10-09T06:15:28.6684465Z   ...
2026-10-09T06:15:28.6733652Z # Subtest: reopened editor lists saved scripts without running and loads the selected latest head explicitly
2026-10-09T06:15:28.6737775Z ok 9 - reopened editor lists saved scripts without running and loads the selected latest head explicitly
2026-10-09T06:15:28.6738390Z   ---
2026-10-09T06:15:28.6739130Z   duration_ms: 5.170844
2026-10-09T06:15:28.6739914Z   type: 'test'
2026-10-09T06:15:28.6740374Z   ...
2026-10-09T06:15:28.6786760Z # Subtest: loading a historical revision does not turn it into the latest Save CAS head
2026-10-09T06:15:28.6789953Z ok 10 - loading a historical revision does not turn it into the latest Save CAS head
2026-10-09T06:15:28.6790488Z   ---
2026-10-09T06:15:28.6790741Z   duration_ms: 5.514809
2026-10-09T06:15:28.6791022Z   type: 'test'
2026-10-09T06:15:28.6791265Z   ...
2026-10-09T06:15:28.6851643Z # Subtest: Delete tombstones the latest head and refreshes the saved-script selector
2026-10-09T06:15:28.6853754Z ok 11 - Delete tombstones the latest head and refreshes the saved-script selector
2026-10-09T06:15:28.6854540Z   ---
2026-10-09T06:15:28.6854919Z   duration_ms: 6.441481
2026-10-09T06:15:28.6855334Z   type: 'test'
2026-10-09T06:15:28.6855701Z   ...
2026-10-09T06:15:28.6949167Z # Subtest: saved A stays immutable; Run freezes unsaved B/params/page A; editing C and Save do not replace B
2026-10-09T06:15:28.6950307Z ok 12 - saved A stays immutable; Run freezes unsaved B/params/page A; editing C and Save do not replace B
2026-10-09T06:15:28.6951245Z   ---
2026-10-09T06:15:28.6951741Z   duration_ms: 9.350727
2026-10-09T06:15:28.6952284Z   type: 'test'
2026-10-09T06:15:28.6952754Z   ...
2026-10-09T06:15:28.7018293Z # Subtest: a brand-new unsaved draft runs with an empty script ID and never creates a saved revision
2026-10-09T06:15:28.7019138Z ok 13 - a brand-new unsaved draft runs with an empty script ID and never creates a saved revision
2026-10-09T06:15:28.7019624Z   ---
2026-10-09T06:15:28.7167560Z   duration_ms: 6.607371
2026-10-09T06:15:28.7168030Z   type: 'test'
2026-10-09T06:15:28.7168393Z   ...
2026-10-09T06:15:28.7169066Z # Subtest: permission preparation rejects a switched page; closing the editor during permission never admits a run
2026-10-09T06:15:28.7170056Z ok 14 - permission preparation rejects a switched page; closing the editor during permission never admits a run
2026-10-09T06:15:28.7170626Z   ---
2026-10-09T06:15:28.7170904Z   duration_ms: 15.034226
2026-10-09T06:15:28.7171191Z   type: 'test'
2026-10-09T06:15:28.7171432Z   ...
2026-10-09T06:15:28.7247759Z # Subtest: shared RunHost completion or Stop restores the draft Run button after another consumer settles
2026-10-09T06:15:28.7249424Z ok 15 - shared RunHost completion or Stop restores the draft Run button after another consumer settles
2026-10-09T06:15:28.7250038Z   ---
2026-10-09T06:15:28.7250286Z   duration_ms: 8.518003
2026-10-09T06:15:28.7250567Z   type: 'test'
2026-10-09T06:15:28.7250821Z   ...
2026-10-09T06:15:28.7329498Z # Subtest: Stop uses the formal RunHost abort/retirement path and persists stopped with the original pin
2026-10-09T06:15:28.7331125Z ok 16 - Stop uses the formal RunHost abort/retirement path and persists stopped with the original pin
2026-10-09T06:15:28.7332080Z   ---
2026-10-09T06:15:28.7332574Z   duration_ms: 7.760477
2026-10-09T06:15:28.7333034Z   type: 'test'
2026-10-09T06:15:28.7333444Z   ...
2026-10-09T06:15:28.7387984Z # Subtest: pagehide invokes RunHost host-close; reopened editor only reads the durable interrupted Result
2026-10-09T06:15:28.7389922Z ok 17 - pagehide invokes RunHost host-close; reopened editor only reads the durable interrupted Result
2026-10-09T06:15:28.7390832Z   ---
2026-10-09T06:15:28.7391217Z   duration_ms: 6.123316
2026-10-09T06:15:28.7391653Z   type: 'test'
2026-10-09T06:15:28.7417095Z   ...
2026-10-09T06:15:28.7466373Z # Subtest: late Save/Load replies do not overwrite another script selection or edits made during loading
2026-10-09T06:15:28.7468237Z ok 18 - late Save/Load replies do not overwrite another script selection or edits made during loading
2026-10-09T06:15:28.7469068Z   ---
2026-10-09T06:15:28.7469328Z   duration_ms: 7.956222
2026-10-09T06:15:28.7469611Z   type: 'test'
2026-10-09T06:15:28.7469863Z   ...
2026-10-09T06:15:28.7524649Z # Subtest: late saved-script selector load cannot overwrite edits made during loading
2026-10-09T06:15:28.7525986Z ok 19 - late saved-script selector load cannot overwrite edits made during loading
2026-10-09T06:15:28.7526574Z   ---
2026-10-09T06:15:28.7526883Z   duration_ms: 5.464595
2026-10-09T06:15:28.7527203Z   type: 'test'
2026-10-09T06:15:28.7527848Z   ...
2026-10-09T06:15:28.7582455Z # Subtest: an older snapshot reply cannot disable Run after a newer durable observation
2026-10-09T06:15:28.7583709Z ok 20 - an older snapshot reply cannot disable Run after a newer durable observation
2026-10-09T06:15:28.7584421Z   ---
2026-10-09T06:15:28.7584739Z   duration_ms: 5.998643
2026-10-09T06:15:28.7585305Z   type: 'test'
2026-10-09T06:15:28.7585545Z   ...
2026-10-09T06:15:28.7654988Z # Subtest: an older snapshot error cannot overwrite a newer successful durable view
2026-10-09T06:15:28.7656680Z ok 21 - an older snapshot error cannot overwrite a newer successful durable view
2026-10-09T06:15:28.7657569Z   ---
2026-10-09T06:15:28.7657855Z   duration_ms: 6.768292
2026-10-09T06:15:28.7658130Z   type: 'test'
2026-10-09T06:15:28.7658375Z   ...
2026-10-09T06:15:28.7716365Z # Subtest: the permission request remains synchronous in the click fixture; denied permission and invalid params execute nothing
2026-10-09T06:15:28.7718975Z ok 22 - the permission request remains synchronous in the click fixture; denied permission and invalid params execute nothing
2026-10-09T06:15:28.7720461Z   ---
2026-10-09T06:15:28.7721035Z   duration_ms: 6.017719
2026-10-09T06:15:28.7721735Z   type: 'test'
2026-10-09T06:15:28.7722298Z   ...
2026-10-09T06:15:28.7749627Z # Subtest: DOM preview binds frozen source, dependency choice and exact current document from trusted click
2026-10-09T06:15:28.7750755Z ok 23 - DOM preview binds frozen source, dependency choice and exact current document from trusted click
2026-10-09T06:15:28.7751255Z   ---
2026-10-09T06:15:28.7751466Z   duration_ms: 3.800454
2026-10-09T06:15:28.7751874Z   type: 'test'
2026-10-09T06:15:28.7752237Z   ...
2026-10-09T06:15:28.7818242Z # Subtest: DOM preview refuses to inject when the active document changes while permission is pending
2026-10-09T06:15:28.7819439Z ok 24 - DOM preview refuses to inject when the active document changes while permission is pending
2026-10-09T06:15:28.7820123Z   ---
2026-10-09T06:15:28.7820379Z   duration_ms: 6.743536
2026-10-09T06:15:28.7820661Z   type: 'test'
2026-10-09T06:15:28.7820891Z   ...
2026-10-09T06:15:28.7869739Z # Subtest: Developer Stop cannot cancel the formal Task or another view using the shared RunHost
2026-10-09T06:15:28.7871245Z ok 25 - Developer Stop cannot cancel the formal Task or another view using the shared RunHost
2026-10-09T06:15:28.7872229Z   ---
2026-10-09T06:15:28.7872775Z   duration_ms: 4.717299
2026-10-09T06:15:28.7873381Z   type: 'test'
2026-10-09T06:15:28.7873907Z   ...
2026-10-09T06:15:28.7957210Z # Subtest: project import displays source while Save and Run freeze compiled bytes and the original hash
2026-10-09T06:15:28.7961815Z ok 26 - project import displays source while Save and Run freeze compiled bytes and the original hash
2026-10-09T06:15:28.7962339Z   ---
2026-10-09T06:15:28.7962553Z   duration_ms: 8.838186
2026-10-09T06:15:28.7962800Z   type: 'test'
2026-10-09T06:15:28.7963001Z   ...
2026-10-09T06:15:28.7980928Z # Subtest: invalid project envelope leaves the previous editor source and no execution or saved revision
2026-10-09T06:15:28.7982778Z ok 27 - invalid project envelope leaves the previous editor source and no execution or saved revision
2026-10-09T06:15:28.7985624Z   ---
2026-10-09T06:15:28.7986255Z   duration_ms: 2.945201
2026-10-09T06:15:28.7986715Z   type: 'test'
2026-10-09T06:15:28.7987117Z   ...
2026-10-09T06:15:28.8113348Z # Subtest: RunHost freezes a draft source variant and parameters before awaiting the host connection
2026-10-09T06:15:28.8114801Z ok 28 - RunHost freezes a draft source variant and parameters before awaiting the host connection
2026-10-09T06:15:28.8115608Z   ---
2026-10-09T06:15:28.8116349Z   duration_ms: 3.57335
2026-10-09T06:15:28.8116608Z   type: 'test'
2026-10-09T06:15:28.8117525Z   ...
2026-10-09T06:15:28.8118216Z # Subtest: saved script API retains explicit scriptId/revision/contentHash admission
2026-10-09T06:15:28.8141867Z ok 29 - saved script API retains explicit scriptId/revision/contentHash admission
2026-10-09T06:15:28.8142696Z   ---
2026-10-09T06:15:28.8143103Z   duration_ms: 0.493523
2026-10-09T06:15:28.8143543Z   type: 'test'
2026-10-09T06:15:28.8143973Z   ...
2026-10-09T06:15:28.8144659Z # Subtest: manifest exposes tool.html as a global Chrome Side Panel
2026-10-09T06:15:28.8145675Z ok 30 - manifest exposes tool.html as a global Chrome Side Panel
2026-10-09T06:15:28.8146829Z   ---
2026-10-09T06:15:28.8147209Z   duration_ms: 11.013257
2026-10-09T06:15:28.8147925Z   type: 'test'
2026-10-09T06:15:28.8148307Z   ...
2026-10-09T06:15:28.8148893Z # Subtest: product shell has no popup-window fallback
2026-10-09T06:15:28.8149700Z ok 31 - product shell has no popup-window fallback
2026-10-09T06:15:28.8150294Z   ---
2026-10-09T06:15:28.8150674Z   duration_ms: 2.319126
2026-10-09T06:15:28.8151104Z   type: 'test'
2026-10-09T06:15:28.8151477Z   ...
2026-10-09T06:15:28.8152286Z # Subtest: default Run freezes Current Page then revalidates before existing RunHost
2026-10-09T06:15:28.8153491Z ok 32 - default Run freezes Current Page then revalidates before existing RunHost
2026-10-09T06:15:28.8158640Z   ---
2026-10-09T06:15:28.8159057Z   duration_ms: 3.427908
2026-10-09T06:15:28.8159489Z   type: 'test'
2026-10-09T06:15:28.8160377Z   ...
2026-10-09T06:15:28.8161305Z # Subtest: trusted Side Panel run sends the exact unsaved draft to the original Controller authority
2026-10-09T06:15:28.8162732Z ok 33 - trusted Side Panel run sends the exact unsaved draft to the original Controller authority
2026-10-09T06:15:28.8163574Z   ---
2026-10-09T06:15:28.8163946Z   duration_ms: 2.88865
2026-10-09T06:15:28.8164329Z   type: 'test'
2026-10-09T06:15:28.8164595Z   ...
2026-10-09T06:15:28.8164997Z # Subtest: R6 uses valid tab roles with labelled content panels
2026-10-09T06:15:28.8165531Z ok 34 - R6 uses valid tab roles with labelled content panels
2026-10-09T06:15:28.8165878Z   ---
2026-10-09T06:15:28.8166119Z   duration_ms: 1.35902
2026-10-09T06:15:28.8166379Z   type: 'test'
2026-10-09T06:15:28.8166618Z   ...
2026-10-09T06:15:28.8167105Z # Subtest: R4 Sidebar sections preserve consumer controls and keep engineering tools folded
2026-10-09T06:15:28.8168517Z ok 35 - R4 Sidebar sections preserve consumer controls and keep engineering tools folded
2026-10-09T06:15:28.8169245Z   ---
2026-10-09T06:15:28.8169610Z   duration_ms: 3.247801
2026-10-09T06:15:28.8170042Z   type: 'test'
2026-10-09T06:15:28.8170420Z   ...
2026-10-09T06:15:28.8171228Z # Subtest: Sidebar starts at its three tabs without repeating Chrome extension identity
2026-10-09T06:15:28.8172473Z ok 36 - Sidebar starts at its three tabs without repeating Chrome extension identity
2026-10-09T06:15:28.8173303Z   ---
2026-10-09T06:15:28.8173707Z   duration_ms: 2.181589
2026-10-09T06:15:28.8174154Z   type: 'test'
2026-10-09T06:15:28.8174522Z   ...
2026-10-09T06:15:28.8187154Z # Subtest: entering Sidebar task views reads external installations without executing and preserves unchanged form inputs
2026-10-09T06:15:28.8189351Z ok 37 - entering Sidebar task views reads external installations without executing and preserves unchanged form inputs
2026-10-09T06:15:28.8190282Z   ---
2026-10-09T06:15:28.8190534Z   duration_ms: 25.011687
2026-10-09T06:15:28.8190973Z   type: 'test'
2026-10-09T06:15:28.8191227Z   ...
2026-10-09T06:15:28.8191836Z # Subtest: installed tasks default page, render schema form and freeze the exact saved version/params/target
2026-10-09T06:15:28.8192818Z ok 38 - installed tasks default page, render schema form and freeze the exact saved version/params/target
2026-10-09T06:15:28.8193407Z   ---
2026-10-09T06:15:28.8193762Z   duration_ms: 19.901602
2026-10-09T06:15:28.8194011Z   type: 'test'
2026-10-09T06:15:28.8194210Z   ...
2026-10-09T06:15:28.8195157Z # Subtest: installed task can be explicitly forked into an independent unsaved editor draft
2026-10-09T06:15:28.8195927Z ok 39 - installed task can be explicitly forked into an independent unsaved editor draft
2026-10-09T06:15:28.8196496Z   ---
2026-10-09T06:15:28.8196846Z   duration_ms: 6.834221
2026-10-09T06:15:28.8197086Z   type: 'test'
2026-10-09T06:15:28.8197528Z   ...
2026-10-09T06:15:28.8198306Z # Subtest: task Stop cannot cancel another view's in-flight draft; parameter form never navigates
2026-10-09T06:15:28.8199566Z ok 40 - task Stop cannot cancel another view's in-flight draft; parameter form never navigates
2026-10-09T06:15:28.8200368Z   ---
2026-10-09T06:15:28.8200994Z   duration_ms: 5.463784
2026-10-09T06:15:28.8201389Z   type: 'test'
2026-10-09T06:15:28.8201737Z   ...
2026-10-09T06:15:28.8202507Z # Subtest: installed task refuses stale target after async installed-version lookup
2026-10-09T06:15:28.8206910Z ok 41 - installed task refuses stale target after async installed-version lookup
2026-10-09T06:15:28.8208575Z   ---
2026-10-09T06:15:28.8208948Z   duration_ms: 9.387679
2026-10-09T06:15:28.8209282Z   type: 'test'
2026-10-09T06:15:28.8209593Z   ...
2026-10-09T06:15:28.8210347Z # Subtest: task cards retain readable selection and do not surface raw IDs as the main UI
2026-10-09T06:15:28.8211454Z ok 42 - task cards retain readable selection and do not surface raw IDs as the main UI
2026-10-09T06:15:28.8212140Z   ---
2026-10-09T06:15:28.8212455Z   duration_ms: 5.044169
2026-10-09T06:15:28.8212812Z   type: 'test'
2026-10-09T06:15:28.8213135Z   ...
2026-10-09T06:15:28.8214161Z # Subtest: Sidebar Discover searches installed tasks only and selects a task without running or opening the catalog
2026-10-09T06:15:28.8215803Z ok 43 - Sidebar Discover searches installed tasks only and selects a task without running or opening the catalog
2026-10-09T06:15:28.8216754Z   ---
2026-10-09T06:15:28.8217127Z   duration_ms: 8.92272
2026-10-09T06:15:28.8217738Z   type: 'test'
2026-10-09T06:15:28.8218092Z   ...
2026-10-09T06:15:28.8218932Z # Subtest: Discover filter controls are real view filters and cannot start another run
2026-10-09T06:15:28.8220157Z ok 44 - Discover filter controls are real view filters and cannot start another run
2026-10-09T06:15:28.8220918Z   ---
2026-10-09T06:15:28.8221302Z   duration_ms: 11.455634
2026-10-09T06:15:28.8221736Z   type: 'test'
2026-10-09T06:15:28.8222074Z   ...
2026-10-09T06:15:28.8222939Z # Subtest: opening the separate full-size catalog preserves its import and management view
2026-10-09T06:15:28.8224244Z ok 45 - opening the separate full-size catalog preserves its import and management view
2026-10-09T06:15:28.8225028Z   ---
2026-10-09T06:15:28.8225403Z   duration_ms: 2.937241
2026-10-09T06:15:28.8225813Z   type: 'test'
2026-10-09T06:15:28.8226185Z   ...
2026-10-09T06:15:28.8227208Z # Subtest: full-size catalog keeps its own reader after real install and re-reads the single Task Catalog state
2026-10-09T06:15:28.8229025Z ok 46 - full-size catalog keeps its own reader after real install and re-reads the single Task Catalog state
2026-10-09T06:15:28.8229948Z   ---
2026-10-09T06:15:28.8230311Z   duration_ms: 6.479702
2026-10-09T06:15:28.8230712Z   type: 'test'
2026-10-09T06:15:28.8231094Z   ...
2026-10-09T06:15:28.8232006Z # Subtest: idle Discover has no fixed footer and inline import still opens the authenticated catalog
2026-10-09T06:15:28.8233453Z ok 47 - idle Discover has no fixed footer and inline import still opens the authenticated catalog
2026-10-09T06:15:28.8234282Z   ---
2026-10-09T06:15:28.8234658Z   duration_ms: 10.875961
2026-10-09T06:15:28.8235080Z   type: 'test'
2026-10-09T06:15:28.8235431Z   ...
2026-10-09T06:15:28.8236105Z # Subtest: R5 result/history stay out of sight until a task has runs
2026-10-09T06:15:28.8237082Z ok 48 - R5 result/history stay out of sight until a task has runs
2026-10-09T06:15:28.8237969Z   ---
2026-10-09T06:15:28.8238345Z   duration_ms: 10.095794
2026-10-09T06:15:28.8238768Z   type: 'test'
2026-10-09T06:15:28.8239120Z   ...
2026-10-09T06:15:28.8240377Z # Subtest: card view retains original action identities, history and parameter form across tab changes
2026-10-09T06:15:28.8241925Z ok 49 - card view retains original action identities, history and parameter form across tab changes
2026-10-09T06:15:28.8242801Z   ---
2026-10-09T06:15:28.8243170Z   duration_ms: 11.096163
2026-10-09T06:15:28.8243600Z   type: 'test'
2026-10-09T06:15:28.8243949Z   ...
2026-10-09T06:15:28.8244894Z # Subtest: reopening My Tasks restores independent parameter drafts without permissions or execution
2026-10-09T06:15:28.8246359Z ok 50 - reopening My Tasks restores independent parameter drafts without permissions or execution
2026-10-09T06:15:28.8247763Z   ---
2026-10-09T06:15:28.8248130Z   duration_ms: 7.0186
2026-10-09T06:15:28.8248558Z   type: 'test'
2026-10-09T06:15:28.8248925Z   ...
2026-10-09T06:15:28.8249855Z # Subtest: switching between two installed tasks preserves each independent unsaved parameter input
2026-10-09T06:15:28.8251335Z ok 51 - switching between two installed tasks preserves each independent unsaved parameter input
2026-10-09T06:15:28.8252163Z   ---
2026-10-09T06:15:28.8252516Z   duration_ms: 2.550398
2026-10-09T06:15:28.8252899Z   type: 'test'
2026-10-09T06:15:28.8253221Z   ...
2026-10-09T06:15:28.8253808Z # Subtest: R6 accessible roving tabs support Arrow and Home/End
2026-10-09T06:15:28.8254635Z ok 52 - R6 accessible roving tabs support Arrow and Home/End
2026-10-09T06:15:28.8255187Z   ---
2026-10-09T06:15:28.8255509Z   duration_ms: 2.743579
2026-10-09T06:15:28.8255884Z   type: 'test'
2026-10-09T06:15:28.8256219Z   ...
2026-10-09T06:15:28.8256970Z # Subtest: R6 task card refresh, keyboard selection and Discover handoff restore focus
2026-10-09T06:15:28.8258400Z ok 53 - R6 task card refresh, keyboard selection and Discover handoff restore focus
2026-10-09T06:15:28.8259073Z   ---
2026-10-09T06:15:28.8259400Z   duration_ms: 5.588753
2026-10-09T06:15:28.8259777Z   type: 'test'
2026-10-09T06:15:28.8260154Z   ...
2026-10-09T06:15:28.8260863Z # Subtest: R6 late run start/result cannot become the newly selected task status
2026-10-09T06:15:28.8261939Z ok 54 - R6 late run start/result cannot become the newly selected task status
2026-10-09T06:15:28.8262610Z   ---
2026-10-09T06:15:28.8262973Z   duration_ms: 11.836018
2026-10-09T06:15:28.8263389Z   type: 'test'
2026-10-09T06:15:28.8263761Z   ...
2026-10-09T06:15:28.8264378Z # Subtest: R6 previous-version notices and results do not leak after installed upgrade
2026-10-09T06:15:28.8265081Z ok 55 - R6 previous-version notices and results do not leak after installed upgrade
2026-10-09T06:15:28.8265487Z   ---
2026-10-09T06:15:28.8265688Z   duration_ms: 13.642506
2026-10-09T06:15:28.8265913Z   type: 'test'
2026-10-09T06:15:28.8266120Z   ...
2026-10-09T06:15:28.8824896Z # Subtest: two extension documents share only a refresh hint and re-read authoritative installed state
2026-10-09T06:15:28.8830918Z ok 56 - two extension documents share only a refresh hint and re-read authoritative installed state
2026-10-09T06:15:28.8831914Z   ---
2026-10-09T06:15:28.8832447Z   duration_ms: 65.722689
2026-10-09T06:15:28.8832849Z   type: 'test'
2026-10-09T06:15:28.8833175Z   ...
2026-10-09T06:15:28.8947198Z # Subtest: catalog installation stays in the complete directory and directs running back to Sidebar
2026-10-09T06:15:28.8950695Z ok 57 - catalog installation stays in the complete directory and directs running back to Sidebar
2026-10-09T06:15:28.8951701Z   ---
2026-10-09T06:15:28.8952505Z   duration_ms: 12.610994
2026-10-09T06:15:28.8953153Z   type: 'test'
2026-10-09T06:15:28.8953764Z   ...
2026-10-09T06:15:28.8984650Z # Subtest: catalog JS import hands source to Sidebar and never enters a view with a hidden runner
2026-10-09T06:15:28.8988369Z ok 58 - catalog JS import hands source to Sidebar and never enters a view with a hidden runner
2026-10-09T06:15:28.8989437Z   ---
2026-10-09T06:15:28.8989872Z   duration_ms: 3.901383
2026-10-09T06:15:28.8990347Z   type: 'test'
2026-10-09T06:15:28.8990929Z   ...
2026-10-09T06:15:28.9016545Z # Subtest: missing Sidebar refuses import with an actionable message, without losing the directory
2026-10-09T06:15:28.9022583Z ok 59 - missing Sidebar refuses import with an actionable message, without losing the directory
2026-10-09T06:15:28.9023596Z   ---
2026-10-09T06:15:28.9024098Z   duration_ms: 3.076752
2026-10-09T06:15:28.9024610Z   type: 'test'
2026-10-09T06:15:28.9025070Z   ...
2026-10-09T06:15:28.9120103Z # Subtest: catalog draft transport errors retain their cause instead of claiming Sidebar is missing
2026-10-09T06:15:28.9121755Z ok 60 - catalog draft transport errors retain their cause instead of claiming Sidebar is missing
2026-10-09T06:15:28.9158087Z   ---
2026-10-09T06:15:28.9159439Z   duration_ms: 6.319793
2026-10-09T06:15:28.9198159Z   type: 'test'
2026-10-09T06:15:28.9216513Z   ...
2026-10-09T06:15:28.9217233Z # Subtest: receiving a source-only import selects Sidebar Developer without creating a run
2026-10-09T06:15:28.9218906Z ok 61 - receiving a source-only import selects Sidebar Developer without creating a run
2026-10-09T06:15:28.9219650Z   ---
2026-10-09T06:15:28.9219904Z   duration_ms: 2.964211
2026-10-09T06:15:28.9220166Z   type: 'test'
2026-10-09T06:15:28.9220400Z   ...
2026-10-09T06:15:28.9296699Z # Subtest: R6.1 task-owned Stop is the sole cross-view action and names the launching task
2026-10-09T06:15:28.9298056Z ok 62 - R6.1 task-owned Stop is the sole cross-view action and names the launching task
2026-10-09T06:15:28.9298537Z   ---
2026-10-09T06:15:28.9298789Z   duration_ms: 18.001483
2026-10-09T06:15:28.9299071Z   type: 'test'
2026-10-09T06:15:28.9299310Z   ...
2026-10-09T06:15:28.9311956Z # Subtest: R6.1 a draft-owned run exposes only its Stop when viewing Tasks or Discover
2026-10-09T06:15:28.9317524Z ok 63 - R6.1 a draft-owned run exposes only its Stop when viewing Tasks or Discover
2026-10-09T06:15:28.9318434Z   ---
2026-10-09T06:15:28.9318963Z   duration_ms: 2.597996
2026-10-09T06:15:28.9319541Z   type: 'test'
2026-10-09T06:15:28.9320037Z   ...
2026-10-09T06:15:28.9526671Z # Subtest: R6.1 stop-only footer CSS hides all non-owner actions without hiding Stop
2026-10-09T06:15:28.9535837Z ok 64 - R6.1 stop-only footer CSS hides all non-owner actions without hiding Stop
2026-10-09T06:15:28.9536762Z   ---
2026-10-09T06:15:28.9537574Z   duration_ms: 6.561656
2026-10-09T06:15:28.9538176Z   type: 'test'
2026-10-09T06:15:28.9538500Z   ...
2026-10-09T06:15:28.9539372Z # Subtest: catalog project JSON import validates snapshots and hands frozen bytes to Sidebar without running
2026-10-09T06:15:28.9543730Z ok 65 - catalog project JSON import validates snapshots and hands frozen bytes to Sidebar without running
2026-10-09T06:15:28.9544500Z   ---
2026-10-09T06:15:28.9544819Z   duration_ms: 9.744996
2026-10-09T06:15:28.9545282Z   type: 'test'
2026-10-09T06:15:28.9545616Z   ...
2026-10-09T06:15:28.9546519Z # Subtest: catalog rejects a changed project snapshot before handoff and permits reselecting the file
2026-10-09T06:15:28.9548067Z ok 66 - catalog rejects a changed project snapshot before handoff and permits reselecting the file
2026-10-09T06:15:28.9548557Z   ---
2026-10-09T06:15:28.9548787Z   duration_ms: 4.129168
2026-10-09T06:15:28.9549017Z   type: 'test'
2026-10-09T06:15:28.9549235Z   ...
2026-10-09T06:15:28.9693038Z 1..66
2026-10-09T06:15:28.9693588Z # tests 66
2026-10-09T06:15:28.9694050Z # suites 0
2026-10-09T06:15:28.9694771Z # pass 66
2026-10-09T06:15:28.9695357Z # fail 0
2026-10-09T06:15:28.9695972Z # cancelled 0
2026-10-09T06:15:28.9696588Z # skipped 0
2026-10-09T06:15:28.9696982Z # todo 0
2026-10-09T06:15:28.9697823Z # duration_ms 472.946855
2026-10-09T06:15:28.9818231Z ##[group]Run npm run check
2026-10-09T06:15:28.9818569Z [36;1mnpm run check[0m
2026-10-09T06:15:28.9881505Z shell: /usr/bin/bash -e {0}
2026-10-09T06:15:28.9881782Z ##[endgroup]
2026-10-09T06:15:29.0944613Z 
2026-10-09T06:15:29.0945507Z > opendesk-browser@0.1.0 check
2026-10-09T06:15:29.0946123Z > node scripts/check-source.mjs
2026-10-09T06:15:29.0946360Z 
2026-10-09T06:15:33.3921879Z Syntax checked 174 source/test/build files; scripts/build-contract.mjs entries, fixed SDK/control entries, strict CSP and original MIT checked
2026-10-09T06:15:33.4098001Z ##[group]Run npm run build
2026-10-09T06:15:33.4098334Z [36;1mnpm run build[0m
2026-10-09T06:15:33.4160316Z shell: /usr/bin/bash -e {0}
2026-10-09T06:15:33.4160583Z ##[endgroup]
2026-10-09T06:15:33.5231245Z 
2026-10-09T06:15:33.5231848Z > opendesk-browser@0.1.0 build
2026-10-09T06:15:33.5232435Z > node scripts/build.mjs production
2026-10-09T06:15:33.5232690Z 
2026-10-09T06:15:34.0223389Z [log] 
2026-10-09T06:15:34.0223726Z WXT 0.21.4
2026-10-09T06:15:34.1918267Z [info] Generating types...
2026-10-09T06:15:34.3588755Z [success] Finished in 337 ms
2026-10-09T06:15:34.7992021Z [log] 
2026-10-09T06:15:34.7992496Z WXT 0.21.4
2026-10-09T06:15:34.9225163Z [info] Building chrome-mv3 for production with Vite 7.3.6
2026-10-09T06:15:35.0567107Z [?25l
2026-10-09T06:15:35.0626651Z ⠋ Preparing...[K
2026-10-09T06:15:35.2774401Z ⠋ [1/14] sw[K
2026-10-09T06:15:35.3689379Z ⠙ [1/14] sw[K
2026-10-09T06:15:35.4749771Z ⠹ [1/14] sw[K
2026-10-09T06:15:35.6182583Z ⠸ [1/14] sw[K
2026-10-09T06:15:35.7002814Z ⠼ [1/14] sw[K
2026-10-09T06:15:36.2900917Z ⠴ [1/14] sw[K
2026-10-09T06:15:36.3698784Z ⠦ [1/14] sw[K
2026-10-09T06:15:36.4492849Z ⠧ [1/14] sw[K
2026-10-09T06:15:36.5296562Z ⠇ [1/14] sw[K
2026-10-09T06:15:36.6099401Z ⠏ [1/14] sw[K
2026-10-09T06:15:36.6891918Z ⠋ [1/14] sw[K
2026-10-09T06:15:36.7694462Z ⠙ [1/14] sw[K
2026-10-09T06:15:36.8502243Z ⠹ [1/14] sw[K
2026-10-09T06:15:36.9300017Z ⠸ [1/14] sw[K
2026-10-09T06:15:37.0100495Z ⠼ [1/14] sw[K
2026-10-09T06:15:37.0903087Z ⠴ [1/14] sw[K
2026-10-09T06:15:37.1709776Z ⠦ [1/14] sw[K
2026-10-09T06:15:37.2502280Z ⠧ [1/14] sw[K
2026-10-09T06:15:37.3306281Z ⠇ [1/14] sw[K
2026-10-09T06:15:37.4129025Z ⠏ [1/14] sw[K
2026-10-09T06:15:37.4913566Z ⠋ [1/14] sw[K
2026-10-09T06:15:37.5715439Z ⠙ [1/14] sw[K
2026-10-09T06:15:37.6518113Z ⠹ [1/14] sw[K
2026-10-09T06:15:37.7320526Z ⠸ [1/14] sw[K
2026-10-09T06:15:37.8123248Z ⠼ [1/14] sw[K
2026-10-09T06:15:37.8925941Z ⠴ [1/14] sw[K
2026-10-09T06:15:37.9758673Z ⠦ [1/14] sw[K
2026-10-09T06:15:38.0531646Z ⠧ [1/14] sw[K
2026-10-09T06:15:38.1333640Z ⠇ [1/14] sw[K
2026-10-09T06:15:38.2135541Z ⠏ [1/14] sw[K
2026-10-09T06:15:38.2938347Z ⠋ [1/14] sw[K
2026-10-09T06:15:38.3740491Z ⠙ [1/14] sw[K
2026-10-09T06:15:38.4543411Z ⠹ [1/14] sw[K
2026-10-09T06:15:38.5345328Z ⠸ [1/14] sw[K
2026-10-09T06:15:38.6148255Z ⠼ [1/14] sw[K
2026-10-09T06:15:38.6950658Z ⠴ [1/14] sw[K
2026-10-09T06:15:38.7798584Z ⠦ [1/14] sw[K
2026-10-09T06:15:38.8578768Z ⠧ [1/14] sw[K
2026-10-09T06:15:38.9375807Z ⠇ [1/14] sw[K
2026-10-09T06:15:39.0178570Z ⠏ [1/14] sw[K
2026-10-09T06:15:39.0980440Z ⠋ [1/14] sw[K
2026-10-09T06:15:39.1783341Z ⠙ [1/14] sw[K
2026-10-09T06:15:39.2585825Z ⠹ [1/14] sw[K
2026-10-09T06:15:39.3384048Z ⠸ [1/14] sw[K
2026-10-09T06:15:39.4188723Z ⠼ [1/14] sw[K
2026-10-09T06:15:39.4989383Z ⠴ [1/14] sw[K
2026-10-09T06:15:39.5781858Z ⠦ [1/14] sw[K
2026-10-09T06:15:39.6589410Z ⠧ [1/14] sw[K
2026-10-09T06:15:39.7386572Z ⠇ [1/14] sw[K
2026-10-09T06:15:39.7750458Z ⠏ [1/14] sw[K
2026-10-09T06:15:39.8185563Z ⠏ [2/14] bootstrap[K
2026-10-09T06:15:39.8990002Z ⠋ [2/14] bootstrap[K
2026-10-09T06:15:39.9796234Z ⠙ [2/14] bootstrap[K
2026-10-09T06:15:39.9999281Z ⠹ [2/14] bootstrap[K
2026-10-09T06:15:40.0592949Z ⠹ [3/14] bridge[K
2026-10-09T06:15:40.1396121Z ⠸ [3/14] bridge[K
2026-10-09T06:15:40.2198504Z ⠼ [3/14] bridge[K
2026-10-09T06:15:40.2260940Z ⠴ [3/14] bridge[K
2026-10-09T06:15:40.2999180Z ⠴ [4/14] health[K
2026-10-09T06:15:40.3791474Z ⠦ [4/14] health[K
2026-10-09T06:15:40.3944946Z ⠧ [4/14] health[K
2026-10-09T06:15:40.4604079Z ⠧ [5/14] page-agent[K
2026-10-09T06:15:40.5408463Z ⠇ [5/14] page-agent[K
2026-10-09T06:15:40.6238799Z ⠏ [5/14] page-agent[K
2026-10-09T06:15:40.7018515Z ⠋ [5/14] page-agent[K
2026-10-09T06:15:40.7840754Z ⠙ [5/14] page-agent[K
2026-10-09T06:15:40.8673369Z ⠹ [5/14] page-agent[K
2026-10-09T06:15:40.9447214Z ⠸ [5/14] page-agent[K
2026-10-09T06:15:40.9452738Z ⠼ [5/14] page-agent[K
2026-10-09T06:15:41.0242056Z ⠼ [6/14] page-relay[K
2026-10-09T06:15:41.1050930Z ⠴ [6/14] page-relay[K
2026-10-09T06:15:41.1853792Z ⠦ [6/14] page-relay[K
2026-10-09T06:15:41.2655311Z ⠧ [6/14] page-relay[K
2026-10-09T06:15:41.3453723Z ⠇ [6/14] page-relay[K
2026-10-09T06:15:41.4260456Z ⠏ [6/14] page-relay[K
2026-10-09T06:15:41.4676041Z ⠋ [6/14] page-relay[K
2026-10-09T06:15:41.5183261Z ⠋ [7/14] page-session[K
2026-10-09T06:15:41.5985237Z ⠙ [7/14] page-session[K
2026-10-09T06:15:41.6788141Z ⠹ [7/14] page-session[K
2026-10-09T06:15:41.7590698Z ⠸ [7/14] page-session[K
2026-10-09T06:15:41.8393930Z ⠼ [7/14] page-session[K
2026-10-09T06:15:41.9199121Z ⠴ [7/14] page-session[K
2026-10-09T06:15:42.0048843Z ⠦ [7/14] page-session[K
2026-10-09T06:15:42.0812929Z ⠧ [7/14] page-session[K
2026-10-09T06:15:42.1618744Z ⠇ [7/14] page-session[K
2026-10-09T06:15:42.2458836Z ⠏ [7/14] page-session[K
2026-10-09T06:15:42.3247072Z ⠋ [7/14] page-session[K
2026-10-09T06:15:42.4041863Z ⠙ [7/14] page-session[K
2026-10-09T06:15:42.4238980Z ⠹ [7/14] page-session[K
2026-10-09T06:15:42.4845736Z ⠹ [8/14] sandbox[K
2026-10-09T06:15:42.5648999Z ⠸ [8/14] sandbox[K
2026-10-09T06:15:42.6508719Z ⠼ [8/14] sandbox[K
2026-10-09T06:15:42.7272935Z ⠴ [8/14] sandbox[K
2026-10-09T06:15:42.7418780Z ⠦ [8/14] sandbox[K
2026-10-09T06:15:42.8594785Z ⠦ [9/14] sdk-main[K
2026-10-09T06:15:42.9369713Z ⠧ [9/14] sdk-main[K
2026-10-09T06:15:43.0170638Z ⠇ [9/14] sdk-main[K
2026-10-09T06:15:43.0973294Z ⠏ [9/14] sdk-main[K
2026-10-09T06:15:43.1776206Z ⠋ [9/14] sdk-main[K
2026-10-09T06:15:43.2588856Z ⠙ [9/14] sdk-main[K
2026-10-09T06:15:43.3388732Z ⠹ [9/14] sdk-main[K
2026-10-09T06:15:43.4188815Z ⠸ [9/14] sdk-main[K
2026-10-09T06:15:43.4988868Z ⠼ [9/14] sdk-main[K
2026-10-09T06:15:43.5809142Z ⠴ [9/14] sdk-main[K
2026-10-09T06:15:43.6502397Z ⠦ [9/14] sdk-main[K
2026-10-09T06:15:43.6581540Z ⠦ [10/14] selection-entry[K
2026-10-09T06:15:43.7399119Z ⠧ [10/14] selection-entry[K
2026-10-09T06:15:43.7884964Z ⠇ [10/14] selection-entry[K
2026-10-09T06:15:43.8284541Z ⠇ [11/14] settings[K
2026-10-09T06:15:43.9081481Z ⠏ [11/14] settings[K
2026-10-09T06:15:43.9883905Z ⠋ [11/14] settings[K
2026-10-09T06:15:44.0583046Z ⠙ [11/14] settings[K
2026-10-09T06:15:44.0704206Z ⠙ [12/14] tool-shell[K
2026-10-09T06:15:44.1748871Z ⠹ [12/14] tool-shell[K
2026-10-09T06:15:44.4897899Z ⠸ [12/14] tool-shell[K
2026-10-09T06:15:44.5698662Z ⠼ [12/14] tool-shell[K
2026-10-09T06:15:44.6500127Z ⠴ [12/14] tool-shell[K
2026-10-09T06:15:44.7305023Z ⠦ [12/14] tool-shell[K
2026-10-09T06:15:44.8108660Z ⠧ [12/14] tool-shell[K
2026-10-09T06:15:44.8918661Z ⠇ [12/14] tool-shell[K
2026-10-09T06:15:44.9768785Z ⠏ [12/14] tool-shell[K
2026-10-09T06:15:45.0538805Z ⠋ [12/14] tool-shell[K
2026-10-09T06:15:45.1326443Z ⠙ [12/14] tool-shell[K
2026-10-09T06:15:45.2129375Z ⠹ [12/14] tool-shell[K
2026-10-09T06:15:45.2988691Z ⠸ [12/14] tool-shell[K
2026-10-09T06:15:45.3750149Z ⠼ [12/14] tool-shell[K
2026-10-09T06:15:45.4568883Z ⠴ [12/14] tool-shell[K
2026-10-09T06:15:45.5351541Z ⠦ [12/14] tool-shell[K
2026-10-09T06:15:45.6153806Z ⠧ [12/14] tool-shell[K
2026-10-09T06:15:45.7011163Z ⠇ [12/14] tool-shell[K
2026-10-09T06:15:45.7783131Z ⠏ [12/14] tool-shell[K
2026-10-09T06:15:45.8585364Z ⠋ [12/14] tool-shell[K
2026-10-09T06:15:45.9409168Z ⠙ [12/14] tool-shell[K
2026-10-09T06:15:46.0208698Z ⠹ [12/14] tool-shell[K
2026-10-09T06:15:46.1008814Z ⠸ [12/14] tool-shell[K
2026-10-09T06:15:46.1795743Z ⠼ [12/14] tool-shell[K
2026-10-09T06:15:46.2618665Z ⠴ [12/14] tool-shell[K
2026-10-09T06:15:46.3448927Z ⠦ [12/14] tool-shell[K
2026-10-09T06:15:46.4229036Z ⠧ [12/14] tool-shell[K
2026-10-09T06:15:46.5025066Z ⠇ [12/14] tool-shell[K
2026-10-09T06:15:46.5828019Z ⠏ [12/14] tool-shell[K
2026-10-09T06:15:46.6630384Z ⠋ [12/14] tool-shell[K
2026-10-09T06:15:46.7432265Z ⠙ [12/14] tool-shell[K
2026-10-09T06:15:46.7868738Z ⠹ [12/14] tool-shell[K
2026-10-09T06:15:46.8339692Z ⠹ [13/14] transport[K
2026-10-09T06:15:46.9136636Z ⠸ [13/14] transport[K
2026-10-09T06:15:46.9948875Z ⠼ [13/14] transport[K
2026-10-09T06:15:47.0786189Z ⠴ [13/14] transport[K
2026-10-09T06:15:47.1578855Z ⠦ [13/14] transport[K
2026-10-09T06:15:47.1982521Z ⠧ [13/14] transport[K
2026-10-09T06:15:47.2380237Z ⠧ [14/14] worker-runtime[K
2026-10-09T06:15:47.3185043Z ⠇ [14/14] worker-runtime[K
2026-10-09T06:15:47.3987206Z ⠏ [14/14] worker-runtime[K
2026-10-09T06:15:47.4790117Z ⠋ [14/14] worker-runtime[K
2026-10-09T06:15:47.5594691Z ⠙ [14/14] worker-runtime[K
2026-10-09T06:15:47.6392143Z ⠹ [14/14] worker-runtime[K
2026-10-09T06:15:47.7198630Z ⠸ [14/14] worker-runtime[K
2026-10-09T06:15:47.8008825Z ⠼ [14/14] worker-runtime[K
2026-10-09T06:15:47.8803061Z ⠴ [14/14] worker-runtime[K
2026-10-09T06:15:47.9567557Z ⠦ [14/14] worker-runtime[K
2026-10-09T06:15:47.9568314Z [K[?25h
2026-10-09T06:15:47.9609613Z [K[?25h[success] Built extension in 13.0 s
2026-10-09T06:15:47.9610455Z   ├─ dist/production/manifest.json                        1.26 kB  
2026-10-09T06:15:47.9611420Z   ├─ dist/production/native-agent/settings.html           1.83 kB  
2026-10-09T06:15:47.9612239Z   ├─ dist/production/scripting/sandbox/sandbox.html       385 B    
2026-10-09T06:15:47.9612822Z   ├─ dist/production/sidebar-tools/sandbox.html           560 B    
2026-10-09T06:15:47.9613424Z   ├─ dist/production/ui/target-bootstrap.html             200 B    
2026-10-09T06:15:47.9613996Z   ├─ dist/production/ui/tool.html                         22.54 kB 
2026-10-09T06:15:47.9614562Z   ├─ dist/production/agents/bootstrap.js                  21.47 kB 
2026-10-09T06:15:47.9615111Z   ├─ dist/production/agents/health.js                     828 B    
2026-10-09T06:15:47.9615661Z   ├─ dist/production/agents/page-agent.js                 34.35 kB 
2026-10-09T06:15:47.9616220Z   ├─ dist/production/agents/page-relay.js                 35.28 kB 
2026-10-09T06:15:47.9616771Z   ├─ dist/production/agents/selection-entry.js            383 B    
2026-10-09T06:15:47.9617626Z   ├─ dist/production/framework/sdk-main.js                49.54 kB 
2026-10-09T06:15:47.9618342Z   ├─ dist/production/native-agent/settings.js             22.16 kB 
2026-10-09T06:15:47.9618928Z   ├─ dist/production/native-agent/transport.js            29.30 kB 
2026-10-09T06:15:47.9619522Z   ├─ dist/production/scripting/packaged/page-session.js   55.07 kB 
2026-10-09T06:15:47.9620105Z   ├─ dist/production/scripting/sandbox/sandbox.js         4.01 kB  
2026-10-09T06:15:47.9620682Z   ├─ dist/production/scripting/sandbox/worker-runtime.js  49.68 kB 
2026-10-09T06:15:47.9621240Z   ├─ dist/production/sidebar-tools/bridge.js              2.60 kB  
2026-10-09T06:15:47.9621816Z   ├─ dist/production/sw.js                                327.62 kB
2026-10-09T06:15:47.9622349Z   ├─ dist/production/ui/tool-shell.js                     188.87 kB
2026-10-09T06:15:47.9622915Z   ├─ dist/production/vendor/jquery-3.7.1.min.js           87.53 kB 
2026-10-09T06:15:47.9623463Z   ├─ dist/production/ui/tool-shell.css                    21.18 kB 
2026-10-09T06:15:47.9624021Z   ├─ dist/production/icons/notification.png               595 B    
2026-10-09T06:15:47.9624597Z   ├─ dist/production/licenses/jquery-MIT.txt              1.10 kB  
2026-10-09T06:15:47.9625200Z   └─ dist/production/licenses/todo-user-vue-MIT.txt       1.10 kB  
2026-10-09T06:15:47.9625784Z Σ Total size: 959.43 kB                                 
2026-10-09T06:15:47.9626172Z [success] Finished in 13.2 s
2026-10-09T06:15:48.6916704Z {"mode":"production","builder":"wxt","status":"passed","packageHash":"9622cb829b8987c755963c5f59399317b4a7605dd9747e45b013dd3b86ac474d","assets":26}
2026-10-09T06:15:48.7124682Z ##[group]Run npm run build:dev
2026-10-09T06:15:48.7125201Z [36;1mnpm run build:dev[0m
2026-10-09T06:15:48.7211197Z shell: /usr/bin/bash -e {0}
2026-10-09T06:15:48.7211503Z ##[endgroup]
2026-10-09T06:15:48.8202441Z 
2026-10-09T06:15:48.8202842Z > opendesk-browser@0.1.0 build:dev
2026-10-09T06:15:48.8203408Z > node scripts/build.mjs development
2026-10-09T06:15:48.8203642Z 
2026-10-09T06:15:49.2709341Z [log] 
2026-10-09T06:15:49.2709849Z WXT 0.21.4
2026-10-09T06:15:49.3856345Z [info] Generating types...
2026-10-09T06:15:49.5302749Z [success] Finished in 260 ms
2026-10-09T06:15:49.9648150Z [log] 
2026-10-09T06:15:49.9648656Z WXT 0.21.4
2026-10-09T06:15:50.0866923Z [info] Building chrome-mv3 for development with Vite 7.3.6
2026-10-09T06:15:50.2204477Z [?25l
2026-10-09T06:15:50.2266608Z ⠋ Preparing...[K
2026-10-09T06:15:50.3008684Z ⠋ [1/14] sw[K
2026-10-09T06:15:50.4779039Z ⠙ [1/14] sw[K
2026-10-09T06:15:50.5949323Z ⠹ [1/14] sw[K
2026-10-09T06:15:50.6755599Z ⠸ [1/14] sw[K
2026-10-09T06:15:51.2733093Z ⠼ [1/14] sw[K
2026-10-09T06:15:51.3536854Z ⠴ [1/14] sw[K
2026-10-09T06:15:51.4354170Z ⠦ [1/14] sw[K
2026-10-09T06:15:51.5143313Z ⠧ [1/14] sw[K
2026-10-09T06:15:51.5946127Z ⠇ [1/14] sw[K
2026-10-09T06:15:51.6748658Z ⠏ [1/14] sw[K
2026-10-09T06:15:51.7550919Z ⠋ [1/14] sw[K
2026-10-09T06:15:51.8353604Z ⠙ [1/14] sw[K
2026-10-09T06:15:51.9156017Z ⠹ [1/14] sw[K
2026-10-09T06:15:51.9958640Z ⠸ [1/14] sw[K
2026-10-09T06:15:52.0761499Z ⠼ [1/14] sw[K
2026-10-09T06:15:52.1618953Z ⠴ [1/14] sw[K
2026-10-09T06:15:52.2393166Z ⠦ [1/14] sw[K
2026-10-09T06:15:52.3228863Z ⠧ [1/14] sw[K
2026-10-09T06:15:52.4006337Z ⠇ [1/14] sw[K
2026-10-09T06:15:52.4809095Z ⠏ [1/14] sw[K
2026-10-09T06:15:52.5601989Z ⠋ [1/14] sw[K
2026-10-09T06:15:52.6404858Z ⠙ [1/14] sw[K
2026-10-09T06:15:52.7209250Z ⠹ [1/14] sw[K
2026-10-09T06:15:52.8010378Z ⠸ [1/14] sw[K
2026-10-09T06:15:52.8813219Z ⠼ [1/14] sw[K
2026-10-09T06:15:52.9615626Z ⠴ [1/14] sw[K
2026-10-09T06:15:53.0419221Z ⠦ [1/14] sw[K
2026-10-09T06:15:53.1221879Z ⠧ [1/14] sw[K
2026-10-09T06:15:53.2024003Z ⠇ [1/14] sw[K
2026-10-09T06:15:53.2823733Z ⠏ [1/14] sw[K
2026-10-09T06:15:53.3626336Z ⠋ [1/14] sw[K
2026-10-09T06:15:53.4428634Z ⠙ [1/14] sw[K
2026-10-09T06:15:53.5230252Z ⠹ [1/14] sw[K
2026-10-09T06:15:53.6033448Z ⠸ [1/14] sw[K
2026-10-09T06:15:53.6836326Z ⠼ [1/14] sw[K
2026-10-09T06:15:53.7638424Z ⠴ [1/14] sw[K
2026-10-09T06:15:53.8441423Z ⠦ [1/14] sw[K
2026-10-09T06:15:53.9249290Z ⠧ [1/14] sw[K
2026-10-09T06:15:54.0046298Z ⠇ [1/14] sw[K
2026-10-09T06:15:54.0850018Z ⠏ [1/14] sw[K
2026-10-09T06:15:54.1642457Z ⠋ [1/14] sw[K
2026-10-09T06:15:54.2445348Z ⠙ [1/14] sw[K
2026-10-09T06:15:54.3248035Z ⠹ [1/14] sw[K
2026-10-09T06:15:54.4049953Z ⠸ [1/14] sw[K
2026-10-09T06:15:54.4852580Z ⠼ [1/14] sw[K
2026-10-09T06:15:54.5668919Z ⠴ [1/14] sw[K
2026-10-09T06:15:54.6463401Z ⠦ [1/14] sw[K
2026-10-09T06:15:54.7265973Z ⠧ [1/14] sw[K
2026-10-09T06:15:54.9839305Z ⠇ [1/14] sw[K
2026-10-09T06:15:54.9873145Z ⠏ [1/14] sw[K
2026-10-09T06:15:55.0634789Z ⠏ [2/14] bootstrap[K
2026-10-09T06:15:55.1436808Z ⠋ [2/14] bootstrap[K
2026-10-09T06:15:55.2145134Z ⠙ [2/14] bootstrap[K
2026-10-09T06:15:55.2244746Z ⠙ [3/14] bridge[K
2026-10-09T06:15:55.3049803Z ⠹ [3/14] bridge[K
2026-10-09T06:15:55.3857938Z ⠸ [3/14] bridge[K
2026-10-09T06:15:55.4588836Z ⠼ [3/14] bridge[K
2026-10-09T06:15:55.4649581Z ⠼ [4/14] health[K
2026-10-09T06:15:55.5456322Z ⠴ [4/14] health[K
2026-10-09T06:15:55.6290697Z ⠦ [4/14] health[K
2026-10-09T06:15:55.6291760Z ⠧ [4/14] health[K
2026-10-09T06:15:55.7054132Z ⠧ [5/14] page-agent[K
2026-10-09T06:15:55.7861487Z ⠇ [5/14] page-agent[K
2026-10-09T06:15:55.8652059Z ⠏ [5/14] page-agent[K
2026-10-09T06:15:55.9454690Z ⠋ [5/14] page-agent[K
2026-10-09T06:15:56.0278985Z ⠙ [5/14] page-agent[K
2026-10-09T06:15:56.1068771Z ⠹ [5/14] page-agent[K
2026-10-09T06:15:56.1619271Z ⠸ [5/14] page-agent[K
2026-10-09T06:15:56.1932795Z ⠸ [6/14] page-relay[K
2026-10-09T06:15:56.2739824Z ⠼ [6/14] page-relay[K
2026-10-09T06:15:56.3552452Z ⠴ [6/14] page-relay[K
2026-10-09T06:15:56.4368716Z ⠦ [6/14] page-relay[K
2026-10-09T06:15:56.5159876Z ⠧ [6/14] page-relay[K
2026-10-09T06:15:56.5988775Z ⠇ [6/14] page-relay[K
2026-10-09T06:15:56.6712369Z ⠏ [6/14] page-relay[K
2026-10-09T06:15:56.6762017Z ⠏ [7/14] page-session[K
2026-10-09T06:15:56.7738829Z ⠋ [7/14] page-session[K
2026-10-09T06:15:56.8498078Z ⠙ [7/14] page-session[K
2026-10-09T06:15:56.9319087Z ⠹ [7/14] page-session[K
2026-10-09T06:15:57.0103006Z ⠸ [7/14] page-session[K
2026-10-09T06:15:57.0938952Z ⠼ [7/14] page-session[K
2026-10-09T06:15:57.1733136Z ⠴ [7/14] page-session[K
2026-10-09T06:15:57.2538567Z ⠦ [7/14] page-session[K
2026-10-09T06:15:57.3336147Z ⠧ [7/14] page-session[K
2026-10-09T06:15:57.4140666Z ⠇ [7/14] page-session[K
2026-10-09T06:15:57.4943031Z ⠏ [7/14] page-session[K
2026-10-09T06:15:57.5745763Z ⠋ [7/14] page-session[K
2026-10-09T06:15:57.6204890Z ⠙ [7/14] page-session[K
2026-10-09T06:15:57.6548729Z ⠙ [8/14] sandbox[K
2026-10-09T06:15:57.7344727Z ⠹ [8/14] sandbox[K
2026-10-09T06:15:57.8150635Z ⠸ [8/14] sandbox[K
2026-10-09T06:15:57.8952647Z ⠼ [8/14] sandbox[K
2026-10-09T06:15:57.9092563Z ⠴ [8/14] sandbox[K
2026-10-09T06:15:58.0154430Z ⠴ [9/14] sdk-main[K
2026-10-09T06:15:58.0953904Z ⠦ [9/14] sdk-main[K
2026-10-09T06:15:58.1759515Z ⠧ [9/14] sdk-main[K
2026-10-09T06:15:58.2563457Z ⠇ [9/14] sdk-main[K
2026-10-09T06:15:58.3354176Z ⠏ [9/14] sdk-main[K
2026-10-09T06:15:58.4188765Z ⠋ [9/14] sdk-main[K
2026-10-09T06:15:58.4988863Z ⠙ [9/14] sdk-main[K
2026-10-09T06:15:58.5796530Z ⠹ [9/14] sdk-main[K
2026-10-09T06:15:58.6598952Z ⠸ [9/14] sdk-main[K
2026-10-09T06:15:58.7092673Z ⠼ [9/14] sdk-main[K
2026-10-09T06:15:58.7397491Z ⠼ [10/14] selection-entry[K
2026-10-09T06:15:58.8191976Z ⠴ [10/14] selection-entry[K
2026-10-09T06:15:58.8524110Z ⠦ [10/14] selection-entry[K
2026-10-09T06:15:58.8993537Z ⠦ [11/14] settings[K
2026-10-09T06:15:58.9794418Z ⠧ [11/14] settings[K
2026-10-09T06:15:59.0596889Z ⠇ [11/14] settings[K
2026-10-09T06:15:59.1008149Z ⠏ [11/14] settings[K
2026-10-09T06:15:59.1588747Z ⠏ [12/14] tool-shell[K
2026-10-09T06:15:59.2382638Z ⠋ [12/14] tool-shell[K
2026-10-09T06:15:59.4631248Z ⠙ [12/14] tool-shell[K
2026-10-09T06:15:59.5434864Z ⠹ [12/14] tool-shell[K
2026-10-09T06:15:59.6288780Z ⠸ [12/14] tool-shell[K
2026-10-09T06:15:59.7042734Z ⠼ [12/14] tool-shell[K
2026-10-09T06:15:59.7868658Z ⠴ [12/14] tool-shell[K
2026-10-09T06:15:59.8647796Z ⠦ [12/14] tool-shell[K
2026-10-09T06:15:59.9450302Z ⠧ [12/14] tool-shell[K
2026-10-09T06:16:00.0272366Z ⠇ [12/14] tool-shell[K
2026-10-09T06:16:00.1078956Z ⠏ [12/14] tool-shell[K
2026-10-09T06:16:00.1918947Z ⠋ [12/14] tool-shell[K
2026-10-09T06:16:00.2693221Z ⠙ [12/14] tool-shell[K
2026-10-09T06:16:00.3495620Z ⠹ [12/14] tool-shell[K
2026-10-09T06:16:00.4308822Z ⠸ [12/14] tool-shell[K
2026-10-09T06:16:00.5094578Z ⠼ [12/14] tool-shell[K
2026-10-09T06:16:00.5892382Z ⠴ [12/14] tool-shell[K
2026-10-09T06:16:00.6694923Z ⠦ [12/14] tool-shell[K
2026-10-09T06:16:00.7497837Z ⠧ [12/14] tool-shell[K
2026-10-09T06:16:00.8300122Z ⠇ [12/14] tool-shell[K
2026-10-09T06:16:00.9102847Z ⠏ [12/14] tool-shell[K
2026-10-09T06:16:00.9905433Z ⠋ [12/14] tool-shell[K
2026-10-09T06:16:01.0708348Z ⠙ [12/14] tool-shell[K
2026-10-09T06:16:01.1510562Z ⠹ [12/14] tool-shell[K
2026-10-09T06:16:01.2313136Z ⠸ [12/14] tool-shell[K
2026-10-09T06:16:01.3115531Z ⠼ [12/14] tool-shell[K
2026-10-09T06:16:01.3918109Z ⠴ [12/14] tool-shell[K
2026-10-09T06:16:01.4720898Z ⠦ [12/14] tool-shell[K
2026-10-09T06:16:01.5818744Z ⠧ [12/14] tool-shell[K
2026-10-09T06:16:01.5836612Z ⠇ [12/14] tool-shell[K
2026-10-09T06:16:01.6612987Z ⠇ [13/14] transport[K
2026-10-09T06:16:01.7422324Z ⠏ [13/14] transport[K
2026-10-09T06:16:01.8223767Z ⠋ [13/14] transport[K
2026-10-09T06:16:01.9029598Z ⠙ [13/14] transport[K
2026-10-09T06:16:01.9850530Z ⠹ [13/14] transport[K
2026-10-09T06:16:02.0196604Z ⠸ [13/14] transport[K
2026-10-09T06:16:02.1016553Z ⠸ [14/14] worker-runtime[K
2026-10-09T06:16:02.1817723Z ⠼ [14/14] worker-runtime[K
2026-10-09T06:16:02.2621120Z ⠴ [14/14] worker-runtime[K
2026-10-09T06:16:02.3423344Z ⠦ [14/14] worker-runtime[K
2026-10-09T06:16:02.4226138Z ⠧ [14/14] worker-runtime[K
2026-10-09T06:16:02.5040528Z ⠇ [14/14] worker-runtime[K
2026-10-09T06:16:02.5868932Z ⠏ [14/14] worker-runtime[K
2026-10-09T06:16:02.6646015Z ⠋ [14/14] worker-runtime[K
2026-10-09T06:16:02.7448377Z ⠙ [14/14] worker-runtime[K
2026-10-09T06:16:02.8251022Z ⠹ [14/14] worker-runtime[K
2026-10-09T06:16:02.8378447Z ⠸ [14/14] worker-runtime[K
2026-10-09T06:16:02.8379069Z [K[?25h
2026-10-09T06:16:02.8412756Z [K[?25h[success] Built extension in 12.8 s
2026-10-09T06:16:02.8413725Z   ├─ dist/development/manifest.json                            1.59 kB  
2026-10-09T06:16:02.8414404Z   ├─ dist/development/native-agent/settings.html               1.83 kB  
2026-10-09T06:16:02.8415003Z   ├─ dist/development/scripting/sandbox/sandbox.html           385 B    
2026-10-09T06:16:02.8415575Z   ├─ dist/development/sidebar-tools/sandbox.html               560 B    
2026-10-09T06:16:02.8416183Z   ├─ dist/development/ui/target-bootstrap.html                 200 B    
2026-10-09T06:16:02.8416754Z   ├─ dist/development/ui/tool.html                             22.54 kB 
2026-10-09T06:16:02.8417944Z   ├─ dist/development/agents/bootstrap.js                      21.70 kB 
2026-10-09T06:16:02.8418505Z   ├─ dist/development/agents/bootstrap.js.map                  65.33 kB 
2026-10-09T06:16:02.8419054Z   ├─ dist/development/agents/health.js                         1.06 kB  
2026-10-09T06:16:02.8419586Z   ├─ dist/development/agents/health.js.map                     15.04 kB 
2026-10-09T06:16:02.8420149Z   ├─ dist/development/agents/page-agent.js                     34.59 kB 
2026-10-09T06:16:02.8420710Z   ├─ dist/development/agents/page-agent.js.map                 95.31 kB 
2026-10-09T06:16:02.8421250Z   ├─ dist/development/agents/page-relay.js                     35.52 kB 
2026-10-09T06:16:02.8421797Z   ├─ dist/development/agents/page-relay.js.map                 113.01 kB
2026-10-09T06:16:02.8422352Z   ├─ dist/development/agents/selection-entry.js                638 B    
2026-10-09T06:16:02.8422899Z   ├─ dist/development/agents/selection-entry.js.map            968 B    
2026-10-09T06:16:02.8423450Z   ├─ dist/development/framework/sdk-main.js                    49.77 kB 
2026-10-09T06:16:02.8424000Z   ├─ dist/development/framework/sdk-main.js.map                152.75 kB
2026-10-09T06:16:02.8424537Z   ├─ dist/development/native-agent/settings.js                 22.39 kB 
2026-10-09T06:16:02.8425096Z   ├─ dist/development/native-agent/settings.js.map             58.37 kB 
2026-10-09T06:16:02.8425658Z   ├─ dist/development/native-agent/transport.js                29.53 kB 
2026-10-09T06:16:02.8426212Z   ├─ dist/development/native-agent/transport.js.map            89.73 kB 
2026-10-09T06:16:02.8426773Z   ├─ dist/development/scripting/packaged/page-session.js       55.32 kB 
2026-10-09T06:16:02.8427565Z   ├─ dist/development/scripting/packaged/page-session.js.map   174.40 kB
2026-10-09T06:16:02.8428223Z   ├─ dist/development/scripting/sandbox/sandbox.js             4.24 kB  
2026-10-09T06:16:02.8428785Z   ├─ dist/development/scripting/sandbox/sandbox.js.map         11.64 kB 
2026-10-09T06:16:02.8429339Z   ├─ dist/development/scripting/sandbox/worker-runtime.js      49.94 kB 
2026-10-09T06:16:02.8429914Z   ├─ dist/development/scripting/sandbox/worker-runtime.js.map  156.91 kB
2026-10-09T06:16:02.8430471Z   ├─ dist/development/sidebar-tools/bridge.js                  2.83 kB  
2026-10-09T06:16:02.8431013Z   ├─ dist/development/sidebar-tools/bridge.js.map              10.57 kB 
2026-10-09T06:16:02.8431542Z   ├─ dist/development/sw.js                                    327.79 kB
2026-10-09T06:16:02.8432051Z   ├─ dist/development/sw.js.map                                970.73 kB
2026-10-09T06:16:02.8432572Z   ├─ dist/development/ui/tool-shell.js                         189.10 kB
2026-10-09T06:16:02.8433103Z   ├─ dist/development/ui/tool-shell.js.map                     561.73 kB
2026-10-09T06:16:02.8433843Z   ├─ dist/development/vendor/jquery-3.7.1.min.js               87.53 kB 
2026-10-09T06:16:02.8434391Z   ├─ dist/development/ui/tool-shell.css                        21.18 kB 
2026-10-09T06:16:02.8434957Z   ├─ dist/development/icons/notification.png                   595 B    
2026-10-09T06:16:02.8435527Z   ├─ dist/development/licenses/jquery-MIT.txt                  1.10 kB  
2026-10-09T06:16:02.8436080Z   └─ dist/development/licenses/todo-user-vue-MIT.txt           1.10 kB  
2026-10-09T06:16:02.8436644Z Σ Total size: 3.44 MB                                        
2026-10-09T06:16:02.8437004Z [success] Finished in 12.9 s
2026-10-09T06:16:03.6170962Z {"mode":"development","builder":"wxt","status":"passed","packageHash":"f0a85682d8ec454558d8434257b8637d8315f850040e5121636117dfb3d24818","assets":40}
2026-10-09T06:16:03.6381805Z ##[group]Run npm run verify
2026-10-09T06:16:03.6382120Z [36;1mnpm run verify[0m
2026-10-09T06:16:03.6445622Z shell: /usr/bin/bash -e {0}
2026-10-09T06:16:03.6445907Z ##[endgroup]
2026-10-09T06:16:03.7515658Z 
2026-10-09T06:16:03.7516331Z > opendesk-browser@0.1.0 verify
2026-10-09T06:16:03.7517873Z > node scripts/verify-package.mjs dist/production && node scripts/verify-package.mjs dist/development
2026-10-09T06:16:03.7519081Z 
2026-10-09T06:16:04.4006774Z {"status":"passed","manifestVersion":3,"classicEntries":["agents/bootstrap.js","agents/health.js","agents/page-agent.js","agents/page-relay.js","agents/selection-entry.js","framework/sdk-main.js","native-agent/settings.js","native-agent/transport.js","scripting/packaged/page-session.js","scripting/sandbox/sandbox.js","scripting/sandbox/worker-runtime.js","sidebar-tools/bridge.js","sw.js","ui/tool-shell.js","vendor/jquery-3.7.1.min.js"],"htmlChecked":["ui/tool.html","native-agent/settings.html","ui/target-bootstrap.html","scripting/sandbox/sandbox.html","sidebar-tools/sandbox.html"],"assetsChecked":["icons/notification.png","licenses/todo-user-vue-MIT.txt","licenses/jquery-MIT.txt","framework/sdk-resources.json"],"sdkResources":{"schemaVersion":1,"resources":[{"path":"framework/sdk-main.js","bytes":49539,"sha256":"432c30ab8c60086a05335616f5f48014377a2b4cb6e0df197a1477d15df31fee"},{"path":"agents/page-relay.js","bytes":35276,"sha256":"cd61d0935d4670b6f593540c0a75b900e18c37db93a124dfd2a29f7826c5125a"}]},"sdkEntries":{"MAIN":"framework/sdk-main.js","ISOLATED":"agents/page-relay.js"},"privilegedDynamicExecutionFound":false,"approvedDynamicExecution":[{"file":"scripting/sandbox/worker-runtime.js","approvedAsyncBodyConstructors":1,"execution":"Host fetches fixed bytes; Blob classic Worker only inside opaque sandbox"}],"sandbox":{"pages":["scripting/sandbox/sandbox.html","sidebar-tools/sandbox.html"],"csp":"sandbox allow-scripts; default-src 'none'; script-src 'self' 'unsafe-eval' blob:; worker-src blob:; connect-src 'none'; child-src 'none'; img-src 'self' data: blob:; style-src 'self' 'unsafe-inline'; base-uri 'none'; form-action 'none'"},"packageHash":"9622cb829b8987c755963c5f59399317b4a7605dd9747e45b013dd3b86ac474d","hashRecipe":"SHA256 UTF-8 JSON.stringify(path-sorted [{path,bytes,sha256}]); exact file bytes","files":[{"path":"agents/bootstrap.js","bytes":21466,"sha256":"1b1b17378eb90a7f1d2e10b071e226648974975e56cbe12c6b1dbd5bf715c79c"},{"path":"agents/health.js","bytes":828,"sha256":"48b43e028694d4fcc376d32539ab2d55ebd58359fce01219cff250fd4b5a6f65"},{"path":"agents/page-agent.js","bytes":34347,"sha256":"35a38017342eff0fc2726e834d435e33cc60ae3452cfca0b8a5b72093b3a2c4c"},{"path":"agents/page-relay.js","bytes":35276,"sha256":"cd61d0935d4670b6f593540c0a75b900e18c37db93a124dfd2a29f7826c5125a"},{"path":"agents/selection-entry.js","bytes":383,"sha256":"0265146d80cd448c28ecd1231574d0bd6ba9f20d6991b09250478decc3e89fbb"},{"path":"framework/sdk-main.js","bytes":49539,"sha256":"432c30ab8c60086a05335616f5f48014377a2b4cb6e0df197a1477d15df31fee"},{"path":"framework/sdk-resources.json","bytes":359,"sha256":"747353949442c7bdf588f73a9e2a048d9471dc71aaa86adedf11ae0fd221cf8b"},{"path":"icons/notification.png","bytes":595,"sha256":"efb5caddc95697204e98f9e7319119095ea195fa02448904bc985e90e96d4de6"},{"path":"licenses/jquery-MIT.txt","bytes":1097,"sha256":"d4db9ebe6f29f5168eac45ad713f055623ac5d0dcd5ba92da23d650ae012020d"},{"path":"licenses/todo-user-vue-MIT.txt","bytes":1096,"sha256":"e301f131f52747f87193c4a41d3d5c09e6c021cc664a6a3101a2213635f03f29"},{"path":"manifest.json","bytes":1264,"sha256":"a316ab5306dc0f3b65878f72e3475f4f764dbd82ca0b57bd6d54e169a958bed6"},{"path":"native-agent/settings.html","bytes":1826,"sha256":"8763896451244519f856a7a9f5c2284348bc3b8adbd0aaa3a674932e95d5fecf"},{"path":"native-agent/settings.js","bytes":22157,"sha256":"7018e9e3e7a0dcf7392e270f8512b4d4b815d8db5940da26587ad938d13b971d"},{"path":"native-agent/transport.js","bytes":29297,"sha256":"112dff86a490ece497668e4420053ce0d48121e2de12360da177add825b30421"},{"path":"scripting/packaged/page-session.js","bytes":55072,"sha256":"878a816ec2749a7408a1c32ab985b0cfbce97875f7115b8c99a890c64ee3d8ec"},{"path":"scripting/sandbox/sandbox.html","bytes":385,"sha256":"aa7362ce87a270f45005dde0e9cf14bf1d86bd4bd15fce37f14515638ef3b536"},{"path":"scripting/sandbox/sandbox.js","bytes":4010,"sha256":"4b735c3d8d6d6059a549b59122d4d1d56811c121c6ad1b7eeadca6cf3e15640e"},{"path":"scripting/sandbox/worker-runtime.js","bytes":49683,"sha256":"406de1f7b5ebffc7ce4a67696d5e35d24e27e9bae3b93cacec10cae6100c19f1"},{"path":"sidebar-tools/bridge.js","bytes":2603,"sha256":"47080091427b72feedb474d83a96ad37677fcf1f58557a7ac65ecf9f40e56050"},{"path":"sidebar-tools/sandbox.html","bytes":560,"sha256":"5b1b0a17190f423e6861048a6607019606faa4b9241e81c5ffe044324831fe1b"},{"path":"sw.js","bytes":327622,"sha256":"ca46cda34ee0dcd6a54e60ceb73faa00d32f9333598b9a63c0079ff84c1556c0"},{"path":"ui/target-bootstrap.html","bytes":200,"sha256":"b52748e3bf14e6931924843c0b8bc626ad8929b3b1bb6b63524b39238dc5d13c"},{"path":"ui/tool-shell.css","bytes":21184,"sha256":"f3e3ba1c77de45a6cbab5ecf69c176ce68fb2420b87f783a448475963bc81ad5"},{"path":"ui/tool-shell.js","bytes":188865,"sha256":"bd48bcf6fd2b5ad46250661c41115476cfbcade44b812378193b01c5aebfa252"},{"path":"ui/tool.html","bytes":22542,"sha256":"e7188a4828631a490a4bc14c90353ba7685461bb4edeea79a38505205907e0cb"},{"path":"vendor/jquery-3.7.1.min.js","bytes":87533,"sha256":"fc9a93dd241f6b045cbff0481cf4e1901becd0e12fb45166a8f17f95823f0b1a"}]}
2026-10-09T06:16:05.0832669Z {"status":"passed","manifestVersion":3,"classicEntries":["agents/bootstrap.js","agents/health.js","agents/page-agent.js","agents/page-relay.js","agents/selection-entry.js","framework/sdk-main.js","native-agent/settings.js","native-agent/transport.js","scripting/packaged/page-session.js","scripting/sandbox/sandbox.js","scripting/sandbox/worker-runtime.js","sidebar-tools/bridge.js","sw.js","ui/tool-shell.js","vendor/jquery-3.7.1.min.js"],"htmlChecked":["ui/tool.html","native-agent/settings.html","ui/target-bootstrap.html","scripting/sandbox/sandbox.html","sidebar-tools/sandbox.html"],"assetsChecked":["icons/notification.png","licenses/todo-user-vue-MIT.txt","licenses/jquery-MIT.txt","framework/sdk-resources.json"],"sdkResources":{"schemaVersion":1,"resources":[{"path":"framework/sdk-main.js","bytes":49773,"sha256":"903bb9d0bbd1a48a92db218934aa730fd817dc8c211017d61b65b8a27ac25bb8"},{"path":"agents/page-relay.js","bytes":35516,"sha256":"1e75308cd25090fa6ab1b33823ad4844ddab51e172166a3fd028a0a983854e65"}]},"sdkEntries":{"MAIN":"framework/sdk-main.js","ISOLATED":"agents/page-relay.js"},"privilegedDynamicExecutionFound":false,"approvedDynamicExecution":[{"file":"scripting/sandbox/worker-runtime.js","approvedAsyncBodyConstructors":1,"execution":"Host fetches fixed bytes; Blob classic Worker only inside opaque sandbox"}],"sandbox":{"pages":["scripting/sandbox/sandbox.html","sidebar-tools/sandbox.html"],"csp":"sandbox allow-scripts; default-src 'none'; script-src 'self' 'unsafe-eval' blob:; worker-src blob:; connect-src 'none'; child-src 'none'; img-src 'self' data: blob:; style-src 'self' 'unsafe-inline'; base-uri 'none'; form-action 'none'"},"packageHash":"f0a85682d8ec454558d8434257b8637d8315f850040e5121636117dfb3d24818","hashRecipe":"SHA256 UTF-8 JSON.stringify(path-sorted [{path,bytes,sha256}]); exact file bytes","files":[{"path":"agents/bootstrap.js","bytes":21703,"sha256":"9556baeec50d2c2fbd4c5391e34bab41c3d9aa9d6d416a4a89b205809542beb5"},{"path":"agents/bootstrap.js.map","bytes":65334,"sha256":"72024fdb0695ffff3a2296cfda4ddb2f96c6f5da8a260d2098c5516f2421b840"},{"path":"agents/health.js","bytes":1056,"sha256":"0fdbd009c25751599b50a9ff902d5c1a71fafb15a526ee64e5a1082b86ed7e7d"},{"path":"agents/health.js.map","bytes":15038,"sha256":"13ab8c72f5d5a8d82b65a38c7c455d8abf1ea4ab6c8878443a316fde59414b51"},{"path":"agents/page-agent.js","bytes":34587,"sha256":"23929816fb4342e44814992a820651ce5b0e5de8b827c32fa2498caccfc01283"},{"path":"agents/page-agent.js.map","bytes":95306,"sha256":"ec0f23bd47621fb6cf855b2c1999b4746ab13cb31b1add032787cde50a8db72e"},{"path":"agents/page-relay.js","bytes":35516,"sha256":"1e75308cd25090fa6ab1b33823ad4844ddab51e172166a3fd028a0a983854e65"},{"path":"agents/page-relay.js.map","bytes":113008,"sha256":"e399a9d2068b239aa9389f4616a4012ded4240d909d18df443769d3ed3df9348"},{"path":"agents/selection-entry.js","bytes":638,"sha256":"b86047d8de3434afe4161d07376ca71a4ea18bc870663be9a606b62c19a42d80"},{"path":"agents/selection-entry.js.map","bytes":968,"sha256":"f2ee1d5e62016c3f1854811589f17382f0f0e69ea9a3635484fe02734b7eb0f4"},{"path":"framework/sdk-main.js","bytes":49773,"sha256":"903bb9d0bbd1a48a92db218934aa730fd817dc8c211017d61b65b8a27ac25bb8"},{"path":"framework/sdk-main.js.map","bytes":152746,"sha256":"a3ac2c7cfa6a0cc3d74f8bee60a8e7b3bf35f4fea4316b599b3b4d35b2a52b03"},{"path":"framework/sdk-resources.json","bytes":359,"sha256":"6f6597ecccf98b85cf1889e8c413a64b712f6cf44976b8ab778d836e14a5f5a6"},{"path":"icons/notification.png","bytes":595,"sha256":"efb5caddc95697204e98f9e7319119095ea195fa02448904bc985e90e96d4de6"},{"path":"licenses/jquery-MIT.txt","bytes":1097,"sha256":"d4db9ebe6f29f5168eac45ad713f055623ac5d0dcd5ba92da23d650ae012020d"},{"path":"licenses/todo-user-vue-MIT.txt","bytes":1096,"sha256":"e301f131f52747f87193c4a41d3d5c09e6c021cc664a6a3101a2213635f03f29"},{"path":"manifest.json","bytes":1593,"sha256":"ab7cd7fc3a137ac78b55ff099f5464c932aa8d0de774b54c91836b7df716097e"},{"path":"native-agent/settings.html","bytes":1826,"sha256":"8763896451244519f856a7a9f5c2284348bc3b8adbd0aaa3a674932e95d5fecf"},{"path":"native-agent/settings.js","bytes":22391,"sha256":"606318ea6d225e92a72dc13e700f015dbd9a6d148f896eea09114205024fedd6"},{"path":"native-agent/settings.js.map","bytes":58367,"sha256":"4aef7296f6663d8a5d72a623f7f604ae7e9d0eb1d28f881b0a88ce748c2fb58e"},{"path":"native-agent/transport.js","bytes":29534,"sha256":"9541f51d2800df30bd69f7c6ac94e33cf496aea4b0287bf7d5989aacd50e6706"},{"path":"native-agent/transport.js.map","bytes":89731,"sha256":"bd60a744b5bf89e94ad2b485b9f19aff9a73e9daab184a5092ac4094459c1838"},{"path":"scripting/packaged/page-session.js","bytes":55318,"sha256":"912c6bbbd228d632dd2a56b1bb962a7ebb0b56d9b1b151393ee3520ee5cd3e71"},{"path":"scripting/packaged/page-session.js.map","bytes":174399,"sha256":"52b7b637021f4187c6994bc84511f7cadb134a6b6c7bed3d91afb1f175019670"},{"path":"scripting/sandbox/sandbox.html","bytes":385,"sha256":"aa7362ce87a270f45005dde0e9cf14bf1d86bd4bd15fce37f14515638ef3b536"},{"path":"scripting/sandbox/sandbox.js","bytes":4241,"sha256":"e5e5069e25a85673c3880d555a42ecaea414e7c6dabacccd4589874bad7e8631"},{"path":"scripting/sandbox/sandbox.js.map","bytes":11636,"sha256":"2b3be0c1d212193b207fc20165a11866806b1c31cc2653ebac5036a9ea3374d6"},{"path":"scripting/sandbox/worker-runtime.js","bytes":49935,"sha256":"91865c2b35e45a17f18866368c7fa0d2cffcddc86a5deaefef8a746747a5d889"},{"path":"scripting/sandbox/worker-runtime.js.map","bytes":156913,"sha256":"2477b61c175dac272fe8f9afa65fe42d28959bf1b7b5d1c434fe936e3439d270"},{"path":"sidebar-tools/bridge.js","bytes":2831,"sha256":"cc4da524502e1f5b0f4e6399d0d94618a3905c134499e5b7179b2cd2a5e9f569"},{"path":"sidebar-tools/bridge.js.map","bytes":10568,"sha256":"853420ac756f38ce7e18baa97bbf0c756c8573bfabbecdef56a30906ea5699a5"},{"path":"sidebar-tools/sandbox.html","bytes":560,"sha256":"5b1b0a17190f423e6861048a6607019606faa4b9241e81c5ffe044324831fe1b"},{"path":"sw.js","bytes":327794,"sha256":"4ed2585ab15703b90a8c43098e78914fd94859279d901079a2dfb5b7dcd52ce7"},{"path":"sw.js.map","bytes":970728,"sha256":"78e7f7890f2f662b2dc73f5e0071dc005563697e17b8dc3b7e5e3f172422f378"},{"path":"ui/target-bootstrap.html","bytes":200,"sha256":"b52748e3bf14e6931924843c0b8bc626ad8929b3b1bb6b63524b39238dc5d13c"},{"path":"ui/tool-shell.css","bytes":21184,"sha256":"f3e3ba1c77de45a6cbab5ecf69c176ce68fb2420b87f783a448475963bc81ad5"},{"path":"ui/tool-shell.js","bytes":189105,"sha256":"0c9dec7159ffa21e3a1d02f12c967ce7e96d0a898030e40bd6f951f2760c5e51"},{"path":"ui/tool-shell.js.map","bytes":561727,"sha256":"f39eb7a18a43cf46e63df26469f0a3dd80e5457321768c2888b53d7378a0ee63"},{"path":"ui/tool.html","bytes":22542,"sha256":"e7188a4828631a490a4bc14c90353ba7685461bb4edeea79a38505205907e0cb"},{"path":"vendor/jquery-3.7.1.min.js","bytes":87533,"sha256":"fc9a93dd241f6b045cbff0481cf4e1901becd0e12fb45166a8f17f95823f0b1a"}]}
2026-10-09T06:16:05.1001844Z ##[group]Run npm test
2026-10-09T06:16:05.1002124Z [36;1mnpm test[0m
2026-10-09T06:16:05.1063829Z shell: /usr/bin/bash -e {0}
2026-10-09T06:16:05.1064089Z ##[endgroup]
2026-10-09T06:16:05.2501825Z 
2026-10-09T06:16:05.2502704Z > opendesk-browser@0.1.0 test
2026-10-09T06:16:05.2503611Z > node --test tests/environment/*.test.mjs
2026-10-09T06:16:05.2504026Z 
2026-10-09T06:16:05.3112760Z TAP version 13
2026-10-09T06:16:05.3771261Z # Subtest: AI-to-Task sample is a valid immutable Task v1 Candidate with exact checked-in source
2026-10-09T06:16:05.3779071Z ok 1 - AI-to-Task sample is a valid immutable Task v1 Candidate with exact checked-in source
2026-10-09T06:16:05.3780025Z   ---
2026-10-09T06:16:05.3780645Z   duration_ms: 18.039271
2026-10-09T06:16:05.3781264Z   type: 'test'
2026-10-09T06:16:05.3781780Z   ...
2026-10-09T06:16:05.3782669Z # Subtest: tampering cannot grant publication state or replace the source hash
2026-10-09T06:16:05.3784018Z ok 2 - tampering cannot grant publication state or replace the source hash
2026-10-09T06:16:05.3799085Z   ---
2026-10-09T06:16:05.3814739Z   duration_ms: 4.261016
2026-10-09T06:16:05.3815443Z   type: 'test'
2026-10-09T06:16:05.3816002Z   ...
2026-10-09T06:16:05.3817173Z # Subtest: modern candidate only uses implemented Locator actions with an explicit business-result wait
2026-10-09T06:16:05.3819123Z ok 3 - modern candidate only uses implemented Locator actions with an explicit business-result wait
2026-10-09T06:16:05.3820163Z   ---
2026-10-09T06:16:05.3820700Z   duration_ms: 1.563129
2026-10-09T06:16:05.3821281Z   type: 'test'
2026-10-09T06:16:05.3821812Z   ...
2026-10-09T06:16:05.3822765Z # Subtest: observation draft is bounded, read-only and valid Controller async main
2026-10-09T06:16:05.3824043Z ok 4 - observation draft is bounded, read-only and valid Controller async main
2026-10-09T06:16:05.3824932Z   ---
2026-10-09T06:16:05.3825489Z   duration_ms: 2.787615
2026-10-09T06:16:05.3826128Z   type: 'test'
2026-10-09T06:16:05.3826733Z   ...
2026-10-09T06:16:05.3838233Z # Subtest: AI-to-Task samples target the original HTML fixture rather than inventing a second page
2026-10-09T06:16:05.3846990Z ok 5 - AI-to-Task samples target the original HTML fixture rather than inventing a second page
2026-10-09T06:16:05.3848328Z   ---
2026-10-09T06:16:05.3848848Z   duration_ms: 2.023247
2026-10-09T06:16:05.3849401Z   type: 'test'
2026-10-09T06:16:05.3849889Z   ...
2026-10-09T06:16:05.3982773Z # Subtest: read-only Agent observation draft retains the main R6.2 bounded snapshot contract
2026-10-09T06:16:05.3984592Z ok 6 - read-only Agent observation draft retains the main R6.2 bounded snapshot contract
2026-10-09T06:16:05.3985765Z   ---
2026-10-09T06:16:05.3986420Z   duration_ms: 6.082998
2026-10-09T06:16:05.3987132Z   type: 'test'
2026-10-09T06:16:05.3988529Z   ...
2026-10-09T06:16:05.3989593Z # Subtest: modern Locator Task candidate is exact and immutable, never pre-verified
2026-10-09T06:16:05.3991109Z ok 7 - modern Locator Task candidate is exact and immutable, never pre-verified
2026-10-09T06:16:05.3992113Z   ---
2026-10-09T06:16:05.3992756Z   duration_ms: 9.488045
2026-10-09T06:16:05.3993417Z   type: 'test'
2026-10-09T06:16:05.3994027Z   ...
2026-10-09T06:16:05.4634253Z # Subtest: real loopback HTTP server serves static JSON, HTML and true 404/non-JSON
2026-10-09T06:16:05.4636644Z ok 8 - real loopback HTTP server serves static JSON, HTML and true 404/non-JSON
2026-10-09T06:16:05.4649747Z   ---
2026-10-09T06:16:05.4650442Z   duration_ms: 54.426745
2026-10-09T06:16:05.4651138Z   type: 'test'
2026-10-09T06:16:05.4651743Z   ...
2026-10-09T06:16:05.6519257Z # Subtest: real loopback HTTP server emits status/POST body and delayed responses
2026-10-09T06:16:05.6525031Z ok 9 - real loopback HTTP server emits status/POST body and delayed responses
2026-10-09T06:16:05.6525972Z   ---
2026-10-09T06:16:05.6526493Z   duration_ms: 199.933377
2026-10-09T06:16:05.6527092Z   type: 'test'
2026-10-09T06:16:05.6527915Z   ...
2026-10-09T06:16:07.0266230Z # Subtest: one ordinary HTML page exposes unique, stable automation targets
2026-10-09T06:16:07.0283171Z ok 10 - one ordinary HTML page exposes unique, stable automation targets
2026-10-09T06:16:07.0314904Z   ---
2026-10-09T06:16:07.0328126Z   duration_ms: 18.283127
2026-10-09T06:16:07.0349113Z   type: 'test'
2026-10-09T06:16:07.0396654Z   ...
2026-10-09T06:16:07.0432125Z # Subtest: the unchanged signed v1 task still targets \#name → \#submit → \#done
2026-10-09T06:16:07.0456998Z ok 11 - the unchanged signed v1 task still targets \#name → \#submit → \#done
2026-10-09T06:16:07.0475289Z   ---
2026-10-09T06:16:07.0488093Z   duration_ms: 6.630987
2026-10-09T06:16:07.0507972Z   type: 'test'
2026-10-09T06:16:07.0518419Z   ...
2026-10-09T06:16:07.0548502Z # Subtest: modern search retains an initially filled field and deliberately replaces its submit button
2026-10-09T06:16:07.0550176Z ok 12 - modern search retains an initially filled field and deliberately replaces its submit button
2026-10-09T06:16:07.0577700Z   ---
2026-10-09T06:16:07.0598023Z   duration_ms: 1.855785
2026-10-09T06:16:07.0617851Z   type: 'test'
2026-10-09T06:16:07.0647880Z   ...
2026-10-09T06:16:07.0658630Z # Subtest: async scene sends only local fetches and distinguishes loading, 404, abort and timeout
2026-10-09T06:16:07.0667758Z ok 13 - async scene sends only local fetches and distinguishes loading, 404, abort and timeout
2026-10-09T06:16:07.0697813Z   ---
2026-10-09T06:16:07.0716333Z   duration_ms: 1.914818
2026-10-09T06:16:07.0746543Z   type: 'test'
2026-10-09T06:16:07.0772265Z   ...
2026-10-09T06:16:07.0804480Z # Subtest: explicit HTTP GET controls expose safe semantics and preserve offline-first operation
2026-10-09T06:16:07.0818466Z ok 14 - explicit HTTP GET controls expose safe semantics and preserve offline-first operation
2026-10-09T06:16:07.0847991Z   ---
2026-10-09T06:16:07.0848916Z   duration_ms: 2.229252
2026-10-09T06:16:07.0884172Z   type: 'test'
2026-10-09T06:16:07.0907916Z   ...
2026-10-09T06:16:07.0908961Z # Subtest: the single canonical page exposes seven navigable groups and honest Locator fixtures
2026-10-09T06:16:07.0948398Z ok 15 - the single canonical page exposes seven navigable groups and honest Locator fixtures
2026-10-09T06:16:07.0949283Z   ---
2026-10-09T06:16:07.0949620Z   duration_ms: 5.519269
2026-10-09T06:16:07.0950028Z   type: 'test'
2026-10-09T06:16:07.0950346Z   ...
2026-10-09T06:16:07.0950845Z # Subtest: Locator fixture actions, late insertion, and reset mutate only observable DOM
2026-10-09T06:16:07.0951534Z ok 16 - Locator fixture actions, late insertion, and reset mutate only observable DOM
2026-10-09T06:16:07.0951981Z   ---
2026-10-09T06:16:07.0952199Z   duration_ms: 1526.736862
2026-10-09T06:16:07.0952441Z   type: 'test'
2026-10-09T06:16:07.0952647Z   ...
2026-10-09T06:16:07.0953165Z # Subtest: HTTP panel sends no request until click and shows real status/content without HTML injection
2026-10-09T06:16:07.0953955Z ok 17 - HTTP panel sends no request until click and shows real status/content without HTML injection
2026-10-09T06:16:07.0954432Z   ---
2026-10-09T06:16:07.0954635Z   duration_ms: 11.767992
2026-10-09T06:16:07.0954864Z   type: 'test'
2026-10-09T06:16:07.0955063Z   ...
2026-10-09T06:16:07.1008717Z # Subtest: the actual HTTP Page draft drives the canonical fetch handler and reports 200 honestly
2026-10-09T06:16:07.1068534Z ok 18 - the actual HTTP Page draft drives the canonical fetch handler and reports 200 honestly
2026-10-09T06:16:07.1088008Z   ---
2026-10-09T06:16:07.1148010Z   duration_ms: 56.857439
2026-10-09T06:16:07.1178088Z   type: 'test'
2026-10-09T06:16:07.1198033Z   ...
2026-10-09T06:16:07.1448883Z # Subtest: the actual HTTP Page draft drives the canonical fetch handler and reports 503 honestly
2026-10-09T06:16:07.1458489Z ok 19 - the actual HTTP Page draft drives the canonical fetch handler and reports 503 honestly
2026-10-09T06:16:07.1491692Z   ---
2026-10-09T06:16:07.1513289Z   duration_ms: 44.035239
2026-10-09T06:16:07.1519351Z   type: 'test'
2026-10-09T06:16:07.1519859Z   ...
2026-10-09T06:16:07.1619440Z # Subtest: HTTP panel preserves actual 404 and abort/reset cannot resurrect late replies
2026-10-09T06:16:07.1649109Z ok 20 - HTTP panel preserves actual 404 and abort/reset cannot resurrect late replies
2026-10-09T06:16:07.1668277Z   ---
2026-10-09T06:16:07.1668905Z   duration_ms: 20.910512
2026-10-09T06:16:07.1685293Z   type: 'test'
2026-10-09T06:16:07.1685665Z   ...
2026-10-09T06:16:07.1687924Z # Subtest: minimal HTTP UI rejects invalid URLs without sending requests
2026-10-09T06:16:07.1728195Z ok 21 - minimal HTTP UI rejects invalid URLs without sending requests
2026-10-09T06:16:07.1728823Z   ---
2026-10-09T06:16:07.1729156Z   duration_ms: 8.176486
2026-10-09T06:16:07.1729530Z   type: 'test'
2026-10-09T06:16:07.1729852Z   ...
2026-10-09T06:16:07.1730625Z # Subtest: inline JavaScript parses without a third-party runtime or external resources
2026-10-09T06:16:07.1742787Z ok 22 - inline JavaScript parses without a third-party runtime or external resources
2026-10-09T06:16:07.1743828Z   ---
2026-10-09T06:16:07.1744516Z   duration_ms: 3.11177
2026-10-09T06:16:07.1745145Z   type: 'test'
2026-10-09T06:16:07.1745727Z   ...
2026-10-09T06:16:07.1788865Z # Subtest: manual browser testing has exactly one canonical HTML and no obsolete advertised URL
2026-10-09T06:16:07.1790384Z ok 23 - manual browser testing has exactly one canonical HTML and no obsolete advertised URL
2026-10-09T06:16:07.1806702Z   ---
2026-10-09T06:16:07.1816247Z   duration_ms: 3.254918
2026-10-09T06:16:07.1920239Z   type: 'test'
2026-10-09T06:16:07.1920827Z   ...
2026-10-09T06:16:07.2040300Z # Subtest: product shell configures the Chrome Side Panel action and never creates a popup
2026-10-09T06:16:07.2077038Z ok 24 - product shell configures the Chrome Side Panel action and never creates a popup
2026-10-09T06:16:07.2098176Z   ---
2026-10-09T06:16:07.2128295Z   duration_ms: 2.476714
2026-10-09T06:16:07.2147897Z   type: 'test'
2026-10-09T06:16:07.2158383Z   ...
2026-10-09T06:16:07.2188889Z # Subtest: tool sender accepts top-level Side Panel documents and rejects foreign or nested senders
2026-10-09T06:16:07.2218673Z ok 25 - tool sender accepts top-level Side Panel documents and rejects foreign or nested senders
2026-10-09T06:16:07.2219888Z   ---
2026-10-09T06:16:07.2248080Z   duration_ms: 0.620149
2026-10-09T06:16:07.2278032Z   type: 'test'
2026-10-09T06:16:07.2307898Z   ...
2026-10-09T06:16:07.2309173Z # Subtest: URL policy rejects restricted/file/credentials and preserves exact origin including port
2026-10-09T06:16:07.2338780Z ok 26 - URL policy rejects restricted/file/credentials and preserves exact origin including port
2026-10-09T06:16:07.2362529Z   ---
2026-10-09T06:16:07.2388534Z   duration_ms: 0.606241
2026-10-09T06:16:07.2418043Z   type: 'test'
2026-10-09T06:16:07.2448013Z   ...
2026-10-09T06:16:07.2481137Z # Subtest: health waits for sender readiness and binds Chrome document metadata, not file result
2026-10-09T06:16:07.2508594Z ok 27 - health waits for sender readiness and binds Chrome document metadata, not file result
2026-10-09T06:16:07.2537958Z   ---
2026-10-09T06:16:07.2538629Z   duration_ms: 13.87197
2026-10-09T06:16:07.2568059Z   type: 'test'
2026-10-09T06:16:07.2598023Z   ...
2026-10-09T06:16:07.2628338Z # Subtest: revoked permission blocks even previously installed agent
2026-10-09T06:16:07.2629564Z ok 28 - revoked permission blocks even previously installed agent
2026-10-09T06:16:07.2658021Z   ---
2026-10-09T06:16:07.2683391Z   duration_ms: 2.543038
2026-10-09T06:16:07.2684165Z   type: 'test'
2026-10-09T06:16:07.2684739Z   ...
2026-10-09T06:16:07.2685798Z # Subtest: reload, cross-origin and closed tab reject bound target without automatic reinjection
2026-10-09T06:16:07.2687282Z ok 29 - reload, cross-origin and closed tab reject bound target without automatic reinjection
2026-10-09T06:16:07.2688526Z   ---
2026-10-09T06:16:07.2689047Z   duration_ms: 7.008582
2026-10-09T06:16:07.2689614Z   type: 'test'
2026-10-09T06:16:07.2690147Z   ...
2026-10-09T06:16:07.2690984Z # Subtest: forged health nonce and fake sender cannot satisfy exact target
2026-10-09T06:16:07.2692624Z ok 30 - forged health nonce and fake sender cannot satisfy exact target
2026-10-09T06:16:07.2693446Z   ---
2026-10-09T06:16:07.2693963Z   duration_ms: 4.047407
2026-10-09T06:16:07.2694514Z   type: 'test'
2026-10-09T06:16:07.2695011Z   ...
2026-10-09T06:16:07.2696125Z # Subtest: missing module has no capabilities or runner and can be mounted/disposed
2026-10-09T06:16:07.2697602Z ok 31 - missing module has no capabilities or runner and can be mounted/disposed
2026-10-09T06:16:07.2758011Z   ---
2026-10-09T06:16:07.2788010Z   duration_ms: 0.679008
2026-10-09T06:16:07.2818064Z   type: 'test'
2026-10-09T06:16:07.2818634Z   ...
2026-10-09T06:16:07.2819411Z # Subtest: Side Panel configuration failure is surfaced without a popup fallback
2026-10-09T06:16:07.2820619Z ok 32 - Side Panel configuration failure is surfaced without a popup fallback
2026-10-09T06:16:07.2821390Z   ---
2026-10-09T06:16:07.2821714Z   duration_ms: 0.782712
2026-10-09T06:16:07.2822093Z   type: 'test'
2026-10-09T06:16:07.2822528Z   ...
2026-10-09T06:16:07.2848437Z # Subtest: unknown authorization mode is rejected before another injection
2026-10-09T06:16:07.2849657Z ok 33 - unknown authorization mode is rejected before another injection
2026-10-09T06:16:07.2850375Z   ---
2026-10-09T06:16:07.2850748Z   duration_ms: 2.289725
2026-10-09T06:16:07.2851212Z   type: 'test'
2026-10-09T06:16:07.2851557Z   ...
2026-10-09T06:16:07.2852377Z # Subtest: permission revoke reports permission failure even when Chrome hides tab URL
2026-10-09T06:16:07.2853638Z ok 34 - permission revoke reports permission failure even when Chrome hides tab URL
2026-10-09T06:16:07.2854423Z   ---
2026-10-09T06:16:07.2854782Z   duration_ms: 1.844013
2026-10-09T06:16:07.2855166Z   type: 'test'
2026-10-09T06:16:07.2855567Z   ...
2026-10-09T06:16:07.2856396Z # Subtest: permission revoked during tabs.get is diagnosed before inspecting its hidden URL
2026-10-09T06:16:07.2857918Z ok 35 - permission revoked during tabs.get is diagnosed before inspecting its hidden URL
2026-10-09T06:16:07.2858765Z   ---
2026-10-09T06:16:07.2859130Z   duration_ms: 2.749604
2026-10-09T06:16:07.2859548Z   type: 'test'
2026-10-09T06:16:07.2859908Z   ...
2026-10-09T06:16:07.2860760Z # Subtest: repeated agent ready preserves optional authorization and cannot bypass revoke
2026-10-09T06:16:07.2862043Z ok 36 - repeated agent ready preserves optional authorization and cannot bypass revoke
2026-10-09T06:16:07.2862838Z   ---
2026-10-09T06:16:07.2863184Z   duration_ms: 1.644862
2026-10-09T06:16:07.2863622Z   type: 'test'
2026-10-09T06:16:07.2863964Z   ...
2026-10-09T06:16:07.2864685Z # Subtest: same-document concurrent binding resolves all readiness waiters
2026-10-09T06:16:07.2865816Z ok 37 - same-document concurrent binding resolves all readiness waiters
2026-10-09T06:16:07.2886081Z   ---
2026-10-09T06:16:07.2897938Z   duration_ms: 1.511863
2026-10-09T06:16:07.2918167Z   type: 'test'
2026-10-09T06:16:07.2918726Z   ...
2026-10-09T06:16:07.2919893Z # Subtest: document invalidation and revoke while awaiting reply reject late health success
2026-10-09T06:16:07.2921420Z ok 38 - document invalidation and revoke while awaiting reply reject late health success
2026-10-09T06:16:07.2922440Z   ---
2026-10-09T06:16:07.2922973Z   duration_ms: 1.670088
2026-10-09T06:16:07.2923584Z   type: 'test'
2026-10-09T06:16:07.2924089Z   ...
2026-10-09T06:16:07.2925022Z # Subtest: missing Side Panel sender documentId resolves only unique native instance context
2026-10-09T06:16:07.2926399Z ok 39 - missing Side Panel sender documentId resolves only unique native instance context
2026-10-09T06:16:07.2927253Z   ---
2026-10-09T06:16:07.2927948Z   duration_ms: 2.033287
2026-10-09T06:16:07.2928436Z   type: 'test'
2026-10-09T06:16:07.2928884Z   ...
2026-10-09T06:16:07.2930094Z # Subtest: fixed production protocol Schema uses variable-width LZW and decodes byte-for-byte to the audited object
2026-10-09T06:16:07.2932097Z ok 40 - fixed production protocol Schema uses variable-width LZW and decodes byte-for-byte to the audited object
2026-10-09T06:16:07.2934777Z   ---
2026-10-09T06:16:07.2958012Z   duration_ms: 77.265253
2026-10-09T06:16:07.2977848Z   type: 'test'
2026-10-09T06:16:07.2998050Z   ...
2026-10-09T06:16:07.2999064Z # Subtest: small and non-ASCII schemas still round-trip through existing smaller-of-two-formats selection
2026-10-09T06:16:07.3000835Z ok 41 - small and non-ASCII schemas still round-trip through existing smaller-of-two-formats selection
2026-10-09T06:16:07.3001699Z   ---
2026-10-09T06:16:07.3002054Z   duration_ms: 1.024263
2026-10-09T06:16:07.3002458Z   type: 'test'
2026-10-09T06:16:07.3002804Z   ...
2026-10-09T06:16:07.3003543Z # Subtest: async main receives page/params lexically without platform arguments
2026-10-09T06:16:07.3004632Z ok 42 - async main receives page/params lexically without platform arguments
2026-10-09T06:16:07.3005377Z   ---
2026-10-09T06:16:07.3005729Z   duration_ms: 1.581814
2026-10-09T06:16:07.3006120Z   type: 'test'
2026-10-09T06:16:07.3006460Z   ...
2026-10-09T06:16:07.3007094Z # Subtest: main return preserves falsy values including undefined
2026-10-09T06:16:07.3008196Z ok 43 - main return preserves falsy values including undefined
2026-10-09T06:16:07.3008771Z   ---
2026-10-09T06:16:07.3009123Z   duration_ms: 0.388395
2026-10-09T06:16:07.3009515Z   type: 'test'
2026-10-09T06:16:07.3009864Z   ...
2026-10-09T06:16:07.3010514Z # Subtest: prior async-body scripts still execute and return correctly
2026-10-09T06:16:07.3011456Z ok 44 - prior async-body scripts still execute and return correctly
2026-10-09T06:16:07.3012133Z   ---
2026-10-09T06:16:07.3017937Z   duration_ms: 0.248905
2026-10-09T06:16:07.3018384Z   type: 'test'
2026-10-09T06:16:07.3018743Z   ...
2026-10-09T06:16:07.3019372Z # Subtest: main faults are errors rather than silent empty results
2026-10-09T06:16:07.3020262Z ok 45 - main faults are errors rather than silent empty results
2026-10-09T06:16:07.3020849Z   ---
2026-10-09T06:16:07.3021208Z   duration_ms: 0.705357
2026-10-09T06:16:07.3048118Z   type: 'test'
2026-10-09T06:16:07.3065318Z   ...
2026-10-09T06:16:07.3108711Z # Subtest: worker fault preserves a bounded raw generated stack without claiming a source mapping
2026-10-09T06:16:07.3118652Z ok 46 - worker fault preserves a bounded raw generated stack without claiming a source mapping
2026-10-09T06:16:07.3119732Z   ---
2026-10-09T06:16:07.3120226Z   duration_ms: 24.318014
2026-10-09T06:16:07.3120730Z   type: 'test'
2026-10-09T06:16:07.3121170Z   ...
2026-10-09T06:16:07.3122316Z # Subtest: navigation starts invalidate the visible old document before tabs updates and recover after failure or commit
2026-10-09T06:16:07.3124052Z ok 47 - navigation starts invalidate the visible old document before tabs updates and recover after failure or commit
2026-10-09T06:16:07.3125062Z   ---
2026-10-09T06:16:07.3125485Z   duration_ms: 9.377318
2026-10-09T06:16:07.3125958Z   type: 'test'
2026-10-09T06:16:07.3126381Z   ...
2026-10-09T06:16:07.3127648Z # Subtest: loading and unloaded tabs never expose their still-visible old document as a runnable candidate
2026-10-09T06:16:07.3129384Z ok 48 - loading and unloaded tabs never expose their still-visible old document as a runnable candidate
2026-10-09T06:16:07.3130255Z   ---
2026-10-09T06:16:07.3130622Z   duration_ms: 1.035744
2026-10-09T06:16:07.3131045Z   type: 'test'
2026-10-09T06:16:07.3131411Z   ...
2026-10-09T06:16:07.3132242Z # Subtest: a tab becoming loading after frame observation fails the final candidate confirmation
2026-10-09T06:16:07.3133490Z ok 49 - a tab becoming loading after frame observation fails the final candidate confirmation
2026-10-09T06:16:07.3134243Z   ---
2026-10-09T06:16:07.3134588Z   duration_ms: 0.319948
2026-10-09T06:16:07.3134976Z   type: 'test'
2026-10-09T06:16:07.3135326Z   ...
2026-10-09T06:16:07.3136205Z # Subtest: Sidebar binds to its own browser window and exposes only the active HTTP(S) main document
2026-10-09T06:16:07.3139466Z ok 50 - Sidebar binds to its own browser window and exposes only the active HTTP(S) main document
2026-10-09T06:16:07.3140241Z   ---
2026-10-09T06:16:07.3140933Z   duration_ms: 1.610878
2026-10-09T06:16:07.3141347Z   type: 'test'
2026-10-09T06:16:07.3141695Z   ...
2026-10-09T06:16:07.3142355Z # Subtest: same-URL tab switch cannot replace the captured run candidate
2026-10-09T06:16:07.3143312Z ok 51 - same-URL tab switch cannot replace the captured run candidate
2026-10-09T06:16:07.3144118Z   ---
2026-10-09T06:16:07.3144456Z   duration_ms: 0.365552
2026-10-09T06:16:07.3144849Z   type: 'test'
2026-10-09T06:16:07.3145191Z   ...
2026-10-09T06:16:07.3145953Z # Subtest: SPA URL change before admission is stale even when documentId is unchanged
2026-10-09T06:16:07.3147206Z ok 52 - SPA URL change before admission is stale even when documentId is unchanged
2026-10-09T06:16:07.3148127Z   ---
2026-10-09T06:16:07.3148480Z   duration_ms: 0.359201
2026-10-09T06:16:07.3148874Z   type: 'test'
2026-10-09T06:16:07.3149219Z   ...
2026-10-09T06:16:07.3150032Z # Subtest: reload/full navigation invalidates the old candidate instead of matching by URL
2026-10-09T06:16:07.3151205Z ok 53 - reload/full navigation invalidates the old candidate instead of matching by URL
2026-10-09T06:16:07.3151924Z   ---
2026-10-09T06:16:07.3152258Z   duration_ms: 0.344343
2026-10-09T06:16:07.3152647Z   type: 'test'
2026-10-09T06:16:07.3153005Z   ...
2026-10-09T06:16:07.3153886Z # Subtest: Current Page follows activation events but never falls back to a previous valid page
2026-10-09T06:16:07.3155147Z ok 54 - Current Page follows activation events but never falls back to a previous valid page
2026-10-09T06:16:07.3155931Z   ---
2026-10-09T06:16:07.3156271Z   duration_ms: 4.43467
2026-10-09T06:16:07.3156665Z   type: 'test'
2026-10-09T06:16:07.3157012Z   ...
2026-10-09T06:16:07.3158039Z # Subtest: two Sidebar instances bind independently to their containing browser windows
2026-10-09T06:16:07.3159236Z ok 55 - two Sidebar instances bind independently to their containing browser windows
2026-10-09T06:16:07.3159961Z   ---
2026-10-09T06:16:07.3160294Z   duration_ms: 0.667446
2026-10-09T06:16:07.3160699Z   type: 'test'
2026-10-09T06:16:07.3161059Z   ...
2026-10-09T06:16:07.3161631Z # Subtest: dispose releases all browser event subscriptions
2026-10-09T06:16:07.3162440Z ok 56 - dispose releases all browser event subscriptions
2026-10-09T06:16:07.3163007Z   ---
2026-10-09T06:16:07.3163354Z   duration_ms: 0.6963
2026-10-09T06:16:07.3163740Z   type: 'test'
2026-10-09T06:16:07.3164083Z   ...
2026-10-09T06:16:07.3164779Z # Subtest: a late revalidation cannot overwrite a newer Current Page observation
2026-10-09T06:16:07.3165820Z ok 57 - a late revalidation cannot overwrite a newer Current Page observation
2026-10-09T06:16:07.3166501Z   ---
2026-10-09T06:16:07.3166830Z   duration_ms: 2.228791
2026-10-09T06:16:07.3167223Z   type: 'test'
2026-10-09T06:16:07.3167903Z   ...
2026-10-09T06:16:07.3168680Z # Subtest: a disposed Sidebar cannot capture or finish an in-flight candidate validation
2026-10-09T06:16:07.3169837Z ok 58 - a disposed Sidebar cannot capture or finish an in-flight candidate validation
2026-10-09T06:16:07.3170551Z   ---
2026-10-09T06:16:07.3170905Z   duration_ms: 1.891872
2026-10-09T06:16:07.3171297Z   type: 'test'
2026-10-09T06:16:07.3171639Z   ...
2026-10-09T06:16:07.3172756Z # Subtest: inspection only parses and lists download permissions; explicit actions and post-download hash review are separate
2026-10-09T06:16:07.3174500Z ok 59 - inspection only parses and lists download permissions; explicit actions and post-download hash review are separate
2026-10-09T06:16:07.3175471Z   ---
2026-10-09T06:16:07.3175813Z   duration_ms: 40.11004
2026-10-09T06:16:07.3176193Z   type: 'test'
2026-10-09T06:16:07.3176522Z   ...
2026-10-09T06:16:07.3177885Z # Subtest: packaged jQuery and a second ordinary library use ordered generic assets; source provenance is explicit
2026-10-09T06:16:07.3179445Z ok 60 - packaged jQuery and a second ordinary library use ordered generic assets; source provenance is explicit
2026-10-09T06:16:07.3180323Z   ---
2026-10-09T06:16:07.3180668Z   duration_ms: 11.383875
2026-10-09T06:16:07.3181064Z   type: 'test'
2026-10-09T06:16:07.3181633Z   ...
2026-10-09T06:16:07.3182696Z # Subtest: approved locks run offline after a new manager instance and draft edits; source/mode changes require a new lock
2026-10-09T06:16:07.3184316Z ok 61 - approved locks run offline after a new manager instance and draft edits; source/mode changes require a new lock
2026-10-09T06:16:07.3185505Z   ---
2026-10-09T06:16:07.3185848Z   duration_ms: 6.778928
2026-10-09T06:16:07.3186246Z   type: 'test'
2026-10-09T06:16:07.3186588Z   ...
2026-10-09T06:16:07.3188186Z # Subtest: duplicate declarations preserve execution order, shared bytes do not share another namespace approval
2026-10-09T06:16:07.3189781Z ok 62 - duplicate declarations preserve execution order, shared bytes do not share another namespace approval
2026-10-09T06:16:07.3190676Z   ---
2026-10-09T06:16:07.3191046Z   duration_ms: 8.137173
2026-10-09T06:16:07.3191462Z   type: 'test'
2026-10-09T06:16:07.3191817Z   ...
2026-10-09T06:16:07.3192850Z # Subtest: a local file adapter preserves declared URL and original file bytes without claiming a network download
2026-10-09T06:16:07.3194026Z ok 63 - a local file adapter preserves declared URL and original file bytes without claiming a network download
2026-10-09T06:16:07.3194561Z   ---
2026-10-09T06:16:07.3194793Z   duration_ms: 8.956773
2026-10-09T06:16:07.3195048Z   type: 'test'
2026-10-09T06:16:07.3195277Z   ...
2026-10-09T06:16:07.3195893Z # Subtest: same URL updates produce new immutable locks; selecting approved old bytes stays offline and deterministic
2026-10-09T06:16:07.3196798Z ok 64 - same URL updates produce new immutable locks; selecting approved old bytes stays offline and deterministic
2026-10-09T06:16:07.3197605Z   ---
2026-10-09T06:16:07.3197981Z   duration_ms: 22.089082
2026-10-09T06:16:07.3198387Z   type: 'test'
2026-10-09T06:16:07.3198733Z   ...
2026-10-09T06:16:07.3199627Z # Subtest: SRI validates original bytes with SHA-256/384/512 and does not silently approve a mismatch
2026-10-09T06:16:07.3200940Z ok 65 - SRI validates original bytes with SHA-256/384/512 and does not silently approve a mismatch
2026-10-09T06:16:07.3201735Z   ---
2026-10-09T06:16:07.3202109Z   duration_ms: 15.985796
2026-10-09T06:16:07.3202510Z   type: 'test'
2026-10-09T06:16:07.3202865Z   ...
2026-10-09T06:16:07.3203789Z # Subtest: downloader rejects redirects, HTML/JSON, malformed UTF-8, private IPs and excess streaming bytes
2026-10-09T06:16:07.3205233Z ok 66 - downloader rejects redirects, HTML/JSON, malformed UTF-8, private IPs and excess streaming bytes
2026-10-09T06:16:07.3206078Z   ---
2026-10-09T06:16:07.3206431Z   duration_ms: 8.167179
2026-10-09T06:16:07.3206827Z   type: 'test'
2026-10-09T06:16:07.3207154Z   ...
2026-10-09T06:16:07.3208562Z # Subtest: permission revocation and stale host during network/hash work never commit an approvable review or lock
2026-10-09T06:16:07.3210144Z ok 67 - permission revocation and stale host during network/hash work never commit an approvable review or lock
2026-10-09T06:16:07.3211067Z   ---
2026-10-09T06:16:07.3211426Z   duration_ms: 4.604879
2026-10-09T06:16:07.3211825Z   type: 'test'
2026-10-09T06:16:07.3212172Z   ...
2026-10-09T06:16:07.3213195Z # Subtest: asset, review provenance and lock tampering fail closed; quota failure atomically rolls back prepared assets
2026-10-09T06:16:07.3214763Z ok 68 - asset, review provenance and lock tampering fail closed; quota failure atomically rolls back prepared assets
2026-10-09T06:16:07.3215633Z   ---
2026-10-09T06:16:07.3215957Z   duration_ms: 16.001497
2026-10-09T06:16:07.3216329Z   type: 'test'
2026-10-09T06:16:07.3216648Z   ...
2026-10-09T06:16:07.3217931Z # Subtest: ordinary JS and metadata-looking strings remain source; real BOM/blank-prefixed CRLF header is preserved
2026-10-09T06:16:07.3219464Z ok 69 - ordinary JS and metadata-looking strings remain source; real BOM/blank-prefixed CRLF header is preserved
2026-10-09T06:16:07.3220319Z   ---
2026-10-09T06:16:07.3220714Z   duration_ms: 3.241271
2026-10-09T06:16:07.3221090Z   type: 'test'
2026-10-09T06:16:07.3221410Z   ...
2026-10-09T06:16:07.3222570Z # Subtest: leading copyright comments do not hide real dependencies or privileges; malformed markers fail closed
2026-10-09T06:16:07.3224063Z ok 70 - leading copyright comments do not hide real dependencies or privileges; malformed markers fail closed
2026-10-09T06:16:07.3225041Z   ---
2026-10-09T06:16:07.3225358Z   duration_ms: 2.173208
2026-10-09T06:16:07.3225732Z   type: 'test'
2026-10-09T06:16:07.3226053Z   ...
2026-10-09T06:16:07.3226935Z # Subtest: standard unpinned @require is importable and reviewable, including duplicate execution order
2026-10-09T06:16:07.3228479Z ok 71 - standard unpinned @require is importable and reviewable, including duplicate execution order
2026-10-09T06:16:07.3229305Z   ---
2026-10-09T06:16:07.3229630Z   duration_ms: 1.341394
2026-10-09T06:16:07.3230001Z   type: 'test'
2026-10-09T06:16:07.3230344Z   ...
2026-10-09T06:16:07.3231450Z # Subtest: TM hex/Base64, SRI tokens, percent-encoded fragments and multiple strong hashes canonicalize without losing plus signs
2026-10-09T06:16:07.3233219Z ok 72 - TM hex/Base64, SRI tokens, percent-encoded fragments and multiple strong hashes canonicalize without losing plus signs
2026-10-09T06:16:07.3234217Z   ---
2026-10-09T06:16:07.3234563Z   duration_ms: 2.276581
2026-10-09T06:16:07.3234965Z   type: 'test'
2026-10-09T06:16:07.3235317Z   ...
2026-10-09T06:16:07.3236181Z # Subtest: malformed or conflicting integrity is preserved for diagnosis and cannot be admitted
2026-10-09T06:16:07.3237890Z ok 73 - malformed or conflicting integrity is preserved for diagnosis and cannot be admitted
2026-10-09T06:16:07.3238676Z   ---
2026-10-09T06:16:07.3239016Z   duration_ms: 1.53178
2026-10-09T06:16:07.3239402Z   type: 'test'
2026-10-09T06:16:07.3239751Z   ...
2026-10-09T06:16:07.3240676Z # Subtest: weak integrity does not masquerade as verified SRI; mixed declarations keep strong requirements
2026-10-09T06:16:07.3242103Z ok 74 - weak integrity does not masquerade as verified SRI; mixed declarations keep strong requirements
2026-10-09T06:16:07.3242949Z   ---
2026-10-09T06:16:07.3243288Z   duration_ms: 0.707541
2026-10-09T06:16:07.3243680Z   type: 'test'
2026-10-09T06:16:07.3244032Z   ...
2026-10-09T06:16:07.3244947Z # Subtest: relative dependencies use actual importer provenance, never a page URL or @downloadURL
2026-10-09T06:16:07.3246294Z ok 75 - relative dependencies use actual importer provenance, never a page URL or @downloadURL
2026-10-09T06:16:07.3247087Z   ---
2026-10-09T06:16:07.3247748Z   duration_ms: 1.519287
2026-10-09T06:16:07.3248146Z   type: 'test'
2026-10-09T06:16:07.3248545Z   ...
2026-10-09T06:16:07.3249519Z # Subtest: unsupported grants/resources/directives do not prevent import or hide later dependencies
2026-10-09T06:16:07.3251022Z ok 76 - unsupported grants/resources/directives do not prevent import or hide later dependencies
2026-10-09T06:16:07.3251944Z   ---
2026-10-09T06:16:07.3252353Z   duration_ms: 0.683356
2026-10-09T06:16:07.3252785Z   type: 'test'
2026-10-09T06:16:07.3253176Z   ...
2026-10-09T06:16:07.3254081Z # Subtest: entry modes remain explicit and native match/frame/timing mappings are inspectable
2026-10-09T06:16:07.3255518Z ok 77 - entry modes remain explicit and native match/frame/timing mappings are inspectable
2026-10-09T06:16:07.3256319Z   ---
2026-10-09T06:16:07.3256705Z   duration_ms: 1.803497
2026-10-09T06:16:07.3257170Z   type: 'test'
2026-10-09T06:16:07.3257757Z   ...
2026-10-09T06:16:07.3258870Z # Subtest: large valid headers no longer fail at 64 lines or 8 dependencies; real bounds fail closed with import diagnostics
2026-10-09T06:16:07.3260608Z ok 78 - large valid headers no longer fail at 64 lines or 8 dependencies; real bounds fail closed with import diagnostics
2026-10-09T06:16:07.3261672Z   ---
2026-10-09T06:16:07.3262056Z   duration_ms: 5.325674
2026-10-09T06:16:07.3262505Z   type: 'test'
2026-10-09T06:16:07.3262910Z   ...
2026-10-09T06:16:07.3263848Z # Subtest: daily development profile is deterministic per worktree, not fresh every invocation
2026-10-09T06:16:07.3265557Z ok 79 - daily development profile is deterministic per worktree, not fresh every invocation
2026-10-09T06:16:07.3266438Z   ---
2026-10-09T06:16:07.3266841Z   duration_ms: 1.513676
2026-10-09T06:16:07.3267276Z   type: 'test'
2026-10-09T06:16:07.3267857Z   ...
2026-10-09T06:16:07.3268780Z # Subtest: profile path rejects relative, unsafe or ambiguous names
2026-10-09T06:16:07.3269733Z ok 80 - profile path rejects relative, unsafe or ambiguous names
2026-10-09T06:16:07.3270382Z   ---
2026-10-09T06:16:07.3270896Z   duration_ms: 0.59485
2026-10-09T06:16:07.3273008Z   type: 'test'
2026-10-09T06:16:07.3273381Z   ...
2026-10-09T06:16:07.3274341Z # Subtest: interactive CFT flags preserve a single stable profile and extension location without bypasses
2026-10-09T06:16:07.3275800Z ok 81 - interactive CFT flags preserve a single stable profile and extension location without bypasses
2026-10-09T06:16:07.3292298Z   ---
2026-10-09T06:16:07.3292682Z   duration_ms: 1.049109
2026-10-09T06:16:07.3293115Z   type: 'test'
2026-10-09T06:16:07.3293482Z   ...
2026-10-09T06:16:07.3294150Z # Subtest: the formal native launcher remains isolated and unmodified
2026-10-09T06:16:07.3295084Z ok 82 - the formal native launcher remains isolated and unmodified
2026-10-09T06:16:07.3295752Z   ---
2026-10-09T06:16:07.3296112Z   duration_ms: 6.945027
2026-10-09T06:16:07.3296512Z   type: 'test'
2026-10-09T06:16:07.3296889Z   ...
2026-10-09T06:16:07.3297861Z # Subtest: startup permission check cannot reconnect after permission-removed
2026-10-09T06:16:07.3298928Z ok 83 - startup permission check cannot reconnect after permission-removed
2026-10-09T06:16:07.3299600Z   ---
2026-10-09T06:16:07.3299950Z   duration_ms: 9.896488
2026-10-09T06:16:07.3300358Z   type: 'test'
2026-10-09T06:16:07.3300717Z   ...
2026-10-09T06:16:07.3301348Z # Subtest: startup permission check cannot reconnect after dispose
2026-10-09T06:16:07.3302262Z ok 84 - startup permission check cannot reconnect after dispose
2026-10-09T06:16:07.3302865Z   ---
2026-10-09T06:16:07.3303224Z   duration_ms: 1.321277
2026-10-09T06:16:07.3303618Z   type: 'test'
2026-10-09T06:16:07.3303950Z   ...
2026-10-09T06:16:07.3304519Z # Subtest: reserved mutation never dispatches across disable
2026-10-09T06:16:07.3305292Z ok 85 - reserved mutation never dispatches across disable
2026-10-09T06:16:07.3305842Z   ---
2026-10-09T06:16:07.3306202Z   duration_ms: 10.618015
2026-10-09T06:16:07.3306606Z   type: 'test'
2026-10-09T06:16:07.3306939Z   ...
2026-10-09T06:16:07.3307824Z # Subtest: reserved mutation never dispatches across permission-removed
2026-10-09T06:16:07.3308785Z ok 86 - reserved mutation never dispatches across permission-removed
2026-10-09T06:16:07.3309372Z   ---
2026-10-09T06:16:07.3309701Z   duration_ms: 7.071904
2026-10-09T06:16:07.3310094Z   type: 'test'
2026-10-09T06:16:07.3310433Z   ...
2026-10-09T06:16:07.3311091Z # Subtest: reserved mutation never dispatches across disconnect-reconnect
2026-10-09T06:16:07.3312096Z ok 87 - reserved mutation never dispatches across disconnect-reconnect
2026-10-09T06:16:07.3312735Z   ---
2026-10-09T06:16:07.3313082Z   duration_ms: 7.597646
2026-10-09T06:16:07.3313477Z   type: 'test'
2026-10-09T06:16:07.3313820Z   ...
2026-10-09T06:16:07.3314435Z # Subtest: reserved mutation never dispatches across disable-enable
2026-10-09T06:16:07.3315392Z ok 88 - reserved mutation never dispatches across disable-enable
2026-10-09T06:16:07.3316010Z   ---
2026-10-09T06:16:07.3316358Z   duration_ms: 6.040298
2026-10-09T06:16:07.3316760Z   type: 'test'
2026-10-09T06:16:07.3317120Z   ...
2026-10-09T06:16:07.3318060Z # Subtest: reserved mutation never dispatches across dispose
2026-10-09T06:16:07.3318876Z ok 89 - reserved mutation never dispatches across dispose
2026-10-09T06:16:07.3319396Z   ---
2026-10-09T06:16:07.3319734Z   duration_ms: 6.973089
2026-10-09T06:16:07.3320129Z   type: 'test'
2026-10-09T06:16:07.3320469Z   ...
2026-10-09T06:16:07.3321205Z # Subtest: Native permission is rechecked immediately before dispatch
2026-10-09T06:16:07.3322450Z ok 90 - Native permission is rechecked immediately before dispatch
2026-10-09T06:16:07.3323158Z   ---
2026-10-09T06:16:07.3323608Z   duration_ms: 6.082958
2026-10-09T06:16:07.3324064Z   type: 'test'
2026-10-09T06:16:07.3324415Z   ...
2026-10-09T06:16:07.3325422Z # Subtest: a late disconnect from an old Native port cannot cancel a new connection request
2026-10-09T06:16:07.3326840Z ok 91 - a late disconnect from an old Native port cannot cancel a new connection request
2026-10-09T06:16:07.3328098Z   ---
2026-10-09T06:16:07.3328452Z   duration_ms: 11.565214
2026-10-09T06:16:07.3328872Z   type: 'test'
2026-10-09T06:16:07.3329224Z   ...
2026-10-09T06:16:07.3329880Z # Subtest: a pending enable permission check cannot overwrite disable
2026-10-09T06:16:07.3330825Z ok 92 - a pending enable permission check cannot overwrite disable
2026-10-09T06:16:07.3331430Z   ---
2026-10-09T06:16:07.3331774Z   duration_ms: 3.345106
2026-10-09T06:16:07.3332178Z   type: 'test'
2026-10-09T06:16:07.3332520Z   ...
2026-10-09T06:16:07.3333282Z # Subtest: a pending enable permission check cannot overwrite permission-removed
2026-10-09T06:16:07.3334378Z ok 93 - a pending enable permission check cannot overwrite permission-removed
2026-10-09T06:16:07.3335056Z   ---
2026-10-09T06:16:07.3335406Z   duration_ms: 1.116224
2026-10-09T06:16:07.3335806Z   type: 'test'
2026-10-09T06:16:07.3336159Z   ...
2026-10-09T06:16:07.3336855Z # Subtest: a pending enable storage write cannot persist over a newer disable
2026-10-09T06:16:07.3338091Z ok 94 - a pending enable storage write cannot persist over a newer disable
2026-10-09T06:16:07.3338999Z   ---
2026-10-09T06:16:07.3339354Z   duration_ms: 2.794638
2026-10-09T06:16:07.3339753Z   type: 'test'
2026-10-09T06:16:07.3340109Z   ...
2026-10-09T06:16:07.3340934Z # Subtest: an old Host ACK cannot match a new connection read with the same external requestId
2026-10-09T06:16:07.3342197Z ok 95 - an old Host ACK cannot match a new connection read with the same external requestId
2026-10-09T06:16:07.3343175Z   ---
2026-10-09T06:16:07.3343556Z   duration_ms: 16.401383
2026-10-09T06:16:07.3343981Z   type: 'test'
2026-10-09T06:16:07.3344327Z   ...
2026-10-09T06:16:07.3345068Z # Subtest: enabled Native handshake sends version and correct extension identity
2026-10-09T06:16:07.3346161Z ok 96 - enabled Native handshake sends version and correct extension identity
2026-10-09T06:16:07.3346855Z   ---
2026-10-09T06:16:07.3347208Z   duration_ms: 2.290597
2026-10-09T06:16:07.3348022Z   type: 'test'
2026-10-09T06:16:07.3348376Z   ...
2026-10-09T06:16:07.3349211Z # Subtest: default-off requires a packaged Settings sender and real granted Native permission
2026-10-09T06:16:07.3350478Z ok 97 - default-off requires a packaged Settings sender and real granted Native permission
2026-10-09T06:16:07.3351231Z   ---
2026-10-09T06:16:07.3351574Z   duration_ms: 0.658429
2026-10-09T06:16:07.3351966Z   type: 'test'
2026-10-09T06:16:07.3352307Z   ...
2026-10-09T06:16:07.3353147Z # Subtest: request hash journal deduplicates after real Host admission; conflicting bytes fail
2026-10-09T06:16:07.3354422Z ok 98 - request hash journal deduplicates after real Host admission; conflicting bytes fail
2026-10-09T06:16:07.3355185Z   ---
2026-10-09T06:16:07.3355540Z   duration_ms: 10.086543
2026-10-09T06:16:07.3355954Z   type: 'test'
2026-10-09T06:16:07.3356308Z   ...
2026-10-09T06:16:07.3357090Z # Subtest: dispatched but unanswered calls are never retried, even if same id reappears
2026-10-09T06:16:07.3358512Z ok 99 - dispatched but unanswered calls are never retried, even if same id reappears
2026-10-09T06:16:07.3359232Z   ---
2026-10-09T06:16:07.3359574Z   duration_ms: 10.502399
2026-10-09T06:16:07.3359974Z   type: 'test'
2026-10-09T06:16:07.3360327Z   ...
2026-10-09T06:16:07.3361034Z # Subtest: no live registered Host means no run reservation or Worker execution
2026-10-09T06:16:07.3362094Z ok 100 - no live registered Host means no run reservation or Worker execution
2026-10-09T06:16:07.3362759Z   ---
2026-10-09T06:16:07.3363115Z   duration_ms: 1.202005
2026-10-09T06:16:07.3363516Z   type: 'test'
2026-10-09T06:16:07.3364060Z   ...
2026-10-09T06:16:07.3364808Z # Subtest: run.get and run.stop cannot inspect arbitrary Sidebar-owned Run records
2026-10-09T06:16:07.3365877Z ok 101 - run.get and run.stop cannot inspect arbitrary Sidebar-owned Run records
2026-10-09T06:16:07.3366706Z   ---
2026-10-09T06:16:07.3367052Z   duration_ms: 2.295165
2026-10-09T06:16:07.3367898Z   type: 'test'
2026-10-09T06:16:07.3368254Z   ...
2026-10-09T06:16:07.3369119Z # Subtest: ACK journal write failure after Host action remains OUTCOME_UNKNOWN and never replays
2026-10-09T06:16:07.3370412Z ok 102 - ACK journal write failure after Host action remains OUTCOME_UNKNOWN and never replays
2026-10-09T06:16:07.3371169Z   ---
2026-10-09T06:16:07.3371498Z   duration_ms: 16.549158
2026-10-09T06:16:07.3371891Z   type: 'test'
2026-10-09T06:16:07.3372223Z   ...
2026-10-09T06:16:07.3373016Z # Subtest: run.get and run.stop remain pinned to the original authenticated Host registration
2026-10-09T06:16:07.3374239Z ok 103 - run.get and run.stop remain pinned to the original authenticated Host registration
2026-10-09T06:16:07.3374991Z   ---
2026-10-09T06:16:07.3375344Z   duration_ms: 22.062132
2026-10-09T06:16:07.3375752Z   type: 'test'
2026-10-09T06:16:07.3376101Z   ...
2026-10-09T06:16:07.3376773Z # Subtest: real macOS Chrome: bare renderer/CDP control without extensions
2026-10-09T06:16:07.3378427Z ok 104 - real macOS Chrome: bare renderer/CDP control without extensions # SKIP
2026-10-09T06:16:07.3379073Z   ---
2026-10-09T06:16:07.3379414Z   duration_ms: 0.85689
2026-10-09T06:16:07.3379791Z   type: 'test'
2026-10-09T06:16:07.3380133Z   ...
2026-10-09T06:16:07.3380984Z # Subtest: real macOS Chrome: packaged extension, trusted Options click and Native CLI handshake
2026-10-09T06:16:07.3382326Z ok 105 - real macOS Chrome: packaged extension, trusted Options click and Native CLI handshake # SKIP
2026-10-09T06:16:07.3383168Z   ---
2026-10-09T06:16:07.3383541Z   duration_ms: 0.190596
2026-10-09T06:16:07.3383957Z   type: 'test'
2026-10-09T06:16:07.3384316Z   ...
2026-10-09T06:16:07.3385057Z # Subtest: current target is live Sidebar snapshot, not active tab chosen by CLI
2026-10-09T06:16:07.3386141Z ok 106 - current target is live Sidebar snapshot, not active tab chosen by CLI
2026-10-09T06:16:07.3386857Z   ---
2026-10-09T06:16:07.3387224Z   duration_ms: 2.557635
2026-10-09T06:16:07.3387927Z   type: 'test'
2026-10-09T06:16:07.3388282Z   ...
2026-10-09T06:16:07.3389127Z # Subtest: external draft uses exact RunHost with frozen borrowed target and controller requestId
2026-10-09T06:16:07.3390477Z ok 107 - external draft uses exact RunHost with frozen borrowed target and controller requestId
2026-10-09T06:16:07.3391287Z   ---
2026-10-09T06:16:07.3391637Z   duration_ms: 1.040002
2026-10-09T06:16:07.3392054Z   type: 'test'
2026-10-09T06:16:07.3392398Z   ...
2026-10-09T06:16:07.3393197Z # Subtest: Host ACK correlation preserves the external Controller admission requestId
2026-10-09T06:16:07.3394341Z ok 108 - Host ACK correlation preserves the external Controller admission requestId
2026-10-09T06:16:07.3395099Z   ---
2026-10-09T06:16:07.3395456Z   duration_ms: 0.606753
2026-10-09T06:16:07.3395851Z   type: 'test'
2026-10-09T06:16:07.3396204Z   ...
2026-10-09T06:16:07.3396967Z # Subtest: permissions and document id fail before admission (no Chrome prompt)
2026-10-09T06:16:07.3398576Z ok 109 - permissions and document id fail before admission (no Chrome prompt)
2026-10-09T06:16:07.3399305Z   ---
2026-10-09T06:16:07.3399686Z   duration_ms: 2.137071
2026-10-09T06:16:07.3400120Z   type: 'test'
2026-10-09T06:16:07.3400604Z   ...
2026-10-09T06:16:07.3401258Z # Subtest: saved requires pinned exact revision and source hash
2026-10-09T06:16:07.3402213Z ok 110 - saved requires pinned exact revision and source hash
2026-10-09T06:16:07.3402840Z   ---
2026-10-09T06:16:07.3403220Z   duration_ms: 0.890252
2026-10-09T06:16:07.3403641Z   type: 'test'
2026-10-09T06:16:07.3403998Z   ...
2026-10-09T06:16:07.3404838Z # Subtest: run.get removes unrelated Sidebar run history from Controller snapshot projection
2026-10-09T06:16:07.3406430Z ok 111 - run.get removes unrelated Sidebar run history from Controller snapshot projection
2026-10-09T06:16:07.3407286Z   ---
2026-10-09T06:16:07.3407990Z   duration_ms: 0.549155
2026-10-09T06:16:07.3408431Z   type: 'test'
2026-10-09T06:16:07.3409055Z   ...
2026-10-09T06:16:07.3410111Z # Subtest: macOS isolated Native Host install, private socket, real wrapper and authenticated CLI IPC
2026-10-09T06:16:07.3411580Z ok 112 - macOS isolated Native Host install, private socket, real wrapper and authenticated CLI IPC # SKIP
2026-10-09T06:16:07.3412487Z   ---
2026-10-09T06:16:07.3412864Z   duration_ms: 1.605107
2026-10-09T06:16:07.3413293Z   type: 'test'
2026-10-09T06:16:07.3413670Z   ...
2026-10-09T06:16:07.3414612Z # Subtest: macOS Chrome for Testing uses its own manifest and cannot replace Google Chrome registration
2026-10-09T06:16:07.3416143Z ok 113 - macOS Chrome for Testing uses its own manifest and cannot replace Google Chrome registration # SKIP
2026-10-09T06:16:07.3417082Z   ---
2026-10-09T06:16:07.3417754Z   duration_ms: 0.232734
2026-10-09T06:16:07.3418192Z   type: 'test'
2026-10-09T06:16:07.3418570Z   ...
2026-10-09T06:16:07.3419583Z # Subtest: macOS Chrome for Testing manifest is isolated from regular Chrome and launches the real native host
2026-10-09T06:16:07.3421401Z ok 114 - macOS Chrome for Testing manifest is isolated from regular Chrome and launches the real native host # SKIP
2026-10-09T06:16:07.3422355Z   ---
2026-10-09T06:16:07.3422743Z   duration_ms: 0.127238
2026-10-09T06:16:07.3423173Z   type: 'test'
2026-10-09T06:16:07.3423556Z   ...
2026-10-09T06:16:07.3424256Z # Subtest: identity is pinned; invalid origin cannot launch a server
2026-10-09T06:16:07.3425236Z ok 115 - identity is pinned; invalid origin cannot launch a server
2026-10-09T06:16:07.3425879Z   ---
2026-10-09T06:16:07.3426243Z   duration_ms: 1.818455
2026-10-09T06:16:07.3426648Z   type: 'test'
2026-10-09T06:16:07.3427001Z   ...
2026-10-09T06:16:07.3428214Z # Subtest: framed Chrome welcome, authenticated local IPC, request and exact response
2026-10-09T06:16:07.3429484Z ok 116 - framed Chrome welcome, authenticated local IPC, request and exact response
2026-10-09T06:16:07.3430257Z   ---
2026-10-09T06:16:07.3430643Z   duration_ms: 13.162155
2026-10-09T06:16:07.3431109Z   type: 'test'
2026-10-09T06:16:07.3431494Z   ...
2026-10-09T06:16:07.3432245Z # Subtest: duplicate inflight request ID is rejected, not dispatched again
2026-10-09T06:16:07.3433352Z ok 117 - duplicate inflight request ID is rejected, not dispatched again
2026-10-09T06:16:07.3434062Z   ---
2026-10-09T06:16:07.3434427Z   duration_ms: 4.873309
2026-10-09T06:16:07.3434849Z   type: 'test'
2026-10-09T06:16:07.3435230Z   ...
2026-10-09T06:16:07.3436013Z # Subtest: unacknowledged dispatched effects become unknown on native shutdown
2026-10-09T06:16:07.3437183Z ok 118 - unacknowledged dispatched effects become unknown on native shutdown
2026-10-09T06:16:07.3438237Z   ---
2026-10-09T06:16:07.3438609Z   duration_ms: 3.462184
2026-10-09T06:16:07.3439040Z   type: 'test'
2026-10-09T06:16:07.3439426Z   ...
2026-10-09T06:16:07.3440088Z # Subtest: wrong credential is rejected without local API access
2026-10-09T06:16:07.3441055Z ok 119 - wrong credential is rejected without local API access
2026-10-09T06:16:07.3441685Z   ---
2026-10-09T06:16:07.3442052Z   duration_ms: 3.250158
2026-10-09T06:16:07.3442476Z   type: 'test'
2026-10-09T06:16:07.3442866Z   ...
2026-10-09T06:16:07.3443616Z # Subtest: handshake timeout closes the private socket without stale reuse
2026-10-09T06:16:07.3444660Z ok 120 - handshake timeout closes the private socket without stale reuse
2026-10-09T06:16:07.3445323Z   ---
2026-10-09T06:16:07.3445680Z   duration_ms: 101.194454
2026-10-09T06:16:07.3446095Z   type: 'test'
2026-10-09T06:16:07.3446437Z   ...
2026-10-09T06:16:07.3447090Z # Subtest: native response timeout preserves unknown-effect outcome
2026-10-09T06:16:07.3448344Z ok 121 - native response timeout preserves unknown-effect outcome
2026-10-09T06:16:07.3448978Z   ---
2026-10-09T06:16:07.3449572Z   duration_ms: 42.81628
2026-10-09T06:16:07.3450022Z   type: 'test'
2026-10-09T06:16:07.3450382Z   ...
2026-10-09T06:16:07.3451092Z # Subtest: existing socket is never unlinked or replaced by a second host
2026-10-09T06:16:07.3452144Z ok 122 - existing socket is never unlinked or replaced by a second host
2026-10-09T06:16:07.3453003Z   ---
2026-10-09T06:16:07.3453377Z   duration_ms: 1.205522
2026-10-09T06:16:07.3453790Z   type: 'test'
2026-10-09T06:16:07.3454152Z   ...
2026-10-09T06:16:07.3454883Z # Subtest: Native remains optional after merging the current permission catalog
2026-10-09T06:16:07.3455971Z ok 123 - Native remains optional after merging the current permission catalog
2026-10-09T06:16:07.3456651Z   ---
2026-10-09T06:16:07.3456995Z   duration_ms: 5.775518
2026-10-09T06:16:07.3457788Z   type: 'test'
2026-10-09T06:16:07.3458161Z   ...
2026-10-09T06:16:07.3458915Z # Subtest: strict production SW budget and fixed packaged Native transport entry
2026-10-09T06:16:07.3460065Z ok 124 - strict production SW budget and fixed packaged Native transport entry
2026-10-09T06:16:07.3460780Z   ---
2026-10-09T06:16:07.3461127Z   duration_ms: 0.270656
2026-10-09T06:16:07.3461523Z   type: 'test'
2026-10-09T06:16:07.3461900Z   ...
2026-10-09T06:16:07.3462583Z # Subtest: single exact same-extension static import allowed in SW only
2026-10-09T06:16:07.3463616Z ok 125 - single exact same-extension static import allowed in SW only
2026-10-09T06:16:07.3464283Z   ---
2026-10-09T06:16:07.3464649Z   duration_ms: 7.13933
2026-10-09T06:16:07.3465056Z   type: 'test'
2026-10-09T06:16:07.3465416Z   ...
2026-10-09T06:16:07.3466571Z # Subtest: fixed transport registers listeners on the original SW APIs; default-off does not connect
2026-10-09T06:16:07.3468297Z ok 126 - fixed transport registers listeners on the original SW APIs; default-off does not connect
2026-10-09T06:16:07.3469146Z   ---
2026-10-09T06:16:07.3469524Z   duration_ms: 0.719423
2026-10-09T06:16:07.3469939Z   type: 'test'
2026-10-09T06:16:07.3470308Z   ...
2026-10-09T06:16:07.3471130Z # Subtest: native framing uses UTF-8 byte length and handles split multibyte boundaries
2026-10-09T06:16:07.3472326Z ok 127 - native framing uses UTF-8 byte length and handles split multibyte boundaries
2026-10-09T06:16:07.3473061Z   ---
2026-10-09T06:16:07.3473444Z   duration_ms: 1.593926
2026-10-09T06:16:07.3473847Z   type: 'test'
2026-10-09T06:16:07.3474197Z   ...
2026-10-09T06:16:07.3474920Z # Subtest: private CLI line framing has bounded buffer and independent messages
2026-10-09T06:16:07.3476018Z ok 128 - private CLI line framing has bounded buffer and independent messages
2026-10-09T06:16:07.3476708Z   ---
2026-10-09T06:16:07.3477070Z   duration_ms: 1.977813
2026-10-09T06:16:07.3477767Z   type: 'test'
2026-10-09T06:16:07.3478140Z   ...
2026-10-09T06:16:07.3478928Z # Subtest: reject unsupported transport operations and malformed browser requests
2026-10-09T06:16:07.3480089Z ok 129 - reject unsupported transport operations and malformed browser requests
2026-10-09T06:16:07.3480817Z   ---
2026-10-09T06:16:07.3481192Z   duration_ms: 0.392212
2026-10-09T06:16:07.3481621Z   type: 'test'
2026-10-09T06:16:07.3482004Z   ...
2026-10-09T06:16:07.3482844Z # Subtest: stable digest pins equivalent JSON key order and rejects prototype pollution
2026-10-09T06:16:07.3484107Z ok 130 - stable digest pins equivalent JSON key order and rejects prototype pollution
2026-10-09T06:16:07.3484872Z   ---
2026-10-09T06:16:07.3485237Z   duration_ms: 7.418771
2026-10-09T06:16:07.3485652Z   type: 'test'
2026-10-09T06:16:07.3486015Z   ...
2026-10-09T06:16:07.4495726Z # {"kind":"historical-package-mutation","expectedPattern":"Dynamic execution reference","actualError":"Dynamic execution reference in agents/health.js: eval"}
2026-10-09T06:16:08.1678774Z # {"kind":"historical-package-mutation","expectedPattern":"Dynamic execution reference","actualError":"Dynamic execution reference in agents/health.js: Function"}
2026-10-09T06:16:08.1769896Z # Subtest: final classic scanner rejects eval alias and function-constructor references
2026-10-09T06:16:08.1784834Z ok 131 - final classic scanner rejects eval alias and function-constructor references
2026-10-09T06:16:08.1785833Z   ---
2026-10-09T06:16:08.1786358Z   duration_ms: 1633.757704
2026-10-09T06:16:08.1786961Z   type: 'test'
2026-10-09T06:16:08.1788111Z   ...
2026-10-09T06:16:08.8025235Z # {"kind":"historical-package-mutation","expectedPattern":"ENOENT|Missing","actualError":"Missing required resource: ui/tool-shell.css"}
2026-10-09T06:16:08.8074540Z # Subtest: final package cannot omit a referenced local asset
2026-10-09T06:16:08.8075840Z ok 132 - final package cannot omit a referenced local asset
2026-10-09T06:16:08.8076790Z   ---
2026-10-09T06:16:08.8077694Z   duration_ms: 632.162826
2026-10-09T06:16:08.8078627Z   type: 'test'
2026-10-09T06:16:08.8079234Z   ...
2026-10-09T06:16:09.8842014Z # {"kind":"historical-package-mutation","expectedPattern":"Unsafe HTML","actualError":"Unsafe HTML resources in ui/tool.html"}
2026-10-09T06:16:10.5325385Z # {"kind":"historical-package-mutation","expectedPattern":"Unexpected JS","actualError":"Unexpected JS/chunks: agents/bootstrap.js,agents/health.js,agents/page-agent.js,agents/page-relay.js,agents/selection-entry.js,chunk.js,framework/sdk-main.js,native-agent/settings.js,native-agent/transport.js,scripting/packaged/page-session.js,scripting/sandbox/sandbox.js,scripting/sandbox/worker-runtime.js,sidebar-tools/bridge.js,sw.js,ui/tool-shell.js,vendor/jquery-3.7.1.min.js"}
2026-10-09T06:16:10.5397120Z # Subtest: remote script and unexpected lazy chunk fail final package verification
2026-10-09T06:16:10.5398557Z ok 133 - remote script and unexpected lazy chunk fail final package verification
2026-10-09T06:16:10.5399251Z   ---
2026-10-09T06:16:10.5399591Z   duration_ms: 1731.919966
2026-10-09T06:16:10.5399984Z   type: 'test'
2026-10-09T06:16:10.5400316Z   ...
2026-10-09T06:16:11.0939358Z # {"kind":"historical-package-mutation","expectedPattern":"Missing|required|ENOENT","actualError":"Missing required resource: ui/tool.html"}
2026-10-09T06:16:11.6603321Z # {"kind":"historical-package-mutation","expectedPattern":"worker|entry|Missing","actualError":"Unexpected or missing worker entry"}
2026-10-09T06:16:11.6698711Z # Subtest: final package requires tool HTML/CSS and manifest worker references
2026-10-09T06:16:11.6699884Z ok 134 - final package requires tool HTML/CSS and manifest worker references
2026-10-09T06:16:11.6700845Z   ---
2026-10-09T06:16:11.6701475Z   duration_ms: 1129.167938
2026-10-09T06:16:11.6702016Z   type: 'test'
2026-10-09T06:16:11.6702447Z   ...
2026-10-09T06:16:11.7059155Z # Subtest: E07.1 Candidate is stored without execution or installation and matches Page v1 contract
2026-10-09T06:16:11.7088907Z ok 135 - E07.1 Candidate is stored without execution or installation and matches Page v1 contract
2026-10-09T06:16:11.7108525Z   ---
2026-10-09T06:16:11.7109220Z   duration_ms: 33.689711
2026-10-09T06:16:11.7110039Z   type: 'test'
2026-10-09T06:16:11.7110900Z   ...
2026-10-09T06:16:11.7112064Z # Subtest: concurrent identical import is idempotent; same revision with changed bytes cannot overwrite
2026-10-09T06:16:11.7113891Z ok 136 - concurrent identical import is idempotent; same revision with changed bytes cannot overwrite
2026-10-09T06:16:11.7115002Z   ---
2026-10-09T06:16:11.7115547Z   duration_ms: 9.489017
2026-10-09T06:16:11.7116148Z   type: 'test'
2026-10-09T06:16:11.7116716Z   ...
2026-10-09T06:16:11.7118066Z # Subtest: Caller stage, namespace, verification, direct resolution and fabricated grant are rejected
2026-10-09T06:16:11.7119708Z ok 137 - Caller stage, namespace, verification, direct resolution and fabricated grant are rejected
2026-10-09T06:16:11.7120781Z   ---
2026-10-09T06:16:11.7121386Z   duration_ms: 1.977923
2026-10-09T06:16:11.7122033Z   type: 'test'
2026-10-09T06:16:11.7122576Z   ...
2026-10-09T06:16:11.7123413Z # Subtest: Host namespaces are isolated; one cannot read another owner
2026-10-09T06:16:11.7124504Z ok 138 - Host namespaces are isolated; one cannot read another owner
2026-10-09T06:16:11.7125260Z   ---
2026-10-09T06:16:11.7126121Z   duration_ms: 4.178101
2026-10-09T06:16:11.7126685Z   type: 'test'
2026-10-09T06:16:11.7127174Z   ...
2026-10-09T06:16:11.7128397Z # Subtest: tampering candidate source/hash or falsely marking it Available is detected
2026-10-09T06:16:11.7130019Z ok 139 - tampering candidate source/hash or falsely marking it Available is detected
2026-10-09T06:16:11.7130884Z   ---
2026-10-09T06:16:11.7131371Z   duration_ms: 5.526108
2026-10-09T06:16:11.7131913Z   type: 'test'
2026-10-09T06:16:11.7132552Z   ...
2026-10-09T06:16:11.7133478Z # Subtest: Host revoked while hashing or before store commit cannot persist candidate
2026-10-09T06:16:11.7134758Z ok 140 - Host revoked while hashing or before store commit cannot persist candidate
2026-10-09T06:16:11.7135592Z   ---
2026-10-09T06:16:11.7136083Z   duration_ms: 1.905107
2026-10-09T06:16:11.7136621Z   type: 'test'
2026-10-09T06:16:11.7137107Z   ...
2026-10-09T06:16:11.7138375Z # Subtest: grant, unsupported metadata and missing pinned dependency are not importable
2026-10-09T06:16:11.7139915Z ok 141 - grant, unsupported metadata and missing pinned dependency are not importable
2026-10-09T06:16:11.7140976Z   ---
2026-10-09T06:16:11.7141614Z   duration_ms: 1.613813
2026-10-09T06:16:11.7142404Z   type: 'test'
2026-10-09T06:16:11.7143079Z   ...
2026-10-09T06:16:11.7144211Z # Subtest: Broker Candidate routes use original dependency manager behind Host authentication
2026-10-09T06:16:11.7145881Z ok 142 - Broker Candidate routes use original dependency manager behind Host authentication
2026-10-09T06:16:11.7147024Z   ---
2026-10-09T06:16:11.7147965Z   duration_ms: 0.518108
2026-10-09T06:16:11.7148653Z   type: 'test'
2026-10-09T06:16:11.7149270Z   ...
2026-10-09T06:16:11.7150925Z # Subtest: pasting @require only inspects; trusted acquisition requests permission synchronously and full-hash approval unlocks unsaved edits
2026-10-09T06:16:11.7153335Z ok 143 - pasting @require only inspects; trusted acquisition requests permission synchronously and full-hash approval unlocks unsaved edits
2026-10-09T06:16:11.7154793Z   ---
2026-10-09T06:16:11.7155436Z   duration_ms: 38.617684
2026-10-09T06:16:11.7156139Z   type: 'test'
2026-10-09T06:16:11.7156752Z   ...
2026-10-09T06:16:11.7158636Z # Subtest: changing declarations clears an old lock and a late old review cannot replace the current source or become approvable
2026-10-09T06:16:11.7160816Z ok 144 - changing declarations clears an old lock and a late old review cannot replace the current source or become approvable
2026-10-09T06:16:11.7162132Z   ---
2026-10-09T06:16:11.7162736Z   duration_ms: 10.948679
2026-10-09T06:16:11.7163389Z   type: 'test'
2026-10-09T06:16:11.7163940Z   ...
2026-10-09T06:16:11.7165220Z # Subtest: approved cached bytes can be locked for explicitly selected classic mode without a CDN permission prompt
2026-10-09T06:16:11.7167099Z ok 145 - approved cached bytes can be locked for explicitly selected classic mode without a CDN permission prompt
2026-10-09T06:16:11.7168491Z   ---
2026-10-09T06:16:11.7169019Z   duration_ms: 9.320598
2026-10-09T06:16:11.7169572Z   type: 'test'
2026-10-09T06:16:11.7170069Z   ...
2026-10-09T06:16:11.7171247Z # Subtest: permission refusal stops acquisition and local files preserve their original bytes without a CDN request
2026-10-09T06:16:11.7172948Z ok 146 - permission refusal stops acquisition and local files preserve their original bytes without a CDN request
2026-10-09T06:16:11.7174134Z   ---
2026-10-09T06:16:11.7174647Z   duration_ms: 8.190994
2026-10-09T06:16:11.7175186Z   type: 'test'
2026-10-09T06:16:11.7175672Z   ...
2026-10-09T06:16:11.7176868Z # Subtest: add dependency edits only the true metadata block, leaves examples intact and refuses to hide an incomplete header
2026-10-09T06:16:11.7178903Z ok 147 - add dependency edits only the true metadata block, leaves examples intact and refuses to hide an incomplete header
2026-10-09T06:16:11.7179987Z   ---
2026-10-09T06:16:11.7180465Z   duration_ms: 6.622114
2026-10-09T06:16:11.7181000Z   type: 'test'
2026-10-09T06:16:11.7181715Z   ...
2026-10-09T06:16:11.7182950Z # Subtest: closing or changing source while permission/file reading is pending cancels acquisition and old approval handlers
2026-10-09T06:16:11.7184765Z ok 148 - closing or changing source while permission/file reading is pending cancels acquisition and old approval handlers
2026-10-09T06:16:11.7186008Z   ---
2026-10-09T06:16:11.7186496Z   duration_ms: 13.72726
2026-10-09T06:16:11.7187022Z   type: 'test'
2026-10-09T06:16:11.7187707Z   ...
2026-10-09T06:16:11.7188764Z # Subtest: review freezes dependency source selectors and lock status does not claim cache verification
2026-10-09T06:16:11.7190346Z ok 149 - review freezes dependency source selectors and lock status does not claim cache verification
2026-10-09T06:16:11.7191446Z   ---
2026-10-09T06:16:11.7192025Z   duration_ms: 5.887583
2026-10-09T06:16:11.7192614Z   type: 'test'
2026-10-09T06:16:11.7193134Z   ...
2026-10-09T06:16:11.7194404Z # Subtest: a late dependency inspection cannot replace the admission of current metadata with the old source policy
2026-10-09T06:16:11.7196304Z ok 150 - a late dependency inspection cannot replace the admission of current metadata with the old source policy
2026-10-09T06:16:11.7197724Z   ---
2026-10-09T06:16:11.7198336Z   duration_ms: 9.344897
2026-10-09T06:16:11.7199000Z   type: 'test'
2026-10-09T06:16:11.7199709Z   ...
2026-10-09T06:16:11.7201110Z # Subtest: repairing metadata during inspection uses current admission and retains a dependency-only lock
2026-10-09T06:16:11.7203139Z ok 151 - repairing metadata during inspection uses current admission and retains a dependency-only lock
2026-10-09T06:16:11.7204509Z   ---
2026-10-09T06:16:11.7205211Z   duration_ms: 4.705736
2026-10-09T06:16:11.7205991Z   type: 'test'
2026-10-09T06:16:11.7206677Z   ...
2026-10-09T06:16:11.7208413Z # Subtest: a newly unsupported policy cancels acquisition after the permission await even when dependencies are unchanged
2026-10-09T06:16:11.7210573Z ok 152 - a newly unsupported policy cancels acquisition after the permission await even when dependencies are unchanged
2026-10-09T06:16:11.7211737Z   ---
2026-10-09T06:16:11.7212292Z   duration_ms: 11.792929
2026-10-09T06:16:11.7212961Z   type: 'test'
2026-10-09T06:16:11.7213523Z   ...
2026-10-09T06:16:11.7214693Z # Subtest: approval revalidates current source even when an importer did not dispatch an input event
2026-10-09T06:16:11.7216442Z ok 153 - approval revalidates current source even when an importer did not dispatch an input event
2026-10-09T06:16:11.7217855Z   ---
2026-10-09T06:16:11.7218482Z   duration_ms: 5.57523
2026-10-09T06:16:11.7219174Z   type: 'test'
2026-10-09T06:16:11.7219820Z   ...
2026-10-09T06:16:11.7221088Z # Subtest: declared antifeatures remain visible as untrusted plain text through inspection and source edits
2026-10-09T06:16:11.7223003Z ok 154 - declared antifeatures remain visible as untrusted plain text through inspection and source edits
2026-10-09T06:16:11.7224215Z   ---
2026-10-09T06:16:11.7224849Z   duration_ms: 2.872774
2026-10-09T06:16:11.7225676Z   type: 'test'
2026-10-09T06:16:11.7226402Z   ...
2026-10-09T06:16:11.7227986Z # Subtest: explicit legacy adapter preserves R3 frozen USER_SCRIPT descriptors
2026-10-09T06:16:11.7229401Z ok 155 - explicit legacy adapter preserves R3 frozen USER_SCRIPT descriptors
2026-10-09T06:16:11.7230287Z   ---
2026-10-09T06:16:11.7230808Z   duration_ms: 8.469824
2026-10-09T06:16:11.7231377Z   type: 'test'
2026-10-09T06:16:11.7231892Z   ...
2026-10-09T06:16:11.7232782Z # Subtest: new pinned revision obtains different world and old revision unchanged
2026-10-09T06:16:11.7234024Z ok 156 - new pinned revision obtains different world and old revision unchanged
2026-10-09T06:16:11.7234917Z   ---
2026-10-09T06:16:11.7235445Z   duration_ms: 2.162147
2026-10-09T06:16:11.7235975Z   type: 'test'
2026-10-09T06:16:11.7236439Z   ...
2026-10-09T06:16:11.7237765Z # Subtest: fails closed without existing broker Available+install grant or with altered script hash
2026-10-09T06:16:11.7239690Z ok 157 - fails closed without existing broker Available+install grant or with altered script hash
2026-10-09T06:16:11.7241345Z   ---
2026-10-09T06:16:11.7241931Z   duration_ms: 3.791779
2026-10-09T06:16:11.7242607Z   type: 'test'
2026-10-09T06:16:11.7243141Z   ...
2026-10-09T06:16:11.7244458Z # Subtest: dependency version/sha/world lock enforced, library failure blocks injection
2026-10-09T06:16:11.7245893Z ok 158 - dependency version/sha/world lock enforced, library failure blocks injection
2026-10-09T06:16:11.7246831Z   ---
2026-10-09T06:16:11.7247623Z   duration_ms: 1.896631
2026-10-09T06:16:11.7248250Z   type: 'test'
2026-10-09T06:16:11.7248793Z   ...
2026-10-09T06:16:11.7249989Z # Subtest: D1 Page contract consumes actual manager locks and preserves generic classic globals without a wrapper
2026-10-09T06:16:11.7251811Z ok 159 - D1 Page contract consumes actual manager locks and preserves generic classic globals without a wrapper
2026-10-09T06:16:11.7252888Z   ---
2026-10-09T06:16:11.7253436Z   duration_ms: 61.196259
2026-10-09T06:16:11.7254051Z   type: 'test'
2026-10-09T06:16:11.7254595Z   ...
2026-10-09T06:16:11.7255848Z # Subtest: async-main Page revisions share immutable dependencies while registration identities remain isolated
2026-10-09T06:16:11.7257891Z ok 160 - async-main Page revisions share immutable dependencies while registration identities remain isolated
2026-10-09T06:16:11.7259491Z   ---
2026-10-09T06:16:11.7260144Z   duration_ms: 31.425967
2026-10-09T06:16:11.7260847Z   type: 'test'
2026-10-09T06:16:11.7261479Z   ...
2026-10-09T06:16:11.7262814Z # Subtest: full Page authority proof binds kind, entry, revision, dependency identity and every rule, not only matches
2026-10-09T06:16:11.7264777Z ok 161 - full Page authority proof binds kind, entry, revision, dependency identity and every rule, not only matches
2026-10-09T06:16:11.7266061Z   ---
2026-10-09T06:16:11.7266680Z   duration_ms: 37.569216
2026-10-09T06:16:11.7267623Z   type: 'test'
2026-10-09T06:16:11.7268307Z   ...
2026-10-09T06:16:11.7269680Z # Subtest: Page source/metadata/asset tampering is blocked and old Controller/R3 formats require an explicit path
2026-10-09T06:16:11.7271713Z ok 162 - Page source/metadata/asset tampering is blocked and old Controller/R3 formats require an explicit path
2026-10-09T06:16:11.7272972Z   ---
2026-10-09T06:16:11.7273615Z   duration_ms: 34.280105
2026-10-09T06:16:11.7274280Z   type: 'test'
2026-10-09T06:16:11.7274931Z   ...
2026-10-09T06:16:11.7276194Z # Subtest: named async main() evaluates in exact USER_SCRIPT main document without durable Task or registration
2026-10-09T06:16:11.7278355Z ok 163 - named async main() evaluates in exact USER_SCRIPT main document without durable Task or registration
2026-10-09T06:16:11.7279563Z   ---
2026-10-09T06:16:11.7280152Z   duration_ms: 16.546534
2026-10-09T06:16:11.7280808Z   type: 'test'
2026-10-09T06:16:11.7281337Z   ...
2026-10-09T06:16:11.7282532Z # Subtest: no injection after document change, permission revoke, Controller slot, invalid sender or API opt-in
2026-10-09T06:16:11.7284297Z ok 164 - no injection after document change, permission revoke, Controller slot, invalid sender or API opt-in
2026-10-09T06:16:11.7285420Z   ---
2026-10-09T06:16:11.7285997Z   duration_ms: 9.148822
2026-10-09T06:16:11.7286613Z   type: 'test'
2026-10-09T06:16:11.7287161Z   ...
2026-10-09T06:16:11.7288624Z # Subtest: incorrect browser document receipt and native script errors cannot claim success
2026-10-09T06:16:11.7290104Z ok 165 - incorrect browser document receipt and native script errors cannot claim success
2026-10-09T06:16:11.7291061Z   ---
2026-10-09T06:16:11.7291686Z   duration_ms: 12.472978
2026-10-09T06:16:11.7292297Z   type: 'test'
2026-10-09T06:16:11.7292828Z   ...
2026-10-09T06:16:11.7293865Z # Subtest: source, site and requested execution world cannot be forged through preview protocol
2026-10-09T06:16:11.7295351Z ok 166 - source, site and requested execution world cannot be forged through preview protocol
2026-10-09T06:16:11.7296334Z   ---
2026-10-09T06:16:11.7296871Z   duration_ms: 2.172256
2026-10-09T06:16:11.7297962Z   type: 'test'
2026-10-09T06:16:11.7298553Z   ...
2026-10-09T06:16:11.7299601Z # Subtest: verified pinned jQuery bytes precede preview main, without Service Worker evaluation
2026-10-09T06:16:11.7301140Z ok 167 - verified pinned jQuery bytes precede preview main, without Service Worker evaluation
2026-10-09T06:16:11.7302335Z   ---
2026-10-09T06:16:11.7302880Z   duration_ms: 15.747382
2026-10-09T06:16:11.7303473Z   type: 'test'
2026-10-09T06:16:11.7304008Z   ...
2026-10-09T06:16:11.7305117Z # Subtest: same-id replacement disposes old listener, keeps a different instance
2026-10-09T06:16:11.7306405Z ok 168 - same-id replacement disposes old listener, keeps a different instance
2026-10-09T06:16:11.7307638Z   ---
2026-10-09T06:16:11.7316668Z   duration_ms: 2.856213
2026-10-09T06:16:11.7317173Z   type: 'test'
2026-10-09T06:16:11.7317790Z   ...
2026-10-09T06:16:11.7318544Z # Subtest: assets, timer/observer/ObjectURL and pagehide cleanup remain scoped
2026-10-09T06:16:11.7321648Z ok 169 - assets, timer/observer/ObjectURL and pagehide cleanup remain scoped
2026-10-09T06:16:11.7322367Z   ---
2026-10-09T06:16:11.7322737Z   duration_ms: 4.763865
2026-10-09T06:16:11.7323158Z   type: 'test'
2026-10-09T06:16:11.7323505Z   ...
2026-10-09T06:16:11.7324373Z # Subtest: manifest and build verifier accept broad required sites and a finite API permission catalog
2026-10-09T06:16:11.7325815Z ok 170 - manifest and build verifier accept broad required sites and a finite API permission catalog
2026-10-09T06:16:11.7326782Z   ---
2026-10-09T06:16:11.7327153Z   duration_ms: 5.872676
2026-10-09T06:16:11.7327877Z   type: 'test'
2026-10-09T06:16:11.7328244Z   ...
2026-10-09T06:16:11.7329254Z # Subtest: declared optional plugin permission requests reject unknown, required and duplicate names
2026-10-09T06:16:11.7330661Z ok 171 - declared optional plugin permission requests reject unknown, required and duplicate names
2026-10-09T06:16:11.7331507Z   ---
2026-10-09T06:16:11.7331871Z   duration_ms: 0.444049
2026-10-09T06:16:11.7332290Z   type: 'test'
2026-10-09T06:16:11.7332654Z   ...
2026-10-09T06:16:11.7333503Z # Subtest: API grant starts synchronously inside trusted UI click and verifies the native state
2026-10-09T06:16:11.7334836Z ok 172 - API grant starts synchronously inside trusted UI click and verifies the native state
2026-10-09T06:16:11.7335615Z   ---
2026-10-09T06:16:11.7335978Z   duration_ms: 0.831503
2026-10-09T06:16:11.7336364Z   type: 'test'
2026-10-09T06:16:11.7336688Z   ...
2026-10-09T06:16:11.7337979Z # Subtest: a plugin cannot silently escalate permissions on deny or an untrusted event
2026-10-09T06:16:11.7339169Z ok 173 - a plugin cannot silently escalate permissions on deny or an untrusted event
2026-10-09T06:16:11.7339895Z   ---
2026-10-09T06:16:11.7340234Z   duration_ms: 0.541852
2026-10-09T06:16:11.7340614Z   type: 'test'
2026-10-09T06:16:11.7340946Z   ...
2026-10-09T06:16:11.7341705Z # Subtest: CSS url() points to embedded image, with JSON and hashes; no runtime dev server
2026-10-09T06:16:11.7342859Z ok 174 - CSS url() points to embedded image, with JSON and hashes; no runtime dev server
2026-10-09T06:16:11.7343570Z   ---
2026-10-09T06:16:11.7343909Z   duration_ms: 1199.617384
2026-10-09T06:16:11.7344292Z   type: 'test'
2026-10-09T06:16:11.7344662Z   ...
2026-10-09T06:16:11.7345342Z # Subtest: reject CSS network/import/undeclared URLs and spoofed image bytes
2026-10-09T06:16:11.7346311Z ok 175 - reject CSS network/import/undeclared URLs and spoofed image bytes
2026-10-09T06:16:11.7346937Z   ---
2026-10-09T06:16:11.7347271Z   duration_ms: 33.924218
2026-10-09T06:16:11.7348159Z   type: 'test'
2026-10-09T06:16:11.7348541Z   ...
2026-10-09T06:16:11.7349254Z # Subtest: CSS comments and URL-like string content retain their literal meaning
2026-10-09T06:16:11.7350361Z ok 176 - CSS comments and URL-like string content retain their literal meaning
2026-10-09T06:16:11.7351005Z   ---
2026-10-09T06:16:11.7351354Z   duration_ms: 8.404331
2026-10-09T06:16:11.7351747Z   type: 'test'
2026-10-09T06:16:11.7352086Z   ...
2026-10-09T06:16:11.7353021Z # Subtest: reject CSS escaped tokens and unsupported string image URLs
2026-10-09T06:16:11.7354010Z ok 177 - reject CSS escaped tokens and unsupported string image URLs
2026-10-09T06:16:11.7354618Z   ---
2026-10-09T06:16:11.7354968Z   duration_ms: 26.306227
2026-10-09T06:16:11.7355605Z   type: 'test'
2026-10-09T06:16:11.7356067Z   ...
2026-10-09T06:16:11.7356788Z # Subtest: malformed CSS strings cannot hide runtime URL tokens
2026-10-09T06:16:11.7358242Z ok 178 - malformed CSS strings cannot hide runtime URL tokens
2026-10-09T06:16:11.7358942Z   ---
2026-10-09T06:16:11.7359521Z   duration_ms: 22.885149
2026-10-09T06:16:11.7360041Z   type: 'test'
2026-10-09T06:16:11.7360477Z   ...
2026-10-09T06:16:11.7374771Z # Subtest: Controller resource declarations fail before packaging
2026-10-09T06:16:11.7375687Z ok 179 - Controller resource declarations fail before packaging
2026-10-09T06:16:11.7376301Z   ---
2026-10-09T06:16:11.7376657Z   duration_ms: 14.055513
2026-10-09T06:16:11.7377064Z   type: 'test'
2026-10-09T06:16:11.7377690Z   ...
2026-10-09T06:16:11.7378444Z # Subtest: invalid JSON, UTF-8 and per-file/aggregate resource budgets fail closed
2026-10-09T06:16:11.7379524Z ok 180 - invalid JSON, UTF-8 and per-file/aggregate resource budgets fail closed
2026-10-09T06:16:11.7380219Z   ---
2026-10-09T06:16:11.7380556Z   duration_ms: 18.333733
2026-10-09T06:16:11.7380951Z   type: 'test'
2026-10-09T06:16:11.7381284Z   ...
2026-10-09T06:16:11.7382048Z # Subtest: original JavaScript-only program keeps its output without adding base CSS
2026-10-09T06:16:11.7383197Z ok 181 - original JavaScript-only program keeps its output without adding base CSS
2026-10-09T06:16:11.7383944Z   ---
2026-10-09T06:16:11.7384328Z   duration_ms: 270.175612
2026-10-09T06:16:11.7384755Z   type: 'test'
2026-10-09T06:16:11.7385118Z   ...
2026-10-09T06:16:11.7386095Z # Subtest: three-file ESM Page project becomes one locally hashed JS consumed by existing USER_SCRIPT compiler
2026-10-09T06:16:11.7387088Z ok 182 - three-file ESM Page project becomes one locally hashed JS consumed by existing USER_SCRIPT compiler
2026-10-09T06:16:11.7388152Z   ---
2026-10-09T06:16:11.7388507Z   duration_ms: 1061.662951
2026-10-09T06:16:11.7388906Z   type: 'test'
2026-10-09T06:16:11.7389239Z   ...
2026-10-09T06:16:11.7390270Z # Subtest: Controller ESM project produces the existing genuine Task v1 Candidate import format, not an Available claim
2026-10-09T06:16:11.7391669Z ok 183 - Controller ESM project produces the existing genuine Task v1 Candidate import format, not an Available claim
2026-10-09T06:16:11.7392215Z   ---
2026-10-09T06:16:11.7392453Z   duration_ms: 226.001098
2026-10-09T06:16:11.7392733Z   type: 'test'
2026-10-09T06:16:11.7392967Z   ...
2026-10-09T06:16:11.7393507Z # Subtest: development mode emits readable program JS, draft metadata and a separate local source map only
2026-10-09T06:16:11.7394329Z ok 184 - development mode emits readable program JS, draft metadata and a separate local source map only
2026-10-09T06:16:11.7394823Z   ---
2026-10-09T06:16:11.7395058Z   duration_ms: 103.720922
2026-10-09T06:16:11.7395340Z   type: 'test'
2026-10-09T06:16:11.7395575Z   ...
2026-10-09T06:16:11.7396091Z # Subtest: development source map maps final generated throw position back to local authoring module
2026-10-09T06:16:11.7396883Z ok 185 - development source map maps final generated throw position back to local authoring module
2026-10-09T06:16:11.7398053Z   ---
2026-10-09T06:16:11.7398462Z   duration_ms: 57.427099
2026-10-09T06:16:11.7398882Z   type: 'test'
2026-10-09T06:16:11.7399257Z   ...
2026-10-09T06:16:11.7400349Z # Subtest: a declared Page stylesheet enters the immutable program artifact rather than failing closed
2026-10-09T06:16:11.7401752Z ok 186 - a declared Page stylesheet enters the immutable program artifact rather than failing closed
2026-10-09T06:16:11.7402598Z   ---
2026-10-09T06:16:11.7402941Z   duration_ms: 181.215495
2026-10-09T06:16:11.7403329Z   type: 'test'
2026-10-09T06:16:11.7403687Z   ...
2026-10-09T06:16:11.7404745Z # Subtest: webpack dependency failures report project, phase and importing source location
2026-10-09T06:16:11.7406021Z ok 187 - webpack dependency failures report project, phase and importing source location
2026-10-09T06:16:11.7406804Z   ---
2026-10-09T06:16:11.7407648Z   duration_ms: 154.169681
2026-10-09T06:16:11.7408084Z   type: 'test'
2026-10-09T06:16:11.7408451Z   ...
2026-10-09T06:16:11.7411020Z # Subtest: untrusted remote and dynamic ESM imports are rejected before Webpack
2026-10-09T06:16:11.7412481Z ok 188 - untrusted remote and dynamic ESM imports are rejected before Webpack
2026-10-09T06:16:11.7413227Z   ---
2026-10-09T06:16:11.7413557Z   duration_ms: 7.192246
2026-10-09T06:16:11.7413930Z   type: 'test'
2026-10-09T06:16:11.7414255Z   ...
2026-10-09T06:16:11.7415066Z # Subtest: a frozen output directory rejects replacement without quietly publishing new bytes
2026-10-09T06:16:11.7416296Z ok 189 - a frozen output directory rejects replacement without quietly publishing new bytes
2026-10-09T06:16:11.7417032Z   ---
2026-10-09T06:16:11.7417563Z   duration_ms: 428.792634
2026-10-09T06:16:11.7417954Z   type: 'test'
2026-10-09T06:16:11.7418284Z   ...
2026-10-09T06:16:11.7418934Z # Subtest: UTF-8 BOM in an authoring module survives build and draft import
2026-10-09T06:16:11.7419874Z ok 190 - UTF-8 BOM in an authoring module survives build and draft import
2026-10-09T06:16:11.7420470Z   ---
2026-10-09T06:16:11.7420792Z   duration_ms: 814.990645
2026-10-09T06:16:11.7421180Z   type: 'test'
2026-10-09T06:16:11.7421501Z   ...
2026-10-09T06:16:11.7422213Z # Subtest: package metadata BOM fails at validation with the fixed Webpack boundary
2026-10-09T06:16:11.7423293Z ok 191 - package metadata BOM fails at validation with the fixed Webpack boundary
2026-10-09T06:16:11.7423953Z   ---
2026-10-09T06:16:11.7424275Z   duration_ms: 18.205001
2026-10-09T06:16:11.7424656Z   type: 'test'
2026-10-09T06:16:11.7424978Z   ...
2026-10-09T06:16:11.7425683Z # Subtest: Page prerelease version matches the project and draft schema at import
2026-10-09T06:16:11.7426763Z ok 192 - Page prerelease version matches the project and draft schema at import
2026-10-09T06:16:11.7427615Z   ---
2026-10-09T06:16:11.7427952Z   duration_ms: 256.19138
2026-10-09T06:16:11.7428337Z   type: 'test'
2026-10-09T06:16:11.7428678Z   ...
2026-10-09T06:16:11.7429438Z # Subtest: builder applies envelope budget to the bytes actually written for file import
2026-10-09T06:16:11.7430575Z ok 193 - builder applies envelope budget to the bytes actually written for file import
2026-10-09T06:16:11.7431277Z   ---
2026-10-09T06:16:11.7431596Z   duration_ms: 429.001104
2026-10-09T06:16:11.7431972Z   type: 'test'
2026-10-09T06:16:11.7432297Z   ...
2026-10-09T06:16:11.7433127Z # Subtest: matching archive reuses only recorded component scope and retains untested/failed cases
2026-10-09T06:16:11.7434416Z ok 194 - matching archive reuses only recorded component scope and retains untested/failed cases
2026-10-09T06:16:11.7435257Z   ---
2026-10-09T06:16:11.7435577Z   duration_ms: 87.001096
2026-10-09T06:16:11.7435962Z   type: 'test'
2026-10-09T06:16:11.7436291Z   ...
2026-10-09T06:16:11.7437012Z # Subtest: documentation and observer changes alone do not invalidate product inputs
2026-10-09T06:16:11.7438295Z ok 195 - documentation and observer changes alone do not invalidate product inputs
2026-10-09T06:16:11.7438992Z   ---
2026-10-09T06:16:11.7439308Z   duration_ms: 73.192465
2026-10-09T06:16:11.7439686Z   type: 'test'
2026-10-09T06:16:11.7440015Z   ...
2026-10-09T06:16:11.7440860Z # Subtest: changed source, dependency, manifest and fixture are reported without rewriting old PASS
2026-10-09T06:16:11.7442161Z ok 196 - changed source, dependency, manifest and fixture are reported without rewriting old PASS
2026-10-09T06:16:11.7442934Z   ---
2026-10-09T06:16:11.7443253Z   duration_ms: 57.040712
2026-10-09T06:16:11.7443629Z   type: 'test'
2026-10-09T06:16:11.7443948Z   ...
2026-10-09T06:16:11.7444675Z # Subtest: unknown or different package identity cannot authorize reuse
2026-10-09T06:16:11.7445932Z ok 197 - unknown or different package identity cannot authorize reuse
2026-10-09T06:16:11.7446606Z   ---
2026-10-09T06:16:11.7446959Z   duration_ms: 83.640719
2026-10-09T06:16:11.7447731Z   type: 'test'
2026-10-09T06:16:11.7448094Z   ...
2026-10-09T06:16:11.7448797Z # Subtest: trusted index hash rejects edited index
2026-10-09T06:16:11.7449498Z ok 198 - trusted index hash rejects edited index
2026-10-09T06:16:11.7450005Z   ---
2026-10-09T06:16:11.7450344Z   duration_ms: 34.956044
2026-10-09T06:16:11.7450737Z   type: 'test'
2026-10-09T06:16:11.7451103Z   ...
2026-10-09T06:16:11.7451747Z # Subtest: missing, changed and duplicate raw evidence prevents reuse
2026-10-09T06:16:11.7452681Z ok 199 - missing, changed and duplicate raw evidence prevents reuse
2026-10-09T06:16:11.7453279Z   ---
2026-10-09T06:16:11.7453615Z   duration_ms: 121.661726
2026-10-09T06:16:11.7454144Z   type: 'test'
2026-10-09T06:16:11.7454486Z   ...
2026-10-09T06:16:11.7455056Z # Subtest: archive paths reject traversal and symlink escape
2026-10-09T06:16:11.7455874Z ok 200 - archive paths reject traversal and symlink escape
2026-10-09T06:16:11.7456421Z   ---
2026-10-09T06:16:11.7456752Z   duration_ms: 108.506877
2026-10-09T06:16:11.7457137Z   type: 'test'
2026-10-09T06:16:11.7457760Z   ...
2026-10-09T06:16:11.7458761Z # Subtest: service results, wrong revision/document and incomplete retirement cannot replace controller result
2026-10-09T06:16:11.7460268Z ok 201 - service results, wrong revision/document and incomplete retirement cannot replace controller result
2026-10-09T06:16:11.7461134Z   ---
2026-10-09T06:16:11.7461469Z   duration_ms: 139.168763
2026-10-09T06:16:11.7461869Z   type: 'test'
2026-10-09T06:16:11.7462206Z   ...
2026-10-09T06:16:11.7462772Z # Subtest: the observed package must match the indexed package
2026-10-09T06:16:11.7463584Z ok 202 - the observed package must match the indexed package
2026-10-09T06:16:11.7464157Z   ---
2026-10-09T06:16:11.7464500Z   duration_ms: 61.170719
2026-10-09T06:16:11.7464914Z   type: 'test'
2026-10-09T06:16:11.7465281Z   ...
2026-10-09T06:16:11.7466025Z # Subtest: Page preview reuse requires its indexed exact-document native receipt
2026-10-09T06:16:11.7467103Z ok 203 - Page preview reuse requires its indexed exact-document native receipt
2026-10-09T06:16:11.7468025Z   ---
2026-10-09T06:16:11.7468371Z   duration_ms: 112.870585
2026-10-09T06:16:11.7468772Z   type: 'test'
2026-10-09T06:16:11.7469107Z   ...
2026-10-09T06:16:11.7469748Z # Subtest: saved revision identity must match complete source bytes
2026-10-09T06:16:11.7470653Z ok 204 - saved revision identity must match complete source bytes
2026-10-09T06:16:11.7471246Z   ---
2026-10-09T06:16:11.7471588Z   duration_ms: 100.844778
2026-10-09T06:16:11.7471985Z   type: 'test'
2026-10-09T06:16:11.7472318Z   ...
2026-10-09T06:16:11.7473120Z # Subtest: same bytes cannot hide a changed product file mode or symbolic-link target closure
2026-10-09T06:16:11.7474358Z ok 205 - same bytes cannot hide a changed product file mode or symbolic-link target closure
2026-10-09T06:16:11.7475109Z   ---
2026-10-09T06:16:11.7475455Z   duration_ms: 151.489857
2026-10-09T06:16:11.7475869Z   type: 'test'
2026-10-09T06:16:11.7476205Z   ...
2026-10-09T06:16:11.7477150Z # Subtest: contradictory or missing success outcome is rejected; explicit expected errors retain their scope
2026-10-09T06:16:11.7478963Z ok 206 - contradictory or missing success outcome is rejected; explicit expected errors retain their scope
2026-10-09T06:16:11.7479819Z   ---
2026-10-09T06:16:11.7480158Z   duration_ms: 114.096941
2026-10-09T06:16:11.7480576Z   type: 'test'
2026-10-09T06:16:11.7480922Z   ...
2026-10-09T06:16:11.7481731Z # Subtest: multi-file ESM authoring project is a source contract, not an installed program
2026-10-09T06:16:11.7483044Z ok 207 - multi-file ESM authoring project is a source contract, not an installed program
2026-10-09T06:16:11.7483783Z   ---
2026-10-09T06:16:11.7484124Z   duration_ms: 33.385915
2026-10-09T06:16:11.7484538Z   type: 'test'
2026-10-09T06:16:11.7484888Z   ...
2026-10-09T06:16:11.7485816Z # Subtest: imports cannot escape project or load remote modules at browser runtime
2026-10-09T06:16:11.7486933Z ok 208 - imports cannot escape project or load remote modules at browser runtime
2026-10-09T06:16:11.7487851Z   ---
2026-10-09T06:16:11.7488380Z   duration_ms: 12.419318
2026-10-09T06:16:11.7488778Z   type: 'test'
2026-10-09T06:16:11.7489120Z   ...
2026-10-09T06:16:11.7489967Z # Subtest: entry diagnostics distinguish missing and non-function defaults with source location
2026-10-09T06:16:11.7491278Z ok 209 - entry diagnostics distinguish missing and non-function defaults with source location
2026-10-09T06:16:11.7492049Z   ---
2026-10-09T06:16:11.7492393Z   duration_ms: 11.030378
2026-10-09T06:16:11.7492787Z   type: 'test'
2026-10-09T06:16:11.7493129Z   ...
2026-10-09T06:16:11.7493833Z # Subtest: dynamic import is not quietly kept as an unlocked runtime dependency
2026-10-09T06:16:11.7494882Z ok 210 - dynamic import is not quietly kept as an unlocked runtime dependency
2026-10-09T06:16:11.7495559Z   ---
2026-10-09T06:16:11.7495931Z   duration_ms: 7.682474
2026-10-09T06:16:11.7496327Z   type: 'test'
2026-10-09T06:16:11.7496656Z   ...
2026-10-09T06:16:11.7497641Z # Subtest: npm imports require declared dependencies and a committed matching npm lock
2026-10-09T06:16:11.7498839Z ok 211 - npm imports require declared dependencies and a committed matching npm lock
2026-10-09T06:16:11.7499555Z   ---
2026-10-09T06:16:11.7499897Z   duration_ms: 14.493247
2026-10-09T06:16:11.7500291Z   type: 'test'
2026-10-09T06:16:11.7500623Z   ...
2026-10-09T06:16:11.7501418Z # Subtest: Page/Controller source contracts remain discriminated without changing Task v1
2026-10-09T06:16:11.7502645Z ok 212 - Page/Controller source contracts remain discriminated without changing Task v1
2026-10-09T06:16:11.7503436Z   ---
2026-10-09T06:16:11.7503765Z   duration_ms: 9.28878
2026-10-09T06:16:11.7504152Z   type: 'test'
2026-10-09T06:16:11.7504484Z   ...
2026-10-09T06:16:11.7505128Z # Subtest: assets can be listed and hashed but never silently injected
2026-10-09T06:16:11.7506051Z ok 213 - assets can be listed and hashed but never silently injected
2026-10-09T06:16:11.7506651Z   ---
2026-10-09T06:16:11.7506974Z   duration_ms: 19.0135
2026-10-09T06:16:11.7507545Z   type: 'test'
2026-10-09T06:16:11.7508020Z   ...
2026-10-09T06:16:11.7508816Z # Subtest: source snapshots and executable hashes are independently checked before import
2026-10-09T06:16:11.7510026Z ok 214 - source snapshots and executable hashes are independently checked before import
2026-10-09T06:16:11.7510763Z   ---
2026-10-09T06:16:11.7511089Z   duration_ms: 17.328219
2026-10-09T06:16:11.7511476Z   type: 'test'
2026-10-09T06:16:11.7511813Z   ...
2026-10-09T06:16:11.7512683Z # Subtest: project file selection only changes the read-only viewer; execution uses exact frozen build
2026-10-09T06:16:11.7514041Z ok 215 - project file selection only changes the read-only viewer; execution uses exact frozen build
2026-10-09T06:16:11.7514858Z   ---
2026-10-09T06:16:11.7515228Z   duration_ms: 4.270914
2026-10-09T06:16:11.7515616Z   type: 'test'
2026-10-09T06:16:11.7515942Z   ...
2026-10-09T06:16:11.7516807Z # Subtest: R8 catalog has 188 single-owner capabilities, 40 complete tasks and an acyclic phased plan
2026-10-09T06:16:11.7518358Z ok 216 - R8 catalog has 188 single-owner capabilities, 40 complete tasks and an acyclic phased plan
2026-10-09T06:16:11.7519226Z   ---
2026-10-09T06:16:11.7519562Z   duration_ms: 7.082584
2026-10-09T06:16:11.7519936Z   type: 'test'
2026-10-09T06:16:11.7520263Z   ...
2026-10-09T06:16:11.7521236Z # Subtest: omitted deferred capability, duplicate primary ownership and invented capability fail the coverage gate
2026-10-09T06:16:11.7522783Z ok 217 - omitted deferred capability, duplicate primary ownership and invented capability fail the coverage gate
2026-10-09T06:16:11.7523673Z   ---
2026-10-09T06:16:11.7524007Z   duration_ms: 5.751759
2026-10-09T06:16:11.7524379Z   type: 'test'
2026-10-09T06:16:11.7524709Z   ...
2026-10-09T06:16:11.7525788Z # Subtest: invalid prerequisite, circular work ordering and duplicate catalog identity are rejected
2026-10-09T06:16:11.7527186Z ok 218 - invalid prerequisite, circular work ordering and duplicate catalog identity are rejected
2026-10-09T06:16:11.7528260Z   ---
2026-10-09T06:16:11.7528822Z   duration_ms: 13.754301
2026-10-09T06:16:11.7529233Z   type: 'test'
2026-10-09T06:16:11.7529573Z   ...
2026-10-09T06:16:11.7530456Z # Subtest: reopening the editor restores window-scoped source and params without starting or saving
2026-10-09T06:16:11.7531826Z ok 219 - reopening the editor restores window-scoped source and params without starting or saving
2026-10-09T06:16:11.7532621Z   ---
2026-10-09T06:16:11.7532962Z   duration_ms: 23.950468
2026-10-09T06:16:11.7533366Z   type: 'test'
2026-10-09T06:16:11.7533700Z   ...
2026-10-09T06:16:11.7534454Z # Subtest: another window draft and the catalog editor never replace the Sidebar draft
2026-10-09T06:16:11.7535690Z ok 220 - another window draft and the catalog editor never replace the Sidebar draft
2026-10-09T06:16:11.7536418Z   ---
2026-10-09T06:16:11.7536760Z   duration_ms: 9.631246
2026-10-09T06:16:11.7537149Z   type: 'test'
2026-10-09T06:16:11.7537697Z   ...
2026-10-09T06:16:11.7538515Z # Subtest: reopening a project draft preserves the source view and compiled execution bytes
2026-10-09T06:16:11.7539777Z ok 221 - reopening a project draft preserves the source view and compiled execution bytes
2026-10-09T06:16:11.7540531Z   ---
2026-10-09T06:16:11.7540864Z   duration_ms: 16.533056
2026-10-09T06:16:11.7541255Z   type: 'test'
2026-10-09T06:16:11.7541592Z   ...
2026-10-09T06:16:11.7542250Z # Subtest: a delayed draft restore never overwrites newly imported source
2026-10-09T06:16:11.7543211Z ok 222 - a delayed draft restore never overwrites newly imported source
2026-10-09T06:16:11.7543847Z   ---
2026-10-09T06:16:11.7544180Z   duration_ms: 3.976054
2026-10-09T06:16:11.7544585Z   type: 'test'
2026-10-09T06:16:11.7544973Z   ...
2026-10-09T06:16:11.7545727Z # Subtest: importing a JS draft leaves saved versions and running source independent
2026-10-09T06:16:11.7546851Z ok 223 - importing a JS draft leaves saved versions and running source independent
2026-10-09T06:16:11.7547871Z   ---
2026-10-09T06:16:11.7548223Z   duration_ms: 11.793099
2026-10-09T06:16:11.7548643Z   type: 'test'
2026-10-09T06:16:11.7549003Z   ...
2026-10-09T06:16:11.7549918Z # Subtest: draft import rejects empty/oversized sources and active saves without overwriting the editor
2026-10-09T06:16:11.7551320Z ok 224 - draft import rejects empty/oversized sources and active saves without overwriting the editor
2026-10-09T06:16:11.7552136Z   ---
2026-10-09T06:16:11.7552475Z   duration_ms: 11.158965
2026-10-09T06:16:11.7552885Z   type: 'test'
2026-10-09T06:16:11.7553226Z   ...
2026-10-09T06:16:11.7554133Z # Subtest: catalog draft import updates dependency review from the new source without saving or running
2026-10-09T06:16:11.7555532Z ok 225 - catalog draft import updates dependency review from the new source without saving or running
2026-10-09T06:16:11.7556358Z   ---
2026-10-09T06:16:11.7556696Z   duration_ms: 5.733225
2026-10-09T06:16:11.7557094Z   type: 'test'
2026-10-09T06:16:11.7557662Z   ...
2026-10-09T06:16:11.7558570Z # Subtest: Save persists revision/hash without requesting permission, creating a Run, or executing code
2026-10-09T06:16:11.7559981Z ok 226 - Save persists revision/hash without requesting permission, creating a Run, or executing code
2026-10-09T06:16:11.7560789Z   ---
2026-10-09T06:16:11.7561131Z   duration_ms: 4.89512
2026-10-09T06:16:11.7561533Z   type: 'test'
2026-10-09T06:16:11.7561865Z   ...
2026-10-09T06:16:11.7562805Z # Subtest: reopened editor lists saved scripts without running and loads the selected latest head explicitly
2026-10-09T06:16:11.7564283Z ok 227 - reopened editor lists saved scripts without running and loads the selected latest head explicitly
2026-10-09T06:16:11.7565137Z   ---
2026-10-09T06:16:11.7565466Z   duration_ms: 3.775379
2026-10-09T06:16:11.7565852Z   type: 'test'
2026-10-09T06:16:11.7566417Z   ...
2026-10-09T06:16:11.7567197Z # Subtest: loading a historical revision does not turn it into the latest Save CAS head
2026-10-09T06:16:11.7568596Z ok 228 - loading a historical revision does not turn it into the latest Save CAS head
2026-10-09T06:16:11.7569491Z   ---
2026-10-09T06:16:11.7569833Z   duration_ms: 6.71993
2026-10-09T06:16:11.7570222Z   type: 'test'
2026-10-09T06:16:11.7570558Z   ...
2026-10-09T06:16:11.7571296Z # Subtest: Delete tombstones the latest head and refreshes the saved-script selector
2026-10-09T06:16:11.7572411Z ok 229 - Delete tombstones the latest head and refreshes the saved-script selector
2026-10-09T06:16:11.7573102Z   ---
2026-10-09T06:16:11.7573430Z   duration_ms: 4.095708
2026-10-09T06:16:11.7573811Z   type: 'test'
2026-10-09T06:16:11.7574149Z   ...
2026-10-09T06:16:11.7575097Z # Subtest: saved A stays immutable; Run freezes unsaved B/params/page A; editing C and Save do not replace B
2026-10-09T06:16:11.7576555Z ok 230 - saved A stays immutable; Run freezes unsaved B/params/page A; editing C and Save do not replace B
2026-10-09T06:16:11.7577737Z   ---
2026-10-09T06:16:11.7578092Z   duration_ms: 9.359092
2026-10-09T06:16:11.7578478Z   type: 'test'
2026-10-09T06:16:11.7578826Z   ...
2026-10-09T06:16:11.7579717Z # Subtest: a brand-new unsaved draft runs with an empty script ID and never creates a saved revision
2026-10-09T06:16:11.7581066Z ok 231 - a brand-new unsaved draft runs with an empty script ID and never creates a saved revision
2026-10-09T06:16:11.7581838Z   ---
2026-10-09T06:16:11.7582279Z   duration_ms: 5.862877
2026-10-09T06:16:11.7582678Z   type: 'test'
2026-10-09T06:16:11.7583044Z   ...
2026-10-09T06:16:11.7584032Z # Subtest: permission preparation rejects a switched page; closing the editor during permission never admits a run
2026-10-09T06:16:11.7585558Z ok 232 - permission preparation rejects a switched page; closing the editor during permission never admits a run
2026-10-09T06:16:11.7586463Z   ---
2026-10-09T06:16:11.7586813Z   duration_ms: 21.506238
2026-10-09T06:16:11.7587245Z   type: 'test'
2026-10-09T06:16:11.7587888Z   ...
2026-10-09T06:16:11.7588840Z # Subtest: shared RunHost completion or Stop restores the draft Run button after another consumer settles
2026-10-09T06:16:11.7590441Z ok 233 - shared RunHost completion or Stop restores the draft Run button after another consumer settles
2026-10-09T06:16:11.7591316Z   ---
2026-10-09T06:16:11.7591696Z   duration_ms: 8.56387
2026-10-09T06:16:11.7592128Z   type: 'test'
2026-10-09T06:16:11.7592494Z   ...
2026-10-09T06:16:11.7593449Z # Subtest: Stop uses the formal RunHost abort/retirement path and persists stopped with the original pin
2026-10-09T06:16:11.7594928Z ok 234 - Stop uses the formal RunHost abort/retirement path and persists stopped with the original pin
2026-10-09T06:16:11.7595806Z   ---
2026-10-09T06:16:11.7596175Z   duration_ms: 5.710276
2026-10-09T06:16:11.7596594Z   type: 'test'
2026-10-09T06:16:11.7596940Z   ...
2026-10-09T06:16:11.7598235Z # Subtest: pagehide invokes RunHost host-close; reopened editor only reads the durable interrupted Result
2026-10-09T06:16:11.7599782Z ok 235 - pagehide invokes RunHost host-close; reopened editor only reads the durable interrupted Result
2026-10-09T06:16:11.7600733Z   ---
2026-10-09T06:16:11.7601234Z   duration_ms: 6.692977
2026-10-09T06:16:11.7601676Z   type: 'test'
2026-10-09T06:16:11.7602068Z   ...
2026-10-09T06:16:11.7603048Z # Subtest: late Save/Load replies do not overwrite another script selection or edits made during loading
2026-10-09T06:16:11.7604537Z ok 236 - late Save/Load replies do not overwrite another script selection or edits made during loading
2026-10-09T06:16:11.7605442Z   ---
2026-10-09T06:16:11.7605834Z   duration_ms: 7.402031
2026-10-09T06:16:11.7606265Z   type: 'test'
2026-10-09T06:16:11.7606651Z   ...
2026-10-09T06:16:11.7607911Z # Subtest: late saved-script selector load cannot overwrite edits made during loading
2026-10-09T06:16:11.7609156Z ok 237 - late saved-script selector load cannot overwrite edits made during loading
2026-10-09T06:16:11.7610135Z   ---
2026-10-09T06:16:11.7610531Z   duration_ms: 7.315278
2026-10-09T06:16:11.7610973Z   type: 'test'
2026-10-09T06:16:11.7611338Z   ...
2026-10-09T06:16:11.7612181Z # Subtest: an older snapshot reply cannot disable Run after a newer durable observation
2026-10-09T06:16:11.7613704Z ok 238 - an older snapshot reply cannot disable Run after a newer durable observation
2026-10-09T06:16:11.7614489Z   ---
2026-10-09T06:16:11.7614878Z   duration_ms: 5.789009
2026-10-09T06:16:11.7615339Z   type: 'test'
2026-10-09T06:16:11.7615687Z   ...
2026-10-09T06:16:11.7616490Z # Subtest: an older snapshot error cannot overwrite a newer successful durable view
2026-10-09T06:16:11.7617952Z ok 239 - an older snapshot error cannot overwrite a newer successful durable view
2026-10-09T06:16:11.7618701Z   ---
2026-10-09T06:16:11.7619071Z   duration_ms: 6.952481
2026-10-09T06:16:11.7619511Z   type: 'test'
2026-10-09T06:16:11.7619888Z   ...
2026-10-09T06:16:11.7621065Z # Subtest: the permission request remains synchronous in the click fixture; denied permission and invalid params execute nothing
2026-10-09T06:16:11.7622957Z ok 240 - the permission request remains synchronous in the click fixture; denied permission and invalid params execute nothing
2026-10-09T06:16:11.7624001Z   ---
2026-10-09T06:16:11.7624378Z   duration_ms: 7.3056
2026-10-09T06:16:11.7624801Z   type: 'test'
2026-10-09T06:16:11.7625172Z   ...
2026-10-09T06:16:11.7626168Z # Subtest: DOM preview binds frozen source, dependency choice and exact current document from trusted click
2026-10-09T06:16:11.7628026Z ok 241 - DOM preview binds frozen source, dependency choice and exact current document from trusted click
2026-10-09T06:16:11.7628953Z   ---
2026-10-09T06:16:11.7629334Z   duration_ms: 2.887431
2026-10-09T06:16:11.7629751Z   type: 'test'
2026-10-09T06:16:11.7630092Z   ...
2026-10-09T06:16:11.7630985Z # Subtest: DOM preview refuses to inject when the active document changes while permission is pending
2026-10-09T06:16:11.7632431Z ok 242 - DOM preview refuses to inject when the active document changes while permission is pending
2026-10-09T06:16:11.7633285Z   ---
2026-10-09T06:16:11.7633654Z   duration_ms: 4.599508
2026-10-09T06:16:11.7634066Z   type: 'test'
2026-10-09T06:16:11.7634424Z   ...
2026-10-09T06:16:11.7635402Z # Subtest: Developer Stop cannot cancel the formal Task or another view using the shared RunHost
2026-10-09T06:16:11.7636750Z ok 243 - Developer Stop cannot cancel the formal Task or another view using the shared RunHost
2026-10-09T06:16:11.7637865Z   ---
2026-10-09T06:16:11.7638242Z   duration_ms: 3.941269
2026-10-09T06:16:11.7638821Z   type: 'test'
2026-10-09T06:16:11.7639183Z   ...
2026-10-09T06:16:11.7640131Z # Subtest: project import displays source while Save and Run freeze compiled bytes and the original hash
2026-10-09T06:16:11.7641537Z ok 244 - project import displays source while Save and Run freeze compiled bytes and the original hash
2026-10-09T06:16:11.7642389Z   ---
2026-10-09T06:16:11.7642749Z   duration_ms: 9.161394
2026-10-09T06:16:11.7643188Z   type: 'test'
2026-10-09T06:16:11.7643536Z   ...
2026-10-09T06:16:11.7644520Z # Subtest: invalid project envelope leaves the previous editor source and no execution or saved revision
2026-10-09T06:16:11.7646055Z ok 245 - invalid project envelope leaves the previous editor source and no execution or saved revision
2026-10-09T06:16:11.7646978Z   ---
2026-10-09T06:16:11.7647767Z   duration_ms: 4.101578
2026-10-09T06:16:11.7648228Z   type: 'test'
2026-10-09T06:16:11.7648600Z   ...
2026-10-09T06:16:11.7649389Z # Subtest: same-window catalog hands off exact source without invoking a runner
2026-10-09T06:16:11.7650540Z ok 246 - same-window catalog hands off exact source without invoking a runner
2026-10-09T06:16:11.7651281Z   ---
2026-10-09T06:16:11.7651678Z   duration_ms: 1.725582
2026-10-09T06:16:11.7652109Z   type: 'test'
2026-10-09T06:16:11.7652480Z   ...
2026-10-09T06:16:11.7653476Z # Subtest: draft handoff refuses other windows, senders, content pages, private tabs and catalog recipients
2026-10-09T06:16:11.7655279Z ok 247 - draft handoff refuses other windows, senders, content pages, private tabs and catalog recipients
2026-10-09T06:16:11.7656213Z   ---
2026-10-09T06:16:11.7656605Z   duration_ms: 1.729038
2026-10-09T06:16:11.7657060Z   type: 'test'
2026-10-09T06:16:11.7657977Z   ...
2026-10-09T06:16:11.7658799Z # Subtest: editor rejection is returned explicitly without claiming import success
2026-10-09T06:16:11.7659984Z ok 248 - editor rejection is returned explicitly without claiming import success
2026-10-09T06:16:11.7660753Z   ---
2026-10-09T06:16:11.7661131Z   duration_ms: 0.325828
2026-10-09T06:16:11.7661564Z   type: 'test'
2026-10-09T06:16:11.7661899Z   ...
2026-10-09T06:16:11.7662798Z # Subtest: RunHost freezes a draft source variant and parameters before awaiting the host connection
2026-10-09T06:16:11.7664180Z ok 249 - RunHost freezes a draft source variant and parameters before awaiting the host connection
2026-10-09T06:16:11.7664989Z   ---
2026-10-09T06:16:11.7665363Z   duration_ms: 6.669733
2026-10-09T06:16:11.7665800Z   type: 'test'
2026-10-09T06:16:11.7666176Z   ...
2026-10-09T06:16:11.7666948Z # Subtest: saved script API retains explicit scriptId/revision/contentHash admission
2026-10-09T06:16:11.7668524Z ok 250 - saved script API retains explicit scriptId/revision/contentHash admission
2026-10-09T06:16:11.7669322Z   ---
2026-10-09T06:16:11.7669692Z   duration_ms: 0.611993
2026-10-09T06:16:11.7670088Z   type: 'test'
2026-10-09T06:16:11.7670432Z   ...
2026-10-09T06:16:11.7671060Z # Subtest: manifest exposes tool.html as a global Chrome Side Panel
2026-10-09T06:16:11.7672019Z ok 251 - manifest exposes tool.html as a global Chrome Side Panel
2026-10-09T06:16:11.7672626Z   ---
2026-10-09T06:16:11.7672978Z   duration_ms: 9.221598
2026-10-09T06:16:11.7673361Z   type: 'test'
2026-10-09T06:16:11.7673698Z   ...
2026-10-09T06:16:11.7674226Z # Subtest: product shell has no popup-window fallback
2026-10-09T06:16:11.7674952Z ok 252 - product shell has no popup-window fallback
2026-10-09T06:16:11.7675491Z   ---
2026-10-09T06:16:11.7675834Z   duration_ms: 1.998701
2026-10-09T06:16:11.7676222Z   type: 'test'
2026-10-09T06:16:11.7676558Z   ...
2026-10-09T06:16:11.7677606Z # Subtest: default Run freezes Current Page then revalidates before existing RunHost
2026-10-09T06:16:11.7678832Z ok 253 - default Run freezes Current Page then revalidates before existing RunHost
2026-10-09T06:16:11.7679551Z   ---
2026-10-09T06:16:11.7679922Z   duration_ms: 5.563135
2026-10-09T06:16:11.7680330Z   type: 'test'
2026-10-09T06:16:11.7680695Z   ...
2026-10-09T06:16:11.7681608Z # Subtest: trusted Side Panel run sends the exact unsaved draft to the original Controller authority
2026-10-09T06:16:11.7683014Z ok 254 - trusted Side Panel run sends the exact unsaved draft to the original Controller authority
2026-10-09T06:16:11.7683820Z   ---
2026-10-09T06:16:11.7684170Z   duration_ms: 3.274745
2026-10-09T06:16:11.7684581Z   type: 'test'
2026-10-09T06:16:11.7684946Z   ...
2026-10-09T06:16:11.7685593Z # Subtest: R6 uses valid tab roles with labelled content panels
2026-10-09T06:16:11.7686469Z ok 255 - R6 uses valid tab roles with labelled content panels
2026-10-09T06:16:11.7687072Z   ---
2026-10-09T06:16:11.7687723Z   duration_ms: 1.918072
2026-10-09T06:16:11.7688147Z   type: 'test'
2026-10-09T06:16:11.7688536Z   ...
2026-10-09T06:16:11.7689363Z # Subtest: R4 Sidebar sections preserve consumer controls and keep engineering tools folded
2026-10-09T06:16:11.7690647Z ok 256 - R4 Sidebar sections preserve consumer controls and keep engineering tools folded
2026-10-09T06:16:11.7691431Z   ---
2026-10-09T06:16:11.7691782Z   duration_ms: 3.996602
2026-10-09T06:16:11.7692177Z   type: 'test'
2026-10-09T06:16:11.7692526Z   ...
2026-10-09T06:16:11.7693307Z # Subtest: Sidebar starts at its three tabs without repeating Chrome extension identity
2026-10-09T06:16:11.7694488Z ok 257 - Sidebar starts at its three tabs without repeating Chrome extension identity
2026-10-09T06:16:11.7695224Z   ---
2026-10-09T06:16:11.7695604Z   duration_ms: 3.96343
2026-10-09T06:16:11.7696341Z   type: 'test'
2026-10-09T06:16:11.7696742Z   ...
2026-10-09T06:16:12.3354545Z # Subtest: three project folders: genuine ESM graphs and fixed CSS/JSON/PNG byte hashes
2026-10-09T06:16:12.3355898Z ok 258 - three project folders: genuine ESM graphs and fixed CSS/JSON/PNG byte hashes
2026-10-09T06:16:12.3356844Z   ---
2026-10-09T06:16:12.3357276Z   duration_ms: 44.64118
2026-10-09T06:16:12.3357965Z   type: 'test'
2026-10-09T06:16:12.3358357Z   ...
2026-10-09T06:16:12.3359087Z # Subtest: Page ESM bundles into USER_SCRIPT and repeated execution creates only one visible marker
2026-10-09T06:16:12.3360069Z ok 259 - Page ESM bundles into USER_SCRIPT and repeated execution creates only one visible marker
2026-10-09T06:16:12.3360641Z   ---
2026-10-09T06:16:12.3360882Z   duration_ms: 782.801314
2026-10-09T06:16:12.3361154Z   type: 'test'
2026-10-09T06:16:12.3361400Z   ...
2026-10-09T06:16:12.5056243Z # Subtest: Controller ESM emits a Task v1 Candidate and invokes only approved Locator methods
2026-10-09T06:16:12.5057211Z ok 260 - Controller ESM emits a Task v1 Candidate and invokes only approved Locator methods
2026-10-09T06:16:12.5058080Z   ---
2026-10-09T06:16:12.5058421Z   duration_ms: 170.156551
2026-10-09T06:16:12.5058822Z   type: 'test'
2026-10-09T06:16:12.5059085Z   ...
2026-10-09T06:16:12.6423491Z # Subtest: declared CSS/JSON/PNG are frozen into Page USER_SCRIPT without becoming installed
2026-10-09T06:16:12.6424623Z ok 261 - declared CSS/JSON/PNG are frozen into Page USER_SCRIPT without becoming installed
2026-10-09T06:16:12.6425379Z   ---
2026-10-09T06:16:12.6425637Z   duration_ms: 136.69297
2026-10-09T06:16:12.6425956Z   type: 'test'
2026-10-09T06:16:12.6426308Z   ...
2026-10-09T06:16:12.6561731Z # Subtest: trusted tool host installs only by explicit click, scopes messages and removes storage
2026-10-09T06:16:12.6563086Z ok 262 - trusted tool host installs only by explicit click, scopes messages and removes storage
2026-10-09T06:16:12.6563850Z   ---
2026-10-09T06:16:12.6564239Z   duration_ms: 10.899353
2026-10-09T06:16:12.6564637Z   type: 'test'
2026-10-09T06:16:12.6564968Z   ...
2026-10-09T06:16:12.6565647Z # Subtest: tool contract is independent of Task v1 and is closed by default
2026-10-09T06:16:12.6566621Z ok 263 - tool contract is independent of Task v1 and is closed by default
2026-10-09T06:16:12.6567441Z   ---
2026-10-09T06:16:12.6567789Z   duration_ms: 6.878112
2026-10-09T06:16:12.6568173Z   type: 'test'
2026-10-09T06:16:12.6568508Z   ...
2026-10-09T06:16:12.6569302Z # Subtest: native tool directory packs JS/CSS/HTML and a local image into a portable JSON
2026-10-09T06:16:12.6570468Z ok 264 - native tool directory packs JS/CSS/HTML and a local image into a portable JSON
2026-10-09T06:16:12.6571168Z   ---
2026-10-09T06:16:12.6571493Z   duration_ms: 14.676984
2026-10-09T06:16:12.6571890Z   type: 'test'
2026-10-09T06:16:12.6572222Z   ...
2026-10-09T06:16:12.6573017Z # Subtest: new sandbox uses isolated Chrome MV3 resource and a narrow host message protocol
2026-10-09T06:16:12.6574217Z ok 265 - new sandbox uses isolated Chrome MV3 resource and a narrow host message protocol
2026-10-09T06:16:12.6574926Z   ---
2026-10-09T06:16:12.6575250Z   duration_ms: 3.883691
2026-10-09T06:16:12.6575632Z   type: 'test'
2026-10-09T06:16:12.6575957Z   ...
2026-10-09T06:16:12.6576864Z # Subtest: R3 remains immutable reference; R4 preview keeps installed Discover and independent full catalog
2026-10-09T06:16:12.6578644Z ok 266 - R3 remains immutable reference; R4 preview keeps installed Discover and independent full catalog
2026-10-09T06:16:12.6579162Z   ---
2026-10-09T06:16:12.6579417Z   duration_ms: 8.844224
2026-10-09T06:16:12.6579681Z   type: 'test'
2026-10-09T06:16:12.6579923Z   ...
2026-10-09T06:16:12.6580487Z # Subtest: R5 official sidebar preserves three views, privileged controls, compact discovery and task history
2026-10-09T06:16:12.6581339Z ok 267 - R5 official sidebar preserves three views, privileged controls, compact discovery and task history
2026-10-09T06:16:12.6581847Z   ---
2026-10-09T06:16:12.6582407Z   duration_ms: 4.327563
2026-10-09T06:16:12.6582676Z   type: 'test'
2026-10-09T06:16:12.6582907Z   ...
2026-10-09T06:16:12.6583401Z # Subtest: R5 keeps one derived interactive prototype with installed-only compact discovery
2026-10-09T06:16:12.6584250Z ok 268 - R5 keeps one derived interactive prototype with installed-only compact discovery
2026-10-09T06:16:12.6584714Z   ---
2026-10-09T06:16:12.6584939Z   duration_ms: 2.406954
2026-10-09T06:16:12.6585194Z   type: 'test'
2026-10-09T06:16:12.6585428Z   ...
2026-10-09T06:16:12.6585933Z # Subtest: required all-url host is the single source of truth; no optional host prompts at startup
2026-10-09T06:16:12.6586683Z ok 269 - required all-url host is the single source of truth; no optional host prompts at startup
2026-10-09T06:16:12.6587152Z   ---
2026-10-09T06:16:12.6587698Z   duration_ms: 3.819631
2026-10-09T06:16:12.6587966Z   type: 'test'
2026-10-09T06:16:12.6588206Z   ...
2026-10-09T06:16:12.6588689Z # Subtest: a trusted click can re-request withheld required host access without options
2026-10-09T06:16:12.6589358Z ok 270 - a trusted click can re-request withheld required host access without options
2026-10-09T06:16:12.6589791Z   ---
2026-10-09T06:16:12.6590017Z   duration_ms: 0.9535
2026-10-09T06:16:12.6590276Z   type: 'test'
2026-10-09T06:16:12.6590506Z   ...
2026-10-09T06:16:12.6591003Z # Subtest: untrusted events cannot change permission; native denial never fabricates approval
2026-10-09T06:16:12.6591735Z ok 271 - untrusted events cannot change permission; native denial never fabricates approval
2026-10-09T06:16:12.6592196Z   ---
2026-10-09T06:16:12.6592430Z   duration_ms: 1.369056
2026-10-09T06:16:12.6592690Z   type: 'test'
2026-10-09T06:16:12.6592921Z   ...
2026-10-09T06:16:12.6593379Z # Subtest: Chrome site access restrictions invalidate status and never auto-regrant
2026-10-09T06:16:12.6594033Z ok 272 - Chrome site access restrictions invalidate status and never auto-regrant
2026-10-09T06:16:12.6594456Z   ---
2026-10-09T06:16:12.6594688Z   duration_ms: 0.494063
2026-10-09T06:16:12.6594948Z   type: 'test'
2026-10-09T06:16:12.6595190Z   ...
2026-10-09T06:16:12.6595659Z # Subtest: Chrome onAdded event cannot erase actual approved status during raced refresh
2026-10-09T06:16:12.6596344Z ok 273 - Chrome onAdded event cannot erase actual approved status during raced refresh
2026-10-09T06:16:12.6596784Z   ---
2026-10-09T06:16:12.6597019Z   duration_ms: 1.307411
2026-10-09T06:16:12.6597522Z   type: 'test'
2026-10-09T06:16:12.6597892Z   ...
2026-10-09T06:16:12.6598720Z # Subtest: core API status is separately queried; it never grants applications automatically
2026-10-09T06:16:12.6599914Z ok 274 - core API status is separately queried; it never grants applications automatically
2026-10-09T06:16:12.6600372Z   ---
2026-10-09T06:16:12.6600612Z   duration_ms: 0.82476
2026-10-09T06:16:12.6600869Z   type: 'test'
2026-10-09T06:16:12.6601103Z   ...
2026-10-09T06:16:12.6601547Z # Subtest: developer site controls remain nested in the original three-tab workbench
2026-10-09T06:16:12.6602215Z ok 275 - developer site controls remain nested in the original three-tab workbench
2026-10-09T06:16:12.6602643Z   ---
2026-10-09T06:16:12.6602872Z   duration_ms: 15.827806
2026-10-09T06:16:12.6603143Z   type: 'test'
2026-10-09T06:16:12.6603399Z   ...
2026-10-09T06:16:12.6603997Z # Subtest: package hashes and closed schema reject forged status, altered source, extra permissions and invalid params
2026-10-09T06:16:12.6604910Z ok 276 - package hashes and closed schema reject forged status, altered source, extra permissions and invalid params
2026-10-09T06:16:12.6605463Z   ---
2026-10-09T06:16:12.6605696Z   duration_ms: 21.021977
2026-10-09T06:16:12.6605959Z   type: 'test'
2026-10-09T06:16:12.6606176Z   ...
2026-10-09T06:16:12.6606779Z # Subtest: candidate cannot install without matching trustworthy native run, then exact Available version can install
2026-10-09T06:16:12.6607970Z ok 277 - candidate cannot install without matching trustworthy native run, then exact Available version can install
2026-10-09T06:16:12.6608716Z   ---
2026-10-09T06:16:12.6608963Z   duration_ms: 19.635075
2026-10-09T06:16:12.6609217Z   type: 'test'
2026-10-09T06:16:12.6609448Z   ...
2026-10-09T06:16:12.6609864Z # Subtest: same task version cannot replace even a correctly hashed package
2026-10-09T06:16:12.6610585Z ok 278 - same task version cannot replace even a correctly hashed package
2026-10-09T06:16:12.6610982Z   ---
2026-10-09T06:16:12.6611206Z   duration_ms: 5.496402
2026-10-09T06:16:12.6611453Z   type: 'test'
2026-10-09T06:16:12.6623000Z   ...
2026-10-09T06:16:12.6623791Z # Subtest: the checked-in sample is an authentic v1 package with exact manifest and source hashes
2026-10-09T06:16:12.6624642Z ok 279 - the checked-in sample is an authentic v1 package with exact manifest and source hashes
2026-10-09T06:16:12.6625157Z   ---
2026-10-09T06:16:12.6625432Z   duration_ms: 2.573225
2026-10-09T06:16:12.6625718Z   type: 'test'
2026-10-09T06:16:12.6625965Z   ...
2026-10-09T06:16:12.6626583Z # Subtest: formal verification refuses altered admission identity, failed effects and mismatched receipts
2026-10-09T06:16:12.6627888Z ok 280 - formal verification refuses altered admission identity, failed effects and mismatched receipts
2026-10-09T06:16:12.6628470Z   ---
2026-10-09T06:16:12.6628750Z   duration_ms: 16.671393
2026-10-09T06:16:12.6629044Z   type: 'test'
2026-10-09T06:16:12.6629296Z   ...
2026-10-09T06:16:12.6629819Z # Subtest: invalid task schema and origin return typed errors instead of generic exceptions
2026-10-09T06:16:12.6630644Z ok 281 - invalid task schema and origin return typed errors instead of generic exceptions
2026-10-09T06:16:12.6631142Z   ---
2026-10-09T06:16:12.6631402Z   duration_ms: 1.966882
2026-10-09T06:16:12.6631698Z   type: 'test'
2026-10-09T06:16:12.6631957Z   ...
2026-10-09T06:16:12.6632629Z # Subtest: entering Sidebar task views reads external installations without executing and preserves unchanged form inputs
2026-10-09T06:16:12.6633696Z ok 282 - entering Sidebar task views reads external installations without executing and preserves unchanged form inputs
2026-10-09T06:16:12.6634297Z   ---
2026-10-09T06:16:12.6634545Z   duration_ms: 26.974454
2026-10-09T06:16:12.6634843Z   type: 'test'
2026-10-09T06:16:12.6635094Z   ...
2026-10-09T06:16:12.6635661Z # Subtest: installed tasks default page, render schema form and freeze the exact saved version/params/target
2026-10-09T06:16:12.6636549Z ok 283 - installed tasks default page, render schema form and freeze the exact saved version/params/target
2026-10-09T06:16:12.6637086Z   ---
2026-10-09T06:16:12.6637569Z   duration_ms: 22.092198
2026-10-09T06:16:12.6638017Z   type: 'test'
2026-10-09T06:16:12.6638373Z   ...
2026-10-09T06:16:12.6639231Z # Subtest: installed task can be explicitly forked into an independent unsaved editor draft
2026-10-09T06:16:12.6639976Z ok 284 - installed task can be explicitly forked into an independent unsaved editor draft
2026-10-09T06:16:12.6640435Z   ---
2026-10-09T06:16:12.6640672Z   duration_ms: 7.579431
2026-10-09T06:16:12.6640940Z   type: 'test'
2026-10-09T06:16:12.6641182Z   ...
2026-10-09T06:16:12.6641712Z # Subtest: task Stop cannot cancel another view's in-flight draft; parameter form never navigates
2026-10-09T06:16:12.6642474Z ok 285 - task Stop cannot cancel another view's in-flight draft; parameter form never navigates
2026-10-09T06:16:12.6642969Z   ---
2026-10-09T06:16:12.6643200Z   duration_ms: 5.668032
2026-10-09T06:16:12.6643460Z   type: 'test'
2026-10-09T06:16:12.6643698Z   ...
2026-10-09T06:16:12.6644163Z # Subtest: installed task refuses stale target after async installed-version lookup
2026-10-09T06:16:12.6644823Z ok 286 - installed task refuses stale target after async installed-version lookup
2026-10-09T06:16:12.6645251Z   ---
2026-10-09T06:16:12.6645481Z   duration_ms: 8.188627
2026-10-09T06:16:12.6645724Z   type: 'test'
2026-10-09T06:16:12.6645951Z   ...
2026-10-09T06:16:12.6646419Z # Subtest: task cards retain readable selection and do not surface raw IDs as the main UI
2026-10-09T06:16:12.6648671Z ok 287 - task cards retain readable selection and do not surface raw IDs as the main UI
2026-10-09T06:16:12.6649342Z   ---
2026-10-09T06:16:12.6649601Z   duration_ms: 6.533412
2026-10-09T06:16:12.6649872Z   type: 'test'
2026-10-09T06:16:12.6650122Z   ...
2026-10-09T06:16:12.6650879Z # Subtest: Sidebar Discover searches installed tasks only and selects a task without running or opening the catalog
2026-10-09T06:16:12.6651798Z ok 288 - Sidebar Discover searches installed tasks only and selects a task without running or opening the catalog
2026-10-09T06:16:12.6652326Z   ---
2026-10-09T06:16:12.6652564Z   duration_ms: 10.164278
2026-10-09T06:16:12.6652833Z   type: 'test'
2026-10-09T06:16:12.6653066Z   ...
2026-10-09T06:16:12.6653542Z # Subtest: Discover filter controls are real view filters and cannot start another run
2026-10-09T06:16:12.6654227Z ok 289 - Discover filter controls are real view filters and cannot start another run
2026-10-09T06:16:12.6654669Z   ---
2026-10-09T06:16:12.6654912Z   duration_ms: 9.419357
2026-10-09T06:16:12.6655188Z   type: 'test'
2026-10-09T06:16:12.6655415Z   ...
2026-10-09T06:16:12.6655904Z # Subtest: opening the separate full-size catalog preserves its import and management view
2026-10-09T06:16:12.6656616Z ok 290 - opening the separate full-size catalog preserves its import and management view
2026-10-09T06:16:12.6657089Z   ---
2026-10-09T06:16:12.6657682Z   duration_ms: 3.952349
2026-10-09T06:16:12.6658026Z   type: 'test'
2026-10-09T06:16:12.6658277Z   ...
2026-10-09T06:16:12.6658856Z # Subtest: full-size catalog keeps its own reader after real install and re-reads the single Task Catalog state
2026-10-09T06:16:12.6659717Z ok 291 - full-size catalog keeps its own reader after real install and re-reads the single Task Catalog state
2026-10-09T06:16:12.6660244Z   ---
2026-10-09T06:16:12.6660475Z   duration_ms: 6.58236
2026-10-09T06:16:12.6660734Z   type: 'test'
2026-10-09T06:16:12.6660970Z   ...
2026-10-09T06:16:12.6661496Z # Subtest: idle Discover has no fixed footer and inline import still opens the authenticated catalog
2026-10-09T06:16:12.6662256Z ok 292 - idle Discover has no fixed footer and inline import still opens the authenticated catalog
2026-10-09T06:16:12.6662739Z   ---
2026-10-09T06:16:12.6662972Z   duration_ms: 11.899558
2026-10-09T06:16:12.6663244Z   type: 'test'
2026-10-09T06:16:12.6663483Z   ...
2026-10-09T06:16:12.6663919Z # Subtest: R5 result/history stay out of sight until a task has runs
2026-10-09T06:16:12.6664461Z ok 293 - R5 result/history stay out of sight until a task has runs
2026-10-09T06:16:12.6664838Z   ---
2026-10-09T06:16:12.6665086Z   duration_ms: 9.987318
2026-10-09T06:16:12.6665340Z   type: 'test'
2026-10-09T06:16:12.6665567Z   ...
2026-10-09T06:16:12.6666094Z # Subtest: card view retains original action identities, history and parameter form across tab changes
2026-10-09T06:16:12.6666883Z ok 294 - card view retains original action identities, history and parameter form across tab changes
2026-10-09T06:16:12.6667681Z   ---
2026-10-09T06:16:12.6667947Z   duration_ms: 13.693126
2026-10-09T06:16:12.6668220Z   type: 'test'
2026-10-09T06:16:12.6668462Z   ...
2026-10-09T06:16:12.6669027Z # Subtest: reopening My Tasks restores independent parameter drafts without permissions or execution
2026-10-09T06:16:12.6669814Z ok 295 - reopening My Tasks restores independent parameter drafts without permissions or execution
2026-10-09T06:16:12.6670294Z   ---
2026-10-09T06:16:12.6670520Z   duration_ms: 7.917082
2026-10-09T06:16:12.6670764Z   type: 'test'
2026-10-09T06:16:12.6670985Z   ...
2026-10-09T06:16:12.6671513Z # Subtest: switching between two installed tasks preserves each independent unsaved parameter input
2026-10-09T06:16:12.6672311Z ok 296 - switching between two installed tasks preserves each independent unsaved parameter input
2026-10-09T06:16:12.6672798Z   ---
2026-10-09T06:16:12.6673066Z   duration_ms: 3.020449
2026-10-09T06:16:12.6673313Z   type: 'test'
2026-10-09T06:16:12.6673558Z   ...
2026-10-09T06:16:12.6674192Z # Subtest: R6 accessible roving tabs support Arrow and Home/End
2026-10-09T06:16:12.6675058Z ok 297 - R6 accessible roving tabs support Arrow and Home/End
2026-10-09T06:16:12.6675618Z   ---
2026-10-09T06:16:12.6675956Z   duration_ms: 3.416885
2026-10-09T06:16:12.6676345Z   type: 'test'
2026-10-09T06:16:12.6676848Z   ...
2026-10-09T06:16:12.6677675Z # Subtest: R6 task card refresh, keyboard selection and Discover handoff restore focus
2026-10-09T06:16:12.6678429Z ok 298 - R6 task card refresh, keyboard selection and Discover handoff restore focus
2026-10-09T06:16:12.6678852Z   ---
2026-10-09T06:16:12.6679080Z   duration_ms: 6.633125
2026-10-09T06:16:12.6679332Z   type: 'test'
2026-10-09T06:16:12.6679556Z   ...
2026-10-09T06:16:12.6679970Z # Subtest: R6 late run start/result cannot become the newly selected task status
2026-10-09T06:16:12.6680579Z ok 299 - R6 late run start/result cannot become the newly selected task status
2026-10-09T06:16:12.6680990Z   ---
2026-10-09T06:16:12.6681218Z   duration_ms: 17.666267
2026-10-09T06:16:12.6681487Z   type: 'test'
2026-10-09T06:16:12.6681742Z   ...
2026-10-09T06:16:12.6682198Z # Subtest: R6 previous-version notices and results do not leak after installed upgrade
2026-10-09T06:16:12.6682868Z ok 300 - R6 previous-version notices and results do not leak after installed upgrade
2026-10-09T06:16:12.6683301Z   ---
2026-10-09T06:16:12.6683525Z   duration_ms: 23.211805
2026-10-09T06:16:12.6683780Z   type: 'test'
2026-10-09T06:16:12.6684014Z   ...
2026-10-09T06:16:12.6684544Z # Subtest: two extension documents share only a refresh hint and re-read authoritative installed state
2026-10-09T06:16:12.6685329Z ok 301 - two extension documents share only a refresh hint and re-read authoritative installed state
2026-10-09T06:16:12.6685802Z   ---
2026-10-09T06:16:12.6686031Z   duration_ms: 51.372635
2026-10-09T06:16:12.6686285Z   type: 'test'
2026-10-09T06:16:12.6686509Z   ...
2026-10-09T06:16:12.6687036Z # Subtest: catalog installation stays in the complete directory and directs running back to Sidebar
2026-10-09T06:16:12.6688241Z ok 302 - catalog installation stays in the complete directory and directs running back to Sidebar
2026-10-09T06:16:12.6688725Z   ---
2026-10-09T06:16:12.6688958Z   duration_ms: 6.670916
2026-10-09T06:16:12.6689210Z   type: 'test'
2026-10-09T06:16:12.6689435Z   ...
2026-10-09T06:16:12.6689945Z # Subtest: catalog JS import hands source to Sidebar and never enters a view with a hidden runner
2026-10-09T06:16:12.6690678Z ok 303 - catalog JS import hands source to Sidebar and never enters a view with a hidden runner
2026-10-09T06:16:12.6691136Z   ---
2026-10-09T06:16:12.6691355Z   duration_ms: 4.004046
2026-10-09T06:16:12.6691620Z   type: 'test'
2026-10-09T06:16:12.6691848Z   ...
2026-10-09T06:16:12.6692351Z # Subtest: missing Sidebar refuses import with an actionable message, without losing the directory
2026-10-09T06:16:12.6693117Z ok 304 - missing Sidebar refuses import with an actionable message, without losing the directory
2026-10-09T06:16:12.6693584Z   ---
2026-10-09T06:16:12.6693812Z   duration_ms: 3.985201
2026-10-09T06:16:12.6694076Z   type: 'test'
2026-10-09T06:16:12.6694319Z   ...
2026-10-09T06:16:12.6694834Z # Subtest: catalog draft transport errors retain their cause instead of claiming Sidebar is missing
2026-10-09T06:16:12.6695610Z ok 305 - catalog draft transport errors retain their cause instead of claiming Sidebar is missing
2026-10-09T06:16:12.6696085Z   ---
2026-10-09T06:16:12.6696314Z   duration_ms: 6.073189
2026-10-09T06:16:12.6696586Z   type: 'test'
2026-10-09T06:16:12.6696826Z   ...
2026-10-09T06:16:12.6697566Z # Subtest: receiving a source-only import selects Sidebar Developer without creating a run
2026-10-09T06:16:12.6698397Z ok 306 - receiving a source-only import selects Sidebar Developer without creating a run
2026-10-09T06:16:12.6698854Z   ---
2026-10-09T06:16:12.6699085Z   duration_ms: 2.621194
2026-10-09T06:16:12.6699347Z   type: 'test'
2026-10-09T06:16:12.6699590Z   ...
2026-10-09T06:16:12.6700060Z # Subtest: R6.1 task-owned Stop is the sole cross-view action and names the launching task
2026-10-09T06:16:12.6701008Z ok 307 - R6.1 task-owned Stop is the sole cross-view action and names the launching task
2026-10-09T06:16:12.6701798Z   ---
2026-10-09T06:16:12.6702182Z   duration_ms: 21.515369
2026-10-09T06:16:12.6702661Z   type: 'test'
2026-10-09T06:16:12.6703431Z   ...
2026-10-09T06:16:12.6704240Z # Subtest: R6.1 a draft-owned run exposes only its Stop when viewing Tasks or Discover
2026-10-09T06:16:12.6705042Z ok 308 - R6.1 a draft-owned run exposes only its Stop when viewing Tasks or Discover
2026-10-09T06:16:12.6705478Z   ---
2026-10-09T06:16:12.6705719Z   duration_ms: 2.572915
2026-10-09T06:16:12.6705988Z   type: 'test'
2026-10-09T06:16:12.6706223Z   ...
2026-10-09T06:16:12.6706673Z # Subtest: R6.1 stop-only footer CSS hides all non-owner actions without hiding Stop
2026-10-09T06:16:12.6707634Z ok 309 - R6.1 stop-only footer CSS hides all non-owner actions without hiding Stop
2026-10-09T06:16:12.6708325Z   ---
2026-10-09T06:16:12.6708568Z   duration_ms: 22.606168
2026-10-09T06:16:12.6708851Z   type: 'test'
2026-10-09T06:16:12.6709078Z   ...
2026-10-09T06:16:12.6709635Z # Subtest: catalog project JSON import validates snapshots and hands frozen bytes to Sidebar without running
2026-10-09T06:16:12.6710494Z ok 310 - catalog project JSON import validates snapshots and hands frozen bytes to Sidebar without running
2026-10-09T06:16:12.6711017Z   ---
2026-10-09T06:16:12.6711242Z   duration_ms: 12.310132
2026-10-09T06:16:12.6711507Z   type: 'test'
2026-10-09T06:16:12.6711735Z   ...
2026-10-09T06:16:12.6712266Z # Subtest: catalog rejects a changed project snapshot before handoff and permits reselecting the file
2026-10-09T06:16:12.6713057Z ok 311 - catalog rejects a changed project snapshot before handoff and permits reselecting the file
2026-10-09T06:16:12.6713553Z   ---
2026-10-09T06:16:12.6713832Z   duration_ms: 4.694906
2026-10-09T06:16:12.6714094Z   type: 'test'
2026-10-09T06:16:12.6714322Z   ...
2026-10-09T06:16:12.6715255Z # Subtest: real manager → approval → preview executes two ordered sources, reuses draft locks offline, and rechecks new GM grants
2026-10-09T06:16:12.6716343Z ok 312 - real manager → approval → preview executes two ordered sources, reuses draft locks offline, and rechecks new GM grants
2026-10-09T06:16:12.6716916Z   ---
2026-10-09T06:16:12.6717153Z   duration_ms: 93.461753
2026-10-09T06:16:12.6717776Z   type: 'test'
2026-10-09T06:16:12.6718011Z   ...
2026-10-09T06:16:12.6718649Z # Subtest: classic top-level const runs repeatedly in fresh worlds; trailing comments and ASI do not consume the next source
2026-10-09T06:16:12.6719615Z ok 313 - classic top-level const runs repeatedly in fresh worlds; trailing comments and ASI do not consume the next source
2026-10-09T06:16:12.6720165Z   ---
2026-10-09T06:16:12.6720396Z   duration_ms: 31.741745
2026-10-09T06:16:12.6720654Z   type: 'test'
2026-10-09T06:16:12.6720891Z   ...
2026-10-09T06:16:12.6721409Z # Subtest: a synchronous dependency failure prevents later libraries and the consumer from executing
2026-10-09T06:16:12.6722200Z ok 314 - a synchronous dependency failure prevents later libraries and the consumer from executing
2026-10-09T06:16:12.6722691Z   ---
2026-10-09T06:16:12.6722919Z   duration_ms: 25.315807
2026-10-09T06:16:12.6723213Z   type: 'test'
2026-10-09T06:16:12.6723449Z   ...
2026-10-09T06:16:12.6723997Z # Subtest: an absent user main cannot fall back to a dependency global main or an async-main-looking comment
2026-10-09T06:16:12.6724812Z ok 315 - an absent user main cannot fall back to a dependency global main or an async-main-looking comment
2026-10-09T06:16:12.6725305Z   ---
2026-10-09T06:16:12.6725539Z   duration_ms: 22.870652
2026-10-09T06:16:12.6725791Z   type: 'test'
2026-10-09T06:16:12.6726018Z   ...
2026-10-09T06:16:12.6726653Z # Subtest: simulated Chromium named-world exhaustion falls back to default, fails the isolation probe, and injects no user code
2026-10-09T06:16:12.6727911Z ok 316 - simulated Chromium named-world exhaustion falls back to default, fails the isolation probe, and injects no user code
2026-10-09T06:16:12.6728672Z   ---
2026-10-09T06:16:12.6728917Z   duration_ms: 19.999081
2026-10-09T06:16:12.6729188Z   type: 'test'
2026-10-09T06:16:12.6729422Z   ...
2026-10-09T06:16:12.6730113Z # Subtest: document budget survives service restart and navigation cleanup; closing a tab releases the ledger even when the API is disabled
2026-10-09T06:16:12.6731300Z ok 317 - document budget survives service restart and navigation cleanup; closing a tab releases the ledger even when the API is disabled
2026-10-09T06:16:12.6731903Z   ---
2026-10-09T06:16:12.6732134Z   duration_ms: 69.90666
2026-10-09T06:16:12.6732398Z   type: 'test'
2026-10-09T06:16:12.6732628Z   ...
2026-10-09T06:16:12.6732844Z 1..317
2026-10-09T06:16:12.6733072Z # tests 317
2026-10-09T06:16:12.6733343Z # suites 0
2026-10-09T06:16:12.6733563Z # pass 312
2026-10-09T06:16:12.6733791Z # fail 0
2026-10-09T06:16:12.6734007Z # cancelled 0
2026-10-09T06:16:12.6734236Z # skipped 5
2026-10-09T06:16:12.6734461Z # todo 0
2026-10-09T06:16:12.6734711Z # duration_ms 7373.714942
2026-10-09T06:16:12.6845568Z Post job cleanup.
2026-10-09T06:16:12.8081058Z (node:4738) [DEP0040] DeprecationWarning: The `punycode` module is deprecated. Please use a userland alternative instead.
2026-10-09T06:16:12.8082168Z (Use `node --trace-deprecation ...` to show where the warning was created)
2026-10-09T06:16:12.8086223Z Cache hit occurred on the primary key node-cache-Linux-x64-npm-b8ba1b1e75b534e8b18fa308aa4c06e83b4d486ff426239c6fd9007055bc4cce, not saving cache.
2026-10-09T06:16:12.8250124Z Post job cleanup.
2026-10-09T06:16:12.9099289Z [command]/usr/bin/git version
2026-10-09T06:16:12.9145215Z git version 2.55.0
2026-10-09T06:16:12.9188693Z Temporarily overriding HOME='/home/runner/work/_temp/9790f7c0-90e8-4df3-867e-b847369d205d' before making global git config changes
2026-10-09T06:16:12.9190443Z Adding repository directory to the temporary git global config as a safe directory
2026-10-09T06:16:12.9195212Z [command]/usr/bin/git config --global --add safe.directory /home/runner/work/opendesk-browser/opendesk-browser
2026-10-09T06:16:12.9240330Z [command]/usr/bin/git config --local --name-only --get-regexp core\.sshCommand
2026-10-09T06:16:12.9288894Z [command]/usr/bin/git submodule foreach --recursive sh -c "git config --local --name-only --get-regexp 'core\.sshCommand' && git config --local --unset-all 'core.sshCommand' || :"
2026-10-09T06:16:12.9576759Z [command]/usr/bin/git config --local --name-only --get-regexp http\.https\:\/\/github\.com\/\.extraheader
2026-10-09T06:16:12.9607174Z http.https://github.com/.extraheader
2026-10-09T06:16:12.9619149Z [command]/usr/bin/git config --local --unset-all http.https://github.com/.extraheader
2026-10-09T06:16:12.9662199Z [command]/usr/bin/git submodule foreach --recursive sh -c "git config --local --name-only --get-regexp 'http\.https\:\/\/github\.com\/\.extraheader' && git config --local --unset-all 'http.https://github.com/.extraheader' || :"
2026-10-09T06:16:12.9944290Z [command]/usr/bin/git config --local --name-only --get-regexp ^includeIf\.gitdir:
2026-10-09T06:16:12.9986650Z [command]/usr/bin/git submodule foreach --recursive git config --local --show-origin --name-only --get-regexp remote.origin.url
2026-10-09T06:16:13.0400259Z Cleaning up orphan processes
2026-10-09T06:16:13.0740448Z ##[warning]Node.js 20 is deprecated. The following actions target Node.js 20 but are being forced to run on Node.js 24: actions/checkout@v4, actions/setup-node@v4. For more information see: https://github.blog/changelog/2025-09-19-deprecation-of-node-20-on-github-actions-runners/
