Updating 2b2dca89..43dae980
Fast-forward
 .agents/skills/opendesk-program-publish/SKILL.md   |   14 +-
 .../workflows/cleanup-merged-agent-branches.yml    |   41 +-
 AGENTS.md                                          |   12 +-
 docs/api/README.md                                 |   73 +
 docs/api/controller.zh-CN.md                       |   96 +
 docs/api/dependencies-and-errors.zh-CN.md          |  106 +
 docs/api/local-projects.zh-CN.md                   |  108 +
 docs/api/mcp-local-development.zh-CN.md            |  149 +
 docs/api/page-userscript.zh-CN.md                  |   86 +
 docs/api/quickstart.zh-CN.md                       |   73 +
 docs/api/sidebar-local-projects.zh-CN.md           |   40 +
 .../build-development.log                          |   54 +
 ...-production-external-dependency-path-failed.log |   70 +
 .../build-production.log                           |   40 +
 .../builds/build-development.json                  | 2367 +++++++++
 .../builds/build-production.json                   | 2297 +++++++++
 .../bundle-package-provenance-correct-receipts.log |   10 +
 .../main-only-integration-20261010/docs-links.json |    5 +
 .../environment-tests.log                          |  595 +++
 .../github-local-dev-first-failure.log             | 1027 ++++
 .../integrated-heads.json                          |   22 +
 .../physical-package-identities.json               |   19 +
 .../source-check.log                               |    5 +
 .../main-only-integration-20261010/sw-size.json    |  416 ++
 .../targeted-tests.log                             |  247 +
 .../verification-summary.json                      |   75 +
 .../verify-packages.log                            |    6 +
 .../documentation-check-delivery-passed.json       |   44 +
 .../documentation-check-final-passed.json          |   43 +
 .../documentation-check-passed.json                |   42 +
 .../before-latest-integration.json                 |   13 +
 .../canonical-server-stop.json                     |    7 +
 .../continuation-closeout.json                     |  171 +
 .../derive-f462-evidence.py                        |  141 +
 .../derive-final-evidence.py                       |  197 +
 .../f462-bounded-source-reuse.json                 |   60 +
 .../f462-closeout.json                             |   39 +
 .../f462-native-derived-verdict.json               |   75 +
 .../f462-observer-failures.json                    |   53 +
 .../f462-quick-notes.opendesk-tool.json            |   15 +
 .../f462-source-changes.json                       |   30 +
 .../final-b18-build-dev.log                        |   54 +
 .../final-b18-build.log                            |   40 +
 .../final-b18-check.log                            |    5 +
 .../final-b18-engineering-results.json             |  101 +
 .../final-b18-npm-ci.log                           |   12 +
 .../final-b18-snapshot.json                        |    5 +
 .../final-b18-test-explicit-cft-result.json        |   22 +
 .../final-b18-test-explicit-cft.log                |  459 ++
 .../final-b18-test.log                             |  453 ++
 .../final-b18-tool-build.log                       |   17 +
 .../final-b18-verify.log                           |    6 +
 .../final-closeout.json                            |  182 +
 .../final-main-check.log                           |    5 +
 .../final-main-npm-test-result.json                |   19 +
 .../final-main-npm-test.log                        |  412 ++
 .../final-main-readonly-checks.json                |   26 +
 .../final-main-snapshot.json                       |   11 +
 .../final-main-verify.log                          |    6 +
 .../github-ci-44b-native-jobs.json                 |  369 ++
 .../github-ci-44b-observation.json                 |   88 +
 .../github-ci-44b-raw.json                         | 2021 ++++++++
 .../github-ci-ef-native-jobs.json                  |  258 +
 .../github-ci-ef-observation.json                  |   62 +
 .../github-ci-ef-raw.json                          | 1349 ++++++
 .../github-ci-latest-native-jobs.json              |  378 ++
 .../github-ci-latest-remote-main.json              |   73 +
 .../github-native-ci-log-0.json                    |   12 +
 .../github-native-ci-log-1.json                    |   12 +
 .../integrated-9ad-build-dev.log                   |   54 +
 .../integrated-9ad-build.log                       |   40 +
 .../integrated-9ad-check.log                       |    5 +
 .../integrated-9ad-engineering-results.json        |  102 +
 .../integrated-9ad-npm-ci.log                      |   12 +
 .../integrated-9ad-package-identities.json         |  528 +++
 .../integrated-9ad-production-delivery.json        |  278 ++
 .../integrated-9ad-quick-notes.opendesk-tool.json  |   15 +
 .../integrated-9ad-snapshot.json                   |    5 +
 .../integrated-9ad-test.log                        |  476 ++
 .../integrated-9ad-tool-artifact-check.json        |   13 +
 .../integrated-9ad-tool-build.log                  |   17 +
 .../integrated-9ad-verify.log                      |    6 +
 .../integration-docs-ef-after.json                 |   12 +
 .../integration-docs-ef-before.json                |   17 +
 .../integration-docs-ef-merge.log                  |    7 +
 .../native-f462-resources-released.json            |   11 +
 .../native-final-b18-width400/chrome-tools-r1.log  |   19 +
 .../native-final-b18-width400/cleanup.json         |  258 +
 .../click-1791553073427.json                       |  280 ++
 .../click-1791553127515.json                       |  280 ++
 .../click-1791553251637.json                       |  280 ++
 .../click-1791553344925.json                       |  280 ++
 .../click-1791553529537.json                       |  280 ++
 .../input-1791553073296.json                       |  279 ++
 .../native-final-b18-width400/last-click.json      |  280 ++
 .../native-final-b18-width400/last-input.json      |  279 ++
 .../launcher-tools-r1-exit.json                    |  258 +
 .../launcher-tools-r1-raw-failure.json             |  170 +
 .../launcher-tools-r1-restart-verified.json        |  118 +
 .../launcher-tools-r1-stderr.txt                   |    0
 .../launcher-tools-r1-stdout.txt                   |    3 +
 .../launcher-tools-r1-summary.json                 |   16 +
 .../launcher-tools-r1-verified.json                |   57 +
 .../launcher-tools-r1.cleanup.json                 |   91 +
 .../launcher-tools-r1.json                         |   23 +
 .../launcher-tools-r1.lifecycle.jsonl              |    4 +
 .../native-final-b18-width400/layout-400.json      |  356 ++
 .../native-final-b18-width400/react-framework.json |  279 ++
 .../native-final-b18-width400/session.json         |  265 ++
 ...ninstalled-AEC02B78E6720FDAA35A774980B2DC76.png |  Bin 0 -> 78027 bytes
 .../native-final-b18-width400/uninstalled.json     | 1330 ++++++
 ...e-selected-AEC02B78E6720FDAA35A774980B2DC76.png |  Bin 0 -> 106064 bytes
 .../native-final-b18-width400/update-selected.json | 1477 ++++++
 ...-uninstall-AEC02B78E6720FDAA35A774980B2DC76.png |  Bin 0 -> 116040 bytes
 .../updated-before-uninstall.json                  | 1541 ++++++
 ...-framework-AEC02B78E6720FDAA35A774980B2DC76.png |  Bin 0 -> 54618 bytes
 .../native-final-b18-width400/vue-framework.json   | 1477 ++++++
 .../native-final-b18-width400/width-400-panel.png  |  Bin 0 -> 92258 bytes
 .../width-preference.json                          |    7 +
 ...h400-error-AEC02B78E6720FDAA35A774980B2DC76.png |  Bin 0 -> 107503 bytes
 .../native-final-b18-width400/width400-error.json  |  880 ++++
 ...resize-400-47E7F4E2BE2BD5D050F27B8D40E09177.png |  Bin 0 -> 99934 bytes
 .../after-native-resize-400.json                   |  880 ++++
 .../native-final-b18-widths/chrome-tools-r1.log    |    7 +
 .../native-final-b18-widths/cleanup.json           |  258 +
 .../click-1791552723667.json                       |  280 ++
 .../input-1791552723538.json                       |  279 ++
 .../native-final-b18-widths/last-click.json        |  280 ++
 .../native-final-b18-widths/last-input.json        |  279 ++
 .../launcher-tools-r1-exit.json                    |  258 +
 .../launcher-tools-r1-raw-failure.json             |  170 +
 .../launcher-tools-r1-restart-verified.json        |  118 +
 .../launcher-tools-r1-stderr.txt                   |    0
 .../launcher-tools-r1-stdout.txt                   |    3 +
 .../launcher-tools-r1-summary.json                 |   16 +
 .../launcher-tools-r1-verified.json                |   57 +
 .../launcher-tools-r1.cleanup.json                 |   91 +
 .../native-final-b18-widths/launcher-tools-r1.json |   23 +
 .../launcher-tools-r1.lifecycle.jsonl              |    4 +
 .../native-final-b18-widths/layout-600.json        |  356 ++
 .../native-final-b18-widths/session.json           |  265 ++
 .../native-final-b18-widths/width-600-panel.png    |  Bin 0 -> 95653 bytes
 .../native-final-b18-widths/width-preference.json  |    7 +
 ...-200-fixed-A157E1A9BD07EEE875AC198C3C5CE1A8.png |  Bin 0 -> 79713 bytes
 .../native-final-b18/actual-200-fixed.json         |  852 ++++
 ...ible-saved-A157E1A9BD07EEE875AC198C3C5CE1A8.png |  Bin 0 -> 72329 bytes
 .../native-final-b18/actual-200-visible-saved.json |  852 ++++
 .../native-final-b18/chrome-tools-r1.log           |   24 +
 .../native-final-b18/cleanup.json                  |  258 +
 .../native-final-b18/click-1791551997696.json      |  219 +
 .../native-final-b18/cycles-20.json                |  703 +++
 .../native-final-b18/input-1791551997559.json      |  218 +
 ...d-unopened-A157E1A9BD07EEE875AC198C3C5CE1A8.png |  Bin 0 -> 80557 bytes
 .../native-final-b18/installed-unopened.json       | 1302 +++++
 .../native-final-b18/last-click.json               |  219 +
 .../native-final-b18/last-input.json               |  218 +
 .../native-final-b18/launcher-tools-r1-exit.json   |  258 +
 .../launcher-tools-r1-raw-failure.json             |  170 +
 .../launcher-tools-r1-restart-verified.json        |  118 +
 .../native-final-b18/launcher-tools-r1-stderr.txt  |    0
 .../native-final-b18/launcher-tools-r1-stdout.txt  |    3 +
 .../launcher-tools-r1-summary.json                 |   16 +
 .../launcher-tools-r1-verified.json                |   57 +
 .../launcher-tools-r1.cleanup.json                 |   91 +
 .../native-final-b18/launcher-tools-r1.json        |   23 +
 .../launcher-tools-r1.lifecycle.jsonl              |    4 +
 .../native-default-zoom-reset.json                 |  277 ++
 ...om-attempt-124943E84893DDD469A78D18508505A3.png |  Bin 0 -> 136252 bytes
 ...om-attempt-A157E1A9BD07EEE875AC198C3C5CE1A8.png |  Bin 0 -> 92523 bytes
 .../native-settings-zoom-attempt.json              |  885 ++++
 ...d-restored-FEEB2FEDE5AAA203754F7768AD564B25.png |  Bin 0 -> 82470 bytes
 .../native-final-b18/restarted-restored.json       | 1495 ++++++
 .../native-final-b18/security.json                 |  273 ++
 .../selected-A157E1A9BD07EEE875AC198C3C5CE1A8.png  |  Bin 0 -> 93629 bytes
 .../native-final-b18/selected.json                 | 1272 +++++
 .../native-final-b18/session.json                  |  265 ++
 .../native-final-b18/width-preference.json         |    7 +
 ...er-restart-D28D0579498A586BD3356FBED98C220F.png |  Bin 0 -> 115519 bytes
 .../before-final-browser-restart.json              | 2368 +++++++++
 .../browser-action-after-restart.json              |  283 ++
 .../browser-action-open-failure.json               |    3 +
 .../native-final-f462/browser-action-open.json     |   18 +
 .../native-final-f462/chrome-tools-r1.log          |   23 +
 .../native-final-f462/cleanup.json                 |  258 +
 .../native-final-f462/click-1791558386328.json     |  280 ++
 .../native-final-f462/click-1791558398036.json     |  280 ++
 .../native-final-f462/click-1791558457653.json     |  280 ++
 .../native-final-f462/click-1791558474376.json     |  280 ++
 .../native-final-f462/click-1791558475039.json     |  280 ++
 .../native-final-f462/click-1791558524558.json     |  280 ++
 .../native-final-f462/click-1791558525474.json     |  280 ++
 .../native-final-f462/click-1791558557085.json     |  280 ++
 .../native-final-f462/click-1791558597120.json     |  280 ++
 .../native-final-f462/click-1791558597663.json     |  280 ++
 .../native-final-f462/computation-csp.json         |  289 ++
 .../native-final-f462/cycles-20.json               |  806 ++++
 .../native-final-f462/demo-page.json               |  271 ++
 .../native-final-f462/draft-completed-runs.json    | 1082 +++++
 .../draft-final-released-runs.json                 | 1251 +++++
 ...raft-saved-D28D0579498A586BD3356FBED98C220F.png |  Bin 0 -> 108763 bytes
 .../native-final-f462/draft-saved.json             | 2358 +++++++++
 .../native-final-f462/draft-stopped-runs.json      | 1251 +++++
 ...-sidepanel-894967CA45D33F5F7932277D78018709.png |  Bin 0 -> 48059 bytes
 .../native-final-f462/initial-sidepanel.json       | 1395 ++++++
 .../native-final-f462/input-1791558474729.json     |  279 ++
 .../native-final-f462/input-1791558525154.json     |  279 ++
 ...d-unopened-D28D0579498A586BD3356FBED98C220F.png |  Bin 0 -> 80557 bytes
 .../native-final-f462/installed-unopened.json      | 1486 ++++++
 .../native-final-f462/last-click.json              |  280 ++
 .../native-final-f462/last-input.json              |  279 ++
 .../native-final-f462/launcher-tools-r1-exit.json  |  258 +
 .../launcher-tools-r1-raw-failure.json             |  170 +
 .../launcher-tools-r1-restart-verified.json        |  118 +
 .../native-final-f462/launcher-tools-r1-stderr.txt |    0
 .../native-final-f462/launcher-tools-r1-stdout.txt |    3 +
 .../launcher-tools-r1-summary.json                 |   16 +
 .../launcher-tools-r1-verified.json                |   57 +
 .../launcher-tools-r1.cleanup.json                 |   91 +
 .../native-final-f462/launcher-tools-r1.json       |   23 +
 .../launcher-tools-r1.lifecycle.jsonl              |    4 +
 .../native-final-f462/restart-error.json           |    3 +
 ...ative-note-D28D0579498A586BD3356FBED98C220F.png |  Bin 0 -> 97325 bytes
 .../native-final-f462/saved-native-note.json       | 1670 +++++++
 .../native-final-f462/security.json                |  334 ++
 ...no-install-D28D0579498A586BD3356FBED98C220F.png |  Bin 0 -> 93629 bytes
 .../native-final-f462/selected-no-install.json     | 1456 ++++++
 .../session-before-persisted-restart.json          |  265 ++
 .../native-final-f462/session.json                 |  265 ++
 .../native-final-f462/shutdown-error.json          |    3 +
 .../windows-navigation-offline.json                |  327 ++
 .../native-instance-after-native-permission-ax.txt |   23 +
 ...ive-instance-after-native-permission-before.png |  Bin 0 -> 2603286 bytes
 .../native-instance-after-overlay.json             |   15 +
 .../native-instance-before-residual-cleanup.json   |    8 +
 .../native-instance-build-dev.log                  |  130 +
 .../native-instance-build-results.json             |   80 +
 .../native-instance-build.log                      |  121 +
 .../native-instance-check-final.log                |    5 +
 .../native-instance-check.log                      |    5 +
 .../native-instance-final-engineering.json         |   38 +
 .../native-instance-npm-ci.log                     |   12 +
 .../native-instance-package-identities.json        |  486 ++
 .../native-instance-permission-before.txt          |    3 +
 .../native-instance-production-delivery.json       |    8 +
 .../native-instance-snapshot.json                  |    8 +
 .../native-instance-source-commit.json             |    6 +
 .../native-instance-targeted-result-after.json     |   11 +
 .../native-instance-targeted-result.json           |   19 +
 .../native-instance-targeted-test-after.log        |   51 +
 .../native-instance-targeted-test.log              |   70 +
 .../native-instance-test-final.log                 |  524 ++
 .../native-instance-tool-build.log                 |   17 +
 .../native-instance-verify.log                     |    6 +
 ...-uninstall-DFA436F0C4EE1B7EAADF775379A1CDC1.png |  Bin 0 -> 97150 bytes
 .../native-integrated-9ad/before-uninstall.json    | 1486 ++++++
 .../native-integrated-9ad/chrome-tools-r1.log      |   11 +
 .../native-integrated-9ad/cleanup.json             |  134 +
 .../native-integrated-9ad/click-1791554834596.json |  219 +
 .../native-integrated-9ad/click-1791554887309.json |  219 +
 .../native-integrated-9ad/click-1791555099547.json |  219 +
 .../native-integrated-9ad/click-1791555100783.json |  219 +
 .../native-integrated-9ad/click-1791555155472.json |  219 +
 .../native-integrated-9ad/click-1791555155833.json |  219 +
 .../computation-after-retirement-observer.json     |    8 +
 .../native-integrated-9ad/cycle-first-failure.json |   10 +
 .../native-integrated-9ad/cycles-20.json           |  738 +++
 ...s-restored-DFA436F0C4EE1B7EAADF775379A1CDC1.png |  Bin 0 -> 113882 bytes
 .../native-integrated-9ad/cycles-restored.json     | 1486 ++++++
 ...-completed-DFA436F0C4EE1B7EAADF775379A1CDC1.png |  Bin 0 -> 134381 bytes
 .../draft-completed-runs.json                      |  932 ++++
 .../native-integrated-9ad/draft-completed.json     | 2184 +++++++++
 .../native-integrated-9ad/draft-source-input.log   |    1 +
 .../native-integrated-9ad/draft-stopped-runs.json  | 1101 +++++
 .../native-integrated-9ad/input-1791554834306.json |  218 +
 .../native-integrated-9ad/input-1791554886796.json |  218 +
 .../native-integrated-9ad/input-1791555073557.json |  253 +
 ...d-unopened-DFA436F0C4EE1B7EAADF775379A1CDC1.png |  Bin 0 -> 80557 bytes
 .../native-integrated-9ad/installed-unopened.json  | 1302 +++++
 .../native-integrated-9ad/last-click.json          |  219 +
 .../native-integrated-9ad/last-input.json          |  253 +
 .../launcher-tools-r1-exit.json                    |  134 +
 .../launcher-tools-r1-raw-failure.json             |   89 +
 .../launcher-tools-r1-stderr.txt                   |    0
 .../launcher-tools-r1-stdout.txt                   |    2 +
 .../launcher-tools-r1-summary.json                 |   12 +
 .../launcher-tools-r1-verified.json                |   57 +
 .../launcher-tools-r1.cleanup.json                 |   48 +
 .../native-integrated-9ad/launcher-tools-r1.json   |   20 +
 .../launcher-tools-r1.lifecycle.jsonl              |    2 +
 .../native-integrated-9ad/runs.json                | 1101 +++++
 .../saved-DFA436F0C4EE1B7EAADF775379A1CDC1.png     |  Bin 0 -> 98504 bytes
 .../native-integrated-9ad/saved.json               | 1486 ++++++
 .../native-integrated-9ad/security.json            |  273 ++
 .../selected-DFA436F0C4EE1B7EAADF775379A1CDC1.png  |  Bin 0 -> 93629 bytes
 .../native-integrated-9ad/selected.json            | 1272 +++++
 .../session-control-error.json                     |    9 +
 .../native-integrated-9ad/session.json             |  204 +
 .../task-and-save-derived-verdict.json             |   48 +
 ...ing-review-7D02103611747957EEA678A36187FED3.png |  Bin 0 -> 154053 bytes
 ...ing-review-DFA436F0C4EE1B7EAADF775379A1CDC1.png |  Bin 0 -> 38878 bytes
 .../task-import-pending-review.json                | 1631 +++++++
 .../task-records-after-uninstall.json              | 1101 +++++
 ...ninstalled-DFA436F0C4EE1B7EAADF775379A1CDC1.png |  Bin 0 -> 71936 bytes
 .../native-integrated-9ad/uninstalled.json         | 1274 +++++
 .../windows-navigation-offline.json                |  266 ++
 .../native-persistence-f462/chrome-tools-r1.log    |   15 +
 .../native-persistence-f462/cleanup.json           |  258 +
 .../click-1791558762168.json                       |  219 +
 .../click-1791558763326.json                       |  219 +
 .../click-1791558812269.json                       |  219 +
 .../click-1791558812709.json                       |  219 +
 .../click-1791558813644.json                       |  219 +
 .../click-1791558829253.json                       |  280 ++
 .../native-persistence-f462/demo-page.json         |  271 ++
 .../input-1791558813062.json                       |  218 +
 .../native-persistence-f462/last-click.json        |  280 ++
 .../native-persistence-f462/last-input.json        |  218 +
 .../launcher-tools-r1-exit.json                    |  258 +
 .../launcher-tools-r1-raw-failure.json             |  170 +
 .../launcher-tools-r1-restart-verified.json        |  118 +
 .../launcher-tools-r1-stderr.txt                   |    0
 .../launcher-tools-r1-stdout.txt                   |    3 +
 .../launcher-tools-r1-summary.json                 |   16 +
 .../launcher-tools-r1-verified.json                |   57 +
 .../launcher-tools-r1.cleanup.json                 |   91 +
 .../native-persistence-f462/launcher-tools-r1.json |   23 +
 .../launcher-tools-r1.lifecycle.jsonl              |    4 +
 .../native-persistence-f462/panel-initial.json     |  237 +
 ...er-restart-E75B033B9DFDED11819924887E4649EB.png |  Bin 0 -> 97704 bytes
 .../restored-after-restart.json                    | 1670 +++++++
 ...re-restart-AE7F93F4AB7E173DFC6639FD71FE18F2.png |  Bin 0 -> 97117 bytes
 .../saved-before-restart.json                      | 1609 +++++++
 .../session-before-restart.json                    |  204 +
 .../native-persistence-f462/session.json           |  265 ++
 ...er-restart-E75B033B9DFDED11819924887E4649EB.png |  Bin 0 -> 42550 bytes
 .../uninstalled-after-restart.json                 | 1458 ++++++
 .../native-settings-input-first-failure.log        |   18 +
 .../native-settings-input.mjs                      |   15 +
 .../native-source-input-reuse.json                 |   58 +
 .../native-unlocked-result.json                    |   20 +
 .../native-unlocked.log                            |   58 +
 .../native-zoom-observer-failure.json              |    7 +
 .../native-zoom-readonly-probe.mjs                 |   24 +
 ...0-business-22F0314EA246DE8611641C0A4B8041AD.png |  Bin 0 -> 88179 bytes
 .../native-zoom/actual-200-business.json           |  880 ++++
 .../native-zoom/chrome-tools-r1.log                |   19 +
 .../native-zoom/cleanup.json                       |  134 +
 .../native-zoom/click-1791551245866.json           |  219 +
 ...-confirmed-22F0314EA246DE8611641C0A4B8041AD.png |  Bin 0 -> 88179 bytes
 ...-confirmed-8036541C9FE59546B67708AC6F8EB396.png |  Bin 0 -> 114281 bytes
 .../default-200-keyboard-confirmed.json            |  913 ++++
 ...0-settings-22F0314EA246DE8611641C0A4B8041AD.png |  Bin 0 -> 108241 bytes
 ...0-settings-8036541C9FE59546B67708AC6F8EB396.png |  Bin 0 -> 112510 bytes
 ...d-observer-22F0314EA246DE8611641C0A4B8041AD.png |  Bin 0 -> 108241 bytes
 ...d-observer-8036541C9FE59546B67708AC6F8EB396.png |  Bin 0 -> 112510 bytes
 .../default-200-settings-fixed-observer.json       |  913 ++++
 .../native-zoom/default-zoom-after-keyboard.json   |   16 +
 .../native-zoom/default-zoom-native-api.json       |   20 +
 .../native-zoom/input-1791551235942.json           |  223 +
 ...d-unopened-22F0314EA246DE8611641C0A4B8041AD.png |  Bin 0 -> 80557 bytes
 .../native-zoom/installed-unopened.json            | 1336 ++++++
 .../native-zoom/last-click.json                    |  219 +
 .../native-zoom/last-input.json                    |  223 +
 .../native-zoom/launcher-tools-r1-exit.json        |  134 +
 .../native-zoom/launcher-tools-r1-raw-failure.json |   89 +
 .../native-zoom/launcher-tools-r1-stderr.txt       |    0
 .../native-zoom/launcher-tools-r1-stdout.txt       |    2 +
 .../native-zoom/launcher-tools-r1-summary.json     |   12 +
 .../native-zoom/launcher-tools-r1-verified.json    |   57 +
 .../native-zoom/launcher-tools-r1.cleanup.json     |   48 +
 .../native-zoom/launcher-tools-r1.json             |   20 +
 .../native-zoom/launcher-tools-r1.lifecycle.jsonl  |    2 +
 .../native-zoom/layout-360.json                    |  295 ++
 .../selected-22F0314EA246DE8611641C0A4B8041AD.png  |  Bin 0 -> 93629 bytes
 .../native-zoom/selected.json                      | 1306 +++++
 .../native-zoom/session.json                       |  204 +
 .../native-zoom/width-360-panel.png                |  Bin 0 -> 108295 bytes
 .../observer-failure-summary.json                  |   17 +
 .../open-owned-panel.mjs                           |   34 +
 .../own-code-changes.json                          |   28 +
 .../prior-evidence-index.json                      | 2887 +++++++++++
 .../read-only-f462-driver-review.json              |   10 +
 .../read-only-f462-evidence-review.json            |   17 +
 .../read-only-final-review.json                    |   12 +
 .../read-only-zoom-permission-research.json        |   11 +
 .../remote-root-regression-after.log               |   16 +
 .../remote-root-regression-before.log              |   25 +
 .../resource-release-verdict.json                  |   34 +
 .../vue-framework-derived-verdict.json             |   18 +
 .../zoom-fixed-check.log                           |    5 +
 .../zoom-fixed-engineering-results.json            |   43 +
 .../zoom-fixed-npm-ci.log                          |   12 +
 .../zoom-fixed-snapshot.json                       |    5 +
 .../zoom-fixed-test.log                            |  548 +++
 .../evidence-index.json                            |  659 ++-
 docs/framework/local-ai-loop-r1.zh-CN.md           |    2 +
 .../local-development-quickstart.zh-CN.md          |   88 +-
 .../local-development-r22-report.zh-CN.md          |    2 +
 docs/framework/local-development-r22.zh-CN.md      |    8 +-
 .../continue-r101-usage-api-docs-01a12159.md       |   76 +
 .../workstreams/local-ai-loop-r1-01a12158.json     | 1554 +++++-
 .../workstreams/local-ai-loop-r1-01a12158.md       |   32 +-
 .../workstreams/main-only-integration-20261010.md  |   25 +
 .../workstreams/r101-usage-docs-01a12159.json      |  126 +
 .../workstreams/r101-usage-docs-01a12159.md        |   41 +
 .../workstreams/sidebar-r13-20261010-01a1217c.json |   85 +
 .../workstreams/sidebar-tools-r1-mac-01a11fa4.json |  257 +-
 .../workstreams/sidebar-tools-r1-mac-01a11fa4.md   |   75 +
 ...am-development-dual-format-and-sidebar.zh-CN.md |  122 +-
 docs/product/sidebar-custom-tools-r1.zh-CN.md      |   10 +-
 .../accepted-build-production.log                  |   49 +
 .../budget-fix-build-production.log                |   56 +
 .../budget-inline-build-production.log             |   56 +
 .../budget-minifier-comparison.json                |   45 +
 .../budget-observer-build.log                      |   59 +
 .../combined-build-production.log                  |   56 +
 .../current-build-production.log                   |   56 +
 .../followup-build-development.log                 |   54 +
 .../followup-build-production.log                  |   40 +
 .../followup-builds/build-development.json         | 2357 +++++++++
 .../followup-builds/build-production.json          | 2287 +++++++++
 .../local-ai-loop-r1-01a12158/followup-check.log   |    5 +
 .../followup-targeted.tap                          |  163 +
 .../local-ai-loop-r1-01a12158/followup-verify.log  |    6 +
 .../latest-build-production.log                    |   56 +
 .../latest-fix-build-production.log                |   56 +
 .../merged-current-build-production.log            |   49 +
 .../native-08-build-development.log                |   54 +
 .../native-08-build-production.log                 |   40 +
 .../native-08-inputs.json                          |  997 ++++
 .../local-ai-loop-r1-01a12158/native-08-verify.log |    6 +
 evidence/local-ai-loop-r1-01a12158/native-08.log   |   16 +
 .../native-08/acceptance.json                      | 2375 ++++++++++
 .../native-08/chrome-launcher-cleanup.json         |   11 +
 .../native-08/chrome-launcher-main-ps.txt          |    1 +
 .../native-08/chrome-launcher-report.json          |   27 +
 .../native-08/chrome-launcher-stdout.log           |    1 +
 .../native-08/chrome-launcher-verified.json        |   49 +
 .../native-08/codex-events.jsonl                   |   15 +
 .../native-08/codex-prompt.txt                     |   11 +
 .../native-08/codex-stderr.log                     |   56 +
 .../native-08/cua-input.json                       |   15 +
 .../native-08/cua-instance-after-allow.json        |    6 +
 .../native-08/events.jsonl                         |   15 +
 .../native-09-inputs.json                          |  997 ++++
 evidence/local-ai-loop-r1-01a12158/native-09.log   |   12 +
 .../native-09/chrome-launcher-main-ps.txt          |    1 +
 .../native-09/chrome-launcher-report.json          |   27 +
 .../native-09/chrome-launcher-stdout.log           |    1 +
 .../native-09/chrome-launcher-verified.json        |   49 +
 .../native-09/codex-events.jsonl                   |    9 +
 .../native-09/codex-prompt.txt                     |   11 +
 .../native-09/codex-stderr.log                     |   56 +
 .../native-09/cua-input.json                       |   15 +
 .../native-09/cua-instance-after-allow.json        |    6 +
 .../native-09/events.jsonl                         |   12 +
 .../native-09/interruption.json                    |   15 +
 .../native-10-inputs.json                          |  997 ++++
 evidence/local-ai-loop-r1-01a12158/native-10.log   |   86 +
 .../native-10/acceptance.json                      | 2655 +++++++++++
 .../native-10/chrome-launcher-cleanup.json         |   11 +
 .../native-10/chrome-launcher-main-ps.txt          |    1 +
 .../native-10/chrome-launcher-report.json          |   27 +
 .../native-10/chrome-launcher-stdout.log           |    1 +
 .../native-10/chrome-launcher-verified.json        |   49 +
 .../native-10/codex-events.jsonl                   |   47 +
 .../native-10/codex-prompt.txt                     |   11 +
 .../native-10/codex-receipts.json                  | 1593 +++++++
 .../native-10/codex-stderr.log                     |   40 +
 .../native-10/cua-input.json                       |   38 +
 .../native-10/cua-instance-after-allow.json        |    6 +
 .../native-10/events.jsonl                         |   85 +
 .../native-10/mcp-stderr.log                       |    2 +
 .../native-11-inputs.json                          | 1012 ++++
 evidence/local-ai-loop-r1-01a12158/native-11.log   |   87 +
 .../native-11/acceptance.json                      | 2901 ++++++++++++
 .../native-11/chrome-launcher-cleanup.json         |   11 +
 .../native-11/chrome-launcher-main-ps.txt          |    1 +
 .../native-11/chrome-launcher-report.json          |   29 +
 .../native-11/chrome-launcher-stdout.log           |    1 +
 .../native-11/chrome-launcher-verified.json        |   53 +
 .../native-11/codex-events.jsonl                   |   49 +
 .../native-11/codex-prompt.txt                     |   11 +
 .../native-11/codex-receipts.json                  | 1593 +++++++
 .../native-11/codex-stderr.log                     |   41 +
 .../native-11/cua-input.json                       |   37 +
 .../native-11/cua-instance-after-allow.json        |    6 +
 .../native-11/demo-after-runs.png                  |  Bin 0 -> 198410 bytes
 .../native-11/events.jsonl                         |   86 +
 .../native-11/mcp-stderr.log                       |    2 +
 .../native-11/native-options.png                   |  Bin 0 -> 134407 bytes
 .../page-ui-cleanup-failure-no-replacement.png     |  Bin 0 -> 369591 bytes
 .../native-11/page-ui-v1.png                       |  Bin 0 -> 381355 bytes
 .../native-11/page-ui-v2.png                       |  Bin 0 -> 382081 bytes
 .../native-11/page-ui-v3.png                       |  Bin 0 -> 382190 bytes
 .../native-11/page-ui-v4.png                       |  Bin 0 -> 381731 bytes
 .../native-11/runtime-netlog.json                  | 5001 ++++++++++++++++++++
 .../native-11/sidebar-local-v3.png                 |  Bin 0 -> 105114 bytes
 .../native-11/sidebar-page-v6.png                  |  Bin 0 -> 89938 bytes
 .../native-11/sidebar-reopened-v4.png              |  Bin 0 -> 105009 bytes
 .../native-11/user-scripts-opt-in.png              |  Bin 0 -> 220380 bytes
 .../native-11/workbench-after-runs.png             |  Bin 0 -> 140646 bytes
 .../native-12-build-development.log                |   54 +
 .../native-12-build-production.log                 |   40 +
 .../native-12-builds/build-development.json        | 2367 +++++++++
 .../native-12-builds/build-production.json         | 2297 +++++++++
 .../local-ai-loop-r1-01a12158/native-12-check.log  |    5 +
 .../native-12-inputs.json                          | 1031 ++++
 .../native-12-targeted.tap                         |  186 +
 .../local-ai-loop-r1-01a12158/native-12-verify.log |    6 +
 evidence/local-ai-loop-r1-01a12158/native-12.log   |   84 +
 .../native-12/acceptance.json                      | 2911 ++++++++++++
 .../native-12/chrome-launcher-cleanup.json         |   11 +
 .../native-12/chrome-launcher-main-ps.txt          |    1 +
 .../native-12/chrome-launcher-report.json          |   29 +
 .../native-12/chrome-launcher-stdout.log           |    1 +
 .../native-12/chrome-launcher-verified.json        |   53 +
 .../native-12/codex-events.jsonl                   |   48 +
 .../native-12/codex-prompt.txt                     |   11 +
 .../native-12/codex-receipts.json                  | 1823 +++++++
 .../native-12/codex-stderr.log                     |   46 +
 .../native-12/cua-input.json                       |   34 +
 .../native-12/cua-instance-before-allow.json       |    6 +
 .../native-12/demo-after-runs.png                  |  Bin 0 -> 198378 bytes
 .../native-12/events.jsonl                         |   83 +
 .../native-12/mcp-stderr.log                       |    2 +
 .../native-12/native-options.png                   |  Bin 0 -> 134407 bytes
 .../page-ui-cleanup-failure-no-replacement.png     |  Bin 0 -> 369591 bytes
 .../native-12/page-ui-v1.png                       |  Bin 0 -> 381365 bytes
 .../native-12/page-ui-v2.png                       |  Bin 0 -> 382081 bytes
 .../native-12/page-ui-v3.png                       |  Bin 0 -> 382190 bytes
 .../native-12/page-ui-v4.png                       |  Bin 0 -> 381731 bytes
 .../native-12/runtime-netlog.json                  | 4150 ++++++++++++++++
 .../native-12/sidebar-local-v3.png                 |  Bin 0 -> 105246 bytes
 .../native-12/sidebar-page-v6.png                  |  Bin 0 -> 90065 bytes
 .../native-12/sidebar-reopened-v4.png              |  Bin 0 -> 105139 bytes
 .../native-12/user-scripts-opt-in.png              |  Bin 0 -> 220400 bytes
 .../native-12/workbench-after-runs.png             |  Bin 0 -> 140646 bytes
 .../local-ai-loop-r1-01a12158/pr-51-merged.json    |   46 +
 examples/programs/README.md                        |    9 +-
 examples/programs/local-controller/README.md       |    2 +
 examples/programs/local-page-ui/README.md          |    2 +
 examples/programs/page-npm-lodash/README.md        |   15 +-
 examples/programs/remote-esm-page/README.md        |   22 +-
 examples/programs/single-file/title.js             |    8 +
 examples/tasks/README.zh-CN.md                     |    2 +
 tests/environment/native-cdp-transport.test.mjs    |   76 +
 .../native-tool-navigation-driver.test.mjs         |   48 +
 tests/framework/local-dev-native-acceptance.mjs    |   27 +-
 tests/framework/sidebar-native-session.mjs         |   13 +-
 tests/framework/sidebar-tools-native-probes.mjs    |   64 +-
 551 files changed, 151586 insertions(+), 419 deletions(-)
 create mode 100644 docs/api/README.md
 create mode 100644 docs/api/controller.zh-CN.md
 create mode 100644 docs/api/dependencies-and-errors.zh-CN.md
 create mode 100644 docs/api/local-projects.zh-CN.md
 create mode 100644 docs/api/mcp-local-development.zh-CN.md
 create mode 100644 docs/api/page-userscript.zh-CN.md
 create mode 100644 docs/api/quickstart.zh-CN.md
 create mode 100644 docs/api/sidebar-local-projects.zh-CN.md
 create mode 100644 docs/framework/evidence/main-only-integration-20261010/build-development.log
 create mode 100644 docs/framework/evidence/main-only-integration-20261010/build-production-external-dependency-path-failed.log
 create mode 100644 docs/framework/evidence/main-only-integration-20261010/build-production.log
 create mode 100644 docs/framework/evidence/main-only-integration-20261010/builds/build-development.json
 create mode 100644 docs/framework/evidence/main-only-integration-20261010/builds/build-production.json
 create mode 100644 docs/framework/evidence/main-only-integration-20261010/bundle-package-provenance-correct-receipts.log
 create mode 100644 docs/framework/evidence/main-only-integration-20261010/docs-links.json
 create mode 100644 docs/framework/evidence/main-only-integration-20261010/environment-tests.log
 create mode 100644 docs/framework/evidence/main-only-integration-20261010/github-local-dev-first-failure.log
 create mode 100644 docs/framework/evidence/main-only-integration-20261010/integrated-heads.json
 create mode 100644 docs/framework/evidence/main-only-integration-20261010/physical-package-identities.json
 create mode 100644 docs/framework/evidence/main-only-integration-20261010/source-check.log
 create mode 100644 docs/framework/evidence/main-only-integration-20261010/sw-size.json
 create mode 100644 docs/framework/evidence/main-only-integration-20261010/targeted-tests.log
 create mode 100644 docs/framework/evidence/main-only-integration-20261010/verification-summary.json
 create mode 100644 docs/framework/evidence/main-only-integration-20261010/verify-packages.log
 create mode 100644 docs/framework/evidence/r101-usage-docs-01a12159/documentation-check-delivery-passed.json
 create mode 100644 docs/framework/evidence/r101-usage-docs-01a12159/documentation-check-final-passed.json
 create mode 100644 docs/framework/evidence/r101-usage-docs-01a12159/documentation-check-passed.json
 create mode 100644 docs/framework/evidence/sidebar-tools-r1-mac-01a11fa4/continuation-unlocked-20261009/before-latest-integration.json
 create mode 100644 docs/framework/evidence/sidebar-tools-r1-mac-01a11fa4/continuation-unlocked-20261009/canonical-server-stop.json
 create mode 100644 docs/framework/evidence/sidebar-tools-r1-mac-01a11fa4/continuation-unlocked-20261009/continuation-closeout.json
 create mode 100644 docs/framework/evidence/sidebar-tools-r1-mac-01a11fa4/continuation-unlocked-20261009/derive-f462-evidence.py
 create mode 100644 docs/framework/evidence/sidebar-tools-r1-mac-01a11fa4/continuation-unlocked-20261009/derive-final-evidence.py
 create mode 100644 docs/framework/evidence/sidebar-tools-r1-mac-01a11fa4/continuation-unlocked-20261009/f462-bounded-source-reuse.json
 create mode 100644 docs/framework/evidence/sidebar-tools-r1-mac-01a11fa4/continuation-unlocked-20261009/f462-closeout.json
 create mode 100644 docs/framework/evidence/sidebar-tools-r1-mac-01a11fa4/continuation-unlocked-20261009/f462-native-derived-verdict.json
 create mode 100644 docs/framework/evidence/sidebar-tools-r1-mac-01a11fa4/continuation-unlocked-20261009/f462-observer-failures.json
 create mode 100644 docs/framework/evidence/sidebar-tools-r1-mac-01a11fa4/continuation-unlocked-20261009/f462-quick-notes.opendesk-tool.json
 create mode 100644 docs/framework/evidence/sidebar-tools-r1-mac-01a11fa4/continuation-unlocked-20261009/f462-source-changes.json
 create mode 100644 docs/framework/evidence/sidebar-tools-r1-mac-01a11fa4/continuation-unlocked-20261009/final-b18-build-dev.log
 create mode 100644 docs/framework/evidence/sidebar-tools-r1-mac-01a11fa4/continuation-unlocked-20261009/final-b18-build.log
 create mode 100644 docs/framework/evidence/sidebar-tools-r1-mac-01a11fa4/continuation-unlocked-20261009/final-b18-check.log
 create mode 100644 docs/framework/evidence/sidebar-tools-r1-mac-01a11fa4/continuation-unlocked-20261009/final-b18-engineering-results.json
 create mode 100644 docs/framework/evidence/sidebar-tools-r1-mac-01a11fa4/continuation-unlocked-20261009/final-b18-npm-ci.log
 create mode 100644 docs/framework/evidence/sidebar-tools-r1-mac-01a11fa4/continuation-unlocked-20261009/final-b18-snapshot.json
 create mode 100644 docs/framework/evidence/sidebar-tools-r1-mac-01a11fa4/continuation-unlocked-20261009/final-b18-test-explicit-cft-result.json
 create mode 100644 docs/framework/evidence/sidebar-tools-r1-mac-01a11fa4/continuation-unlocked-20261009/final-b18-test-explicit-cft.log
 create mode 100644 docs/framework/evidence/sidebar-tools-r1-mac-01a11fa4/continuation-unlocked-20261009/final-b18-test.log
 create mode 100644 docs/framework/evidence/sidebar-tools-r1-mac-01a11fa4/continuation-unlocked-20261009/final-b18-tool-build.log
 create mode 100644 docs/framework/evidence/sidebar-tools-r1-mac-01a11fa4/continuation-unlocked-20261009/final-b18-verify.log
 create mode 100644 docs/framework/evidence/sidebar-tools-r1-mac-01a11fa4/continuation-unlocked-20261009/final-closeout.json
 create mode 100644 docs/framework/evidence/sidebar-tools-r1-mac-01a11fa4/continuation-unlocked-20261009/final-main-check.log
 create mode 100644 docs/framework/evidence/sidebar-tools-r1-mac-01a11fa4/continuation-unlocked-20261009/final-main-npm-test-result.json
 create mode 100644 docs/framework/evidence/sidebar-tools-r1-mac-01a11fa4/continuation-unlocked-20261009/final-main-npm-test.log
 create mode 100644 docs/framework/evidence/sidebar-tools-r1-mac-01a11fa4/continuation-unlocked-20261009/final-main-readonly-checks.json
 create mode 100644 docs/framework/evidence/sidebar-tools-r1-mac-01a11fa4/continuation-unlocked-20261009/final-main-snapshot.json
 create mode 100644 docs/framework/evidence/sidebar-tools-r1-mac-01a11fa4/continuation-unlocked-20261009/final-main-verify.log
 create mode 100644 docs/framework/evidence/sidebar-tools-r1-mac-01a11fa4/continuation-unlocked-20261009/github-ci-44b-native-jobs.json
 create mode 100644 docs/framework/evidence/sidebar-tools-r1-mac-01a11fa4/continuation-unlocked-20261009/github-ci-44b-observation.json
 create mode 100644 docs/framework/evidence/sidebar-tools-r1-mac-01a11fa4/continuation-unlocked-20261009/github-ci-44b-raw.json
 create mode 100644 docs/framework/evidence/sidebar-tools-r1-mac-01a11fa4/continuation-unlocked-20261009/github-ci-ef-native-jobs.json
 create mode 100644 docs/framework/evidence/sidebar-tools-r1-mac-01a11fa4/continuation-unlocked-20261009/github-ci-ef-observation.json
 create mode 100644 docs/framework/evidence/sidebar-tools-r1-mac-01a11fa4/continuation-unlocked-20261009/github-ci-ef-raw.json
 create mode 100644 docs/framework/evidence/sidebar-tools-r1-mac-01a11fa4/continuation-unlocked-20261009/github-ci-latest-native-jobs.json
 create mode 100644 docs/framework/evidence/sidebar-tools-r1-mac-01a11fa4/continuation-unlocked-20261009/github-ci-latest-remote-main.json
 create mode 100644 docs/framework/evidence/sidebar-tools-r1-mac-01a11fa4/continuation-unlocked-20261009/github-native-ci-log-0.json
 create mode 100644 docs/framework/evidence/sidebar-tools-r1-mac-01a11fa4/continuation-unlocked-20261009/github-native-ci-log-1.json
 create mode 100644 docs/framework/evidence/sidebar-tools-r1-mac-01a11fa4/continuation-unlocked-20261009/integrated-9ad-build-dev.log
 create mode 100644 docs/framework/evidence/sidebar-tools-r1-mac-01a11fa4/continuation-unlocked-20261009/integrated-9ad-build.log
 create mode 100644 docs/framework/evidence/sidebar-tools-r1-mac-01a11fa4/continuation-unlocked-20261009/integrated-9ad-check.log
 create mode 100644 docs/framework/evidence/sidebar-tools-r1-mac-01a11fa4/continuation-unlocked-20261009/integrated-9ad-engineering-results.json
 create mode 100644 docs/framework/evidence/sidebar-tools-r1-mac-01a11fa4/continuation-unlocked-20261009/integrated-9ad-npm-ci.log
 create mode 100644 docs/framework/evidence/sidebar-tools-r1-mac-01a11fa4/continuation-unlocked-20261009/integrated-9ad-package-identities.json
 create mode 100644 docs/framework/evidence/sidebar-tools-r1-mac-01a11fa4/continuation-unlocked-20261009/integrated-9ad-production-delivery.json
 create mode 100644 docs/framework/evidence/sidebar-tools-r1-mac-01a11fa4/continuation-unlocked-20261009/integrated-9ad-quick-notes.opendesk-tool.json
 create mode 100644 docs/framework/evidence/sidebar-tools-r1-mac-01a11fa4/continuation-unlocked-20261009/integrated-9ad-snapshot.json
 create mode 100644 docs/framework/evidence/sidebar-tools-r1-mac-01a11fa4/continuation-unlocked-20261009/integrated-9ad-test.log
 create mode 100644 docs/framework/evidence/sidebar-tools-r1-mac-01a11fa4/continuation-unlocked-20261009/integrated-9ad-tool-artifact-check.json
 create mode 100644 docs/framework/evidence/sidebar-tools-r1-mac-01a11fa4/continuation-unlocked-20261009/integrated-9ad-tool-build.log
 create mode 100644 docs/framework/evidence/sidebar-tools-r1-mac-01a11fa4/continuation-unlocked-20261009/integrated-9ad-verify.log
 create mode 100644 docs/framework/evidence/sidebar-tools-r1-mac-01a11fa4/continuation-unlocked-20261009/integration-docs-ef-after.json
 create mode 100644 docs/framework/evidence/sidebar-tools-r1-mac-01a11fa4/continuation-unlocked-20261009/integration-docs-ef-before.json
 create mode 100644 docs/framework/evidence/sidebar-tools-r1-mac-01a11fa4/continuation-unlocked-20261009/integration-docs-ef-merge.log
 create mode 100644 docs/framework/evidence/sidebar-tools-r1-mac-01a11fa4/continuation-unlocked-20261009/native-f462-resources-released.json
 create mode 100644 docs/framework/evidence/sidebar-tools-r1-mac-01a11fa4/continuation-unlocked-20261009/native-final-b18-width400/chrome-tools-r1.log
 create mode 100644 docs/framework/evidence/sidebar-tools-r1-mac-01a11fa4/continuation-unlocked-20261009/native-final-b18-width400/cleanup.json
 create mode 100644 docs/framework/evidence/sidebar-tools-r1-mac-01a11fa4/continuation-unlocked-20261009/native-final-b18-width400/click-1791553073427.json
 create mode 100644 docs/framework/evidence/sidebar-tools-r1-mac-01a11fa4/continuation-unlocked-20261009/native-final-b18-width400/click-1791553127515.json
 create mode 100644 docs/framework/evidence/sidebar-tools-r1-mac-01a11fa4/continuation-unlocked-20261009/native-final-b18-width400/click-1791553251637.json
 create mode 100644 docs/framework/evidence/sidebar-tools-r1-mac-01a11fa4/continuation-unlocked-20261009/native-final-b18-width400/click-1791553344925.json
 create mode 100644 docs/framework/evidence/sidebar-tools-r1-mac-01a11fa4/continuation-unlocked-20261009/native-final-b18-width400/click-1791553529537.json
 create mode 100644 docs/framework/evidence/sidebar-tools-r1-mac-01a11fa4/continuation-unlocked-20261009/native-final-b18-width400/input-1791553073296.json
 create mode 100644 docs/framework/evidence/sidebar-tools-r1-mac-01a11fa4/continuation-unlocked-20261009/native-final-b18-width400/last-click.json
 create mode 100644 docs/framework/evidence/sidebar-tools-r1-mac-01a11fa4/continuation-unlocked-20261009/native-final-b18-width400/last-input.json
 create mode 100644 docs/framework/evidence/sidebar-tools-r1-mac-01a11fa4/continuation-unlocked-20261009/native-final-b18-width400/launcher-tools-r1-exit.json
 create mode 100644 docs/framework/evidence/sidebar-tools-r1-mac-01a11fa4/continuation-unlocked-20261009/native-final-b18-width400/launcher-tools-r1-raw-failure.json
 create mode 100644 docs/framework/evidence/sidebar-tools-r1-mac-01a11fa4/continuation-unlocked-20261009/native-final-b18-width400/launcher-tools-r1-restart-verified.json
 create mode 100644 docs/framework/evidence/sidebar-tools-r1-mac-01a11fa4/continuation-unlocked-20261009/native-final-b18-width400/launcher-tools-r1-stderr.txt
 create mode 100644 docs/framework/evidence/sidebar-tools-r1-mac-01a11fa4/continuation-unlocked-20261009/native-final-b18-width400/launcher-tools-r1-stdout.txt
 create mode 100644 docs/framework/evidence/sidebar-tools-r1-mac-01a11fa4/continuation-unlocked-20261009/native-final-b18-width400/launcher-tools-r1-summary.json
 create mode 100644 docs/framework/evidence/sidebar-tools-r1-mac-01a11fa4/continuation-unlocked-20261009/native-final-b18-width400/launcher-tools-r1-verified.json
 create mode 100644 docs/framework/evidence/sidebar-tools-r1-mac-01a11fa4/continuation-unlocked-20261009/native-final-b18-width400/launcher-tools-r1.cleanup.json
 create mode 100644 docs/framework/evidence/sidebar-tools-r1-mac-01a11fa4/continuation-unlocked-20261009/native-final-b18-width400/launcher-tools-r1.json
 create mode 100644 docs/framework/evidence/sidebar-tools-r1-mac-01a11fa4/continuation-unlocked-20261009/native-final-b18-width400/launcher-tools-r1.lifecycle.jsonl
 create mode 100644 docs/framework/evidence/sidebar-tools-r1-mac-01a11fa4/continuation-unlocked-20261009/native-final-b18-width400/layout-400.json
 create mode 100644 docs/framework/evidence/sidebar-tools-r1-mac-01a11fa4/continuation-unlocked-20261009/native-final-b18-width400/react-framework.json
 create mode 100644 docs/framework/evidence/sidebar-tools-r1-mac-01a11fa4/continuation-unlocked-20261009/native-final-b18-width400/session.json
 create mode 100644 docs/framework/evidence/sidebar-tools-r1-mac-01a11fa4/continuation-unlocked-20261009/native-final-b18-width400/uninstalled-AEC02B78E6720FDAA35A774980B2DC76.png
 create mode 100644 docs/framework/evidence/sidebar-tools-r1-mac-01a11fa4/continuation-unlocked-20261009/native-final-b18-width400/uninstalled.json
 create mode 100644 docs/framework/evidence/sidebar-tools-r1-mac-01a11fa4/continuation-unlocked-20261009/native-final-b18-width400/update-selected-AEC02B78E6720FDAA35A774980B2DC76.png
 create mode 100644 docs/framework/evidence/sidebar-tools-r1-mac-01a11fa4/continuation-unlocked-20261009/native-final-b18-width400/update-selected.json
 create mode 100644 docs/framework/evidence/sidebar-tools-r1-mac-01a11fa4/continuation-unlocked-20261009/native-final-b18-width400/updated-before-uninstall-AEC02B78E6720FDAA35A774980B2DC76.png
 create mode 100644 docs/framework/evidence/sidebar-tools-r1-mac-01a11fa4/continuation-unlocked-20261009/native-final-b18-width400/updated-before-uninstall.json
 create mode 100644 docs/framework/evidence/sidebar-tools-r1-mac-01a11fa4/continuation-unlocked-20261009/native-final-b18-width400/vue-framework-AEC02B78E6720FDAA35A774980B2DC76.png
 create mode 100644 docs/framework/evidence/sidebar-tools-r1-mac-01a11fa4/continuation-unlocked-20261009/native-final-b18-width400/vue-framework.json
 create mode 100644 docs/framework/evidence/sidebar-tools-r1-mac-01a11fa4/continuation-unlocked-20261009/native-final-b18-width400/width-400-panel.png
 create mode 100644 docs/framework/evidence/sidebar-tools-r1-mac-01a11fa4/continuation-unlocked-20261009/native-final-b18-width400/width-preference.json
 create mode 100644 docs/framework/evidence/sidebar-tools-r1-mac-01a11fa4/continuation-unlocked-20261009/native-final-b18-width400/width400-error-AEC02B78E6720FDAA35A774980B2DC76.png
 create mode 100644 docs/framework/evidence/sidebar-tools-r1-mac-01a11fa4/continuation-unlocked-20261009/native-final-b18-width400/width400-error.json
 create mode 100644 docs/framework/evidence/sidebar-tools-r1-mac-01a11fa4/continuation-unlocked-20261009/native-final-b18-widths/after-native-resize-400-47E7F4E2BE2BD5D050F27B8D40E09177.png
 create mode 100644 docs/framework/evidence/sidebar-tools-r1-mac-01a11fa4/continuation-unlocked-20261009/native-final-b18-widths/after-native-resize-400.json
 create mode 100644 docs/framework/evidence/sidebar-tools-r1-mac-01a11fa4/continuation-unlocked-20261009/native-final-b18-widths/chrome-tools-r1.log
 create mode 100644 docs/framework/evidence/sidebar-tools-r1-mac-01a11fa4/continuation-unlocked-20261009/native-final-b18-widths/cleanup.json
 create mode 100644 docs/framework/evidence/sidebar-tools-r1-mac-01a11fa4/continuation-unlocked-20261009/native-final-b18-widths/click-1791552723667.json
 create mode 100644 docs/framework/evidence/sidebar-tools-r1-mac-01a11fa4/continuation-unlocked-20261009/native-final-b18-widths/input-1791552723538.json
 create mode 100644 docs/framework/evidence/sidebar-tools-r1-mac-01a11fa4/continuation-unlocked-20261009/native-final-b18-widths/last-click.json
 create mode 100644 docs/framework/evidence/sidebar-tools-r1-mac-01a11fa4/continuation-unlocked-20261009/native-final-b18-widths/last-input.json
 create mode 100644 docs/framework/evidence/sidebar-tools-r1-mac-01a11fa4/continuation-unlocked-20261009/native-final-b18-widths/launcher-tools-r1-exit.json
 create mode 100644 docs/framework/evidence/sidebar-tools-r1-mac-01a11fa4/continuation-unlocked-20261009/native-final-b18-widths/launcher-tools-r1-raw-failure.json
 create mode 100644 docs/framework/evidence/sidebar-tools-r1-mac-01a11fa4/continuation-unlocked-20261009/native-final-b18-widths/launcher-tools-r1-restart-verified.json
 create mode 100644 docs/framework/evidence/sidebar-tools-r1-mac-01a11fa4/continuation-unlocked-20261009/native-final-b18-widths/launcher-tools-r1-stderr.txt
 create mode 100644 docs/framework/evidence/sidebar-tools-r1-mac-01a11fa4/continuation-unlocked-20261009/native-final-b18-widths/launcher-tools-r1-stdout.txt
 create mode 100644 docs/framework/evidence/sidebar-tools-r1-mac-01a11fa4/continuation-unlocked-20261009/native-final-b18-widths/launcher-tools-r1-summary.json
 create mode 100644 docs/framework/evidence/sidebar-tools-r1-mac-01a11fa4/continuation-unlocked-20261009/native-final-b18-widths/launcher-tools-r1-verified.json
 create mode 100644 docs/framework/evidence/sidebar-tools-r1-mac-01a11fa4/continuation-unlocked-20261009/native-final-b18-widths/launcher-tools-r1.cleanup.json
 create mode 100644 docs/framework/evidence/sidebar-tools-r1-mac-01a11fa4/continuation-unlocked-20261009/native-final-b18-widths/launcher-tools-r1.json
 create mode 100644 docs/framework/evidence/sidebar-tools-r1-mac-01a11fa4/continuation-unlocked-20261009/native-final-b18-widths/launcher-tools-r1.lifecycle.jsonl
 create mode 100644 docs/framework/evidence/sidebar-tools-r1-mac-01a11fa4/continuation-unlocked-20261009/native-final-b18-widths/layout-600.json
 create mode 100644 docs/framework/evidence/sidebar-tools-r1-mac-01a11fa4/continuation-unlocked-20261009/native-final-b18-widths/session.json
 create mode 100644 docs/framework/evidence/sidebar-tools-r1-mac-01a11fa4/continuation-unlocked-20261009/native-final-b18-widths/width-600-panel.png
 create mode 100644 docs/framework/evidence/sidebar-tools-r1-mac-01a11fa4/continuation-unlocked-20261009/native-final-b18-widths/width-preference.json
 create mode 100644 docs/framework/evidence/sidebar-tools-r1-mac-01a11fa4/continuation-unlocked-20261009/native-final-b18/actual-200-fixed-A157E1A9BD07EEE875AC198C3C5CE1A8.png
 create mode 100644 docs/framework/evidence/sidebar-tools-r1-mac-01a11fa4/continuation-unlocked-20261009/native-final-b18/actual-200-fixed.json
 create mode 100644 docs/framework/evidence/sidebar-tools-r1-mac-01a11fa4/continuation-unlocked-20261009/native-final-b18/actual-200-visible-saved-A157E1A9BD07EEE875AC198C3C5CE1A8.png
 create mode 100644 docs/framework/evidence/sidebar-tools-r1-mac-01a11fa4/continuation-unlocked-20261009/native-final-b18/actual-200-visible-saved.json
 create mode 100644 docs/framework/evidence/sidebar-tools-r1-mac-01a11fa4/continuation-unlocked-20261009/native-final-b18/chrome-tools-r1.log
 create mode 100644 docs/framework/evidence/sidebar-tools-r1-mac-01a11fa4/continuation-unlocked-20261009/native-final-b18/cleanup.json
 create mode 100644 docs/framework/evidence/sidebar-tools-r1-mac-01a11fa4/continuation-unlocked-20261009/native-final-b18/click-1791551997696.json
 create mode 100644 docs/framework/evidence/sidebar-tools-r1-mac-01a11fa4/continuation-unlocked-20261009/native-final-b18/cycles-20.json
 create mode 100644 docs/framework/evidence/sidebar-tools-r1-mac-01a11fa4/continuation-unlocked-20261009/native-final-b18/input-1791551997559.json
 create mode 100644 docs/framework/evidence/sidebar-tools-r1-mac-01a11fa4/continuation-unlocked-20261009/native-final-b18/installed-unopened-A157E1A9BD07EEE875AC198C3C5CE1A8.png
 create mode 100644 docs/framework/evidence/sidebar-tools-r1-mac-01a11fa4/continuation-unlocked-20261009/native-final-b18/installed-unopened.json
 create mode 100644 docs/framework/evidence/sidebar-tools-r1-mac-01a11fa4/continuation-unlocked-20261009/native-final-b18/last-click.json
 create mode 100644 docs/framework/evidence/sidebar-tools-r1-mac-01a11fa4/continuation-unlocked-20261009/native-final-b18/last-input.json
 create mode 100644 docs/framework/evidence/sidebar-tools-r1-mac-01a11fa4/continuation-unlocked-20261009/native-final-b18/launcher-tools-r1-exit.json
 create mode 100644 docs/framework/evidence/sidebar-tools-r1-mac-01a11fa4/continuation-unlocked-20261009/native-final-b18/launcher-tools-r1-raw-failure.json
 create mode 100644 docs/framework/evidence/sidebar-tools-r1-mac-01a11fa4/continuation-unlocked-20261009/native-final-b18/launcher-tools-r1-restart-verified.json
 create mode 100644 docs/framework/evidence/sidebar-tools-r1-mac-01a11fa4/continuation-unlocked-20261009/native-final-b18/launcher-tools-r1-stderr.txt
 create mode 100644 docs/framework/evidence/sidebar-tools-r1-mac-01a11fa4/continuation-unlocked-20261009/native-final-b18/launcher-tools-r1-stdout.txt
 create mode 100644 docs/framework/evidence/sidebar-tools-r1-mac-01a11fa4/continuation-unlocked-20261009/native-final-b18/launcher-tools-r1-summary.json
 create mode 100644 docs/framework/evidence/sidebar-tools-r1-mac-01a11fa4/continuation-unlocked-20261009/native-final-b18/launcher-tools-r1-verified.json
 create mode 100644 docs/framework/evidence/sidebar-tools-r1-mac-01a11fa4/continuation-unlocked-20261009/native-final-b18/launcher-tools-r1.cleanup.json
 create mode 100644 docs/framework/evidence/sidebar-tools-r1-mac-01a11fa4/continuation-unlocked-20261009/native-final-b18/launcher-tools-r1.json
 create mode 100644 docs/framework/evidence/sidebar-tools-r1-mac-01a11fa4/continuation-unlocked-20261009/native-final-b18/launcher-tools-r1.lifecycle.jsonl
 create mode 100644 docs/framework/evidence/sidebar-tools-r1-mac-01a11fa4/continuation-unlocked-20261009/native-final-b18/native-default-zoom-reset.json
 create mode 100644 docs/framework/evidence/sidebar-tools-r1-mac-01a11fa4/continuation-unlocked-20261009/native-final-b18/native-settings-zoom-attempt-124943E84893DDD469A78D18508505A3.png
 create mode 100644 docs/framework/evidence/sidebar-tools-r1-mac-01a11fa4/continuation-unlocked-20261009/native-final-b18/native-settings-zoom-attempt-A157E1A9BD07EEE875AC198C3C5CE1A8.png
 create mode 100644 docs/framework/evidence/sidebar-tools-r1-mac-01a11fa4/continuation-unlocked-20261009/native-final-b18/native-settings-zoom-attempt.json
 create mode 100644 docs/framework/evidence/sidebar-tools-r1-mac-01a11fa4/continuation-unlocked-20261009/native-final-b18/restarted-restored-FEEB2FEDE5AAA203754F7768AD564B25.png
 create mode 100644 docs/framework/evidence/sidebar-tools-r1-mac-01a11fa4/continuation-unlocked-20261009/native-final-b18/restarted-restored.json
 create mode 100644 docs/framework/evidence/sidebar-tools-r1-mac-01a11fa4/continuation-unlocked-20261009/native-final-b18/security.json
 create mode 100644 docs/framework/evidence/sidebar-tools-r1-mac-01a11fa4/continuation-unlocked-20261009/native-final-b18/selected-A157E1A9BD07EEE875AC198C3C5CE1A8.png
 create mode 100644 docs/framework/evidence/sidebar-tools-r1-mac-01a11fa4/continuation-unlocked-20261009/native-final-b18/selected.json
 create mode 100644 docs/framework/evidence/sidebar-tools-r1-mac-01a11fa4/continuation-unlocked-20261009/native-final-b18/session.json
 create mode 100644 docs/framework/evidence/sidebar-tools-r1-mac-01a11fa4/continuation-unlocked-20261009/native-final-b18/width-preference.json
 create mode 100644 docs/framework/evidence/sidebar-tools-r1-mac-01a11fa4/continuation-unlocked-20261009/native-final-f462/before-final-browser-restart-D28D0579498A586BD3356FBED98C220F.png
 create mode 100644 docs/framework/evidence/sidebar-tools-r1-mac-01a11fa4/continuation-unlocked-20261009/native-final-f462/before-final-browser-restart.json
 create mode 100644 docs/framework/evidence/sidebar-tools-r1-mac-01a11fa4/continuation-unlocked-20261009/native-final-f462/browser-action-after-restart.json
 create mode 100644 docs/framework/evidence/sidebar-tools-r1-mac-01a11fa4/continuation-unlocked-20261009/native-final-f462/browser-action-open-failure.json
 create mode 100644 docs/framework/evidence/sidebar-tools-r1-mac-01a11fa4/continuation-unlocked-20261009/native-final-f462/browser-action-open.json
 create mode 100644 docs/framework/evidence/sidebar-tools-r1-mac-01a11fa4/continuation-unlocked-20261009/native-final-f462/chrome-tools-r1.log
 create mode 100644 docs/framework/evidence/sidebar-tools-r1-mac-01a11fa4/continuation-unlocked-20261009/native-final-f462/cleanup.json
 create mode 100644 docs/framework/evidence/sidebar-tools-r1-mac-01a11fa4/continuation-unlocked-20261009/native-final-f462/click-1791558386328.json
 create mode 100644 docs/framework/evidence/sidebar-tools-r1-mac-01a11fa4/continuation-unlocked-20261009/native-final-f462/click-1791558398036.json
 create mode 100644 docs/framework/evidence/sidebar-tools-r1-mac-01a11fa4/continuation-unlocked-20261009/native-final-f462/click-1791558457653.json
 create mode 100644 docs/framework/evidence/sidebar-tools-r1-mac-01a11fa4/continuation-unlocked-20261009/native-final-f462/click-1791558474376.json
 create mode 100644 docs/framework/evidence/sidebar-tools-r1-mac-01a11fa4/continuation-unlocked-20261009/native-final-f462/click-1791558475039.json
 create mode 100644 docs/framework/evidence/sidebar-tools-r1-mac-01a11fa4/continuation-unlocked-20261009/native-final-f462/click-1791558524558.json
 create mode 100644 docs/framework/evidence/sidebar-tools-r1-mac-01a11fa4/continuation-unlocked-20261009/native-final-f462/click-1791558525474.json
 create mode 100644 docs/framework/evidence/sidebar-tools-r1-mac-01a11fa4/continuation-unlocked-20261009/native-final-f462/click-1791558557085.json
 create mode 100644 docs/framework/evidence/sidebar-tools-r1-mac-01a11fa4/continuation-unlocked-20261009/native-final-f462/click-1791558597120.json
 create mode 100644 docs/framework/evidence/sidebar-tools-r1-mac-01a11fa4/continuation-unlocked-20261009/native-final-f462/click-1791558597663.json
 create mode 100644 docs/framework/evidence/sidebar-tools-r1-mac-01a11fa4/continuation-unlocked-20261009/native-final-f462/computation-csp.json
 create mode 100644 docs/framework/evidence/sidebar-tools-r1-mac-01a11fa4/continuation-unlocked-20261009/native-final-f462/cycles-20.json
 create mode 100644 docs/framework/evidence/sidebar-tools-r1-mac-01a11fa4/continuation-unlocked-20261009/native-final-f462/demo-page.json
 create mode 100644 docs/framework/evidence/sidebar-tools-r1-mac-01a11fa4/continuation-unlocked-20261009/native-final-f462/draft-completed-runs.json
 create mode 100644 docs/framework/evidence/sidebar-tools-r1-mac-01a11fa4/continuation-unlocked-20261009/native-final-f462/draft-final-released-runs.json
 create mode 100644 docs/framework/evidence/sidebar-tools-r1-mac-01a11fa4/continuation-unlocked-20261009/native-final-f462/draft-saved-D28D0579498A586BD3356FBED98C220F.png
 create mode 100644 docs/framework/evidence/sidebar-tools-r1-mac-01a11fa4/continuation-unlocked-20261009/native-final-f462/draft-saved.json
 create mode 100644 docs/framework/evidence/sidebar-tools-r1-mac-01a11fa4/continuation-unlocked-20261009/native-final-f462/draft-stopped-runs.json
 create mode 100644 docs/framework/evidence/sidebar-tools-r1-mac-01a11fa4/continuation-unlocked-20261009/native-final-f462/initial-sidepanel-894967CA45D33F5F7932277D78018709.png
 create mode 100644 docs/framework/evidence/sidebar-tools-r1-mac-01a11fa4/continuation-unlocked-20261009/native-final-f462/initial-sidepanel.json
 create mode 100644 docs/framework/evidence/sidebar-tools-r1-mac-01a11fa4/continuation-unlocked-20261009/native-final-f462/input-1791558474729.json
 create mode 100644 docs/framework/evidence/sidebar-tools-r1-mac-01a11fa4/continuation-unlocked-20261009/native-final-f462/input-1791558525154.json
 create mode 100644 docs/framework/evidence/sidebar-tools-r1-mac-01a11fa4/continuation-unlocked-20261009/native-final-f462/installed-unopened-D28D0579498A586BD3356FBED98C220F.png
 create mode 100644 docs/framework/evidence/sidebar-tools-r1-mac-01a11fa4/continuation-unlocked-20261009/native-final-f462/installed-unopened.json
 create mode 100644 docs/framework/evidence/sidebar-tools-r1-mac-01a11fa4/continuation-unlocked-20261009/native-final-f462/last-click.json
 create mode 100644 docs/framework/evidence/sidebar-tools-r1-mac-01a11fa4/continuation-unlocked-20261009/native-final-f462/last-input.json
 create mode 100644 docs/framework/evidence/sidebar-tools-r1-mac-01a11fa4/continuation-unlocked-20261009/native-final-f462/launcher-tools-r1-exit.json
 create mode 100644 docs/framework/evidence/sidebar-tools-r1-mac-01a11fa4/continuation-unlocked-20261009/native-final-f462/launcher-tools-r1-raw-failure.json
 create mode 100644 docs/framework/evidence/sidebar-tools-r1-mac-01a11fa4/continuation-unlocked-20261009/native-final-f462/launcher-tools-r1-restart-verified.json
 create mode 100644 docs/framework/evidence/sidebar-tools-r1-mac-01a11fa4/continuation-unlocked-20261009/native-final-f462/launcher-tools-r1-stderr.txt
 create mode 100644 docs/framework/evidence/sidebar-tools-r1-mac-01a11fa4/continuation-unlocked-20261009/native-final-f462/launcher-tools-r1-stdout.txt
 create mode 100644 docs/framework/evidence/sidebar-tools-r1-mac-01a11fa4/continuation-unlocked-20261009/native-final-f462/launcher-tools-r1-summary.json
 create mode 100644 docs/framework/evidence/sidebar-tools-r1-mac-01a11fa4/continuation-unlocked-20261009/native-final-f462/launcher-tools-r1-verified.json
 create mode 100644 docs/framework/evidence/sidebar-tools-r1-mac-01a11fa4/continuation-unlocked-20261009/native-final-f462/launcher-tools-r1.cleanup.json
 create mode 100644 docs/framework/evidence/sidebar-tools-r1-mac-01a11fa4/continuation-unlocked-20261009/native-final-f462/launcher-tools-r1.json
 create mode 100644 docs/framework/evidence/sidebar-tools-r1-mac-01a11fa4/continuation-unlocked-20261009/native-final-f462/launcher-tools-r1.lifecycle.jsonl
 create mode 100644 docs/framework/evidence/sidebar-tools-r1-mac-01a11fa4/continuation-unlocked-20261009/native-final-f462/restart-error.json
 create mode 100644 docs/framework/evidence/sidebar-tools-r1-mac-01a11fa4/continuation-unlocked-20261009/native-final-f462/saved-native-note-D28D0579498A586BD3356FBED98C220F.png
 create mode 100644 docs/framework/evidence/sidebar-tools-r1-mac-01a11fa4/continuation-unlocked-20261009/native-final-f462/saved-native-note.json
 create mode 100644 docs/framework/evidence/sidebar-tools-r1-mac-01a11fa4/continuation-unlocked-20261009/native-final-f462/security.json
 create mode 100644 docs/framework/evidence/sidebar-tools-r1-mac-01a11fa4/continuation-unlocked-20261009/native-final-f462/selected-no-install-D28D0579498A586BD3356FBED98C220F.png
 create mode 100644 docs/framework/evidence/sidebar-tools-r1-mac-01a11fa4/continuation-unlocked-20261009/native-final-f462/selected-no-install.json
 create mode 100644 docs/framework/evidence/sidebar-tools-r1-mac-01a11fa4/continuation-unlocked-20261009/native-final-f462/session-before-persisted-restart.json
 create mode 100644 docs/framework/evidence/sidebar-tools-r1-mac-01a11fa4/continuation-unlocked-20261009/native-final-f462/session.json
 create mode 100644 docs/framework/evidence/sidebar-tools-r1-mac-01a11fa4/continuation-unlocked-20261009/native-final-f462/shutdown-error.json
 create mode 100644 docs/framework/evidence/sidebar-tools-r1-mac-01a11fa4/continuation-unlocked-20261009/native-final-f462/windows-navigation-offline.json
 create mode 100644 docs/framework/evidence/sidebar-tools-r1-mac-01a11fa4/continuation-unlocked-20261009/native-instance-after-native-permission-ax.txt
 create mode 100644 docs/framework/evidence/sidebar-tools-r1-mac-01a11fa4/continuation-unlocked-20261009/native-instance-after-native-permission-before.png
 create mode 100644 docs/framework/evidence/sidebar-tools-r1-mac-01a11fa4/continuation-unlocked-20261009/native-instance-after-overlay.json
 create mode 100644 docs/framework/evidence/sidebar-tools-r1-mac-01a11fa4/continuation-unlocked-20261009/native-instance-before-residual-cleanup.json
 create mode 100644 docs/framework/evidence/sidebar-tools-r1-mac-01a11fa4/continuation-unlocked-20261009/native-instance-build-dev.log
 create mode 100644 docs/framework/evidence/sidebar-tools-r1-mac-01a11fa4/continuation-unlocked-20261009/native-instance-build-results.json
 create mode 100644 docs/framework/evidence/sidebar-tools-r1-mac-01a11fa4/continuation-unlocked-20261009/native-instance-build.log
 create mode 100644 docs/framework/evidence/sidebar-tools-r1-mac-01a11fa4/continuation-unlocked-20261009/native-instance-check-final.log
 create mode 100644 docs/framework/evidence/sidebar-tools-r1-mac-01a11fa4/continuation-unlocked-20261009/native-instance-check.log
 create mode 100644 docs/framework/evidence/sidebar-tools-r1-mac-01a11fa4/continuation-unlocked-20261009/native-instance-final-engineering.json
 create mode 100644 docs/framework/evidence/sidebar-tools-r1-mac-01a11fa4/continuation-unlocked-20261009/native-instance-npm-ci.log
 create mode 100644 docs/framework/evidence/sidebar-tools-r1-mac-01a11fa4/continuation-unlocked-20261009/native-instance-package-identities.json
 create mode 100644 docs/framework/evidence/sidebar-tools-r1-mac-01a11fa4/continuation-unlocked-20261009/native-instance-permission-before.txt
 create mode 100644 docs/framework/evidence/sidebar-tools-r1-mac-01a11fa4/continuation-unlocked-20261009/native-instance-production-delivery.json
 create mode 100644 docs/framework/evidence/sidebar-tools-r1-mac-01a11fa4/continuation-unlocked-20261009/native-instance-snapshot.json
 create mode 100644 docs/framework/evidence/sidebar-tools-r1-mac-01a11fa4/continuation-unlocked-20261009/native-instance-source-commit.json
 create mode 100644 docs/framework/evidence/sidebar-tools-r1-mac-01a11fa4/continuation-unlocked-20261009/native-instance-targeted-result-after.json
 create mode 100644 docs/framework/evidence/sidebar-tools-r1-mac-01a11fa4/continuation-unlocked-20261009/native-instance-targeted-result.json
 create mode 100644 docs/framework/evidence/sidebar-tools-r1-mac-01a11fa4/continuation-unlocked-20261009/native-instance-targeted-test-after.log
 create mode 100644 docs/framework/evidence/sidebar-tools-r1-mac-01a11fa4/continuation-unlocked-20261009/native-instance-targeted-test.log
 create mode 100644 docs/framework/evidence/sidebar-tools-r1-mac-01a11fa4/continuation-unlocked-20261009/native-instance-test-final.log
 create mode 100644 docs/framework/evidence/sidebar-tools-r1-mac-01a11fa4/continuation-unlocked-20261009/native-instance-tool-build.log
 create mode 100644 docs/framework/evidence/sidebar-tools-r1-mac-01a11fa4/continuation-unlocked-20261009/native-instance-verify.log
 create mode 100644 docs/framework/evidence/sidebar-tools-r1-mac-01a11fa4/continuation-unlocked-20261009/native-integrated-9ad/before-uninstall-DFA436F0C4EE1B7EAADF775379A1CDC1.png
 create mode 100644 docs/framework/evidence/sidebar-tools-r1-mac-01a11fa4/continuation-unlocked-20261009/native-integrated-9ad/before-uninstall.json
 create mode 100644 docs/framework/evidence/sidebar-tools-r1-mac-01a11fa4/continuation-unlocked-20261009/native-integrated-9ad/chrome-tools-r1.log
 create mode 100644 docs/framework/evidence/sidebar-tools-r1-mac-01a11fa4/continuation-unlocked-20261009/native-integrated-9ad/cleanup.json
 create mode 100644 docs/framework/evidence/sidebar-tools-r1-mac-01a11fa4/continuation-unlocked-20261009/native-integrated-9ad/click-1791554834596.json
 create mode 100644 docs/framework/evidence/sidebar-tools-r1-mac-01a11fa4/continuation-unlocked-20261009/native-integrated-9ad/click-1791554887309.json
 create mode 100644 docs/framework/evidence/sidebar-tools-r1-mac-01a11fa4/continuation-unlocked-20261009/native-integrated-9ad/click-1791555099547.json
 create mode 100644 docs/framework/evidence/sidebar-tools-r1-mac-01a11fa4/continuation-unlocked-20261009/native-integrated-9ad/click-1791555100783.json
 create mode 100644 docs/framework/evidence/sidebar-tools-r1-mac-01a11fa4/continuation-unlocked-20261009/native-integrated-9ad/click-1791555155472.json
 create mode 100644 docs/framework/evidence/sidebar-tools-r1-mac-01a11fa4/continuation-unlocked-20261009/native-integrated-9ad/click-1791555155833.json
 create mode 100644 docs/framework/evidence/sidebar-tools-r1-mac-01a11fa4/continuation-unlocked-20261009/native-integrated-9ad/computation-after-retirement-observer.json
 create mode 100644 docs/framework/evidence/sidebar-tools-r1-mac-01a11fa4/continuation-unlocked-20261009/native-integrated-9ad/cycle-first-failure.json
 create mode 100644 docs/framework/evidence/sidebar-tools-r1-mac-01a11fa4/continuation-unlocked-20261009/native-integrated-9ad/cycles-20.json
 create mode 100644 docs/framework/evidence/sidebar-tools-r1-mac-01a11fa4/continuation-unlocked-20261009/native-integrated-9ad/cycles-restored-DFA436F0C4EE1B7EAADF775379A1CDC1.png
 create mode 100644 docs/framework/evidence/sidebar-tools-r1-mac-01a11fa4/continuation-unlocked-20261009/native-integrated-9ad/cycles-restored.json
 create mode 100644 docs/framework/evidence/sidebar-tools-r1-mac-01a11fa4/continuation-unlocked-20261009/native-integrated-9ad/draft-completed-DFA436F0C4EE1B7EAADF775379A1CDC1.png
 create mode 100644 docs/framework/evidence/sidebar-tools-r1-mac-01a11fa4/continuation-unlocked-20261009/native-integrated-9ad/draft-completed-runs.json
 create mode 100644 docs/framework/evidence/sidebar-tools-r1-mac-01a11fa4/continuation-unlocked-20261009/native-integrated-9ad/draft-completed.json
 create mode 100644 docs/framework/evidence/sidebar-tools-r1-mac-01a11fa4/continuation-unlocked-20261009/native-integrated-9ad/draft-source-input.log
 create mode 100644 docs/framework/evidence/sidebar-tools-r1-mac-01a11fa4/continuation-unlocked-20261009/native-integrated-9ad/draft-stopped-runs.json
 create mode 100644 docs/framework/evidence/sidebar-tools-r1-mac-01a11fa4/continuation-unlocked-20261009/native-integrated-9ad/input-1791554834306.json
 create mode 100644 docs/framework/evidence/sidebar-tools-r1-mac-01a11fa4/continuation-unlocked-20261009/native-integrated-9ad/input-1791554886796.json
 create mode 100644 docs/framework/evidence/sidebar-tools-r1-mac-01a11fa4/continuation-unlocked-20261009/native-integrated-9ad/input-1791555073557.json
 create mode 100644 docs/framework/evidence/sidebar-tools-r1-mac-01a11fa4/continuation-unlocked-20261009/native-integrated-9ad/installed-unopened-DFA436F0C4EE1B7EAADF775379A1CDC1.png
 create mode 100644 docs/framework/evidence/sidebar-tools-r1-mac-01a11fa4/continuation-unlocked-20261009/native-integrated-9ad/installed-unopened.json
 create mode 100644 docs/framework/evidence/sidebar-tools-r1-mac-01a11fa4/continuation-unlocked-20261009/native-integrated-9ad/last-click.json
 create mode 100644 docs/framework/evidence/sidebar-tools-r1-mac-01a11fa4/continuation-unlocked-20261009/native-integrated-9ad/last-input.json
 create mode 100644 docs/framework/evidence/sidebar-tools-r1-mac-01a11fa4/continuation-unlocked-20261009/native-integrated-9ad/launcher-tools-r1-exit.json
 create mode 100644 docs/framework/evidence/sidebar-tools-r1-mac-01a11fa4/continuation-unlocked-20261009/native-integrated-9ad/launcher-tools-r1-raw-failure.json
 create mode 100644 docs/framework/evidence/sidebar-tools-r1-mac-01a11fa4/continuation-unlocked-20261009/native-integrated-9ad/launcher-tools-r1-stderr.txt
 create mode 100644 docs/framework/evidence/sidebar-tools-r1-mac-01a11fa4/continuation-unlocked-20261009/native-integrated-9ad/launcher-tools-r1-stdout.txt
 create mode 100644 docs/framework/evidence/sidebar-tools-r1-mac-01a11fa4/continuation-unlocked-20261009/native-integrated-9ad/launcher-tools-r1-summary.json
 create mode 100644 docs/framework/evidence/sidebar-tools-r1-mac-01a11fa4/continuation-unlocked-20261009/native-integrated-9ad/launcher-tools-r1-verified.json
 create mode 100644 docs/framework/evidence/sidebar-tools-r1-mac-01a11fa4/continuation-unlocked-20261009/native-integrated-9ad/launcher-tools-r1.cleanup.json
 create mode 100644 docs/framework/evidence/sidebar-tools-r1-mac-01a11fa4/continuation-unlocked-20261009/native-integrated-9ad/launcher-tools-r1.json
 create mode 100644 docs/framework/evidence/sidebar-tools-r1-mac-01a11fa4/continuation-unlocked-20261009/native-integrated-9ad/launcher-tools-r1.lifecycle.jsonl
 create mode 100644 docs/framework/evidence/sidebar-tools-r1-mac-01a11fa4/continuation-unlocked-20261009/native-integrated-9ad/runs.json
 create mode 100644 docs/framework/evidence/sidebar-tools-r1-mac-01a11fa4/continuation-unlocked-20261009/native-integrated-9ad/saved-DFA436F0C4EE1B7EAADF775379A1CDC1.png
 create mode 100644 docs/framework/evidence/sidebar-tools-r1-mac-01a11fa4/continuation-unlocked-20261009/native-integrated-9ad/saved.json
 create mode 100644 docs/framework/evidence/sidebar-tools-r1-mac-01a11fa4/continuation-unlocked-20261009/native-integrated-9ad/security.json
 create mode 100644 docs/framework/evidence/sidebar-tools-r1-mac-01a11fa4/continuation-unlocked-20261009/native-integrated-9ad/selected-DFA436F0C4EE1B7EAADF775379A1CDC1.png
 create mode 100644 docs/framework/evidence/sidebar-tools-r1-mac-01a11fa4/continuation-unlocked-20261009/native-integrated-9ad/selected.json
 create mode 100644 docs/framework/evidence/sidebar-tools-r1-mac-01a11fa4/continuation-unlocked-20261009/native-integrated-9ad/session-control-error.json
 create mode 100644 docs/framework/evidence/sidebar-tools-r1-mac-01a11fa4/continuation-unlocked-20261009/native-integrated-9ad/session.json
 create mode 100644 docs/framework/evidence/sidebar-tools-r1-mac-01a11fa4/continuation-unlocked-20261009/native-integrated-9ad/task-and-save-derived-verdict.json
 create mode 100644 docs/framework/evidence/sidebar-tools-r1-mac-01a11fa4/continuation-unlocked-20261009/native-integrated-9ad/task-import-pending-review-7D02103611747957EEA678A36187FED3.png
 create mode 100644 docs/framework/evidence/sidebar-tools-r1-mac-01a11fa4/continuation-unlocked-20261009/native-integrated-9ad/task-import-pending-review-DFA436F0C4EE1B7EAADF775379A1CDC1.png
 create mode 100644 docs/framework/evidence/sidebar-tools-r1-mac-01a11fa4/continuation-unlocked-20261009/native-integrated-9ad/task-import-pending-review.json
 create mode 100644 docs/framework/evidence/sidebar-tools-r1-mac-01a11fa4/continuation-unlocked-20261009/native-integrated-9ad/task-records-after-uninstall.json
 create mode 100644 docs/framework/evidence/sidebar-tools-r1-mac-01a11fa4/continuation-unlocked-20261009/native-integrated-9ad/uninstalled-DFA436F0C4EE1B7EAADF775379A1CDC1.png
 create mode 100644 docs/framework/evidence/sidebar-tools-r1-mac-01a11fa4/continuation-unlocked-20261009/native-integrated-9ad/uninstalled.json
 create mode 100644 docs/framework/evidence/sidebar-tools-r1-mac-01a11fa4/continuation-unlocked-20261009/native-integrated-9ad/windows-navigation-offline.json
 create mode 100644 docs/framework/evidence/sidebar-tools-r1-mac-01a11fa4/continuation-unlocked-20261009/native-persistence-f462/chrome-tools-r1.log
 create mode 100644 docs/framework/evidence/sidebar-tools-r1-mac-01a11fa4/continuation-unlocked-20261009/native-persistence-f462/cleanup.json
 create mode 100644 docs/framework/evidence/sidebar-tools-r1-mac-01a11fa4/continuation-unlocked-20261009/native-persistence-f462/click-1791558762168.json
 create mode 100644 docs/framework/evidence/sidebar-tools-r1-mac-01a11fa4/continuation-unlocked-20261009/native-persistence-f462/click-1791558763326.json
 create mode 100644 docs/framework/evidence/sidebar-tools-r1-mac-01a11fa4/continuation-unlocked-20261009/native-persistence-f462/click-1791558812269.json
 create mode 100644 docs/framework/evidence/sidebar-tools-r1-mac-01a11fa4/continuation-unlocked-20261009/native-persistence-f462/click-1791558812709.json
 create mode 100644 docs/framework/evidence/sidebar-tools-r1-mac-01a11fa4/continuation-unlocked-20261009/native-persistence-f462/click-1791558813644.json
 create mode 100644 docs/framework/evidence/sidebar-tools-r1-mac-01a11fa4/continuation-unlocked-20261009/native-persistence-f462/click-1791558829253.json
 create mode 100644 docs/framework/evidence/sidebar-tools-r1-mac-01a11fa4/continuation-unlocked-20261009/native-persistence-f462/demo-page.json
 create mode 100644 docs/framework/evidence/sidebar-tools-r1-mac-01a11fa4/continuation-unlocked-20261009/native-persistence-f462/input-1791558813062.json
 create mode 100644 docs/framework/evidence/sidebar-tools-r1-mac-01a11fa4/continuation-unlocked-20261009/native-persistence-f462/last-click.json
 create mode 100644 docs/framework/evidence/sidebar-tools-r1-mac-01a11fa4/continuation-unlocked-20261009/native-persistence-f462/last-input.json
 create mode 100644 docs/framework/evidence/sidebar-tools-r1-mac-01a11fa4/continuation-unlocked-20261009/native-persistence-f462/launcher-tools-r1-exit.json
 create mode 100644 docs/framework/evidence/sidebar-tools-r1-mac-01a11fa4/continuation-unlocked-20261009/native-persistence-f462/launcher-tools-r1-raw-failure.json
 create mode 100644 docs/framework/evidence/sidebar-tools-r1-mac-01a11fa4/continuation-unlocked-20261009/native-persistence-f462/launcher-tools-r1-restart-verified.json
 create mode 100644 docs/framework/evidence/sidebar-tools-r1-mac-01a11fa4/continuation-unlocked-20261009/native-persistence-f462/launcher-tools-r1-stderr.txt
 create mode 100644 docs/framework/evidence/sidebar-tools-r1-mac-01a11fa4/continuation-unlocked-20261009/native-persistence-f462/launcher-tools-r1-stdout.txt
 create mode 100644 docs/framework/evidence/sidebar-tools-r1-mac-01a11fa4/continuation-unlocked-20261009/native-persistence-f462/launcher-tools-r1-summary.json
 create mode 100644 docs/framework/evidence/sidebar-tools-r1-mac-01a11fa4/continuation-unlocked-20261009/native-persistence-f462/launcher-tools-r1-verified.json
 create mode 100644 docs/framework/evidence/sidebar-tools-r1-mac-01a11fa4/continuation-unlocked-20261009/native-persistence-f462/launcher-tools-r1.cleanup.json
 create mode 100644 docs/framework/evidence/sidebar-tools-r1-mac-01a11fa4/continuation-unlocked-20261009/native-persistence-f462/launcher-tools-r1.json
 create mode 100644 docs/framework/evidence/sidebar-tools-r1-mac-01a11fa4/continuation-unlocked-20261009/native-persistence-f462/launcher-tools-r1.lifecycle.jsonl
 create mode 100644 docs/framework/evidence/sidebar-tools-r1-mac-01a11fa4/continuation-unlocked-20261009/native-persistence-f462/panel-initial.json
 create mode 100644 docs/framework/evidence/sidebar-tools-r1-mac-01a11fa4/continuation-unlocked-20261009/native-persistence-f462/restored-after-restart-E75B033B9DFDED11819924887E4649EB.png
 create mode 100644 docs/framework/evidence/sidebar-tools-r1-mac-01a11fa4/continuation-unlocked-20261009/native-persistence-f462/restored-after-restart.json
 create mode 100644 docs/framework/evidence/sidebar-tools-r1-mac-01a11fa4/continuation-unlocked-20261009/native-persistence-f462/saved-before-restart-AE7F93F4AB7E173DFC6639FD71FE18F2.png
 create mode 100644 docs/framework/evidence/sidebar-tools-r1-mac-01a11fa4/continuation-unlocked-20261009/native-persistence-f462/saved-before-restart.json
 create mode 100644 docs/framework/evidence/sidebar-tools-r1-mac-01a11fa4/continuation-unlocked-20261009/native-persistence-f462/session-before-restart.json
 create mode 100644 docs/framework/evidence/sidebar-tools-r1-mac-01a11fa4/continuation-unlocked-20261009/native-persistence-f462/session.json
 create mode 100644 docs/framework/evidence/sidebar-tools-r1-mac-01a11fa4/continuation-unlocked-20261009/native-persistence-f462/uninstalled-after-restart-E75B033B9DFDED11819924887E4649EB.png
 create mode 100644 docs/framework/evidence/sidebar-tools-r1-mac-01a11fa4/continuation-unlocked-20261009/native-persistence-f462/uninstalled-after-restart.json
 create mode 100644 docs/framework/evidence/sidebar-tools-r1-mac-01a11fa4/continuation-unlocked-20261009/native-settings-input-first-failure.log
 create mode 100644 docs/framework/evidence/sidebar-tools-r1-mac-01a11fa4/continuation-unlocked-20261009/native-settings-input.mjs
 create mode 100644 docs/framework/evidence/sidebar-tools-r1-mac-01a11fa4/continuation-unlocked-20261009/native-source-input-reuse.json
 create mode 100644 docs/framework/evidence/sidebar-tools-r1-mac-01a11fa4/continuation-unlocked-20261009/native-unlocked-result.json
 create mode 100644 docs/framework/evidence/sidebar-tools-r1-mac-01a11fa4/continuation-unlocked-20261009/native-unlocked.log
 create mode 100644 docs/framework/evidence/sidebar-tools-r1-mac-01a11fa4/continuation-unlocked-20261009/native-zoom-observer-failure.json
 create mode 100644 docs/framework/evidence/sidebar-tools-r1-mac-01a11fa4/continuation-unlocked-20261009/native-zoom-readonly-probe.mjs
 create mode 100644 docs/framework/evidence/sidebar-tools-r1-mac-01a11fa4/continuation-unlocked-20261009/native-zoom/actual-200-business-22F0314EA246DE8611641C0A4B8041AD.png
 create mode 100644 docs/framework/evidence/sidebar-tools-r1-mac-01a11fa4/continuation-unlocked-20261009/native-zoom/actual-200-business.json
 create mode 100644 docs/framework/evidence/sidebar-tools-r1-mac-01a11fa4/continuation-unlocked-20261009/native-zoom/chrome-tools-r1.log
 create mode 100644 docs/framework/evidence/sidebar-tools-r1-mac-01a11fa4/continuation-unlocked-20261009/native-zoom/cleanup.json
 create mode 100644 docs/framework/evidence/sidebar-tools-r1-mac-01a11fa4/continuation-unlocked-20261009/native-zoom/click-1791551245866.json
 create mode 100644 docs/framework/evidence/sidebar-tools-r1-mac-01a11fa4/continuation-unlocked-20261009/native-zoom/default-200-keyboard-confirmed-22F0314EA246DE8611641C0A4B8041AD.png
 create mode 100644 docs/framework/evidence/sidebar-tools-r1-mac-01a11fa4/continuation-unlocked-20261009/native-zoom/default-200-keyboard-confirmed-8036541C9FE59546B67708AC6F8EB396.png
 create mode 100644 docs/framework/evidence/sidebar-tools-r1-mac-01a11fa4/continuation-unlocked-20261009/native-zoom/default-200-keyboard-confirmed.json
 create mode 100644 docs/framework/evidence/sidebar-tools-r1-mac-01a11fa4/continuation-unlocked-20261009/native-zoom/default-200-settings-22F0314EA246DE8611641C0A4B8041AD.png
 create mode 100644 docs/framework/evidence/sidebar-tools-r1-mac-01a11fa4/continuation-unlocked-20261009/native-zoom/default-200-settings-8036541C9FE59546B67708AC6F8EB396.png
 create mode 100644 docs/framework/evidence/sidebar-tools-r1-mac-01a11fa4/continuation-unlocked-20261009/native-zoom/default-200-settings-fixed-observer-22F0314EA246DE8611641C0A4B8041AD.png
 create mode 100644 docs/framework/evidence/sidebar-tools-r1-mac-01a11fa4/continuation-unlocked-20261009/native-zoom/default-200-settings-fixed-observer-8036541C9FE59546B67708AC6F8EB396.png
 create mode 100644 docs/framework/evidence/sidebar-tools-r1-mac-01a11fa4/continuation-unlocked-20261009/native-zoom/default-200-settings-fixed-observer.json
 create mode 100644 docs/framework/evidence/sidebar-tools-r1-mac-01a11fa4/continuation-unlocked-20261009/native-zoom/default-zoom-after-keyboard.json
 create mode 100644 docs/framework/evidence/sidebar-tools-r1-mac-01a11fa4/continuation-unlocked-20261009/native-zoom/default-zoom-native-api.json
 create mode 100644 docs/framework/evidence/sidebar-tools-r1-mac-01a11fa4/continuation-unlocked-20261009/native-zoom/input-1791551235942.json
 create mode 100644 docs/framework/evidence/sidebar-tools-r1-mac-01a11fa4/continuation-unlocked-20261009/native-zoom/installed-unopened-22F0314EA246DE8611641C0A4B8041AD.png
 create mode 100644 docs/framework/evidence/sidebar-tools-r1-mac-01a11fa4/continuation-unlocked-20261009/native-zoom/installed-unopened.json
 create mode 100644 docs/framework/evidence/sidebar-tools-r1-mac-01a11fa4/continuation-unlocked-20261009/native-zoom/last-click.json
 create mode 100644 docs/framework/evidence/sidebar-tools-r1-mac-01a11fa4/continuation-unlocked-20261009/native-zoom/last-input.json
 create mode 100644 docs/framework/evidence/sidebar-tools-r1-mac-01a11fa4/continuation-unlocked-20261009/native-zoom/launcher-tools-r1-exit.json
 create mode 100644 docs/framework/evidence/sidebar-tools-r1-mac-01a11fa4/continuation-unlocked-20261009/native-zoom/launcher-tools-r1-raw-failure.json
 create mode 100644 docs/framework/evidence/sidebar-tools-r1-mac-01a11fa4/continuation-unlocked-20261009/native-zoom/launcher-tools-r1-stderr.txt
 create mode 100644 docs/framework/evidence/sidebar-tools-r1-mac-01a11fa4/continuation-unlocked-20261009/native-zoom/launcher-tools-r1-stdout.txt
 create mode 100644 docs/framework/evidence/sidebar-tools-r1-mac-01a11fa4/continuation-unlocked-20261009/native-zoom/launcher-tools-r1-summary.json
 create mode 100644 docs/framework/evidence/sidebar-tools-r1-mac-01a11fa4/continuation-unlocked-20261009/native-zoom/launcher-tools-r1-verified.json
 create mode 100644 docs/framework/evidence/sidebar-tools-r1-mac-01a11fa4/continuation-unlocked-20261009/native-zoom/launcher-tools-r1.cleanup.json
 create mode 100644 docs/framework/evidence/sidebar-tools-r1-mac-01a11fa4/continuation-unlocked-20261009/native-zoom/launcher-tools-r1.json
 create mode 100644 docs/framework/evidence/sidebar-tools-r1-mac-01a11fa4/continuation-unlocked-20261009/native-zoom/launcher-tools-r1.lifecycle.jsonl
 create mode 100644 docs/framework/evidence/sidebar-tools-r1-mac-01a11fa4/continuation-unlocked-20261009/native-zoom/layout-360.json
 create mode 100644 docs/framework/evidence/sidebar-tools-r1-mac-01a11fa4/continuation-unlocked-20261009/native-zoom/selected-22F0314EA246DE8611641C0A4B8041AD.png
 create mode 100644 docs/framework/evidence/sidebar-tools-r1-mac-01a11fa4/continuation-unlocked-20261009/native-zoom/selected.json
 create mode 100644 docs/framework/evidence/sidebar-tools-r1-mac-01a11fa4/continuation-unlocked-20261009/native-zoom/session.json
 create mode 100644 docs/framework/evidence/sidebar-tools-r1-mac-01a11fa4/continuation-unlocked-20261009/native-zoom/width-360-panel.png
 create mode 100644 docs/framework/evidence/sidebar-tools-r1-mac-01a11fa4/continuation-unlocked-20261009/observer-failure-summary.json
 create mode 100644 docs/framework/evidence/sidebar-tools-r1-mac-01a11fa4/continuation-unlocked-20261009/open-owned-panel.mjs
 create mode 100644 docs/framework/evidence/sidebar-tools-r1-mac-01a11fa4/continuation-unlocked-20261009/own-code-changes.json
 create mode 100644 docs/framework/evidence/sidebar-tools-r1-mac-01a11fa4/continuation-unlocked-20261009/prior-evidence-index.json
 create mode 100644 docs/framework/evidence/sidebar-tools-r1-mac-01a11fa4/continuation-unlocked-20261009/read-only-f462-driver-review.json
 create mode 100644 docs/framework/evidence/sidebar-tools-r1-mac-01a11fa4/continuation-unlocked-20261009/read-only-f462-evidence-review.json
 create mode 100644 docs/framework/evidence/sidebar-tools-r1-mac-01a11fa4/continuation-unlocked-20261009/read-only-final-review.json
 create mode 100644 docs/framework/evidence/sidebar-tools-r1-mac-01a11fa4/continuation-unlocked-20261009/read-only-zoom-permission-research.json
 create mode 100644 docs/framework/evidence/sidebar-tools-r1-mac-01a11fa4/continuation-unlocked-20261009/remote-root-regression-after.log
 create mode 100644 docs/framework/evidence/sidebar-tools-r1-mac-01a11fa4/continuation-unlocked-20261009/remote-root-regression-before.log
 create mode 100644 docs/framework/evidence/sidebar-tools-r1-mac-01a11fa4/continuation-unlocked-20261009/resource-release-verdict.json
 create mode 100644 docs/framework/evidence/sidebar-tools-r1-mac-01a11fa4/continuation-unlocked-20261009/vue-framework-derived-verdict.json
 create mode 100644 docs/framework/evidence/sidebar-tools-r1-mac-01a11fa4/continuation-unlocked-20261009/zoom-fixed-check.log
 create mode 100644 docs/framework/evidence/sidebar-tools-r1-mac-01a11fa4/continuation-unlocked-20261009/zoom-fixed-engineering-results.json
 create mode 100644 docs/framework/evidence/sidebar-tools-r1-mac-01a11fa4/continuation-unlocked-20261009/zoom-fixed-npm-ci.log
 create mode 100644 docs/framework/evidence/sidebar-tools-r1-mac-01a11fa4/continuation-unlocked-20261009/zoom-fixed-snapshot.json
 create mode 100644 docs/framework/evidence/sidebar-tools-r1-mac-01a11fa4/continuation-unlocked-20261009/zoom-fixed-test.log
 create mode 100644 docs/framework/prompts/continue-r101-usage-api-docs-01a12159.md
 create mode 100644 docs/framework/workstreams/main-only-integration-20261010.md
 create mode 100644 docs/framework/workstreams/r101-usage-docs-01a12159.json
 create mode 100644 docs/framework/workstreams/r101-usage-docs-01a12159.md
 create mode 100644 docs/framework/workstreams/sidebar-r13-20261010-01a1217c.json
 create mode 100644 evidence/local-ai-loop-r1-01a12158/accepted-build-production.log
 create mode 100644 evidence/local-ai-loop-r1-01a12158/budget-fix-build-production.log
 create mode 100644 evidence/local-ai-loop-r1-01a12158/budget-inline-build-production.log
 create mode 100644 evidence/local-ai-loop-r1-01a12158/budget-minifier-comparison.json
 create mode 100644 evidence/local-ai-loop-r1-01a12158/budget-observer-build.log
 create mode 100644 evidence/local-ai-loop-r1-01a12158/combined-build-production.log
 create mode 100644 evidence/local-ai-loop-r1-01a12158/current-build-production.log
 create mode 100644 evidence/local-ai-loop-r1-01a12158/followup-build-development.log
 create mode 100644 evidence/local-ai-loop-r1-01a12158/followup-build-production.log
 create mode 100644 evidence/local-ai-loop-r1-01a12158/followup-builds/build-development.json
 create mode 100644 evidence/local-ai-loop-r1-01a12158/followup-builds/build-production.json
 create mode 100644 evidence/local-ai-loop-r1-01a12158/followup-check.log
 create mode 100644 evidence/local-ai-loop-r1-01a12158/followup-targeted.tap
 create mode 100644 evidence/local-ai-loop-r1-01a12158/followup-verify.log
 create mode 100644 evidence/local-ai-loop-r1-01a12158/latest-build-production.log
 create mode 100644 evidence/local-ai-loop-r1-01a12158/latest-fix-build-production.log
 create mode 100644 evidence/local-ai-loop-r1-01a12158/merged-current-build-production.log
 create mode 100644 evidence/local-ai-loop-r1-01a12158/native-08-build-development.log
 create mode 100644 evidence/local-ai-loop-r1-01a12158/native-08-build-production.log
 create mode 100644 evidence/local-ai-loop-r1-01a12158/native-08-inputs.json
 create mode 100644 evidence/local-ai-loop-r1-01a12158/native-08-verify.log
 create mode 100644 evidence/local-ai-loop-r1-01a12158/native-08.log
 create mode 100644 evidence/local-ai-loop-r1-01a12158/native-08/acceptance.json
 create mode 100644 evidence/local-ai-loop-r1-01a12158/native-08/chrome-launcher-cleanup.json
 create mode 100644 evidence/local-ai-loop-r1-01a12158/native-08/chrome-launcher-main-ps.txt
 create mode 100644 evidence/local-ai-loop-r1-01a12158/native-08/chrome-launcher-report.json
 create mode 100644 evidence/local-ai-loop-r1-01a12158/native-08/chrome-launcher-stdout.log
 create mode 100644 evidence/local-ai-loop-r1-01a12158/native-08/chrome-launcher-verified.json
 create mode 100644 evidence/local-ai-loop-r1-01a12158/native-08/codex-events.jsonl
 create mode 100644 evidence/local-ai-loop-r1-01a12158/native-08/codex-prompt.txt
 create mode 100644 evidence/local-ai-loop-r1-01a12158/native-08/codex-stderr.log
 create mode 100644 evidence/local-ai-loop-r1-01a12158/native-08/cua-input.json
 create mode 100644 evidence/local-ai-loop-r1-01a12158/native-08/cua-instance-after-allow.json
 create mode 100644 evidence/local-ai-loop-r1-01a12158/native-08/events.jsonl
 create mode 100644 evidence/local-ai-loop-r1-01a12158/native-09-inputs.json
 create mode 100644 evidence/local-ai-loop-r1-01a12158/native-09.log
 create mode 100644 evidence/local-ai-loop-r1-01a12158/native-09/chrome-launcher-main-ps.txt
 create mode 100644 evidence/local-ai-loop-r1-01a12158/native-09/chrome-launcher-report.json
 create mode 100644 evidence/local-ai-loop-r1-01a12158/native-09/chrome-launcher-stdout.log
 create mode 100644 evidence/local-ai-loop-r1-01a12158/native-09/chrome-launcher-verified.json
 create mode 100644 evidence/local-ai-loop-r1-01a12158/native-09/codex-events.jsonl
 create mode 100644 evidence/local-ai-loop-r1-01a12158/native-09/codex-prompt.txt
 create mode 100644 evidence/local-ai-loop-r1-01a12158/native-09/codex-stderr.log
 create mode 100644 evidence/local-ai-loop-r1-01a12158/native-09/cua-input.json
 create mode 100644 evidence/local-ai-loop-r1-01a12158/native-09/cua-instance-after-allow.json
 create mode 100644 evidence/local-ai-loop-r1-01a12158/native-09/events.jsonl
 create mode 100644 evidence/local-ai-loop-r1-01a12158/native-09/interruption.json
 create mode 100644 evidence/local-ai-loop-r1-01a12158/native-10-inputs.json
 create mode 100644 evidence/local-ai-loop-r1-01a12158/native-10.log
 create mode 100644 evidence/local-ai-loop-r1-01a12158/native-10/acceptance.json
 create mode 100644 evidence/local-ai-loop-r1-01a12158/native-10/chrome-launcher-cleanup.json
 create mode 100644 evidence/local-ai-loop-r1-01a12158/native-10/chrome-launcher-main-ps.txt
 create mode 100644 evidence/local-ai-loop-r1-01a12158/native-10/chrome-launcher-report.json
 create mode 100644 evidence/local-ai-loop-r1-01a12158/native-10/chrome-launcher-stdout.log
 create mode 100644 evidence/local-ai-loop-r1-01a12158/native-10/chrome-launcher-verified.json
 create mode 100644 evidence/local-ai-loop-r1-01a12158/native-10/codex-events.jsonl
 create mode 100644 evidence/local-ai-loop-r1-01a12158/native-10/codex-prompt.txt
 create mode 100644 evidence/local-ai-loop-r1-01a12158/native-10/codex-receipts.json
 create mode 100644 evidence/local-ai-loop-r1-01a12158/native-10/codex-stderr.log
 create mode 100644 evidence/local-ai-loop-r1-01a12158/native-10/cua-input.json
 create mode 100644 evidence/local-ai-loop-r1-01a12158/native-10/cua-instance-after-allow.json
 create mode 100644 evidence/local-ai-loop-r1-01a12158/native-10/events.jsonl
 create mode 100644 evidence/local-ai-loop-r1-01a12158/native-10/mcp-stderr.log
 create mode 100644 evidence/local-ai-loop-r1-01a12158/native-11-inputs.json
 create mode 100644 evidence/local-ai-loop-r1-01a12158/native-11.log
 create mode 100644 evidence/local-ai-loop-r1-01a12158/native-11/acceptance.json
 create mode 100644 evidence/local-ai-loop-r1-01a12158/native-11/chrome-launcher-cleanup.json
 create mode 100644 evidence/local-ai-loop-r1-01a12158/native-11/chrome-launcher-main-ps.txt
 create mode 100644 evidence/local-ai-loop-r1-01a12158/native-11/chrome-launcher-report.json
 create mode 100644 evidence/local-ai-loop-r1-01a12158/native-11/chrome-launcher-stdout.log
 create mode 100644 evidence/local-ai-loop-r1-01a12158/native-11/chrome-launcher-verified.json
 create mode 100644 evidence/local-ai-loop-r1-01a12158/native-11/codex-events.jsonl
 create mode 100644 evidence/local-ai-loop-r1-01a12158/native-11/codex-prompt.txt
 create mode 100644 evidence/local-ai-loop-r1-01a12158/native-11/codex-receipts.json
 create mode 100644 evidence/local-ai-loop-r1-01a12158/native-11/codex-stderr.log
 create mode 100644 evidence/local-ai-loop-r1-01a12158/native-11/cua-input.json
 create mode 100644 evidence/local-ai-loop-r1-01a12158/native-11/cua-instance-after-allow.json
 create mode 100644 evidence/local-ai-loop-r1-01a12158/native-11/demo-after-runs.png
 create mode 100644 evidence/local-ai-loop-r1-01a12158/native-11/events.jsonl
 create mode 100644 evidence/local-ai-loop-r1-01a12158/native-11/mcp-stderr.log
 create mode 100644 evidence/local-ai-loop-r1-01a12158/native-11/native-options.png
 create mode 100644 evidence/local-ai-loop-r1-01a12158/native-11/page-ui-cleanup-failure-no-replacement.png
 create mode 100644 evidence/local-ai-loop-r1-01a12158/native-11/page-ui-v1.png
 create mode 100644 evidence/local-ai-loop-r1-01a12158/native-11/page-ui-v2.png
 create mode 100644 evidence/local-ai-loop-r1-01a12158/native-11/page-ui-v3.png
 create mode 100644 evidence/local-ai-loop-r1-01a12158/native-11/page-ui-v4.png
 create mode 100644 evidence/local-ai-loop-r1-01a12158/native-11/runtime-netlog.json
 create mode 100644 evidence/local-ai-loop-r1-01a12158/native-11/sidebar-local-v3.png
 create mode 100644 evidence/local-ai-loop-r1-01a12158/native-11/sidebar-page-v6.png
 create mode 100644 evidence/local-ai-loop-r1-01a12158/native-11/sidebar-reopened-v4.png
 create mode 100644 evidence/local-ai-loop-r1-01a12158/native-11/user-scripts-opt-in.png
 create mode 100644 evidence/local-ai-loop-r1-01a12158/native-11/workbench-after-runs.png
 create mode 100644 evidence/local-ai-loop-r1-01a12158/native-12-build-development.log
 create mode 100644 evidence/local-ai-loop-r1-01a12158/native-12-build-production.log
 create mode 100644 evidence/local-ai-loop-r1-01a12158/native-12-builds/build-development.json
 create mode 100644 evidence/local-ai-loop-r1-01a12158/native-12-builds/build-production.json
 create mode 100644 evidence/local-ai-loop-r1-01a12158/native-12-check.log
 create mode 100644 evidence/local-ai-loop-r1-01a12158/native-12-inputs.json
 create mode 100644 evidence/local-ai-loop-r1-01a12158/native-12-targeted.tap
 create mode 100644 evidence/local-ai-loop-r1-01a12158/native-12-verify.log
 create mode 100644 evidence/local-ai-loop-r1-01a12158/native-12.log
 create mode 100644 evidence/local-ai-loop-r1-01a12158/native-12/acceptance.json
 create mode 100644 evidence/local-ai-loop-r1-01a12158/native-12/chrome-launcher-cleanup.json
 create mode 100644 evidence/local-ai-loop-r1-01a12158/native-12/chrome-launcher-main-ps.txt
 create mode 100644 evidence/local-ai-loop-r1-01a12158/native-12/chrome-launcher-report.json
 create mode 100644 evidence/local-ai-loop-r1-01a12158/native-12/chrome-launcher-stdout.log
 create mode 100644 evidence/local-ai-loop-r1-01a12158/native-12/chrome-launcher-verified.json
 create mode 100644 evidence/local-ai-loop-r1-01a12158/native-12/codex-events.jsonl
 create mode 100644 evidence/local-ai-loop-r1-01a12158/native-12/codex-prompt.txt
 create mode 100644 evidence/local-ai-loop-r1-01a12158/native-12/codex-receipts.json
 create mode 100644 evidence/local-ai-loop-r1-01a12158/native-12/codex-stderr.log
 create mode 100644 evidence/local-ai-loop-r1-01a12158/native-12/cua-input.json
 create mode 100644 evidence/local-ai-loop-r1-01a12158/native-12/cua-instance-before-allow.json
 create mode 100644 evidence/local-ai-loop-r1-01a12158/native-12/demo-after-runs.png
 create mode 100644 evidence/local-ai-loop-r1-01a12158/native-12/events.jsonl
 create mode 100644 evidence/local-ai-loop-r1-01a12158/native-12/mcp-stderr.log
 create mode 100644 evidence/local-ai-loop-r1-01a12158/native-12/native-options.png
 create mode 100644 evidence/local-ai-loop-r1-01a12158/native-12/page-ui-cleanup-failure-no-replacement.png
 create mode 100644 evidence/local-ai-loop-r1-01a12158/native-12/page-ui-v1.png
 create mode 100644 evidence/local-ai-loop-r1-01a12158/native-12/page-ui-v2.png
 create mode 100644 evidence/local-ai-loop-r1-01a12158/native-12/page-ui-v3.png
 create mode 100644 evidence/local-ai-loop-r1-01a12158/native-12/page-ui-v4.png
 create mode 100644 evidence/local-ai-loop-r1-01a12158/native-12/runtime-netlog.json
 create mode 100644 evidence/local-ai-loop-r1-01a12158/native-12/sidebar-local-v3.png
 create mode 100644 evidence/local-ai-loop-r1-01a12158/native-12/sidebar-page-v6.png
 create mode 100644 evidence/local-ai-loop-r1-01a12158/native-12/sidebar-reopened-v4.png
 create mode 100644 evidence/local-ai-loop-r1-01a12158/native-12/user-scripts-opt-in.png
 create mode 100644 evidence/local-ai-loop-r1-01a12158/native-12/workbench-after-runs.png
 create mode 100644 evidence/local-ai-loop-r1-01a12158/pr-51-merged.json
 create mode 100644 examples/programs/single-file/title.js
 create mode 100644 tests/environment/native-cdp-transport.test.mjs
 create mode 100644 tests/environment/native-tool-navigation-driver.test.mjs
