2026-10-08T19:19:14.6112132Z Current runner version: '2.337.0'
2026-10-08T19:19:14.6135146Z ##[group]Runner Image Provisioner
2026-10-08T19:19:14.6135924Z Hosted Compute Agent
2026-10-08T19:19:14.6136531Z Version: 20261002.596
2026-10-08T19:19:14.6137131Z Commit: c3d12f3313a95f25162a1503be624f3b0617f8c0
2026-10-08T19:19:14.6137830Z Build Date: 2026-10-02T22:28:27Z
2026-10-08T19:19:14.6138475Z Worker ID: {03f60bac-364d-4dc2-9ac5-02e51cce7d3f}
2026-10-08T19:19:14.6139153Z Region: westcentralus
2026-10-08T19:19:14.6139705Z Cloud: Azure
2026-10-08T19:19:14.6140329Z ##[endgroup]
2026-10-08T19:19:14.6141732Z ##[group]Operating System
2026-10-08T19:19:14.6142323Z Ubuntu
2026-10-08T19:19:14.6142799Z 24.04.5
2026-10-08T19:19:14.6143318Z LTS
2026-10-08T19:19:14.6143792Z ##[endgroup]
2026-10-08T19:19:14.6144276Z ##[group]Runner Image
2026-10-08T19:19:14.6144900Z Image: ubuntu-24.04
2026-10-08T19:19:14.6145419Z Version: 20261004.327.1
2026-10-08T19:19:14.6146529Z Included Software: https://github.com/actions/runner-images/blob/ubuntu24/20261004.327/images/ubuntu/Ubuntu2404-Readme.md
2026-10-08T19:19:14.6147893Z Image Release: https://github.com/actions/runner-images/releases/tag/ubuntu24%2F20261004.327
2026-10-08T19:19:14.6148841Z ##[endgroup]
2026-10-08T19:19:14.6149804Z ##[group]GITHUB_TOKEN Permissions
2026-10-08T19:19:14.6151894Z Contents: read
2026-10-08T19:19:14.6152433Z Metadata: read
2026-10-08T19:19:14.6153015Z ##[endgroup]
2026-10-08T19:19:14.6154943Z Secret source: Actions
2026-10-08T19:19:14.6155843Z Cache mode: write
2026-10-08T19:19:14.6156457Z Prepare workflow directory
2026-10-08T19:19:14.6471166Z Prepare all required actions
2026-10-08T19:19:14.6518615Z Getting action download info
2026-10-08T19:19:14.9565117Z Download action repository 'actions/checkout@v4' (SHA:11d5960a326750d5838078e36cf38b85af677262)
2026-10-08T19:19:15.0358650Z Download action repository 'actions/setup-node@v4' (SHA:49933ea5288caeca8642d1e84afbd3f7d6820020)
2026-10-08T19:19:15.1937455Z Complete job name: bridge-components
2026-10-08T19:19:15.2759044Z ##[group]Run actions/checkout@v4
2026-10-08T19:19:15.2759820Z with:
2026-10-08T19:19:15.2760464Z   repository: shopable-ai/opendesk-browser
2026-10-08T19:19:15.2764312Z   token: ***
2026-10-08T19:19:15.2764697Z   ssh-strict: true
2026-10-08T19:19:15.2765084Z   ssh-user: git
2026-10-08T19:19:15.2765481Z   persist-credentials: true
2026-10-08T19:19:15.2765918Z   clean: true
2026-10-08T19:19:15.2766320Z   sparse-checkout-cone-mode: true
2026-10-08T19:19:15.2766786Z   fetch-depth: 1
2026-10-08T19:19:15.2767169Z   fetch-tags: false
2026-10-08T19:19:15.2767570Z   show-progress: true
2026-10-08T19:19:15.2767964Z   lfs: false
2026-10-08T19:19:15.2768317Z   submodules: false
2026-10-08T19:19:15.2768715Z   set-safe-directory: true
2026-10-08T19:19:15.2769154Z   allow-unsafe-pr-checkout: false
2026-10-08T19:19:15.2769844Z ##[endgroup]
2026-10-08T19:19:15.3740058Z Syncing repository: shopable-ai/opendesk-browser
2026-10-08T19:19:15.3743540Z ##[group]Getting Git version info
2026-10-08T19:19:15.3745113Z Working directory is '/home/runner/work/opendesk-browser/opendesk-browser'
2026-10-08T19:19:15.3747061Z [command]/usr/bin/git version
2026-10-08T19:19:15.3772930Z git version 2.55.0
2026-10-08T19:19:15.3792535Z ##[endgroup]
2026-10-08T19:19:15.3809440Z Temporarily overriding HOME='/home/runner/work/_temp/342eb751-46e5-4833-a786-e9eb7e83fb75' before making global git config changes
2026-10-08T19:19:15.3811347Z Adding repository directory to the temporary git global config as a safe directory
2026-10-08T19:19:15.3815675Z [command]/usr/bin/git config --global --add safe.directory /home/runner/work/opendesk-browser/opendesk-browser
2026-10-08T19:19:15.3860783Z Deleting the contents of '/home/runner/work/opendesk-browser/opendesk-browser'
2026-10-08T19:19:15.3866193Z ##[group]Initializing the repository
2026-10-08T19:19:15.3871965Z [command]/usr/bin/git init /home/runner/work/opendesk-browser/opendesk-browser
2026-10-08T19:19:15.3943642Z hint: Using 'master' as the name for the initial branch. This default branch name
2026-10-08T19:19:15.3944741Z hint: will change to "main" in Git 3.0. To configure the initial branch name
2026-10-08T19:19:15.3945590Z hint: to use in all of your new repositories, which will suppress this warning,
2026-10-08T19:19:15.3946491Z hint: call:
2026-10-08T19:19:15.3946857Z hint:
2026-10-08T19:19:15.3947339Z hint: 	git config --global init.defaultBranch <name>
2026-10-08T19:19:15.3947894Z hint:
2026-10-08T19:19:15.3948420Z hint: Names commonly chosen instead of 'master' are 'main', 'trunk' and
2026-10-08T19:19:15.3949265Z hint: 'development'. The just-created branch can be renamed via this command:
2026-10-08T19:19:15.3949913Z hint:
2026-10-08T19:19:15.3950548Z hint: 	git branch -m <name>
2026-10-08T19:19:15.3950987Z hint:
2026-10-08T19:19:15.3951557Z hint: Disable this message with "git config set advice.defaultBranchName false"
2026-10-08T19:19:15.3955542Z Initialized empty Git repository in /home/runner/work/opendesk-browser/opendesk-browser/.git/
2026-10-08T19:19:15.3965724Z [command]/usr/bin/git remote add origin https://github.com/shopable-ai/opendesk-browser
2026-10-08T19:19:15.4007712Z ##[endgroup]
2026-10-08T19:19:15.4008423Z ##[group]Disabling automatic garbage collection
2026-10-08T19:19:15.4013306Z [command]/usr/bin/git config --local gc.auto 0
2026-10-08T19:19:15.4039185Z ##[endgroup]
2026-10-08T19:19:15.4039841Z ##[group]Setting up auth
2026-10-08T19:19:15.4047936Z [command]/usr/bin/git config --local --name-only --get-regexp core\.sshCommand
2026-10-08T19:19:15.4076163Z [command]/usr/bin/git submodule foreach --recursive sh -c "git config --local --name-only --get-regexp 'core\.sshCommand' && git config --local --unset-all 'core.sshCommand' || :"
2026-10-08T19:19:15.4371259Z [command]/usr/bin/git config --local --name-only --get-regexp http\.https\:\/\/github\.com\/\.extraheader
2026-10-08T19:19:15.4405287Z [command]/usr/bin/git submodule foreach --recursive sh -c "git config --local --name-only --get-regexp 'http\.https\:\/\/github\.com\/\.extraheader' && git config --local --unset-all 'http.https://github.com/.extraheader' || :"
2026-10-08T19:19:15.4612142Z [command]/usr/bin/git config --local --name-only --get-regexp ^includeIf\.gitdir:
2026-10-08T19:19:15.4644339Z [command]/usr/bin/git submodule foreach --recursive git config --local --show-origin --name-only --get-regexp remote.origin.url
2026-10-08T19:19:15.4823842Z [command]/usr/bin/git config --local http.https://github.com/.extraheader AUTHORIZATION: basic ***
2026-10-08T19:19:15.4857297Z ##[endgroup]
2026-10-08T19:19:15.4858583Z ##[group]Fetching the repository
2026-10-08T19:19:15.4868312Z [command]/usr/bin/git -c protocol.version=2 fetch --no-tags --prune --no-recurse-submodules --depth=1 origin +6a47e505563ff7629e2e356a1b5bda7ce47e44bb:refs/remotes/pull/29/merge
2026-10-08T19:19:18.8323979Z From https://github.com/shopable-ai/opendesk-browser
2026-10-08T19:19:18.8325852Z  * [new ref]         6a47e505563ff7629e2e356a1b5bda7ce47e44bb -> pull/29/merge
2026-10-08T19:19:18.8330813Z ##[endgroup]
2026-10-08T19:19:18.8331875Z ##[group]Determining the checkout info
2026-10-08T19:19:18.8333350Z ##[endgroup]
2026-10-08T19:19:18.8338451Z [command]/usr/bin/git sparse-checkout disable
2026-10-08T19:19:18.8392158Z [command]/usr/bin/git config --local --unset-all extensions.worktreeConfig
2026-10-08T19:19:18.8430466Z ##[group]Checking out the ref
2026-10-08T19:19:18.8435012Z [command]/usr/bin/git checkout --progress --force refs/remotes/pull/29/merge
2026-10-08T19:19:19.8680531Z Updating files:  89% (11815/13237)
2026-10-08T19:19:19.8795647Z Updating files:  90% (11914/13237)
2026-10-08T19:19:19.8843884Z Updating files:  91% (12046/13237)
2026-10-08T19:19:19.8912163Z Updating files:  92% (12179/13237)
2026-10-08T19:19:19.9226295Z Updating files:  93% (12311/13237)
2026-10-08T19:19:19.9895080Z Updating files:  94% (12443/13237)
2026-10-08T19:19:20.0259640Z Updating files:  95% (12576/13237)
2026-10-08T19:19:20.0933802Z Updating files:  96% (12708/13237)
2026-10-08T19:19:20.1501314Z Updating files:  97% (12840/13237)
2026-10-08T19:19:20.2235001Z Updating files:  98% (12973/13237)
2026-10-08T19:19:20.2573692Z Updating files:  99% (13105/13237)
2026-10-08T19:19:20.2574158Z Updating files: 100% (13237/13237)
2026-10-08T19:19:20.2574516Z Updating files: 100% (13237/13237), done.
2026-10-08T19:19:20.2744763Z Note: switching to 'refs/remotes/pull/29/merge'.
2026-10-08T19:19:20.2745320Z 
2026-10-08T19:19:20.2745679Z You are in 'detached HEAD' state. You can look around, make experimental
2026-10-08T19:19:20.2746310Z changes and commit them, and you can discard any commits you make in this
2026-10-08T19:19:20.2746874Z state without impacting any branches by switching back to a branch.
2026-10-08T19:19:20.2747178Z 
2026-10-08T19:19:20.2747428Z If you want to create a new branch to retain commits you create, you may
2026-10-08T19:19:20.2747994Z do so (now or later) by using -c with the switch command. Example:
2026-10-08T19:19:20.2748460Z 
2026-10-08T19:19:20.2748659Z   git switch -c <new-branch-name>
2026-10-08T19:19:20.2748873Z 
2026-10-08T19:19:20.2749131Z Or undo this operation with:
2026-10-08T19:19:20.2752289Z 
2026-10-08T19:19:20.2752441Z   git switch -
2026-10-08T19:19:20.2752599Z 
2026-10-08T19:19:20.2752855Z Turn off this advice by setting config variable advice.detachedHead to false
2026-10-08T19:19:20.2753162Z 
2026-10-08T19:19:20.2753544Z HEAD is now at 6a47e50 Merge 6fa0ed859661ade021a11486f5ab9e80c921cf16 into bd7c8d1b41197673ad0d5ab0abe53231393a368d
2026-10-08T19:19:20.2834806Z ##[endgroup]
2026-10-08T19:19:20.2876453Z [command]/usr/bin/git log -1 --format=%H
2026-10-08T19:19:20.2896676Z 6a47e505563ff7629e2e356a1b5bda7ce47e44bb
2026-10-08T19:19:20.3149652Z ##[group]Run actions/setup-node@v4
2026-10-08T19:19:20.3149980Z with:
2026-10-08T19:19:20.3150351Z   node-version: 22
2026-10-08T19:19:20.3150599Z   cache: npm
2026-10-08T19:19:20.3150829Z   always-auth: false
2026-10-08T19:19:20.3151087Z   check-latest: false
2026-10-08T19:19:20.3153943Z   token: ***
2026-10-08T19:19:20.3154189Z ##[endgroup]
2026-10-08T19:19:20.4556725Z Found in cache @ /opt/hostedtoolcache/node/22.23.3/x64
2026-10-08T19:19:20.4560504Z (node:2283) [DEP0040] DeprecationWarning: The `punycode` module is deprecated. Please use a userland alternative instead.
2026-10-08T19:19:20.4561239Z (Use `node --trace-deprecation ...` to show where the warning was created)
2026-10-08T19:19:20.4563394Z ##[group]Environment details
2026-10-08T19:19:23.5981730Z node: v22.23.3
2026-10-08T19:19:23.5982393Z npm: 10.9.9
2026-10-08T19:19:23.5986734Z yarn: 1.22.22
2026-10-08T19:19:23.5988834Z ##[endgroup]
2026-10-08T19:19:23.6008829Z [command]/opt/hostedtoolcache/node/22.23.3/x64/bin/npm config get cache
2026-10-08T19:19:23.9081532Z /home/runner/.npm
2026-10-08T19:19:24.1242023Z Cache hit for: node-cache-Linux-x64-npm-b8ba1b1e75b534e8b18fa308aa4c06e83b4d486ff426239c6fd9007055bc4cce
2026-10-08T19:19:24.1347560Z (node:2283) [DEP0169] DeprecationWarning: `url.parse()` behavior is not standardized and prone to errors that have security implications. Use the WHATWG URL API instead. CVEs are not issued for `url.parse()` vulnerabilities.
2026-10-08T19:19:25.2004707Z Received 15714701 of 15714701 (100.0%), 17.4 MBs/sec
2026-10-08T19:19:25.2005323Z Cache Size: ~15 MB (15714701 B)
2026-10-08T19:19:25.2029981Z [command]/usr/bin/tar -xf /home/runner/work/_temp/cae148a6-c9df-44e3-955c-dd6ec86cad2c/cache.tzst -P -C /home/runner/work/opendesk-browser/opendesk-browser --use-compress-program unzstd
2026-10-08T19:19:25.2499303Z Cache restored successfully
2026-10-08T19:19:25.2508545Z Cache restored from key: node-cache-Linux-x64-npm-b8ba1b1e75b534e8b18fa308aa4c06e83b4d486ff426239c6fd9007055bc4cce
2026-10-08T19:19:25.2641509Z ##[group]Run npm ci --ignore-scripts --no-audit --no-fund
2026-10-08T19:19:25.2641999Z [36;1mnpm ci --ignore-scripts --no-audit --no-fund[0m
2026-10-08T19:19:25.2852610Z shell: /usr/bin/bash -e {0}
2026-10-08T19:19:25.2852930Z ##[endgroup]
2026-10-08T19:19:28.2217905Z 
2026-10-08T19:19:28.2224652Z added 240 packages in 3s
2026-10-08T19:19:28.2504501Z ##[group]Run node --test tests/environment/native-agent-wire.test.mjs tests/environment/native-agent-host.test.mjs tests/environment/native-agent-bridge.test.mjs tests/environment/native-agent-native-host.test.mjs tests/environment/native-agent-package.test.mjs tests/environment/compact-schema.test.mjs tests/environment/agent-to-task-fixtures.test.mjs
2026-10-08T19:19:28.2507051Z [36;1mnode --test tests/environment/native-agent-wire.test.mjs tests/environment/native-agent-host.test.mjs tests/environment/native-agent-bridge.test.mjs tests/environment/native-agent-native-host.test.mjs tests/environment/native-agent-package.test.mjs tests/environment/compact-schema.test.mjs tests/environment/agent-to-task-fixtures.test.mjs[0m
2026-10-08T19:19:28.2547362Z shell: /usr/bin/bash -e {0}
2026-10-08T19:19:28.2547640Z ##[endgroup]
2026-10-08T19:19:28.3368943Z TAP version 13
2026-10-08T19:19:28.3762178Z # Subtest: read-only Agent observation draft retains the main R6.2 bounded snapshot contract
2026-10-08T19:19:28.3778309Z ok 1 - read-only Agent observation draft retains the main R6.2 bounded snapshot contract
2026-10-08T19:19:28.3811200Z   ---
2026-10-08T19:19:28.3811816Z   duration_ms: 5.564977
2026-10-08T19:19:28.3818911Z   type: 'test'
2026-10-08T19:19:28.3819627Z   ...
2026-10-08T19:19:28.3854391Z # Subtest: modern Locator Task candidate is exact and immutable, never pre-verified
2026-10-08T19:19:28.3857728Z ok 2 - modern Locator Task candidate is exact and immutable, never pre-verified
2026-10-08T19:19:28.3858792Z   ---
2026-10-08T19:19:28.3859401Z   duration_ms: 9.542026
2026-10-08T19:19:28.3859986Z   type: 'test'
2026-10-08T19:19:28.3860740Z   ...
2026-10-08T19:19:28.4702200Z # Subtest: fixed production protocol Schema uses variable-width LZW and decodes byte-for-byte to the audited object
2026-10-08T19:19:28.4720428Z ok 3 - fixed production protocol Schema uses variable-width LZW and decodes byte-for-byte to the audited object
2026-10-08T19:19:28.4723139Z   ---
2026-10-08T19:19:28.4723635Z   duration_ms: 84.491593
2026-10-08T19:19:28.4724155Z   type: 'test'
2026-10-08T19:19:28.4724583Z   ...
2026-10-08T19:19:28.4725810Z # Subtest: small and non-ASCII schemas still round-trip through existing smaller-of-two-formats selection
2026-10-08T19:19:28.4727459Z ok 4 - small and non-ASCII schemas still round-trip through existing smaller-of-two-formats selection
2026-10-08T19:19:28.4728406Z   ---
2026-10-08T19:19:28.4728819Z   duration_ms: 0.896536
2026-10-08T19:19:28.4729269Z   type: 'test'
2026-10-08T19:19:28.4729688Z   ...
2026-10-08T19:19:28.4867861Z # Subtest: startup permission check cannot reconnect after permission-removed
2026-10-08T19:19:28.4891483Z ok 5 - startup permission check cannot reconnect after permission-removed
2026-10-08T19:19:28.4921141Z   ---
2026-10-08T19:19:28.4921943Z   duration_ms: 11.150637
2026-10-08T19:19:28.4922627Z   type: 'test'
2026-10-08T19:19:28.4923177Z   ...
2026-10-08T19:19:28.4924020Z # Subtest: startup permission check cannot reconnect after dispose
2026-10-08T19:19:28.4925182Z ok 6 - startup permission check cannot reconnect after dispose
2026-10-08T19:19:28.4925972Z   ---
2026-10-08T19:19:28.4926513Z   duration_ms: 1.251643
2026-10-08T19:19:28.4927094Z   type: 'test'
2026-10-08T19:19:28.4927609Z   ...
2026-10-08T19:19:28.4928398Z # Subtest: reserved mutation never dispatches across disable
2026-10-08T19:19:28.4929416Z ok 7 - reserved mutation never dispatches across disable
2026-10-08T19:19:28.4930407Z   ---
2026-10-08T19:19:28.4930940Z   duration_ms: 14.186093
2026-10-08T19:19:28.4931511Z   type: 'test'
2026-10-08T19:19:28.4932116Z   ...
2026-10-08T19:19:28.4932985Z # Subtest: reserved mutation never dispatches across permission-removed
2026-10-08T19:19:28.4934194Z ok 8 - reserved mutation never dispatches across permission-removed
2026-10-08T19:19:28.4934989Z   ---
2026-10-08T19:19:28.4935516Z   duration_ms: 7.320808
2026-10-08T19:19:28.4936100Z   type: 'test'
2026-10-08T19:19:28.4936596Z   ...
2026-10-08T19:19:28.4937877Z # Subtest: reserved mutation never dispatches across disconnect-reconnect
2026-10-08T19:19:28.4939101Z ok 9 - reserved mutation never dispatches across disconnect-reconnect
2026-10-08T19:19:28.4940118Z   ---
2026-10-08T19:19:28.4940941Z   duration_ms: 6.704731
2026-10-08T19:19:28.4941507Z   type: 'test'
2026-10-08T19:19:28.4942025Z   ...
2026-10-08T19:19:28.4942847Z # Subtest: reserved mutation never dispatches across disable-enable
2026-10-08T19:19:28.4943991Z ok 10 - reserved mutation never dispatches across disable-enable
2026-10-08T19:19:28.4944718Z   ---
2026-10-08T19:19:28.4945192Z   duration_ms: 6.882304
2026-10-08T19:19:28.4945719Z   type: 'test'
2026-10-08T19:19:28.4946213Z   ...
2026-10-08T19:19:28.4946930Z # Subtest: reserved mutation never dispatches across dispose
2026-10-08T19:19:28.4947911Z ok 11 - reserved mutation never dispatches across dispose
2026-10-08T19:19:28.4948636Z   ---
2026-10-08T19:19:28.4949135Z   duration_ms: 9.08566
2026-10-08T19:19:28.4949695Z   type: 'test'
2026-10-08T19:19:28.4950375Z   ...
2026-10-08T19:19:28.4951199Z # Subtest: Native permission is rechecked immediately before dispatch
2026-10-08T19:19:28.4952243Z ok 12 - Native permission is rechecked immediately before dispatch
2026-10-08T19:19:28.4952998Z   ---
2026-10-08T19:19:28.4953501Z   duration_ms: 8.879833
2026-10-08T19:19:28.4954081Z   type: 'test'
2026-10-08T19:19:28.4954594Z   ...
2026-10-08T19:19:28.4955547Z # Subtest: a late disconnect from an old Native port cannot cancel a new connection request
2026-10-08T19:19:28.4956922Z ok 13 - a late disconnect from an old Native port cannot cancel a new connection request
2026-10-08T19:19:28.4957837Z   ---
2026-10-08T19:19:28.4958349Z   duration_ms: 11.823836
2026-10-08T19:19:28.4958924Z   type: 'test'
2026-10-08T19:19:28.4959480Z   ...
2026-10-08T19:19:28.4967857Z # Subtest: a pending enable permission check cannot overwrite disable
2026-10-08T19:19:28.4969335Z ok 14 - a pending enable permission check cannot overwrite disable
2026-10-08T19:19:28.4970364Z   ---
2026-10-08T19:19:28.4970925Z   duration_ms: 5.738266
2026-10-08T19:19:28.4971517Z   type: 'test'
2026-10-08T19:19:28.4972034Z   ...
2026-10-08T19:19:28.4972953Z # Subtest: a pending enable permission check cannot overwrite permission-removed
2026-10-08T19:19:28.4974201Z ok 15 - a pending enable permission check cannot overwrite permission-removed
2026-10-08T19:19:28.4975078Z   ---
2026-10-08T19:19:28.4975585Z   duration_ms: 4.570284
2026-10-08T19:19:28.4976125Z   type: 'test'
2026-10-08T19:19:28.4976590Z   ...
2026-10-08T19:19:28.4977422Z # Subtest: a pending enable storage write cannot persist over a newer disable
2026-10-08T19:19:28.4982728Z ok 16 - a pending enable storage write cannot persist over a newer disable
2026-10-08T19:19:28.4983639Z   ---
2026-10-08T19:19:28.4984143Z   duration_ms: 2.254485
2026-10-08T19:19:28.4984735Z   type: 'test'
2026-10-08T19:19:28.4985254Z   ...
2026-10-08T19:19:28.4986313Z # Subtest: an old Host ACK cannot match a new connection read with the same external requestId
2026-10-08T19:19:28.4987711Z ok 17 - an old Host ACK cannot match a new connection read with the same external requestId
2026-10-08T19:19:28.4988619Z   ---
2026-10-08T19:19:28.4989107Z   duration_ms: 17.021228
2026-10-08T19:19:28.4989642Z   type: 'test'
2026-10-08T19:19:28.4990140Z   ...
2026-10-08T19:19:28.4991251Z # Subtest: enabled Native handshake sends version and correct extension identity
2026-10-08T19:19:28.5006412Z ok 18 - enabled Native handshake sends version and correct extension identity
2026-10-08T19:19:28.5021232Z   ---
2026-10-08T19:19:28.5021830Z   duration_ms: 1.029834
2026-10-08T19:19:28.5022366Z   type: 'test'
2026-10-08T19:19:28.5022830Z   ...
2026-10-08T19:19:28.5023856Z # Subtest: default-off requires a packaged Settings sender and real granted Native permission
2026-10-08T19:19:28.5025329Z ok 19 - default-off requires a packaged Settings sender and real granted Native permission
2026-10-08T19:19:28.5028911Z   ---
2026-10-08T19:19:28.5029474Z   duration_ms: 0.647668
2026-10-08T19:19:28.5030036Z   type: 'test'
2026-10-08T19:19:28.5031018Z   ...
2026-10-08T19:19:28.5158891Z # Subtest: request hash journal deduplicates after real Host admission; conflicting bytes fail
2026-10-08T19:19:28.5174865Z ok 20 - request hash journal deduplicates after real Host admission; conflicting bytes fail
2026-10-08T19:19:28.5175933Z   ---
2026-10-08T19:19:28.5176416Z   duration_ms: 13.63528
2026-10-08T19:19:28.5176925Z   type: 'test'
2026-10-08T19:19:28.5177400Z   ...
2026-10-08T19:19:28.5251600Z # Subtest: dispatched but unanswered calls are never retried, even if same id reappears
2026-10-08T19:19:28.5311669Z ok 21 - dispatched but unanswered calls are never retried, even if same id reappears
2026-10-08T19:19:28.5319288Z   ---
2026-10-08T19:19:28.5322674Z   duration_ms: 11.830362
2026-10-08T19:19:28.5323311Z   type: 'test'
2026-10-08T19:19:28.5323794Z   ...
2026-10-08T19:19:28.5324654Z # Subtest: no live registered Host means no run reservation or Worker execution
2026-10-08T19:19:28.5325912Z ok 22 - no live registered Host means no run reservation or Worker execution
2026-10-08T19:19:28.5326722Z   ---
2026-10-08T19:19:28.5327191Z   duration_ms: 1.567783
2026-10-08T19:19:28.5327720Z   type: 'test'
2026-10-08T19:19:28.5328176Z   ...
2026-10-08T19:19:28.5329061Z # Subtest: run.get and run.stop cannot inspect arbitrary Sidebar-owned Run records
2026-10-08T19:19:28.5330412Z ok 23 - run.get and run.stop cannot inspect arbitrary Sidebar-owned Run records
2026-10-08T19:19:28.5331224Z   ---
2026-10-08T19:19:28.5331691Z   duration_ms: 1.819716
2026-10-08T19:19:28.5332195Z   type: 'test'
2026-10-08T19:19:28.5332653Z   ...
2026-10-08T19:19:28.5469560Z # Subtest: ACK journal write failure after Host action remains OUTCOME_UNKNOWN and never replays
2026-10-08T19:19:28.5557891Z ok 24 - ACK journal write failure after Host action remains OUTCOME_UNKNOWN and never replays
2026-10-08T19:19:28.5590872Z   ---
2026-10-08T19:19:28.5600978Z   duration_ms: 19.034879
2026-10-08T19:19:28.5614818Z   type: 'test'
2026-10-08T19:19:28.5615662Z   ...
2026-10-08T19:19:28.5712587Z # Subtest: run.get and run.stop remain pinned to the original authenticated Host registration
2026-10-08T19:19:28.5713443Z ok 25 - run.get and run.stop remain pinned to the original authenticated Host registration
2026-10-08T19:19:28.5713865Z   ---
2026-10-08T19:19:28.5714079Z   duration_ms: 23.905184
2026-10-08T19:19:28.5714319Z   type: 'test'
2026-10-08T19:19:28.5714514Z   ...
2026-10-08T19:19:28.5818919Z # Subtest: current target is live Sidebar snapshot, not active tab chosen by CLI
2026-10-08T19:19:28.5819945Z ok 26 - current target is live Sidebar snapshot, not active tab chosen by CLI
2026-10-08T19:19:28.5820638Z   ---
2026-10-08T19:19:28.5840602Z   duration_ms: 3.485029
2026-10-08T19:19:28.5841070Z   type: 'test'
2026-10-08T19:19:28.5841387Z   ...
2026-10-08T19:19:28.5842259Z # Subtest: external draft uses exact RunHost with frozen borrowed target and controller requestId
2026-10-08T19:19:28.5843602Z ok 27 - external draft uses exact RunHost with frozen borrowed target and controller requestId
2026-10-08T19:19:28.5844424Z   ---
2026-10-08T19:19:28.5844784Z   duration_ms: 1.173
2026-10-08T19:19:28.5845178Z   type: 'test'
2026-10-08T19:19:28.5845548Z   ...
2026-10-08T19:19:28.5846361Z # Subtest: Host ACK correlation preserves the external Controller admission requestId
2026-10-08T19:19:28.5847483Z ok 28 - Host ACK correlation preserves the external Controller admission requestId
2026-10-08T19:19:28.5848137Z   ---
2026-10-08T19:19:28.5848489Z   duration_ms: 0.787307
2026-10-08T19:19:28.5848886Z   type: 'test'
2026-10-08T19:19:28.5849242Z   ...
2026-10-08T19:19:28.5849998Z # Subtest: permissions and document id fail before admission (no Chrome prompt)
2026-10-08T19:19:28.5851185Z ok 29 - permissions and document id fail before admission (no Chrome prompt)
2026-10-08T19:19:28.5851851Z   ---
2026-10-08T19:19:28.5852199Z   duration_ms: 3.525815
2026-10-08T19:19:28.5852596Z   type: 'test'
2026-10-08T19:19:28.5852939Z   ...
2026-10-08T19:19:28.5853495Z # Subtest: saved requires pinned exact revision and source hash
2026-10-08T19:19:28.5854522Z ok 30 - saved requires pinned exact revision and source hash
2026-10-08T19:19:28.5855053Z   ---
2026-10-08T19:19:28.5855477Z   duration_ms: 1.096013
2026-10-08T19:19:28.5855705Z   type: 'test'
2026-10-08T19:19:28.5855909Z   ...
2026-10-08T19:19:28.5856402Z # Subtest: run.get removes unrelated Sidebar run history from Controller snapshot projection
2026-10-08T19:19:28.5857514Z ok 31 - run.get removes unrelated Sidebar run history from Controller snapshot projection
2026-10-08T19:19:28.5858208Z   ---
2026-10-08T19:19:28.5858506Z   duration_ms: 0.561631
2026-10-08T19:19:28.5858848Z   type: 'test'
2026-10-08T19:19:28.5859156Z   ...
2026-10-08T19:19:28.6774806Z # Subtest: identity is pinned; invalid origin cannot launch a server
2026-10-08T19:19:28.6781696Z ok 32 - identity is pinned; invalid origin cannot launch a server
2026-10-08T19:19:28.6782392Z   ---
2026-10-08T19:19:28.6782747Z   duration_ms: 2.344977
2026-10-08T19:19:28.6783137Z   type: 'test'
2026-10-08T19:19:28.6783480Z   ...
2026-10-08T19:19:28.6784185Z # Subtest: framed Chrome welcome, authenticated local IPC, request and exact response
2026-10-08T19:19:28.6785207Z ok 33 - framed Chrome welcome, authenticated local IPC, request and exact response
2026-10-08T19:19:28.6785781Z   ---
2026-10-08T19:19:28.6786075Z   duration_ms: 15.734611
2026-10-08T19:19:28.6786428Z   type: 'test'
2026-10-08T19:19:28.6786732Z   ...
2026-10-08T19:19:28.6787539Z # Subtest: duplicate inflight request ID is rejected, not dispatched again
2026-10-08T19:19:28.6788500Z ok 34 - duplicate inflight request ID is rejected, not dispatched again
2026-10-08T19:19:28.6810448Z   ---
2026-10-08T19:19:28.6810841Z   duration_ms: 3.254132
2026-10-08T19:19:28.6811258Z   type: 'test'
2026-10-08T19:19:28.6811577Z   ...
2026-10-08T19:19:28.6812274Z # Subtest: unacknowledged dispatched effects become unknown on native shutdown
2026-10-08T19:19:28.6813363Z ok 35 - unacknowledged dispatched effects become unknown on native shutdown
2026-10-08T19:19:28.6814025Z   ---
2026-10-08T19:19:28.6814397Z   duration_ms: 3.345479
2026-10-08T19:19:28.6814798Z   type: 'test'
2026-10-08T19:19:28.6815121Z   ...
2026-10-08T19:19:28.6816125Z # Subtest: wrong credential is rejected without local API access
2026-10-08T19:19:28.6816990Z ok 36 - wrong credential is rejected without local API access
2026-10-08T19:19:28.6817577Z   ---
2026-10-08T19:19:28.6817915Z   duration_ms: 4.59022
2026-10-08T19:19:28.6818293Z   type: 'test'
2026-10-08T19:19:28.6818636Z   ...
2026-10-08T19:19:28.6819276Z # Subtest: handshake timeout closes the private socket without stale reuse
2026-10-08T19:19:28.6820478Z ok 37 - handshake timeout closes the private socket without stale reuse
2026-10-08T19:19:28.6821102Z   ---
2026-10-08T19:19:28.6821416Z   duration_ms: 100.983609
2026-10-08T19:19:28.6821803Z   type: 'test'
2026-10-08T19:19:28.6822123Z   ...
2026-10-08T19:19:28.7210287Z # Subtest: native response timeout preserves unknown-effect outcome
2026-10-08T19:19:28.7211220Z ok 38 - native response timeout preserves unknown-effect outcome
2026-10-08T19:19:28.7211634Z   ---
2026-10-08T19:19:28.7211841Z   duration_ms: 43.025897
2026-10-08T19:19:28.7212078Z   type: 'test'
2026-10-08T19:19:28.7212275Z   ...
2026-10-08T19:19:28.7213505Z # Subtest: existing socket is never unlinked or replaced by a second host
2026-10-08T19:19:28.7214422Z ok 39 - existing socket is never unlinked or replaced by a second host
2026-10-08T19:19:28.7215009Z   ---
2026-10-08T19:19:28.7215257Z   duration_ms: 1.183969
2026-10-08T19:19:28.7215486Z   type: 'test'
2026-10-08T19:19:28.7215685Z   ...
2026-10-08T19:19:28.7272455Z # Subtest: Native remains optional after merging the current permission catalog
2026-10-08T19:19:28.7273534Z ok 40 - Native remains optional after merging the current permission catalog
2026-10-08T19:19:28.7274187Z   ---
2026-10-08T19:19:28.7274513Z   duration_ms: 5.953162
2026-10-08T19:19:28.7274880Z   type: 'test'
2026-10-08T19:19:28.7275207Z   ...
2026-10-08T19:19:28.7276189Z # Subtest: strict production SW budget and fixed packaged Native transport entry
2026-10-08T19:19:28.7277073Z ok 41 - strict production SW budget and fixed packaged Native transport entry
2026-10-08T19:19:28.7277813Z   ---
2026-10-08T19:19:28.7278143Z   duration_ms: 0.358621
2026-10-08T19:19:28.7278516Z   type: 'test'
2026-10-08T19:19:28.7278845Z   ...
2026-10-08T19:19:28.7279476Z # Subtest: single exact same-extension static import allowed in SW only
2026-10-08T19:19:28.7280471Z ok 42 - single exact same-extension static import allowed in SW only
2026-10-08T19:19:28.7281059Z   ---
2026-10-08T19:19:28.7281390Z   duration_ms: 9.512973
2026-10-08T19:19:28.7281757Z   type: 'test'
2026-10-08T19:19:28.7282070Z   ...
2026-10-08T19:19:28.7282895Z # Subtest: fixed transport registers listeners on the original SW APIs; default-off does not connect
2026-10-08T19:19:28.7284164Z ok 43 - fixed transport registers listeners on the original SW APIs; default-off does not connect
2026-10-08T19:19:28.7284896Z   ---
2026-10-08T19:19:28.7285211Z   duration_ms: 0.957511
2026-10-08T19:19:28.7285573Z   type: 'test'
2026-10-08T19:19:28.7285880Z   ...
2026-10-08T19:19:28.7286625Z # Subtest: native framing uses UTF-8 byte length and handles split multibyte boundaries
2026-10-08T19:19:28.7287299Z ok 44 - native framing uses UTF-8 byte length and handles split multibyte boundaries
2026-10-08T19:19:28.7287667Z   ---
2026-10-08T19:19:28.7287856Z   duration_ms: 1.434348
2026-10-08T19:19:28.7288080Z   type: 'test'
2026-10-08T19:19:28.7288270Z   ...
2026-10-08T19:19:28.7288642Z # Subtest: private CLI line framing has bounded buffer and independent messages
2026-10-08T19:19:28.7289235Z ok 45 - private CLI line framing has bounded buffer and independent messages
2026-10-08T19:19:28.7289579Z   ---
2026-10-08T19:19:28.7289760Z   duration_ms: 1.815886
2026-10-08T19:19:28.7289978Z   type: 'test'
2026-10-08T19:19:28.7290283Z   ...
2026-10-08T19:19:28.7290768Z # Subtest: reject unsupported transport operations and malformed browser requests
2026-10-08T19:19:28.7291358Z ok 46 - reject unsupported transport operations and malformed browser requests
2026-10-08T19:19:28.7291716Z   ---
2026-10-08T19:19:28.7291903Z   duration_ms: 0.393004
2026-10-08T19:19:28.7292124Z   type: 'test'
2026-10-08T19:19:28.7292320Z   ...
2026-10-08T19:19:28.7292720Z # Subtest: stable digest pins equivalent JSON key order and rejects prototype pollution
2026-10-08T19:19:28.7293312Z ok 47 - stable digest pins equivalent JSON key order and rejects prototype pollution
2026-10-08T19:19:28.7293691Z   ---
2026-10-08T19:19:28.7293876Z   duration_ms: 6.212009
2026-10-08T19:19:28.7294088Z   type: 'test'
2026-10-08T19:19:28.7294283Z   ...
2026-10-08T19:19:28.7294451Z 1..47
2026-10-08T19:19:28.7294625Z # tests 47
2026-10-08T19:19:28.7294806Z # suites 0
2026-10-08T19:19:28.7294999Z # pass 47
2026-10-08T19:19:28.7295180Z # fail 0
2026-10-08T19:19:28.7295360Z # cancelled 0
2026-10-08T19:19:28.7295565Z # skipped 0
2026-10-08T19:19:28.7372868Z # todo 0
2026-10-08T19:19:28.7373445Z # duration_ms 427.535524
2026-10-08T19:19:28.7411606Z ##[group]Run node --test tests/environment/script-editor.test.mjs tests/environment/sidebar-draft-runhost.test.mjs tests/environment/task-workbench.test.mjs tests/environment/sidebar-product-contract.test.mjs
2026-10-08T19:19:28.7413025Z [36;1mnode --test tests/environment/script-editor.test.mjs tests/environment/sidebar-draft-runhost.test.mjs tests/environment/task-workbench.test.mjs tests/environment/sidebar-product-contract.test.mjs[0m
2026-10-08T19:19:28.7449579Z shell: /usr/bin/bash -e {0}
2026-10-08T19:19:28.7449842Z ##[endgroup]
2026-10-08T19:19:28.8008648Z TAP version 13
2026-10-08T19:19:28.9002147Z # Subtest: importing a JS draft leaves saved versions and running source independent
2026-10-08T19:19:28.9003535Z ok 1 - importing a JS draft leaves saved versions and running source independent
2026-10-08T19:19:28.9004311Z   ---
2026-10-08T19:19:28.9004764Z   duration_ms: 25.261533
2026-10-08T19:19:28.9005278Z   type: 'test'
2026-10-08T19:19:28.9005695Z   ...
2026-10-08T19:19:28.9067502Z # Subtest: draft import rejects empty/oversized sources and active saves without overwriting the editor
2026-10-08T19:19:28.9091671Z ok 2 - draft import rejects empty/oversized sources and active saves without overwriting the editor
2026-10-08T19:19:28.9109967Z   ---
2026-10-08T19:19:28.9110740Z   duration_ms: 7.344485
2026-10-08T19:19:28.9111292Z   type: 'test'
2026-10-08T19:19:28.9111753Z   ...
2026-10-08T19:19:28.9143590Z # Subtest: catalog draft import updates dependency review from the new source without saving or running
2026-10-08T19:19:28.9148571Z ok 3 - catalog draft import updates dependency review from the new source without saving or running
2026-10-08T19:19:28.9149604Z   ---
2026-10-08T19:19:28.9150096Z   duration_ms: 8.220196
2026-10-08T19:19:28.9150914Z   type: 'test'
2026-10-08T19:19:28.9151394Z   ...
2026-10-08T19:19:28.9195737Z # Subtest: Save persists revision/hash without requesting permission, creating a Run, or executing code
2026-10-08T19:19:28.9208566Z ok 4 - Save persists revision/hash without requesting permission, creating a Run, or executing code
2026-10-08T19:19:28.9217986Z   ---
2026-10-08T19:19:28.9218604Z   duration_ms: 5.081703
2026-10-08T19:19:28.9219226Z   type: 'test'
2026-10-08T19:19:28.9219748Z   ...
2026-10-08T19:19:28.9250776Z # Subtest: reopened editor lists saved scripts without running and loads the selected latest head explicitly
2026-10-08T19:19:28.9258641Z ok 5 - reopened editor lists saved scripts without running and loads the selected latest head explicitly
2026-10-08T19:19:28.9261897Z   ---
2026-10-08T19:19:28.9262397Z   duration_ms: 5.623178
2026-10-08T19:19:28.9262905Z   type: 'test'
2026-10-08T19:19:28.9263449Z   ...
2026-10-08T19:19:28.9322365Z # Subtest: loading a historical revision does not turn it into the latest Save CAS head
2026-10-08T19:19:28.9323751Z ok 6 - loading a historical revision does not turn it into the latest Save CAS head
2026-10-08T19:19:28.9324642Z   ---
2026-10-08T19:19:28.9325147Z   duration_ms: 6.902249
2026-10-08T19:19:28.9325697Z   type: 'test'
2026-10-08T19:19:28.9326165Z   ...
2026-10-08T19:19:28.9392038Z # Subtest: Delete tombstones the latest head and refreshes the saved-script selector
2026-10-08T19:19:28.9394244Z ok 7 - Delete tombstones the latest head and refreshes the saved-script selector
2026-10-08T19:19:28.9395167Z   ---
2026-10-08T19:19:28.9395665Z   duration_ms: 6.882135
2026-10-08T19:19:28.9396235Z   type: 'test'
2026-10-08T19:19:28.9396703Z   ...
2026-10-08T19:19:28.9491458Z # Subtest: saved A stays immutable; Run freezes unsaved B/params/page A; editing C and Save do not replace B
2026-10-08T19:19:28.9495567Z ok 8 - saved A stays immutable; Run freezes unsaved B/params/page A; editing C and Save do not replace B
2026-10-08T19:19:28.9496627Z   ---
2026-10-08T19:19:28.9497079Z   duration_ms: 9.312614
2026-10-08T19:19:28.9497563Z   type: 'test'
2026-10-08T19:19:28.9497986Z   ...
2026-10-08T19:19:28.9568205Z # Subtest: a brand-new unsaved draft runs with an empty script ID and never creates a saved revision
2026-10-08T19:19:28.9582019Z ok 9 - a brand-new unsaved draft runs with an empty script ID and never creates a saved revision
2026-10-08T19:19:28.9582971Z   ---
2026-10-08T19:19:28.9583424Z   duration_ms: 8.227579
2026-10-08T19:19:28.9583952Z   type: 'test'
2026-10-08T19:19:28.9584346Z   ...
2026-10-08T19:19:28.9723371Z # Subtest: permission preparation rejects a switched page; closing the editor during permission never admits a run
2026-10-08T19:19:28.9724639Z ok 10 - permission preparation rejects a switched page; closing the editor during permission never admits a run
2026-10-08T19:19:28.9725276Z   ---
2026-10-08T19:19:28.9725673Z   duration_ms: 15.200436
2026-10-08T19:19:28.9726068Z   type: 'test'
2026-10-08T19:19:28.9731408Z   ...
2026-10-08T19:19:28.9781710Z # Subtest: Stop uses the formal RunHost abort/retirement path and persists stopped with the original pin
2026-10-08T19:19:28.9783577Z ok 11 - Stop uses the formal RunHost abort/retirement path and persists stopped with the original pin
2026-10-08T19:19:28.9784647Z   ---
2026-10-08T19:19:28.9785190Z   duration_ms: 6.345434
2026-10-08T19:19:28.9785823Z   type: 'test'
2026-10-08T19:19:28.9786306Z   ...
2026-10-08T19:19:28.9840510Z # Subtest: pagehide invokes RunHost host-close; reopened editor only reads the durable interrupted Result
2026-10-08T19:19:28.9842524Z ok 12 - pagehide invokes RunHost host-close; reopened editor only reads the durable interrupted Result
2026-10-08T19:19:28.9843373Z   ---
2026-10-08T19:19:28.9843670Z   duration_ms: 6.087837
2026-10-08T19:19:28.9843993Z   type: 'test'
2026-10-08T19:19:28.9844263Z   ...
2026-10-08T19:19:28.9941014Z # Subtest: late Save/Load replies do not overwrite another script selection or edits made during loading
2026-10-08T19:19:28.9943405Z ok 13 - late Save/Load replies do not overwrite another script selection or edits made during loading
2026-10-08T19:19:28.9944082Z   ---
2026-10-08T19:19:28.9944552Z   duration_ms: 8.172631
2026-10-08T19:19:28.9944937Z   type: 'test'
2026-10-08T19:19:28.9945185Z   ...
2026-10-08T19:19:28.9982832Z # Subtest: late saved-script selector load cannot overwrite edits made during loading
2026-10-08T19:19:28.9989308Z ok 14 - late saved-script selector load cannot overwrite edits made during loading
2026-10-08T19:19:28.9989980Z   ---
2026-10-08T19:19:28.9990627Z   duration_ms: 5.410499
2026-10-08T19:19:28.9991020Z   type: 'test'
2026-10-08T19:19:28.9991375Z   ...
2026-10-08T19:19:29.0051333Z # Subtest: an older snapshot reply cannot disable Run after a newer durable observation
2026-10-08T19:19:29.0052566Z ok 15 - an older snapshot reply cannot disable Run after a newer durable observation
2026-10-08T19:19:29.0053280Z   ---
2026-10-08T19:19:29.0053633Z   duration_ms: 6.605792
2026-10-08T19:19:29.0054055Z   type: 'test'
2026-10-08T19:19:29.0054405Z   ...
2026-10-08T19:19:29.0109280Z # Subtest: an older snapshot error cannot overwrite a newer successful durable view
2026-10-08T19:19:29.0110823Z ok 16 - an older snapshot error cannot overwrite a newer successful durable view
2026-10-08T19:19:29.0111721Z   ---
2026-10-08T19:19:29.0112513Z   duration_ms: 6.071889
2026-10-08T19:19:29.0112975Z   type: 'test'
2026-10-08T19:19:29.0113299Z   ...
2026-10-08T19:19:29.0170822Z # Subtest: the permission request remains synchronous in the click fixture; denied permission and invalid params execute nothing
2026-10-08T19:19:29.0171794Z ok 17 - the permission request remains synchronous in the click fixture; denied permission and invalid params execute nothing
2026-10-08T19:19:29.0172303Z   ---
2026-10-08T19:19:29.0172516Z   duration_ms: 6.021118
2026-10-08T19:19:29.0172758Z   type: 'test'
2026-10-08T19:19:29.0172952Z   ...
2026-10-08T19:19:29.0201408Z # Subtest: DOM preview binds frozen source, dependency choice and exact current document from trusted click
2026-10-08T19:19:29.0202526Z ok 18 - DOM preview binds frozen source, dependency choice and exact current document from trusted click
2026-10-08T19:19:29.0202967Z   ---
2026-10-08T19:19:29.0203163Z   duration_ms: 3.685797
2026-10-08T19:19:29.0203698Z   type: 'test'
2026-10-08T19:19:29.0203910Z   ...
2026-10-08T19:19:29.0267206Z # Subtest: DOM preview refuses to inject when the active document changes while permission is pending
2026-10-08T19:19:29.0268244Z ok 19 - DOM preview refuses to inject when the active document changes while permission is pending
2026-10-08T19:19:29.0268664Z   ---
2026-10-08T19:19:29.0268866Z   duration_ms: 6.515534
2026-10-08T19:19:29.0269101Z   type: 'test'
2026-10-08T19:19:29.0269299Z   ...
2026-10-08T19:19:29.0321066Z # Subtest: Developer Stop cannot cancel the formal Task or another view using the shared RunHost
2026-10-08T19:19:29.0324862Z ok 20 - Developer Stop cannot cancel the formal Task or another view using the shared RunHost
2026-10-08T19:19:29.0325743Z   ---
2026-10-08T19:19:29.0326098Z   duration_ms: 4.769556
2026-10-08T19:19:29.0326477Z   type: 'test'
2026-10-08T19:19:29.0326968Z   ...
2026-10-08T19:19:29.0417378Z # Subtest: project import displays source while Save and Run freeze compiled bytes and the original hash
2026-10-08T19:19:29.0418901Z ok 21 - project import displays source while Save and Run freeze compiled bytes and the original hash
2026-10-08T19:19:29.0419492Z   ---
2026-10-08T19:19:29.0420628Z   duration_ms: 9.575839
2026-10-08T19:19:29.0421064Z   type: 'test'
2026-10-08T19:19:29.0421390Z   ...
2026-10-08T19:19:29.0435639Z # Subtest: invalid project envelope leaves the previous editor source and no execution or saved revision
2026-10-08T19:19:29.0436980Z ok 22 - invalid project envelope leaves the previous editor source and no execution or saved revision
2026-10-08T19:19:29.0441354Z   ---
2026-10-08T19:19:29.0441723Z   duration_ms: 2.546089
2026-10-08T19:19:29.0442115Z   type: 'test'
2026-10-08T19:19:29.0442422Z   ...
2026-10-08T19:19:29.0536283Z # Subtest: RunHost freezes a draft source variant and parameters before awaiting the host connection
2026-10-08T19:19:29.0537660Z ok 23 - RunHost freezes a draft source variant and parameters before awaiting the host connection
2026-10-08T19:19:29.0538435Z   ---
2026-10-08T19:19:29.0538822Z   duration_ms: 3.664947
2026-10-08T19:19:29.0539225Z   type: 'test'
2026-10-08T19:19:29.0539601Z   ...
2026-10-08T19:19:29.0540653Z # Subtest: saved script API retains explicit scriptId/revision/contentHash admission
2026-10-08T19:19:29.0564964Z ok 24 - saved script API retains explicit scriptId/revision/contentHash admission
2026-10-08T19:19:29.0581313Z   ---
2026-10-08T19:19:29.0581560Z   duration_ms: 0.605922
2026-10-08T19:19:29.0581850Z   type: 'test'
2026-10-08T19:19:29.0582059Z   ...
2026-10-08T19:19:29.0582417Z # Subtest: manifest exposes tool.html as a global Chrome Side Panel
2026-10-08T19:19:29.0583005Z ok 25 - manifest exposes tool.html as a global Chrome Side Panel
2026-10-08T19:19:29.0583359Z   ---
2026-10-08T19:19:29.0583571Z   duration_ms: 9.447095
2026-10-08T19:19:29.0583788Z   type: 'test'
2026-10-08T19:19:29.0584043Z   ...
2026-10-08T19:19:29.0584338Z # Subtest: product shell has no popup-window fallback
2026-10-08T19:19:29.0584729Z ok 26 - product shell has no popup-window fallback
2026-10-08T19:19:29.0585034Z   ---
2026-10-08T19:19:29.0585255Z   duration_ms: 4.70611
2026-10-08T19:19:29.0585459Z   type: 'test'
2026-10-08T19:19:29.0585640Z   ...
2026-10-08T19:19:29.0586131Z # Subtest: default Run freezes Current Page then revalidates before existing RunHost
2026-10-08T19:19:29.0586783Z ok 27 - default Run freezes Current Page then revalidates before existing RunHost
2026-10-08T19:19:29.0587144Z   ---
2026-10-08T19:19:29.0587328Z   duration_ms: 4.347166
2026-10-08T19:19:29.0587601Z   type: 'test'
2026-10-08T19:19:29.0587810Z   ...
2026-10-08T19:19:29.0588255Z # Subtest: trusted Side Panel run sends the exact unsaved draft to the original Controller authority
2026-10-08T19:19:29.0589088Z ok 28 - trusted Side Panel run sends the exact unsaved draft to the original Controller authority
2026-10-08T19:19:29.0589737Z   ---
2026-10-08T19:19:29.0590045Z   duration_ms: 2.6062
2026-10-08T19:19:29.0590539Z   type: 'test'
2026-10-08T19:19:29.0590853Z   ...
2026-10-08T19:19:29.0591784Z # Subtest: R6 uses valid tab roles with labelled content panels
2026-10-08T19:19:29.0592632Z ok 29 - R6 uses valid tab roles with labelled content panels
2026-10-08T19:19:29.0593192Z   ---
2026-10-08T19:19:29.0593536Z   duration_ms: 1.317607
2026-10-08T19:19:29.0593916Z   type: 'test'
2026-10-08T19:19:29.0594217Z   ...
2026-10-08T19:19:29.0594694Z # Subtest: R4 Sidebar sections preserve consumer controls and keep engineering tools folded
2026-10-08T19:19:29.0595327Z ok 30 - R4 Sidebar sections preserve consumer controls and keep engineering tools folded
2026-10-08T19:19:29.0595708Z   ---
2026-10-08T19:19:29.0595891Z   duration_ms: 3.83881
2026-10-08T19:19:29.0596097Z   type: 'test'
2026-10-08T19:19:29.0596283Z   ...
2026-10-08T19:19:29.0596679Z # Subtest: Sidebar starts at its three tabs without repeating Chrome extension identity
2026-10-08T19:19:29.0597253Z ok 31 - Sidebar starts at its three tabs without repeating Chrome extension identity
2026-10-08T19:19:29.0597620Z   ---
2026-10-08T19:19:29.0597806Z   duration_ms: 2.22194
2026-10-08T19:19:29.0598009Z   type: 'test'
2026-10-08T19:19:29.0598188Z   ...
2026-10-08T19:19:29.0598739Z # Subtest: entering Sidebar task views reads external installations without executing and preserves unchanged form inputs
2026-10-08T19:19:29.0599908Z ok 32 - entering Sidebar task views reads external installations without executing and preserves unchanged form inputs
2026-10-08T19:19:29.0600716Z   ---
2026-10-08T19:19:29.0601019Z   duration_ms: 24.432759
2026-10-08T19:19:29.0601385Z   type: 'test'
2026-10-08T19:19:29.0601787Z   ...
2026-10-08T19:19:29.0602647Z # Subtest: installed tasks default page, render schema form and freeze the exact saved version/params/target
2026-10-08T19:19:29.0603855Z ok 33 - installed tasks default page, render schema form and freeze the exact saved version/params/target
2026-10-08T19:19:29.0604481Z   ---
2026-10-08T19:19:29.0604765Z   duration_ms: 21.846304
2026-10-08T19:19:29.0605104Z   type: 'test'
2026-10-08T19:19:29.0605399Z   ...
2026-10-08T19:19:29.0606072Z # Subtest: installed task can be explicitly forked into an independent unsaved editor draft
2026-10-08T19:19:29.0607204Z ok 34 - installed task can be explicitly forked into an independent unsaved editor draft
2026-10-08T19:19:29.0607947Z   ---
2026-10-08T19:19:29.0608296Z   duration_ms: 5.970156
2026-10-08T19:19:29.0608661Z   type: 'test'
2026-10-08T19:19:29.0608923Z   ...
2026-10-08T19:19:29.0609736Z # Subtest: task Stop cannot cancel another view's in-flight draft; parameter form never navigates
2026-10-08T19:19:29.0611301Z ok 35 - task Stop cannot cancel another view's in-flight draft; parameter form never navigates
2026-10-08T19:19:29.0612109Z   ---
2026-10-08T19:19:29.0612478Z   duration_ms: 6.587462
2026-10-08T19:19:29.0612897Z   type: 'test'
2026-10-08T19:19:29.0613256Z   ...
2026-10-08T19:19:29.0613954Z # Subtest: installed task refuses stale target after async installed-version lookup
2026-10-08T19:19:29.0614551Z ok 36 - installed task refuses stale target after async installed-version lookup
2026-10-08T19:19:29.0614908Z   ---
2026-10-08T19:19:29.0615091Z   duration_ms: 8.099738
2026-10-08T19:19:29.0615311Z   type: 'test'
2026-10-08T19:19:29.0615492Z   ...
2026-10-08T19:19:29.0615911Z # Subtest: task cards retain readable selection and do not surface raw IDs as the main UI
2026-10-08T19:19:29.0616514Z ok 37 - task cards retain readable selection and do not surface raw IDs as the main UI
2026-10-08T19:19:29.0616886Z   ---
2026-10-08T19:19:29.0617066Z   duration_ms: 5.823241
2026-10-08T19:19:29.0617280Z   type: 'test'
2026-10-08T19:19:29.0617459Z   ...
2026-10-08T19:19:29.0617963Z # Subtest: Sidebar Discover searches installed tasks only and selects a task without running or opening the catalog
2026-10-08T19:19:29.0618758Z ok 38 - Sidebar Discover searches installed tasks only and selects a task without running or opening the catalog
2026-10-08T19:19:29.0619207Z   ---
2026-10-08T19:19:29.0619384Z   duration_ms: 8.275144
2026-10-08T19:19:29.0619598Z   type: 'test'
2026-10-08T19:19:29.0620343Z   ...
2026-10-08T19:19:29.0620843Z # Subtest: Discover filter controls are real view filters and cannot start another run
2026-10-08T19:19:29.0621457Z ok 39 - Discover filter controls are real view filters and cannot start another run
2026-10-08T19:19:29.0621837Z   ---
2026-10-08T19:19:29.0622035Z   duration_ms: 10.306158
2026-10-08T19:19:29.0622253Z   type: 'test'
2026-10-08T19:19:29.0622450Z   ...
2026-10-08T19:19:29.0622869Z # Subtest: opening the separate full-size catalog preserves its import and management view
2026-10-08T19:19:29.0623482Z ok 40 - opening the separate full-size catalog preserves its import and management view
2026-10-08T19:19:29.0623864Z   ---
2026-10-08T19:19:29.0624041Z   duration_ms: 2.589241
2026-10-08T19:19:29.0624249Z   type: 'test'
2026-10-08T19:19:29.0624435Z   ...
2026-10-08T19:19:29.0624915Z # Subtest: full-size catalog keeps its own reader after real install and re-reads the single Task Catalog state
2026-10-08T19:19:29.0625655Z ok 41 - full-size catalog keeps its own reader after real install and re-reads the single Task Catalog state
2026-10-08T19:19:29.0626090Z   ---
2026-10-08T19:19:29.0626264Z   duration_ms: 4.331686
2026-10-08T19:19:29.0626470Z   type: 'test'
2026-10-08T19:19:29.0626749Z   ...
2026-10-08T19:19:29.0627194Z # Subtest: idle Discover has no fixed footer and inline import still opens the authenticated catalog
2026-10-08T19:19:29.0627859Z ok 42 - idle Discover has no fixed footer and inline import still opens the authenticated catalog
2026-10-08T19:19:29.0628255Z   ---
2026-10-08T19:19:29.0628447Z   duration_ms: 12.742959
2026-10-08T19:19:29.0628667Z   type: 'test'
2026-10-08T19:19:29.0628855Z   ...
2026-10-08T19:19:29.0629198Z # Subtest: R5 result/history stay out of sight until a task has runs
2026-10-08T19:19:29.0629665Z ok 43 - R5 result/history stay out of sight until a task has runs
2026-10-08T19:19:29.0629975Z   ---
2026-10-08T19:19:29.0630321Z   duration_ms: 6.993403
2026-10-08T19:19:29.0630658Z   type: 'test'
2026-10-08T19:19:29.0630936Z   ...
2026-10-08T19:19:29.0669692Z # Subtest: card view retains original action identities, history and parameter form across tab changes
2026-10-08T19:19:29.0671115Z ok 44 - card view retains original action identities, history and parameter form across tab changes
2026-10-08T19:19:29.0671565Z   ---
2026-10-08T19:19:29.0671763Z   duration_ms: 13.236484
2026-10-08T19:19:29.0671982Z   type: 'test'
2026-10-08T19:19:29.0672168Z   ...
2026-10-08T19:19:29.0706975Z # Subtest: switching between two installed tasks preserves each independent unsaved parameter input
2026-10-08T19:19:29.0708540Z ok 45 - switching between two installed tasks preserves each independent unsaved parameter input
2026-10-08T19:19:29.0709326Z   ---
2026-10-08T19:19:29.0709618Z   duration_ms: 3.832849
2026-10-08T19:19:29.0709944Z   type: 'test'
2026-10-08T19:19:29.0710373Z   ...
2026-10-08T19:19:29.0741525Z # Subtest: R6 accessible roving tabs support Arrow and Home/End
2026-10-08T19:19:29.0742557Z ok 46 - R6 accessible roving tabs support Arrow and Home/End
2026-10-08T19:19:29.0743207Z   ---
2026-10-08T19:19:29.0743540Z   duration_ms: 2.599513
2026-10-08T19:19:29.0743939Z   type: 'test'
2026-10-08T19:19:29.0744288Z   ...
2026-10-08T19:19:29.0783942Z # Subtest: R6 task card refresh, keyboard selection and Discover handoff restore focus
2026-10-08T19:19:29.0785001Z ok 47 - R6 task card refresh, keyboard selection and Discover handoff restore focus
2026-10-08T19:19:29.0785567Z   ---
2026-10-08T19:19:29.0785909Z   duration_ms: 4.990221
2026-10-08T19:19:29.0786281Z   type: 'test'
2026-10-08T19:19:29.0786541Z   ...
2026-10-08T19:19:29.0901052Z # Subtest: R6 late run start/result cannot become the newly selected task status
2026-10-08T19:19:29.0909125Z ok 48 - R6 late run start/result cannot become the newly selected task status
2026-10-08T19:19:29.0909746Z   ---
2026-10-08T19:19:29.0910056Z   duration_ms: 11.814452
2026-10-08T19:19:29.0910581Z   type: 'test'
2026-10-08T19:19:29.0910865Z   ...
2026-10-08T19:19:29.1003720Z # Subtest: R6 previous-version notices and results do not leak after installed upgrade
2026-10-08T19:19:29.1004371Z ok 49 - R6 previous-version notices and results do not leak after installed upgrade
2026-10-08T19:19:29.1004752Z   ---
2026-10-08T19:19:29.1004956Z   duration_ms: 9.518001
2026-10-08T19:19:29.1005178Z   type: 'test'
2026-10-08T19:19:29.1005365Z   ...
2026-10-08T19:19:29.1693754Z # Subtest: two extension documents share only a refresh hint and re-read authoritative installed state
2026-10-08T19:19:29.1695522Z ok 50 - two extension documents share only a refresh hint and re-read authoritative installed state
2026-10-08T19:19:29.1716034Z   ---
2026-10-08T19:19:29.1716678Z   duration_ms: 69.139687
2026-10-08T19:19:29.1717227Z   type: 'test'
2026-10-08T19:19:29.1717736Z   ...
2026-10-08T19:19:29.1871155Z # Subtest: catalog installation stays in the complete directory and directs running back to Sidebar
2026-10-08T19:19:29.1872595Z ok 51 - catalog installation stays in the complete directory and directs running back to Sidebar
2026-10-08T19:19:29.1873427Z   ---
2026-10-08T19:19:29.1873795Z   duration_ms: 17.689584
2026-10-08T19:19:29.1874209Z   type: 'test'
2026-10-08T19:19:29.1874556Z   ...
2026-10-08T19:19:29.1913207Z # Subtest: catalog JS import hands source to Sidebar and never enters a view with a hidden runner
2026-10-08T19:19:29.1914900Z ok 52 - catalog JS import hands source to Sidebar and never enters a view with a hidden runner
2026-10-08T19:19:29.1915747Z   ---
2026-10-08T19:19:29.1916228Z   duration_ms: 4.070108
2026-10-08T19:19:29.1916702Z   type: 'test'
2026-10-08T19:19:29.1917120Z   ...
2026-10-08T19:19:29.1950989Z # Subtest: missing Sidebar refuses import with an actionable message, without losing the directory
2026-10-08T19:19:29.1952772Z ok 53 - missing Sidebar refuses import with an actionable message, without losing the directory
2026-10-08T19:19:29.1953774Z   ---
2026-10-08T19:19:29.1954254Z   duration_ms: 3.747261
2026-10-08T19:19:29.1954781Z   type: 'test'
2026-10-08T19:19:29.1955216Z   ...
2026-10-08T19:19:29.1997836Z # Subtest: catalog draft transport errors retain their cause instead of claiming Sidebar is missing
2026-10-08T19:19:29.1999441Z ok 54 - catalog draft transport errors retain their cause instead of claiming Sidebar is missing
2026-10-08T19:19:29.2000603Z   ---
2026-10-08T19:19:29.2001095Z   duration_ms: 4.725495
2026-10-08T19:19:29.2001631Z   type: 'test'
2026-10-08T19:19:29.2002113Z   ...
2026-10-08T19:19:29.2025504Z # Subtest: receiving a source-only import selects Sidebar Developer without creating a run
2026-10-08T19:19:29.2027328Z ok 55 - receiving a source-only import selects Sidebar Developer without creating a run
2026-10-08T19:19:29.2028379Z   ---
2026-10-08T19:19:29.2028896Z   duration_ms: 2.490585
2026-10-08T19:19:29.2029424Z   type: 'test'
2026-10-08T19:19:29.2029893Z   ...
2026-10-08T19:19:29.2174688Z # Subtest: R6.1 task-owned Stop is the sole cross-view action and names the launching task
2026-10-08T19:19:29.2175636Z ok 56 - R6.1 task-owned Stop is the sole cross-view action and names the launching task
2026-10-08T19:19:29.2176046Z   ---
2026-10-08T19:19:29.2176256Z   duration_ms: 15.425003
2026-10-08T19:19:29.2176481Z   type: 'test'
2026-10-08T19:19:29.2176670Z   ...
2026-10-08T19:19:29.2192096Z # Subtest: R6.1 a draft-owned run exposes only its Stop when viewing Tasks or Discover
2026-10-08T19:19:29.2193815Z ok 57 - R6.1 a draft-owned run exposes only its Stop when viewing Tasks or Discover
2026-10-08T19:19:29.2194579Z   ---
2026-10-08T19:19:29.2194967Z   duration_ms: 2.074001
2026-10-08T19:19:29.2195366Z   type: 'test'
2026-10-08T19:19:29.2195706Z   ...
2026-10-08T19:19:29.2315278Z # Subtest: R6.1 stop-only footer CSS hides all non-owner actions without hiding Stop
2026-10-08T19:19:29.2316448Z ok 58 - R6.1 stop-only footer CSS hides all non-owner actions without hiding Stop
2026-10-08T19:19:29.2317236Z   ---
2026-10-08T19:19:29.2317695Z   duration_ms: 10.917567
2026-10-08T19:19:29.2318084Z   type: 'test'
2026-10-08T19:19:29.2318337Z   ...
2026-10-08T19:19:29.2389257Z # Subtest: catalog project JSON import validates snapshots and hands frozen bytes to Sidebar without running
2026-10-08T19:19:29.2391195Z ok 59 - catalog project JSON import validates snapshots and hands frozen bytes to Sidebar without running
2026-10-08T19:19:29.2391683Z   ---
2026-10-08T19:19:29.2391882Z   duration_ms: 8.093182
2026-10-08T19:19:29.2392103Z   type: 'test'
2026-10-08T19:19:29.2392303Z   ...
2026-10-08T19:19:29.2435371Z # Subtest: catalog rejects a changed project snapshot before handoff and permits reselecting the file
2026-10-08T19:19:29.2436845Z ok 60 - catalog rejects a changed project snapshot before handoff and permits reselecting the file
2026-10-08T19:19:29.2437440Z   ---
2026-10-08T19:19:29.2437743Z   duration_ms: 4.989513
2026-10-08T19:19:29.2438060Z   type: 'test'
2026-10-08T19:19:29.2438335Z   ...
2026-10-08T19:19:29.2581506Z 1..60
2026-10-08T19:19:29.2581873Z # tests 60
2026-10-08T19:19:29.2582178Z # suites 0
2026-10-08T19:19:29.2582466Z # pass 60
2026-10-08T19:19:29.2582832Z # fail 0
2026-10-08T19:19:29.2583325Z # cancelled 0
2026-10-08T19:19:29.2583838Z # skipped 0
2026-10-08T19:19:29.2584310Z # todo 0
2026-10-08T19:19:29.2584758Z # duration_ms 474.37026
2026-10-08T19:19:29.2673196Z ##[group]Run npm run check
2026-10-08T19:19:29.2673606Z [36;1mnpm run check[0m
2026-10-08T19:19:29.2711743Z shell: /usr/bin/bash -e {0}
2026-10-08T19:19:29.2712018Z ##[endgroup]
2026-10-08T19:19:29.3667725Z 
2026-10-08T19:19:29.3668251Z > opendesk-browser@0.1.0 check
2026-10-08T19:19:29.3668620Z > node scripts/check-source.mjs
2026-10-08T19:19:29.3668796Z 
2026-10-08T19:19:33.4756918Z Syntax checked 173 source/test/build files; scripts/build-contract.mjs entries, fixed SDK/control entries, strict CSP and original MIT checked
2026-10-08T19:19:33.4885387Z ##[group]Run npm run build
2026-10-08T19:19:33.4885669Z [36;1mnpm run build[0m
2026-10-08T19:19:33.4921392Z shell: /usr/bin/bash -e {0}
2026-10-08T19:19:33.4921670Z ##[endgroup]
2026-10-08T19:19:33.5797587Z 
2026-10-08T19:19:33.5798704Z > opendesk-browser@0.1.0 build
2026-10-08T19:19:33.5799355Z > node scripts/build.mjs production
2026-10-08T19:19:33.5799691Z 
2026-10-08T19:19:34.0276394Z [log] 
2026-10-08T19:19:34.0276716Z WXT 0.21.4
2026-10-08T19:19:34.1995896Z [info] Generating types...
2026-10-08T19:19:34.3565283Z [success] Finished in 330 ms
2026-10-08T19:19:34.7464749Z [log] 
2026-10-08T19:19:34.7465152Z WXT 0.21.4
2026-10-08T19:19:34.8535250Z [info] Building chrome-mv3 for production with Vite 7.3.6
2026-10-08T19:19:34.9864077Z [?25l
2026-10-08T19:19:34.9916508Z ⠋ Preparing...[K
2026-10-08T19:19:35.2491648Z ⠋ [1/14] sw[K
2026-10-08T19:19:35.3303583Z ⠙ [1/14] sw[K
2026-10-08T19:19:35.4331505Z ⠹ [1/14] sw[K
2026-10-08T19:19:35.5499992Z ⠸ [1/14] sw[K
2026-10-08T19:19:35.6489808Z ⠼ [1/14] sw[K
2026-10-08T19:19:36.1715539Z ⠴ [1/14] sw[K
2026-10-08T19:19:36.2521846Z ⠦ [1/14] sw[K
2026-10-08T19:19:36.3341360Z ⠧ [1/14] sw[K
2026-10-08T19:19:36.4143441Z ⠇ [1/14] sw[K
2026-10-08T19:19:36.4961744Z ⠏ [1/14] sw[K
2026-10-08T19:19:36.5739795Z ⠋ [1/14] sw[K
2026-10-08T19:19:36.6542459Z ⠙ [1/14] sw[K
2026-10-08T19:19:36.7365086Z ⠹ [1/14] sw[K
2026-10-08T19:19:36.8155687Z ⠸ [1/14] sw[K
2026-10-08T19:19:36.8958050Z ⠼ [1/14] sw[K
2026-10-08T19:19:36.9771597Z ⠴ [1/14] sw[K
2026-10-08T19:19:37.0573436Z ⠦ [1/14] sw[K
2026-10-08T19:19:37.1376256Z ⠧ [1/14] sw[K
2026-10-08T19:19:37.2178013Z ⠇ [1/14] sw[K
2026-10-08T19:19:37.2977671Z ⠏ [1/14] sw[K
2026-10-08T19:19:37.3780347Z ⠋ [1/14] sw[K
2026-10-08T19:19:37.4583496Z ⠙ [1/14] sw[K
2026-10-08T19:19:37.5385846Z ⠹ [1/14] sw[K
2026-10-08T19:19:37.6188164Z ⠸ [1/14] sw[K
2026-10-08T19:19:37.7011536Z ⠼ [1/14] sw[K
2026-10-08T19:19:37.7792519Z ⠴ [1/14] sw[K
2026-10-08T19:19:37.8584866Z ⠦ [1/14] sw[K
2026-10-08T19:19:37.9387498Z ⠧ [1/14] sw[K
2026-10-08T19:19:38.0190568Z ⠇ [1/14] sw[K
2026-10-08T19:19:38.0992197Z ⠏ [1/14] sw[K
2026-10-08T19:19:38.1784480Z ⠋ [1/14] sw[K
2026-10-08T19:19:38.2585693Z ⠙ [1/14] sw[K
2026-10-08T19:19:38.3387408Z ⠹ [1/14] sw[K
2026-10-08T19:19:38.4189821Z ⠸ [1/14] sw[K
2026-10-08T19:19:38.4992822Z ⠼ [1/14] sw[K
2026-10-08T19:19:38.5795164Z ⠴ [1/14] sw[K
2026-10-08T19:19:38.6597624Z ⠦ [1/14] sw[K
2026-10-08T19:19:38.7400105Z ⠧ [1/14] sw[K
2026-10-08T19:19:38.8203229Z ⠇ [1/14] sw[K
2026-10-08T19:19:38.9005490Z ⠏ [1/14] sw[K
2026-10-08T19:19:38.9808319Z ⠋ [1/14] sw[K
2026-10-08T19:19:39.0610692Z ⠙ [1/14] sw[K
2026-10-08T19:19:39.1412757Z ⠹ [1/14] sw[K
2026-10-08T19:19:39.2214579Z ⠸ [1/14] sw[K
2026-10-08T19:19:39.3018538Z ⠼ [1/14] sw[K
2026-10-08T19:19:39.3820900Z ⠴ [1/14] sw[K
2026-10-08T19:19:39.4354504Z ⠦ [1/14] sw[K
2026-10-08T19:19:39.4657644Z ⠦ [2/14] bootstrap[K
2026-10-08T19:19:39.5456987Z ⠧ [2/14] bootstrap[K
2026-10-08T19:19:39.6258838Z ⠇ [2/14] bootstrap[K
2026-10-08T19:19:39.6336918Z ⠏ [2/14] bootstrap[K
2026-10-08T19:19:39.7058246Z ⠏ [3/14] bridge[K
2026-10-08T19:19:39.7860115Z ⠋ [3/14] bridge[K
2026-10-08T19:19:39.8501837Z ⠙ [3/14] bridge[K
2026-10-08T19:19:39.8662184Z ⠙ [4/14] health[K
2026-10-08T19:19:39.9462076Z ⠹ [4/14] health[K
2026-10-08T19:19:39.9954592Z ⠸ [4/14] health[K
2026-10-08T19:19:40.0289046Z ⠸ [5/14] page-agent[K
2026-10-08T19:19:40.1088242Z ⠼ [5/14] page-agent[K
2026-10-08T19:19:40.1892597Z ⠴ [5/14] page-agent[K
2026-10-08T19:19:40.2702112Z ⠦ [5/14] page-agent[K
2026-10-08T19:19:40.3501342Z ⠧ [5/14] page-agent[K
2026-10-08T19:19:40.4331504Z ⠇ [5/14] page-agent[K
2026-10-08T19:19:40.5050463Z ⠏ [5/14] page-agent[K
2026-10-08T19:19:40.5106175Z ⠏ [6/14] page-relay[K
2026-10-08T19:19:40.5904257Z ⠋ [6/14] page-relay[K
2026-10-08T19:19:40.6713344Z ⠙ [6/14] page-relay[K
2026-10-08T19:19:40.7515532Z ⠹ [6/14] page-relay[K
2026-10-08T19:19:40.8327238Z ⠸ [6/14] page-relay[K
2026-10-08T19:19:40.9141627Z ⠼ [6/14] page-relay[K
2026-10-08T19:19:40.9761703Z ⠴ [6/14] page-relay[K
2026-10-08T19:19:40.9922606Z ⠴ [7/14] page-session[K
2026-10-08T19:19:41.0730700Z ⠦ [7/14] page-session[K
2026-10-08T19:19:41.1550928Z ⠧ [7/14] page-session[K
2026-10-08T19:19:41.2368982Z ⠇ [7/14] page-session[K
2026-10-08T19:19:41.3161800Z ⠏ [7/14] page-session[K
2026-10-08T19:19:41.3961575Z ⠋ [7/14] page-session[K
2026-10-08T19:19:41.4744163Z ⠙ [7/14] page-session[K
2026-10-08T19:19:41.5581968Z ⠹ [7/14] page-session[K
2026-10-08T19:19:41.6371663Z ⠸ [7/14] page-session[K
2026-10-08T19:19:41.7171711Z ⠼ [7/14] page-session[K
2026-10-08T19:19:41.7981640Z ⠴ [7/14] page-session[K
2026-10-08T19:19:41.8762985Z ⠦ [7/14] page-session[K
2026-10-08T19:19:41.8927093Z ⠧ [7/14] page-session[K
2026-10-08T19:19:41.9568309Z ⠧ [8/14] sandbox[K
2026-10-08T19:19:42.0370912Z ⠇ [8/14] sandbox[K
2026-10-08T19:19:42.1191713Z ⠏ [8/14] sandbox[K
2026-10-08T19:19:42.2021950Z ⠋ [8/14] sandbox[K
2026-10-08T19:19:42.2031237Z ⠙ [8/14] sandbox[K
2026-10-08T19:19:42.3153121Z ⠙ [9/14] sdk-main[K
2026-10-08T19:19:42.3952894Z ⠹ [9/14] sdk-main[K
2026-10-08T19:19:42.4761256Z ⠸ [9/14] sdk-main[K
2026-10-08T19:19:42.5549960Z ⠼ [9/14] sdk-main[K
2026-10-08T19:19:42.6411798Z ⠴ [9/14] sdk-main[K
2026-10-08T19:19:42.7191549Z ⠦ [9/14] sdk-main[K
2026-10-08T19:19:42.7981688Z ⠧ [9/14] sdk-main[K
2026-10-08T19:19:42.8780037Z ⠇ [9/14] sdk-main[K
2026-10-08T19:19:42.9601747Z ⠏ [9/14] sdk-main[K
2026-10-08T19:19:43.0385277Z ⠋ [9/14] sdk-main[K
2026-10-08T19:19:43.0581679Z ⠙ [9/14] sdk-main[K
2026-10-08T19:19:43.1185367Z ⠙ [10/14] selection-entry[K
2026-10-08T19:19:43.1911669Z ⠹ [10/14] selection-entry[K
2026-10-08T19:19:43.1983026Z ⠹ [11/14] settings[K
2026-10-08T19:19:43.2791673Z ⠸ [11/14] settings[K
2026-10-08T19:19:43.3586574Z ⠼ [11/14] settings[K
2026-10-08T19:19:43.4356140Z ⠴ [11/14] settings[K
2026-10-08T19:19:43.4392341Z ⠴ [12/14] tool-shell[K
2026-10-08T19:19:43.5238211Z ⠦ [12/14] tool-shell[K
2026-10-08T19:19:43.8053894Z ⠧ [12/14] tool-shell[K
2026-10-08T19:19:43.8855921Z ⠇ [12/14] tool-shell[K
2026-10-08T19:19:43.9658141Z ⠏ [12/14] tool-shell[K
2026-10-08T19:19:44.0461564Z ⠋ [12/14] tool-shell[K
2026-10-08T19:19:44.1273015Z ⠙ [12/14] tool-shell[K
2026-10-08T19:19:44.2075401Z ⠹ [12/14] tool-shell[K
2026-10-08T19:19:44.2877900Z ⠸ [12/14] tool-shell[K
2026-10-08T19:19:44.3709387Z ⠼ [12/14] tool-shell[K
2026-10-08T19:19:44.4551656Z ⠴ [12/14] tool-shell[K
2026-10-08T19:19:44.5331421Z ⠦ [12/14] tool-shell[K
2026-10-08T19:19:44.6151584Z ⠧ [12/14] tool-shell[K
2026-10-08T19:19:44.6941586Z ⠇ [12/14] tool-shell[K
2026-10-08T19:19:44.7761580Z ⠏ [12/14] tool-shell[K
2026-10-08T19:19:44.8541842Z ⠋ [12/14] tool-shell[K
2026-10-08T19:19:44.9327496Z ⠙ [12/14] tool-shell[K
2026-10-08T19:19:45.0129847Z ⠹ [12/14] tool-shell[K
2026-10-08T19:19:45.1001361Z ⠸ [12/14] tool-shell[K
2026-10-08T19:19:45.1781720Z ⠼ [12/14] tool-shell[K
2026-10-08T19:19:45.2575278Z ⠴ [12/14] tool-shell[K
2026-10-08T19:19:45.3376807Z ⠦ [12/14] tool-shell[K
2026-10-08T19:19:45.4178843Z ⠧ [12/14] tool-shell[K
2026-10-08T19:19:45.4981412Z ⠇ [12/14] tool-shell[K
2026-10-08T19:19:45.5784321Z ⠏ [12/14] tool-shell[K
2026-10-08T19:19:45.6586109Z ⠋ [12/14] tool-shell[K
2026-10-08T19:19:45.7388242Z ⠙ [12/14] tool-shell[K
2026-10-08T19:19:45.8191401Z ⠹ [12/14] tool-shell[K
2026-10-08T19:19:45.8999959Z ⠸ [12/14] tool-shell[K
2026-10-08T19:19:45.9011269Z ⠼ [12/14] tool-shell[K
2026-10-08T19:19:45.9793498Z ⠼ [13/14] transport[K
2026-10-08T19:19:46.0596148Z ⠴ [13/14] transport[K
2026-10-08T19:19:46.1398485Z ⠦ [13/14] transport[K
2026-10-08T19:19:46.2201179Z ⠧ [13/14] transport[K
2026-10-08T19:19:46.2811617Z ⠇ [13/14] transport[K
2026-10-08T19:19:46.3001336Z ⠇ [14/14] worker-runtime[K
2026-10-08T19:19:46.3803247Z ⠏ [14/14] worker-runtime[K
2026-10-08T19:19:46.4613491Z ⠋ [14/14] worker-runtime[K
2026-10-08T19:19:46.5432081Z ⠙ [14/14] worker-runtime[K
2026-10-08T19:19:46.6253247Z ⠹ [14/14] worker-runtime[K
2026-10-08T19:19:46.7071730Z ⠸ [14/14] worker-runtime[K
2026-10-08T19:19:46.7858381Z ⠼ [14/14] worker-runtime[K
2026-10-08T19:19:46.8662795Z ⠴ [14/14] worker-runtime[K
2026-10-08T19:19:46.9487727Z ⠦ [14/14] worker-runtime[K
2026-10-08T19:19:47.0009506Z ⠧ [14/14] worker-runtime[K
2026-10-08T19:19:47.0010014Z [K[?25h
2026-10-08T19:19:47.0029699Z [K[?25h[success] Built extension in 12.1 s
2026-10-08T19:19:47.0030859Z   ├─ dist/production/manifest.json                        1.26 kB  
2026-10-08T19:19:47.0031955Z   ├─ dist/production/native-agent/settings.html           1.83 kB  
2026-10-08T19:19:47.0032958Z   ├─ dist/production/scripting/sandbox/sandbox.html       385 B    
2026-10-08T19:19:47.0034015Z   ├─ dist/production/sidebar-tools/sandbox.html           560 B    
2026-10-08T19:19:47.0035032Z   ├─ dist/production/ui/target-bootstrap.html             200 B    
2026-10-08T19:19:47.0036018Z   ├─ dist/production/ui/tool.html                         22.54 kB 
2026-10-08T19:19:47.0036981Z   ├─ dist/production/agents/bootstrap.js                  21.47 kB 
2026-10-08T19:19:47.0037914Z   ├─ dist/production/agents/health.js                     828 B    
2026-10-08T19:19:47.0038812Z   ├─ dist/production/agents/page-agent.js                 34.35 kB 
2026-10-08T19:19:47.0039740Z   ├─ dist/production/agents/page-relay.js                 35.28 kB 
2026-10-08T19:19:47.0040858Z   ├─ dist/production/agents/selection-entry.js            383 B    
2026-10-08T19:19:47.0041816Z   ├─ dist/production/framework/sdk-main.js                49.54 kB 
2026-10-08T19:19:47.0042724Z   ├─ dist/production/native-agent/settings.js             22.16 kB 
2026-10-08T19:19:47.0043650Z   ├─ dist/production/native-agent/transport.js            29.30 kB 
2026-10-08T19:19:47.0044257Z   ├─ dist/production/scripting/packaged/page-session.js   55.08 kB 
2026-10-08T19:19:47.0044750Z   ├─ dist/production/scripting/sandbox/sandbox.js         4.01 kB  
2026-10-08T19:19:47.0045234Z   ├─ dist/production/scripting/sandbox/worker-runtime.js  49.68 kB 
2026-10-08T19:19:47.0045729Z   ├─ dist/production/sidebar-tools/bridge.js              2.60 kB  
2026-10-08T19:19:47.0046218Z   ├─ dist/production/sw.js                                324.98 kB
2026-10-08T19:19:47.0046684Z   ├─ dist/production/ui/tool-shell.js                     186.55 kB
2026-10-08T19:19:47.0047170Z   ├─ dist/production/vendor/jquery-3.7.1.min.js           87.53 kB 
2026-10-08T19:19:47.0047762Z   ├─ dist/production/ui/tool-shell.css                    21.21 kB 
2026-10-08T19:19:47.0048345Z   ├─ dist/production/icons/notification.png               595 B    
2026-10-08T19:19:47.0048929Z   ├─ dist/production/licenses/jquery-MIT.txt              1.10 kB  
2026-10-08T19:19:47.0049500Z   └─ dist/production/licenses/todo-user-vue-MIT.txt       1.10 kB  
2026-10-08T19:19:47.0050096Z Σ Total size: 954.50 kB                                 
2026-10-08T19:19:47.0050579Z [success] Finished in 12.3 s
2026-10-08T19:19:47.6377574Z {"mode":"production","builder":"wxt","status":"passed","packageHash":"3c28d6e97c43a017db388be0ebf32bbcdf6d681c0780774d3b8cdc14505d89f2","assets":26}
2026-10-08T19:19:47.6532260Z ##[group]Run npm run build:dev
2026-10-08T19:19:47.6554805Z [36;1mnpm run build:dev[0m
2026-10-08T19:19:47.6590881Z shell: /usr/bin/bash -e {0}
2026-10-08T19:19:47.6591143Z ##[endgroup]
2026-10-08T19:19:47.7492076Z 
2026-10-08T19:19:47.7492479Z > opendesk-browser@0.1.0 build:dev
2026-10-08T19:19:47.7492981Z > node scripts/build.mjs development
2026-10-08T19:19:47.7493171Z 
2026-10-08T19:19:48.1504937Z [log] 
2026-10-08T19:19:48.1505342Z WXT 0.21.4
2026-10-08T19:19:48.2575967Z [info] Generating types...
2026-10-08T19:19:48.4015549Z [success] Finished in 252 ms
2026-10-08T19:19:48.8055019Z [log] 
2026-10-08T19:19:48.8055308Z WXT 0.21.4
2026-10-08T19:19:48.9231836Z [info] Building chrome-mv3 for development with Vite 7.3.6
2026-10-08T19:19:49.0470565Z [?25l
2026-10-08T19:19:49.0524826Z ⠋ Preparing...[K
2026-10-08T19:19:49.1305046Z ⠋ [1/14] sw[K
2026-10-08T19:19:49.2792511Z ⠙ [1/14] sw[K
2026-10-08T19:19:49.4102021Z ⠹ [1/14] sw[K
2026-10-08T19:19:49.4904586Z ⠸ [1/14] sw[K
2026-10-08T19:19:50.0245713Z ⠼ [1/14] sw[K
2026-10-08T19:19:50.1050972Z ⠴ [1/14] sw[K
2026-10-08T19:19:50.1848366Z ⠦ [1/14] sw[K
2026-10-08T19:19:50.2650898Z ⠧ [1/14] sw[K
2026-10-08T19:19:50.3470499Z ⠇ [1/14] sw[K
2026-10-08T19:19:50.4281590Z ⠏ [1/14] sw[K
2026-10-08T19:19:50.5079465Z ⠋ [1/14] sw[K
2026-10-08T19:19:50.5901597Z ⠙ [1/14] sw[K
2026-10-08T19:19:50.6683017Z ⠹ [1/14] sw[K
2026-10-08T19:19:50.7485504Z ⠸ [1/14] sw[K
2026-10-08T19:19:50.8293174Z ⠼ [1/14] sw[K
2026-10-08T19:19:50.9095921Z ⠴ [1/14] sw[K
2026-10-08T19:19:50.9921631Z ⠦ [1/14] sw[K
2026-10-08T19:19:51.0706052Z ⠧ [1/14] sw[K
2026-10-08T19:19:51.1551658Z ⠇ [1/14] sw[K
2026-10-08T19:19:51.2351515Z ⠏ [1/14] sw[K
2026-10-08T19:19:51.3128228Z ⠋ [1/14] sw[K
2026-10-08T19:19:51.3930441Z ⠙ [1/14] sw[K
2026-10-08T19:19:51.4732841Z ⠹ [1/14] sw[K
2026-10-08T19:19:51.5532023Z ⠸ [1/14] sw[K
2026-10-08T19:19:51.6327036Z ⠼ [1/14] sw[K
2026-10-08T19:19:51.7129476Z ⠴ [1/14] sw[K
2026-10-08T19:19:51.7932025Z ⠦ [1/14] sw[K
2026-10-08T19:19:51.8724286Z ⠧ [1/14] sw[K
2026-10-08T19:19:51.9527171Z ⠇ [1/14] sw[K
2026-10-08T19:19:52.0329494Z ⠏ [1/14] sw[K
2026-10-08T19:19:52.1126597Z ⠋ [1/14] sw[K
2026-10-08T19:19:52.1928726Z ⠙ [1/14] sw[K
2026-10-08T19:19:52.2731678Z ⠹ [1/14] sw[K
2026-10-08T19:19:52.3527262Z ⠸ [1/14] sw[K
2026-10-08T19:19:52.4327084Z ⠼ [1/14] sw[K
2026-10-08T19:19:52.5151481Z ⠴ [1/14] sw[K
2026-10-08T19:19:52.5931580Z ⠦ [1/14] sw[K
2026-10-08T19:19:52.6724812Z ⠧ [1/14] sw[K
2026-10-08T19:19:52.7526824Z ⠇ [1/14] sw[K
2026-10-08T19:19:52.8329224Z ⠏ [1/14] sw[K
2026-10-08T19:19:52.9152955Z ⠋ [1/14] sw[K
2026-10-08T19:19:52.9955412Z ⠙ [1/14] sw[K
2026-10-08T19:19:53.0771970Z ⠹ [1/14] sw[K
2026-10-08T19:19:53.1560493Z ⠸ [1/14] sw[K
2026-10-08T19:19:53.2362712Z ⠼ [1/14] sw[K
2026-10-08T19:19:53.4383457Z ⠴ [1/14] sw[K
2026-10-08T19:19:53.4414059Z ⠦ [1/14] sw[K
2026-10-08T19:19:53.5186391Z ⠦ [2/14] bootstrap[K
2026-10-08T19:19:53.5992190Z ⠧ [2/14] bootstrap[K
2026-10-08T19:19:53.6465685Z ⠇ [2/14] bootstrap[K
2026-10-08T19:19:53.6785871Z ⠇ [3/14] bridge[K
2026-10-08T19:19:53.7588118Z ⠏ [3/14] bridge[K
2026-10-08T19:19:53.8418108Z ⠋ [3/14] bridge[K
2026-10-08T19:19:53.8702205Z ⠙ [3/14] bridge[K
2026-10-08T19:19:53.9198337Z ⠙ [4/14] health[K
2026-10-08T19:19:54.0000980Z ⠹ [4/14] health[K
2026-10-08T19:19:54.0279224Z ⠸ [4/14] health[K
2026-10-08T19:19:54.0891331Z ⠸ [5/14] page-agent[K
2026-10-08T19:19:54.1688234Z ⠼ [5/14] page-agent[K
2026-10-08T19:19:54.2490611Z ⠴ [5/14] page-agent[K
2026-10-08T19:19:54.3293174Z ⠦ [5/14] page-agent[K
2026-10-08T19:19:54.4121598Z ⠧ [5/14] page-agent[K
2026-10-08T19:19:54.4931912Z ⠇ [5/14] page-agent[K
2026-10-08T19:19:54.5434973Z ⠏ [5/14] page-agent[K
2026-10-08T19:19:54.5744931Z ⠏ [6/14] page-relay[K
2026-10-08T19:19:54.6551672Z ⠋ [6/14] page-relay[K
2026-10-08T19:19:54.7353886Z ⠙ [6/14] page-relay[K
2026-10-08T19:19:54.8156185Z ⠹ [6/14] page-relay[K
2026-10-08T19:19:54.8958829Z ⠸ [6/14] page-relay[K
2026-10-08T19:19:54.9785788Z ⠼ [6/14] page-relay[K
2026-10-08T19:19:55.0121398Z ⠴ [6/14] page-relay[K
2026-10-08T19:19:55.0603485Z ⠴ [7/14] page-session[K
2026-10-08T19:19:55.1411117Z ⠦ [7/14] page-session[K
2026-10-08T19:19:55.2222249Z ⠧ [7/14] page-session[K
2026-10-08T19:19:55.3036087Z ⠇ [7/14] page-session[K
2026-10-08T19:19:55.3851659Z ⠏ [7/14] page-session[K
2026-10-08T19:19:55.4645717Z ⠋ [7/14] page-session[K
2026-10-08T19:19:55.5471712Z ⠙ [7/14] page-session[K
2026-10-08T19:19:55.6281676Z ⠹ [7/14] page-session[K
2026-10-08T19:19:55.7052723Z ⠸ [7/14] page-session[K
2026-10-08T19:19:55.7872303Z ⠼ [7/14] page-session[K
2026-10-08T19:19:55.8744088Z ⠴ [7/14] page-session[K
2026-10-08T19:19:55.8831444Z ⠦ [7/14] page-session[K
2026-10-08T19:19:55.9547228Z ⠦ [8/14] sandbox[K
2026-10-08T19:19:56.0349103Z ⠧ [8/14] sandbox[K
2026-10-08T19:19:56.1180656Z ⠇ [8/14] sandbox[K
2026-10-08T19:19:56.1671864Z ⠏ [8/14] sandbox[K
2026-10-08T19:19:56.1969769Z ⠏ [9/14] sdk-main[K
2026-10-08T19:19:56.2764409Z ⠋ [9/14] sdk-main[K
2026-10-08T19:19:56.3582611Z ⠙ [9/14] sdk-main[K
2026-10-08T19:19:56.4397535Z ⠹ [9/14] sdk-main[K
2026-10-08T19:19:56.5200503Z ⠸ [9/14] sdk-main[K
2026-10-08T19:19:56.6011537Z ⠼ [9/14] sdk-main[K
2026-10-08T19:19:56.6801870Z ⠴ [9/14] sdk-main[K
2026-10-08T19:19:56.7605382Z ⠦ [9/14] sdk-main[K
2026-10-08T19:19:56.8399571Z ⠧ [9/14] sdk-main[K
2026-10-08T19:19:56.9287626Z ⠇ [9/14] sdk-main[K
2026-10-08T19:19:56.9293983Z ⠏ [9/14] sdk-main[K
2026-10-08T19:19:57.0089866Z ⠏ [10/14] selection-entry[K
2026-10-08T19:19:57.0605061Z ⠋ [10/14] selection-entry[K
2026-10-08T19:19:57.0923746Z ⠋ [11/14] settings[K
2026-10-08T19:19:57.1741633Z ⠙ [11/14] settings[K
2026-10-08T19:19:57.2535287Z ⠹ [11/14] settings[K
2026-10-08T19:19:57.2790819Z ⠸ [11/14] settings[K
2026-10-08T19:19:57.3378139Z ⠸ [12/14] tool-shell[K
2026-10-08T19:19:57.6195635Z ⠼ [12/14] tool-shell[K
2026-10-08T19:19:57.7000341Z ⠴ [12/14] tool-shell[K
2026-10-08T19:19:57.7811757Z ⠦ [12/14] tool-shell[K
2026-10-08T19:19:57.8605467Z ⠧ [12/14] tool-shell[K
2026-10-08T19:19:57.9408701Z ⠇ [12/14] tool-shell[K
2026-10-08T19:19:58.0212247Z ⠏ [12/14] tool-shell[K
2026-10-08T19:19:58.1028427Z ⠋ [12/14] tool-shell[K
2026-10-08T19:19:58.1826021Z ⠙ [12/14] tool-shell[K
2026-10-08T19:19:58.2702064Z ⠹ [12/14] tool-shell[K
2026-10-08T19:19:58.3475346Z ⠸ [12/14] tool-shell[K
2026-10-08T19:19:58.4277908Z ⠼ [12/14] tool-shell[K
2026-10-08T19:19:58.5101690Z ⠴ [12/14] tool-shell[K
2026-10-08T19:19:58.5882864Z ⠦ [12/14] tool-shell[K
2026-10-08T19:19:58.6675586Z ⠧ [12/14] tool-shell[K
2026-10-08T19:19:58.7477422Z ⠇ [12/14] tool-shell[K
2026-10-08T19:19:58.8280111Z ⠏ [12/14] tool-shell[K
2026-10-08T19:19:58.9083310Z ⠋ [12/14] tool-shell[K
2026-10-08T19:19:58.9887605Z ⠙ [12/14] tool-shell[K
2026-10-08T19:19:59.0687972Z ⠹ [12/14] tool-shell[K
2026-10-08T19:19:59.1487813Z ⠸ [12/14] tool-shell[K
2026-10-08T19:19:59.2290040Z ⠼ [12/14] tool-shell[K
2026-10-08T19:19:59.3112338Z ⠴ [12/14] tool-shell[K
2026-10-08T19:19:59.3895388Z ⠦ [12/14] tool-shell[K
2026-10-08T19:19:59.4697243Z ⠧ [12/14] tool-shell[K
2026-10-08T19:19:59.5512099Z ⠇ [12/14] tool-shell[K
2026-10-08T19:19:59.5528520Z ⠏ [12/14] tool-shell[K
2026-10-08T19:19:59.6307186Z ⠏ [13/14] transport[K
2026-10-08T19:19:59.7109340Z ⠋ [13/14] transport[K
2026-10-08T19:19:59.7935533Z ⠙ [13/14] transport[K
2026-10-08T19:19:59.8715724Z ⠹ [13/14] transport[K
2026-10-08T19:19:59.9387765Z ⠸ [13/14] transport[K
2026-10-08T19:19:59.9533789Z ⠸ [14/14] worker-runtime[K
2026-10-08T19:20:00.0334128Z ⠼ [14/14] worker-runtime[K
2026-10-08T19:20:00.1140644Z ⠴ [14/14] worker-runtime[K
2026-10-08T19:20:00.1944637Z ⠦ [14/14] worker-runtime[K
2026-10-08T19:20:00.2771664Z ⠧ [14/14] worker-runtime[K
2026-10-08T19:20:00.3563158Z ⠇ [14/14] worker-runtime[K
2026-10-08T19:20:00.4365336Z ⠏ [14/14] worker-runtime[K
2026-10-08T19:20:00.5167627Z ⠋ [14/14] worker-runtime[K
2026-10-08T19:20:00.5969084Z ⠙ [14/14] worker-runtime[K
2026-10-08T19:20:00.6762756Z ⠹ [14/14] worker-runtime[K
2026-10-08T19:20:00.6792849Z ⠸ [14/14] worker-runtime[K
2026-10-08T19:20:00.6793438Z [K[?25h
2026-10-08T19:20:00.6818004Z [K[?25h[success] Built extension in 11.8 s
2026-10-08T19:20:00.6819073Z   ├─ dist/development/manifest.json                            1.59 kB  
2026-10-08T19:20:00.6820343Z   ├─ dist/development/native-agent/settings.html               1.83 kB  
2026-10-08T19:20:00.6821377Z   ├─ dist/development/scripting/sandbox/sandbox.html           385 B    
2026-10-08T19:20:00.6822432Z   ├─ dist/development/sidebar-tools/sandbox.html               560 B    
2026-10-08T19:20:00.6823489Z   ├─ dist/development/ui/target-bootstrap.html                 200 B    
2026-10-08T19:20:00.6826821Z   ├─ dist/development/ui/tool.html                             22.54 kB 
2026-10-08T19:20:00.6827847Z   ├─ dist/development/agents/bootstrap.js                      21.70 kB 
2026-10-08T19:20:00.6828839Z   ├─ dist/development/agents/bootstrap.js.map                  65.33 kB 
2026-10-08T19:20:00.6829835Z   ├─ dist/development/agents/health.js                         1.06 kB  
2026-10-08T19:20:00.6831052Z   ├─ dist/development/agents/health.js.map                     15.04 kB 
2026-10-08T19:20:00.6832054Z   ├─ dist/development/agents/page-agent.js                     34.59 kB 
2026-10-08T19:20:00.6833059Z   ├─ dist/development/agents/page-agent.js.map                 95.31 kB 
2026-10-08T19:20:00.6834077Z   ├─ dist/development/agents/page-relay.js                     35.52 kB 
2026-10-08T19:20:00.6835118Z   ├─ dist/development/agents/page-relay.js.map                 113.01 kB
2026-10-08T19:20:00.6836123Z   ├─ dist/development/agents/selection-entry.js                638 B    
2026-10-08T19:20:00.6837160Z   ├─ dist/development/agents/selection-entry.js.map            968 B    
2026-10-08T19:20:00.6838172Z   ├─ dist/development/framework/sdk-main.js                    49.77 kB 
2026-10-08T19:20:00.6839203Z   ├─ dist/development/framework/sdk-main.js.map                152.75 kB
2026-10-08T19:20:00.6840341Z   ├─ dist/development/native-agent/settings.js                 22.39 kB 
2026-10-08T19:20:00.6841387Z   ├─ dist/development/native-agent/settings.js.map             58.37 kB 
2026-10-08T19:20:00.6842429Z   ├─ dist/development/native-agent/transport.js                29.53 kB 
2026-10-08T19:20:00.6843463Z   ├─ dist/development/native-agent/transport.js.map            89.73 kB 
2026-10-08T19:20:00.6844527Z   ├─ dist/development/scripting/packaged/page-session.js       55.33 kB 
2026-10-08T19:20:00.6845596Z   ├─ dist/development/scripting/packaged/page-session.js.map   174.29 kB
2026-10-08T19:20:00.6846640Z   ├─ dist/development/scripting/sandbox/sandbox.js             4.24 kB  
2026-10-08T19:20:00.6847660Z   ├─ dist/development/scripting/sandbox/sandbox.js.map         11.64 kB 
2026-10-08T19:20:00.6848707Z   ├─ dist/development/scripting/sandbox/worker-runtime.js      49.94 kB 
2026-10-08T19:20:00.6849725Z   ├─ dist/development/scripting/sandbox/worker-runtime.js.map  156.91 kB
2026-10-08T19:20:00.6850953Z   ├─ dist/development/sidebar-tools/bridge.js                  2.83 kB  
2026-10-08T19:20:00.6851975Z   ├─ dist/development/sidebar-tools/bridge.js.map              10.57 kB 
2026-10-08T19:20:00.6852973Z   ├─ dist/development/sw.js                                    325.15 kB
2026-10-08T19:20:00.6853949Z   ├─ dist/development/sw.js.map                                963.02 kB
2026-10-08T19:20:00.6854958Z   ├─ dist/development/ui/tool-shell.js                         186.79 kB
2026-10-08T19:20:00.6855953Z   ├─ dist/development/ui/tool-shell.js.map                     554.69 kB
2026-10-08T19:20:00.6856977Z   ├─ dist/development/vendor/jquery-3.7.1.min.js               87.53 kB 
2026-10-08T19:20:00.6858038Z   ├─ dist/development/ui/tool-shell.css                        21.21 kB 
2026-10-08T19:20:00.6859056Z   ├─ dist/development/icons/notification.png                   595 B    
2026-10-08T19:20:00.6860072Z   ├─ dist/development/licenses/jquery-MIT.txt                  1.10 kB  
2026-10-08T19:20:00.6861274Z   └─ dist/development/licenses/todo-user-vue-MIT.txt           1.10 kB  
2026-10-08T19:20:00.6862524Z Σ Total size: 3.42 MB                                        
2026-10-08T19:20:00.6863122Z [success] Finished in 11.9 s
2026-10-08T19:20:01.3386501Z {"mode":"development","builder":"wxt","status":"passed","packageHash":"17d92009b06262bded11687d979284d78a24b58a563082524e2a7edb52e9ba51","assets":40}
2026-10-08T19:20:01.3536657Z ##[group]Run npm run verify
2026-10-08T19:20:01.3536944Z [36;1mnpm run verify[0m
2026-10-08T19:20:01.3572848Z shell: /usr/bin/bash -e {0}
2026-10-08T19:20:01.3573119Z ##[endgroup]
2026-10-08T19:20:01.4472188Z 
2026-10-08T19:20:01.4473001Z > opendesk-browser@0.1.0 verify
2026-10-08T19:20:01.4473661Z > node scripts/verify-package.mjs dist/production && node scripts/verify-package.mjs dist/development
2026-10-08T19:20:01.4474052Z 
2026-10-08T19:20:02.0399081Z {"status":"passed","manifestVersion":3,"classicEntries":["agents/bootstrap.js","agents/health.js","agents/page-agent.js","agents/page-relay.js","agents/selection-entry.js","framework/sdk-main.js","native-agent/settings.js","native-agent/transport.js","scripting/packaged/page-session.js","scripting/sandbox/sandbox.js","scripting/sandbox/worker-runtime.js","sidebar-tools/bridge.js","sw.js","ui/tool-shell.js","vendor/jquery-3.7.1.min.js"],"htmlChecked":["ui/tool.html","native-agent/settings.html","ui/target-bootstrap.html","scripting/sandbox/sandbox.html","sidebar-tools/sandbox.html"],"assetsChecked":["icons/notification.png","licenses/todo-user-vue-MIT.txt","licenses/jquery-MIT.txt","framework/sdk-resources.json"],"sdkResources":{"schemaVersion":1,"resources":[{"path":"framework/sdk-main.js","bytes":49539,"sha256":"432c30ab8c60086a05335616f5f48014377a2b4cb6e0df197a1477d15df31fee"},{"path":"agents/page-relay.js","bytes":35276,"sha256":"cd61d0935d4670b6f593540c0a75b900e18c37db93a124dfd2a29f7826c5125a"}]},"sdkEntries":{"MAIN":"framework/sdk-main.js","ISOLATED":"agents/page-relay.js"},"privilegedDynamicExecutionFound":false,"approvedDynamicExecution":[{"file":"scripting/sandbox/worker-runtime.js","approvedAsyncBodyConstructors":1,"execution":"Host fetches fixed bytes; Blob classic Worker only inside opaque sandbox"}],"sandbox":{"pages":["scripting/sandbox/sandbox.html","sidebar-tools/sandbox.html"],"csp":"sandbox allow-scripts; default-src 'none'; script-src 'self' 'unsafe-eval' blob:; worker-src blob:; connect-src 'none'; child-src 'none'; img-src 'self' data: blob:; style-src 'self' 'unsafe-inline'; base-uri 'none'; form-action 'none'"},"packageHash":"3c28d6e97c43a017db388be0ebf32bbcdf6d681c0780774d3b8cdc14505d89f2","hashRecipe":"SHA256 UTF-8 JSON.stringify(path-sorted [{path,bytes,sha256}]); exact file bytes","files":[{"path":"agents/bootstrap.js","bytes":21466,"sha256":"1b1b17378eb90a7f1d2e10b071e226648974975e56cbe12c6b1dbd5bf715c79c"},{"path":"agents/health.js","bytes":828,"sha256":"48b43e028694d4fcc376d32539ab2d55ebd58359fce01219cff250fd4b5a6f65"},{"path":"agents/page-agent.js","bytes":34347,"sha256":"35a38017342eff0fc2726e834d435e33cc60ae3452cfca0b8a5b72093b3a2c4c"},{"path":"agents/page-relay.js","bytes":35276,"sha256":"cd61d0935d4670b6f593540c0a75b900e18c37db93a124dfd2a29f7826c5125a"},{"path":"agents/selection-entry.js","bytes":383,"sha256":"0265146d80cd448c28ecd1231574d0bd6ba9f20d6991b09250478decc3e89fbb"},{"path":"framework/sdk-main.js","bytes":49539,"sha256":"432c30ab8c60086a05335616f5f48014377a2b4cb6e0df197a1477d15df31fee"},{"path":"framework/sdk-resources.json","bytes":359,"sha256":"747353949442c7bdf588f73a9e2a048d9471dc71aaa86adedf11ae0fd221cf8b"},{"path":"icons/notification.png","bytes":595,"sha256":"efb5caddc95697204e98f9e7319119095ea195fa02448904bc985e90e96d4de6"},{"path":"licenses/jquery-MIT.txt","bytes":1097,"sha256":"d4db9ebe6f29f5168eac45ad713f055623ac5d0dcd5ba92da23d650ae012020d"},{"path":"licenses/todo-user-vue-MIT.txt","bytes":1096,"sha256":"e301f131f52747f87193c4a41d3d5c09e6c021cc664a6a3101a2213635f03f29"},{"path":"manifest.json","bytes":1264,"sha256":"a316ab5306dc0f3b65878f72e3475f4f764dbd82ca0b57bd6d54e169a958bed6"},{"path":"native-agent/settings.html","bytes":1826,"sha256":"8763896451244519f856a7a9f5c2284348bc3b8adbd0aaa3a674932e95d5fecf"},{"path":"native-agent/settings.js","bytes":22157,"sha256":"7018e9e3e7a0dcf7392e270f8512b4d4b815d8db5940da26587ad938d13b971d"},{"path":"native-agent/transport.js","bytes":29297,"sha256":"112dff86a490ece497668e4420053ce0d48121e2de12360da177add825b30421"},{"path":"scripting/packaged/page-session.js","bytes":55082,"sha256":"bd346556fa4a137b804a6255fefc6617ce1bcd01719dd0637bb6a54e9b90b377"},{"path":"scripting/sandbox/sandbox.html","bytes":385,"sha256":"aa7362ce87a270f45005dde0e9cf14bf1d86bd4bd15fce37f14515638ef3b536"},{"path":"scripting/sandbox/sandbox.js","bytes":4010,"sha256":"4b735c3d8d6d6059a549b59122d4d1d56811c121c6ad1b7eeadca6cf3e15640e"},{"path":"scripting/sandbox/worker-runtime.js","bytes":49683,"sha256":"406de1f7b5ebffc7ce4a67696d5e35d24e27e9bae3b93cacec10cae6100c19f1"},{"path":"sidebar-tools/bridge.js","bytes":2603,"sha256":"47080091427b72feedb474d83a96ad37677fcf1f58557a7ac65ecf9f40e56050"},{"path":"sidebar-tools/sandbox.html","bytes":560,"sha256":"5b1b0a17190f423e6861048a6607019606faa4b9241e81c5ffe044324831fe1b"},{"path":"sw.js","bytes":324976,"sha256":"2c5145ba65ce9d41f1a03c7abcb10eba6f3cb2110a30965d6a2069d7799ea214"},{"path":"ui/target-bootstrap.html","bytes":200,"sha256":"b52748e3bf14e6931924843c0b8bc626ad8929b3b1bb6b63524b39238dc5d13c"},{"path":"ui/tool-shell.css","bytes":21206,"sha256":"50cfd5ed94d4d83e7ebbbb27cf5f623805bf26989f39d5df7d801baf81abda7b"},{"path":"ui/tool-shell.js","bytes":186548,"sha256":"1c1b0e8714fdbebb875ff0fde833ea5cdef2c26358202ced6bac2322ea5c451c"},{"path":"ui/tool.html","bytes":22542,"sha256":"e7188a4828631a490a4bc14c90353ba7685461bb4edeea79a38505205907e0cb"},{"path":"vendor/jquery-3.7.1.min.js","bytes":87533,"sha256":"fc9a93dd241f6b045cbff0481cf4e1901becd0e12fb45166a8f17f95823f0b1a"}]}
2026-10-08T19:20:02.6444628Z {"status":"passed","manifestVersion":3,"classicEntries":["agents/bootstrap.js","agents/health.js","agents/page-agent.js","agents/page-relay.js","agents/selection-entry.js","framework/sdk-main.js","native-agent/settings.js","native-agent/transport.js","scripting/packaged/page-session.js","scripting/sandbox/sandbox.js","scripting/sandbox/worker-runtime.js","sidebar-tools/bridge.js","sw.js","ui/tool-shell.js","vendor/jquery-3.7.1.min.js"],"htmlChecked":["ui/tool.html","native-agent/settings.html","ui/target-bootstrap.html","scripting/sandbox/sandbox.html","sidebar-tools/sandbox.html"],"assetsChecked":["icons/notification.png","licenses/todo-user-vue-MIT.txt","licenses/jquery-MIT.txt","framework/sdk-resources.json"],"sdkResources":{"schemaVersion":1,"resources":[{"path":"framework/sdk-main.js","bytes":49773,"sha256":"903bb9d0bbd1a48a92db218934aa730fd817dc8c211017d61b65b8a27ac25bb8"},{"path":"agents/page-relay.js","bytes":35516,"sha256":"1e75308cd25090fa6ab1b33823ad4844ddab51e172166a3fd028a0a983854e65"}]},"sdkEntries":{"MAIN":"framework/sdk-main.js","ISOLATED":"agents/page-relay.js"},"privilegedDynamicExecutionFound":false,"approvedDynamicExecution":[{"file":"scripting/sandbox/worker-runtime.js","approvedAsyncBodyConstructors":1,"execution":"Host fetches fixed bytes; Blob classic Worker only inside opaque sandbox"}],"sandbox":{"pages":["scripting/sandbox/sandbox.html","sidebar-tools/sandbox.html"],"csp":"sandbox allow-scripts; default-src 'none'; script-src 'self' 'unsafe-eval' blob:; worker-src blob:; connect-src 'none'; child-src 'none'; img-src 'self' data: blob:; style-src 'self' 'unsafe-inline'; base-uri 'none'; form-action 'none'"},"packageHash":"17d92009b06262bded11687d979284d78a24b58a563082524e2a7edb52e9ba51","hashRecipe":"SHA256 UTF-8 JSON.stringify(path-sorted [{path,bytes,sha256}]); exact file bytes","files":[{"path":"agents/bootstrap.js","bytes":21703,"sha256":"9556baeec50d2c2fbd4c5391e34bab41c3d9aa9d6d416a4a89b205809542beb5"},{"path":"agents/bootstrap.js.map","bytes":65334,"sha256":"72024fdb0695ffff3a2296cfda4ddb2f96c6f5da8a260d2098c5516f2421b840"},{"path":"agents/health.js","bytes":1056,"sha256":"0fdbd009c25751599b50a9ff902d5c1a71fafb15a526ee64e5a1082b86ed7e7d"},{"path":"agents/health.js.map","bytes":15038,"sha256":"13ab8c72f5d5a8d82b65a38c7c455d8abf1ea4ab6c8878443a316fde59414b51"},{"path":"agents/page-agent.js","bytes":34587,"sha256":"23929816fb4342e44814992a820651ce5b0e5de8b827c32fa2498caccfc01283"},{"path":"agents/page-agent.js.map","bytes":95306,"sha256":"ec0f23bd47621fb6cf855b2c1999b4746ab13cb31b1add032787cde50a8db72e"},{"path":"agents/page-relay.js","bytes":35516,"sha256":"1e75308cd25090fa6ab1b33823ad4844ddab51e172166a3fd028a0a983854e65"},{"path":"agents/page-relay.js.map","bytes":113008,"sha256":"e399a9d2068b239aa9389f4616a4012ded4240d909d18df443769d3ed3df9348"},{"path":"agents/selection-entry.js","bytes":638,"sha256":"b86047d8de3434afe4161d07376ca71a4ea18bc870663be9a606b62c19a42d80"},{"path":"agents/selection-entry.js.map","bytes":968,"sha256":"f2ee1d5e62016c3f1854811589f17382f0f0e69ea9a3635484fe02734b7eb0f4"},{"path":"framework/sdk-main.js","bytes":49773,"sha256":"903bb9d0bbd1a48a92db218934aa730fd817dc8c211017d61b65b8a27ac25bb8"},{"path":"framework/sdk-main.js.map","bytes":152746,"sha256":"a3ac2c7cfa6a0cc3d74f8bee60a8e7b3bf35f4fea4316b599b3b4d35b2a52b03"},{"path":"framework/sdk-resources.json","bytes":359,"sha256":"6f6597ecccf98b85cf1889e8c413a64b712f6cf44976b8ab778d836e14a5f5a6"},{"path":"icons/notification.png","bytes":595,"sha256":"efb5caddc95697204e98f9e7319119095ea195fa02448904bc985e90e96d4de6"},{"path":"licenses/jquery-MIT.txt","bytes":1097,"sha256":"d4db9ebe6f29f5168eac45ad713f055623ac5d0dcd5ba92da23d650ae012020d"},{"path":"licenses/todo-user-vue-MIT.txt","bytes":1096,"sha256":"e301f131f52747f87193c4a41d3d5c09e6c021cc664a6a3101a2213635f03f29"},{"path":"manifest.json","bytes":1593,"sha256":"ab7cd7fc3a137ac78b55ff099f5464c932aa8d0de774b54c91836b7df716097e"},{"path":"native-agent/settings.html","bytes":1826,"sha256":"8763896451244519f856a7a9f5c2284348bc3b8adbd0aaa3a674932e95d5fecf"},{"path":"native-agent/settings.js","bytes":22391,"sha256":"606318ea6d225e92a72dc13e700f015dbd9a6d148f896eea09114205024fedd6"},{"path":"native-agent/settings.js.map","bytes":58367,"sha256":"4aef7296f6663d8a5d72a623f7f604ae7e9d0eb1d28f881b0a88ce748c2fb58e"},{"path":"native-agent/transport.js","bytes":29534,"sha256":"9541f51d2800df30bd69f7c6ac94e33cf496aea4b0287bf7d5989aacd50e6706"},{"path":"native-agent/transport.js.map","bytes":89731,"sha256":"bd60a744b5bf89e94ad2b485b9f19aff9a73e9daab184a5092ac4094459c1838"},{"path":"scripting/packaged/page-session.js","bytes":55328,"sha256":"fbc94b97dde28dd1a5ac99db3ecf861aa9b6374c85474b05e1d722f6520f3343"},{"path":"scripting/packaged/page-session.js.map","bytes":174289,"sha256":"954210c4f3cf3aeefc1422e4ff51980b3d2b3643485c7d55ae80dfce25d0f5f5"},{"path":"scripting/sandbox/sandbox.html","bytes":385,"sha256":"aa7362ce87a270f45005dde0e9cf14bf1d86bd4bd15fce37f14515638ef3b536"},{"path":"scripting/sandbox/sandbox.js","bytes":4241,"sha256":"e5e5069e25a85673c3880d555a42ecaea414e7c6dabacccd4589874bad7e8631"},{"path":"scripting/sandbox/sandbox.js.map","bytes":11636,"sha256":"2b3be0c1d212193b207fc20165a11866806b1c31cc2653ebac5036a9ea3374d6"},{"path":"scripting/sandbox/worker-runtime.js","bytes":49935,"sha256":"91865c2b35e45a17f18866368c7fa0d2cffcddc86a5deaefef8a746747a5d889"},{"path":"scripting/sandbox/worker-runtime.js.map","bytes":156913,"sha256":"2477b61c175dac272fe8f9afa65fe42d28959bf1b7b5d1c434fe936e3439d270"},{"path":"sidebar-tools/bridge.js","bytes":2831,"sha256":"cc4da524502e1f5b0f4e6399d0d94618a3905c134499e5b7179b2cd2a5e9f569"},{"path":"sidebar-tools/bridge.js.map","bytes":10568,"sha256":"853420ac756f38ce7e18baa97bbf0c756c8573bfabbecdef56a30906ea5699a5"},{"path":"sidebar-tools/sandbox.html","bytes":560,"sha256":"5b1b0a17190f423e6861048a6607019606faa4b9241e81c5ffe044324831fe1b"},{"path":"sw.js","bytes":325148,"sha256":"4fd630a423ff96f91c69823f1e650986739d13da7cc74fe47e1b550df1631104"},{"path":"sw.js.map","bytes":963024,"sha256":"a8500335913be166399f573b5fef8ae95de1884c3af960be2cd7dbcc048ff1ff"},{"path":"ui/target-bootstrap.html","bytes":200,"sha256":"b52748e3bf14e6931924843c0b8bc626ad8929b3b1bb6b63524b39238dc5d13c"},{"path":"ui/tool-shell.css","bytes":21206,"sha256":"50cfd5ed94d4d83e7ebbbb27cf5f623805bf26989f39d5df7d801baf81abda7b"},{"path":"ui/tool-shell.js","bytes":186788,"sha256":"9c77d24af4f23360f835d737b229b659ffaa10041672f42131e8e91b8be9f0f5"},{"path":"ui/tool-shell.js.map","bytes":554689,"sha256":"652e557cdb8585b69ef423444ef8013c8d346e0cf1f28ce92dfe7c9daf833d98"},{"path":"ui/tool.html","bytes":22542,"sha256":"e7188a4828631a490a4bc14c90353ba7685461bb4edeea79a38505205907e0cb"},{"path":"vendor/jquery-3.7.1.min.js","bytes":87533,"sha256":"fc9a93dd241f6b045cbff0481cf4e1901becd0e12fb45166a8f17f95823f0b1a"}]}
2026-10-08T19:20:02.6561755Z ##[group]Run npm test
2026-10-08T19:20:02.6562008Z [36;1mnpm test[0m
2026-10-08T19:20:02.6597824Z shell: /usr/bin/bash -e {0}
2026-10-08T19:20:02.6598098Z ##[endgroup]
2026-10-08T19:20:02.7541167Z 
2026-10-08T19:20:02.7541776Z > opendesk-browser@0.1.0 test
2026-10-08T19:20:02.7542219Z > node --test tests/environment/*.test.mjs
2026-10-08T19:20:02.7542416Z 
2026-10-08T19:20:02.8093692Z TAP version 13
2026-10-08T19:20:02.8535174Z # Subtest: AI-to-Task sample is a valid immutable Task v1 Candidate with exact checked-in source
2026-10-08T19:20:02.8536659Z ok 1 - AI-to-Task sample is a valid immutable Task v1 Candidate with exact checked-in source
2026-10-08T19:20:02.8561023Z   ---
2026-10-08T19:20:02.8570995Z   duration_ms: 10.153899
2026-10-08T19:20:02.8589696Z   type: 'test'
2026-10-08T19:20:02.8621092Z   ...
2026-10-08T19:20:02.8642067Z # Subtest: tampering cannot grant publication state or replace the source hash
2026-10-08T19:20:02.8643526Z ok 2 - tampering cannot grant publication state or replace the source hash
2026-10-08T19:20:02.8644359Z   ---
2026-10-08T19:20:02.8644845Z   duration_ms: 3.975981
2026-10-08T19:20:02.8645385Z   type: 'test'
2026-10-08T19:20:02.8645775Z   ...
2026-10-08T19:20:02.8646734Z # Subtest: modern candidate only uses implemented Locator actions with an explicit business-result wait
2026-10-08T19:20:02.8648057Z ok 3 - modern candidate only uses implemented Locator actions with an explicit business-result wait
2026-10-08T19:20:02.8648971Z   ---
2026-10-08T19:20:02.8649400Z   duration_ms: 1.343683
2026-10-08T19:20:02.8649948Z   type: 'test'
2026-10-08T19:20:02.8650584Z   ...
2026-10-08T19:20:02.8651462Z # Subtest: observation draft is bounded, read-only and valid Controller async main
2026-10-08T19:20:02.8652617Z ok 4 - observation draft is bounded, read-only and valid Controller async main
2026-10-08T19:20:02.8653417Z   ---
2026-10-08T19:20:02.8653857Z   duration_ms: 2.025268
2026-10-08T19:20:02.8654369Z   type: 'test'
2026-10-08T19:20:02.8654822Z   ...
2026-10-08T19:20:02.8655840Z # Subtest: AI-to-Task samples target the original HTML fixture rather than inventing a second page
2026-10-08T19:20:02.8657344Z ok 5 - AI-to-Task samples target the original HTML fixture rather than inventing a second page
2026-10-08T19:20:02.8658274Z   ---
2026-10-08T19:20:02.8658761Z   duration_ms: 1.286102
2026-10-08T19:20:02.8659276Z   type: 'test'
2026-10-08T19:20:02.8659708Z   ...
2026-10-08T19:20:02.8823868Z # Subtest: read-only Agent observation draft retains the main R6.2 bounded snapshot contract
2026-10-08T19:20:02.8851367Z ok 6 - read-only Agent observation draft retains the main R6.2 bounded snapshot contract
2026-10-08T19:20:02.8852114Z   ---
2026-10-08T19:20:02.8852417Z   duration_ms: 9.945992
2026-10-08T19:20:02.8852771Z   type: 'test'
2026-10-08T19:20:02.8853091Z   ...
2026-10-08T19:20:02.8853774Z # Subtest: modern Locator Task candidate is exact and immutable, never pre-verified
2026-10-08T19:20:02.8854819Z ok 7 - modern Locator Task candidate is exact and immutable, never pre-verified
2026-10-08T19:20:02.8855431Z   ---
2026-10-08T19:20:02.8855764Z   duration_ms: 10.479525
2026-10-08T19:20:02.8856121Z   type: 'test'
2026-10-08T19:20:02.8856426Z   ...
2026-10-08T19:20:02.9422222Z # Subtest: real loopback HTTP server serves static JSON, HTML and true 404/non-JSON
2026-10-08T19:20:02.9423638Z ok 8 - real loopback HTTP server serves static JSON, HTML and true 404/non-JSON
2026-10-08T19:20:02.9476629Z   ---
2026-10-08T19:20:02.9501026Z   duration_ms: 45.221919
2026-10-08T19:20:02.9526575Z   type: 'test'
2026-10-08T19:20:02.9551321Z   ...
2026-10-08T19:20:03.1321892Z # Subtest: real loopback HTTP server emits status/POST body and delayed responses
2026-10-08T19:20:03.1323422Z ok 9 - real loopback HTTP server emits status/POST body and delayed responses
2026-10-08T19:20:03.1324207Z   ---
2026-10-08T19:20:03.1324690Z   duration_ms: 195.93186
2026-10-08T19:20:03.1325249Z   type: 'test'
2026-10-08T19:20:03.1325723Z   ...
2026-10-08T19:20:04.5241083Z # Subtest: one ordinary HTML page exposes unique, stable automation targets
2026-10-08T19:20:04.5281385Z ok 10 - one ordinary HTML page exposes unique, stable automation targets
2026-10-08T19:20:04.5282817Z   ---
2026-10-08T19:20:04.5306985Z   duration_ms: 9.776816
2026-10-08T19:20:04.5307615Z   type: 'test'
2026-10-08T19:20:04.5308075Z   ...
2026-10-08T19:20:04.5309241Z # Subtest: the unchanged signed v1 task still targets \#name → \#submit → \#done
2026-10-08T19:20:04.5310628Z ok 11 - the unchanged signed v1 task still targets \#name → \#submit → \#done
2026-10-08T19:20:04.5311410Z   ---
2026-10-08T19:20:04.5311818Z   duration_ms: 2.448724
2026-10-08T19:20:04.5312334Z   type: 'test'
2026-10-08T19:20:04.5312777Z   ...
2026-10-08T19:20:04.5313664Z # Subtest: modern search retains an initially filled field and deliberately replaces its submit button
2026-10-08T19:20:04.5315073Z ok 12 - modern search retains an initially filled field and deliberately replaces its submit button
2026-10-08T19:20:04.5315986Z   ---
2026-10-08T19:20:04.5316479Z   duration_ms: 2.398816
2026-10-08T19:20:04.5317091Z   type: 'test'
2026-10-08T19:20:04.5317555Z   ...
2026-10-08T19:20:04.5318501Z # Subtest: async scene sends only local fetches and distinguishes loading, 404, abort and timeout
2026-10-08T19:20:04.5319928Z ok 13 - async scene sends only local fetches and distinguishes loading, 404, abort and timeout
2026-10-08T19:20:04.5321090Z   ---
2026-10-08T19:20:04.5322923Z   duration_ms: 1.622394
2026-10-08T19:20:04.5323470Z   type: 'test'
2026-10-08T19:20:04.5336127Z   ...
2026-10-08T19:20:04.5337740Z # Subtest: explicit HTTP GET controls expose safe semantics and preserve offline-first operation
2026-10-08T19:20:04.5339022Z ok 14 - explicit HTTP GET controls expose safe semantics and preserve offline-first operation
2026-10-08T19:20:04.5339793Z   ---
2026-10-08T19:20:04.5340141Z   duration_ms: 2.175314
2026-10-08T19:20:04.5340728Z   type: 'test'
2026-10-08T19:20:04.5341047Z   ...
2026-10-08T19:20:04.5341909Z # Subtest: the single canonical page exposes seven navigable groups and honest Locator fixtures
2026-10-08T19:20:04.5343230Z ok 15 - the single canonical page exposes seven navigable groups and honest Locator fixtures
2026-10-08T19:20:04.5343996Z   ---
2026-10-08T19:20:04.5344367Z   duration_ms: 6.619298
2026-10-08T19:20:04.5344734Z   type: 'test'
2026-10-08T19:20:04.5345042Z   ...
2026-10-08T19:20:04.5345780Z # Subtest: Locator fixture actions, late insertion, and reset mutate only observable DOM
2026-10-08T19:20:04.5346868Z ok 16 - Locator fixture actions, late insertion, and reset mutate only observable DOM
2026-10-08T19:20:04.5347607Z   ---
2026-10-08T19:20:04.5347953Z   duration_ms: 1525.313736
2026-10-08T19:20:04.5348335Z   type: 'test'
2026-10-08T19:20:04.5348681Z   ...
2026-10-08T19:20:04.5470863Z # Subtest: HTTP panel sends no request until click and shows real status/content without HTML injection
2026-10-08T19:20:04.5472830Z ok 17 - HTTP panel sends no request until click and shows real status/content without HTML injection
2026-10-08T19:20:04.5474033Z   ---
2026-10-08T19:20:04.5474590Z   duration_ms: 15.307373
2026-10-08T19:20:04.5475246Z   type: 'test'
2026-10-08T19:20:04.5475883Z   ...
2026-10-08T19:20:04.5763044Z # Subtest: the actual HTTP Page draft drives the canonical fetch handler and reports 200 honestly
2026-10-08T19:20:04.5765146Z ok 18 - the actual HTTP Page draft drives the canonical fetch handler and reports 200 honestly
2026-10-08T19:20:04.5790910Z   ---
2026-10-08T19:20:04.5810991Z   duration_ms: 34.73145
2026-10-08T19:20:04.5811593Z   type: 'test'
2026-10-08T19:20:04.5812063Z   ...
2026-10-08T19:20:04.5989422Z # Subtest: the actual HTTP Page draft drives the canonical fetch handler and reports 503 honestly
2026-10-08T19:20:04.5991216Z ok 19 - the actual HTTP Page draft drives the canonical fetch handler and reports 503 honestly
2026-10-08T19:20:04.5992013Z   ---
2026-10-08T19:20:04.5992392Z   duration_ms: 19.619246
2026-10-08T19:20:04.5992801Z   type: 'test'
2026-10-08T19:20:04.5993137Z   ...
2026-10-08T19:20:04.6077207Z # Subtest: HTTP panel preserves actual 404 and abort/reset cannot resurrect late replies
2026-10-08T19:20:04.6096479Z ok 20 - HTTP panel preserves actual 404 and abort/reset cannot resurrect late replies
2026-10-08T19:20:04.6102019Z   ---
2026-10-08T19:20:04.6102538Z   duration_ms: 14.098259
2026-10-08T19:20:04.6103358Z   type: 'test'
2026-10-08T19:20:04.6103964Z   ...
2026-10-08T19:20:04.6132096Z # Subtest: minimal HTTP UI rejects invalid URLs without sending requests
2026-10-08T19:20:04.6146668Z ok 21 - minimal HTTP UI rejects invalid URLs without sending requests
2026-10-08T19:20:04.6147481Z   ---
2026-10-08T19:20:04.6147947Z   duration_ms: 5.522822
2026-10-08T19:20:04.6148485Z   type: 'test'
2026-10-08T19:20:04.6148955Z   ...
2026-10-08T19:20:04.6160720Z # Subtest: inline JavaScript parses without a third-party runtime or external resources
2026-10-08T19:20:04.6166562Z ok 22 - inline JavaScript parses without a third-party runtime or external resources
2026-10-08T19:20:04.6167592Z   ---
2026-10-08T19:20:04.6168233Z   duration_ms: 2.847112
2026-10-08T19:20:04.6168840Z   type: 'test'
2026-10-08T19:20:04.6169335Z   ...
2026-10-08T19:20:04.6241601Z # Subtest: manual browser testing has exactly one canonical HTML and no obsolete advertised URL
2026-10-08T19:20:04.6271575Z ok 23 - manual browser testing has exactly one canonical HTML and no obsolete advertised URL
2026-10-08T19:20:04.6301043Z   ---
2026-10-08T19:20:04.6310974Z   duration_ms: 6.529171
2026-10-08T19:20:04.6323873Z   type: 'test'
2026-10-08T19:20:04.6324314Z   ...
2026-10-08T19:20:04.6451802Z # Subtest: product shell configures the Chrome Side Panel action and never creates a popup
2026-10-08T19:20:04.6461426Z ok 24 - product shell configures the Chrome Side Panel action and never creates a popup
2026-10-08T19:20:04.6480366Z   ---
2026-10-08T19:20:04.6480756Z   duration_ms: 1.849227
2026-10-08T19:20:04.6522215Z   type: 'test'
2026-10-08T19:20:04.6535125Z   ...
2026-10-08T19:20:04.6536430Z # Subtest: tool sender accepts top-level Side Panel documents and rejects foreign or nested senders
2026-10-08T19:20:04.6537940Z ok 25 - tool sender accepts top-level Side Panel documents and rejects foreign or nested senders
2026-10-08T19:20:04.6538887Z   ---
2026-10-08T19:20:04.6539402Z   duration_ms: 0.666556
2026-10-08T19:20:04.6539952Z   type: 'test'
2026-10-08T19:20:04.6540579Z   ...
2026-10-08T19:20:04.6541537Z # Subtest: URL policy rejects restricted/file/credentials and preserves exact origin including port
2026-10-08T19:20:04.6543001Z ok 26 - URL policy rejects restricted/file/credentials and preserves exact origin including port
2026-10-08T19:20:04.6543960Z   ---
2026-10-08T19:20:04.6544438Z   duration_ms: 0.530893
2026-10-08T19:20:04.6544968Z   type: 'test'
2026-10-08T19:20:04.6545431Z   ...
2026-10-08T19:20:04.6546415Z # Subtest: health waits for sender readiness and binds Chrome document metadata, not file result
2026-10-08T19:20:04.6547830Z ok 27 - health waits for sender readiness and binds Chrome document metadata, not file result
2026-10-08T19:20:04.6548746Z   ---
2026-10-08T19:20:04.6549236Z   duration_ms: 10.598535
2026-10-08T19:20:04.6549775Z   type: 'test'
2026-10-08T19:20:04.6550453Z   ...
2026-10-08T19:20:04.6551532Z # Subtest: revoked permission blocks even previously installed agent
2026-10-08T19:20:04.6555646Z ok 28 - revoked permission blocks even previously installed agent
2026-10-08T19:20:04.6556444Z   ---
2026-10-08T19:20:04.6556924Z   duration_ms: 2.927591
2026-10-08T19:20:04.6557457Z   type: 'test'
2026-10-08T19:20:04.6557923Z   ...
2026-10-08T19:20:04.6558972Z # Subtest: reload, cross-origin and closed tab reject bound target without automatic reinjection
2026-10-08T19:20:04.6560521Z ok 29 - reload, cross-origin and closed tab reject bound target without automatic reinjection
2026-10-08T19:20:04.6590802Z   ---
2026-10-08T19:20:04.6620746Z   duration_ms: 7.701981
2026-10-08T19:20:04.6647333Z   type: 'test'
2026-10-08T19:20:04.6647989Z   ...
2026-10-08T19:20:04.6671266Z # Subtest: forged health nonce and fake sender cannot satisfy exact target
2026-10-08T19:20:04.6701478Z ok 30 - forged health nonce and fake sender cannot satisfy exact target
2026-10-08T19:20:04.6711758Z   ---
2026-10-08T19:20:04.6712323Z   duration_ms: 1.782992
2026-10-08T19:20:04.6712866Z   type: 'test'
2026-10-08T19:20:04.6713367Z   ...
2026-10-08T19:20:04.6714249Z # Subtest: missing module has no capabilities or runner and can be mounted/disposed
2026-10-08T19:20:04.6715484Z ok 31 - missing module has no capabilities or runner and can be mounted/disposed
2026-10-08T19:20:04.6716234Z   ---
2026-10-08T19:20:04.6716698Z   duration_ms: 0.584274
2026-10-08T19:20:04.6717240Z   type: 'test'
2026-10-08T19:20:04.6717716Z   ...
2026-10-08T19:20:04.6718612Z # Subtest: Side Panel configuration failure is surfaced without a popup fallback
2026-10-08T19:20:04.6719855Z ok 32 - Side Panel configuration failure is surfaced without a popup fallback
2026-10-08T19:20:04.6720830Z   ---
2026-10-08T19:20:04.6721324Z   duration_ms: 0.623295
2026-10-08T19:20:04.6721836Z   type: 'test'
2026-10-08T19:20:04.6722312Z   ...
2026-10-08T19:20:04.6723170Z # Subtest: unknown authorization mode is rejected before another injection
2026-10-08T19:20:04.6724307Z ok 33 - unknown authorization mode is rejected before another injection
2026-10-08T19:20:04.6725064Z   ---
2026-10-08T19:20:04.6725504Z   duration_ms: 4.071625
2026-10-08T19:20:04.6726001Z   type: 'test'
2026-10-08T19:20:04.6726445Z   ...
2026-10-08T19:20:04.6727294Z # Subtest: permission revoke reports permission failure even when Chrome hides tab URL
2026-10-08T19:20:04.6728602Z ok 34 - permission revoke reports permission failure even when Chrome hides tab URL
2026-10-08T19:20:04.6729403Z   ---
2026-10-08T19:20:04.6729842Z   duration_ms: 2.869554
2026-10-08T19:20:04.6730522Z   type: 'test'
2026-10-08T19:20:04.6731001Z   ...
2026-10-08T19:20:04.6731939Z # Subtest: permission revoked during tabs.get is diagnosed before inspecting its hidden URL
2026-10-08T19:20:04.6733304Z ok 35 - permission revoked during tabs.get is diagnosed before inspecting its hidden URL
2026-10-08T19:20:04.6734203Z   ---
2026-10-08T19:20:04.6734673Z   duration_ms: 1.935761
2026-10-08T19:20:04.6735395Z   type: 'test'
2026-10-08T19:20:04.6735907Z   ...
2026-10-08T19:20:04.6736849Z # Subtest: repeated agent ready preserves optional authorization and cannot bypass revoke
2026-10-08T19:20:04.6738189Z ok 36 - repeated agent ready preserves optional authorization and cannot bypass revoke
2026-10-08T19:20:04.6739059Z   ---
2026-10-08T19:20:04.6739541Z   duration_ms: 1.44034
2026-10-08T19:20:04.6740071Z   type: 'test'
2026-10-08T19:20:04.6741732Z   ...
2026-10-08T19:20:04.6742580Z # Subtest: same-document concurrent binding resolves all readiness waiters
2026-10-08T19:20:04.6743729Z ok 37 - same-document concurrent binding resolves all readiness waiters
2026-10-08T19:20:04.6744534Z   ---
2026-10-08T19:20:04.6745016Z   duration_ms: 3.604342
2026-10-08T19:20:04.6745408Z   type: 'test'
2026-10-08T19:20:04.6745705Z   ...
2026-10-08T19:20:04.6746269Z # Subtest: document invalidation and revoke while awaiting reply reject late health success
2026-10-08T19:20:04.6747012Z ok 38 - document invalidation and revoke while awaiting reply reject late health success
2026-10-08T19:20:04.6747500Z   ---
2026-10-08T19:20:04.6747787Z   duration_ms: 1.869229
2026-10-08T19:20:04.6748089Z   type: 'test'
2026-10-08T19:20:04.6748367Z   ...
2026-10-08T19:20:04.6748885Z # Subtest: missing Side Panel sender documentId resolves only unique native instance context
2026-10-08T19:20:04.6749599Z ok 39 - missing Side Panel sender documentId resolves only unique native instance context
2026-10-08T19:20:04.6750070Z   ---
2026-10-08T19:20:04.6751369Z   duration_ms: 1.86532
2026-10-08T19:20:04.6751732Z   type: 'test'
2026-10-08T19:20:04.6752049Z   ...
2026-10-08T19:20:04.6753065Z # Subtest: fixed production protocol Schema uses variable-width LZW and decodes byte-for-byte to the audited object
2026-10-08T19:20:04.6754685Z ok 40 - fixed production protocol Schema uses variable-width LZW and decodes byte-for-byte to the audited object
2026-10-08T19:20:04.6755856Z   ---
2026-10-08T19:20:04.6756217Z   duration_ms: 70.019401
2026-10-08T19:20:04.6756763Z   type: 'test'
2026-10-08T19:20:04.6757036Z   ...
2026-10-08T19:20:04.6757850Z # Subtest: small and non-ASCII schemas still round-trip through existing smaller-of-two-formats selection
2026-10-08T19:20:04.6759222Z ok 41 - small and non-ASCII schemas still round-trip through existing smaller-of-two-formats selection
2026-10-08T19:20:04.6759994Z   ---
2026-10-08T19:20:04.6760447Z   duration_ms: 0.87672
2026-10-08T19:20:04.6760779Z   type: 'test'
2026-10-08T19:20:04.6761062Z   ...
2026-10-08T19:20:04.6761656Z # Subtest: async main receives page/params lexically without platform arguments
2026-10-08T19:20:04.6762568Z ok 42 - async main receives page/params lexically without platform arguments
2026-10-08T19:20:04.6763118Z   ---
2026-10-08T19:20:04.6763404Z   duration_ms: 1.369083
2026-10-08T19:20:04.6763797Z   type: 'test'
2026-10-08T19:20:04.6764095Z   ...
2026-10-08T19:20:04.6764708Z # Subtest: main return preserves falsy values including undefined
2026-10-08T19:20:04.6765574Z ok 43 - main return preserves falsy values including undefined
2026-10-08T19:20:04.6766212Z   ---
2026-10-08T19:20:04.6766412Z   duration_ms: 0.303246
2026-10-08T19:20:04.6766635Z   type: 'test'
2026-10-08T19:20:04.6766831Z   ...
2026-10-08T19:20:04.6767190Z # Subtest: prior async-body scripts still execute and return correctly
2026-10-08T19:20:04.6767902Z ok 44 - prior async-body scripts still execute and return correctly
2026-10-08T19:20:04.6768233Z   ---
2026-10-08T19:20:04.6768502Z   duration_ms: 0.253983
2026-10-08T19:20:04.6768787Z   type: 'test'
2026-10-08T19:20:04.6768968Z   ...
2026-10-08T19:20:04.6769296Z # Subtest: main faults are errors rather than silent empty results
2026-10-08T19:20:04.6769756Z ok 45 - main faults are errors rather than silent empty results
2026-10-08T19:20:04.6770058Z   ---
2026-10-08T19:20:04.6770411Z   duration_ms: 0.553989
2026-10-08T19:20:04.6771071Z   type: 'test'
2026-10-08T19:20:04.6771367Z   ...
2026-10-08T19:20:04.6772122Z # Subtest: worker fault preserves a bounded raw generated stack without claiming a source mapping
2026-10-08T19:20:04.6773259Z ok 46 - worker fault preserves a bounded raw generated stack without claiming a source mapping
2026-10-08T19:20:04.6773929Z   ---
2026-10-08T19:20:04.6774234Z   duration_ms: 21.643421
2026-10-08T19:20:04.6774597Z   type: 'test'
2026-10-08T19:20:04.6774894Z   ...
2026-10-08T19:20:04.6775841Z # Subtest: navigation starts invalidate the visible old document before tabs updates and recover after failure or commit
2026-10-08T19:20:04.6777340Z ok 47 - navigation starts invalidate the visible old document before tabs updates and recover after failure or commit
2026-10-08T19:20:04.6778174Z   ---
2026-10-08T19:20:04.6778502Z   duration_ms: 8.327875
2026-10-08T19:20:04.6778855Z   type: 'test'
2026-10-08T19:20:04.6779174Z   ...
2026-10-08T19:20:04.6780007Z # Subtest: loading and unloaded tabs never expose their still-visible old document as a runnable candidate
2026-10-08T19:20:04.6781338Z ok 48 - loading and unloaded tabs never expose their still-visible old document as a runnable candidate
2026-10-08T19:20:04.6782092Z   ---
2026-10-08T19:20:04.6782365Z   duration_ms: 0.965389
2026-10-08T19:20:04.6782688Z   type: 'test'
2026-10-08T19:20:04.6782971Z   ...
2026-10-08T19:20:04.6783757Z # Subtest: a tab becoming loading after frame observation fails the final candidate confirmation
2026-10-08T19:20:04.6784948Z ok 49 - a tab becoming loading after frame observation fails the final candidate confirmation
2026-10-08T19:20:04.6785699Z   ---
2026-10-08T19:20:04.6786033Z   duration_ms: 0.280701
2026-10-08T19:20:04.6786365Z   type: 'test'
2026-10-08T19:20:04.6786679Z   ...
2026-10-08T19:20:04.6787248Z # Subtest: Sidebar binds to its own browser window and exposes only the active HTTP(S) main document
2026-10-08T19:20:04.6787916Z ok 50 - Sidebar binds to its own browser window and exposes only the active HTTP(S) main document
2026-10-08T19:20:04.6788312Z   ---
2026-10-08T19:20:04.6788684Z   duration_ms: 1.554234
2026-10-08T19:20:04.6788906Z   type: 'test'
2026-10-08T19:20:04.6789175Z   ...
2026-10-08T19:20:04.6789536Z # Subtest: same-URL tab switch cannot replace the captured run candidate
2026-10-08T19:20:04.6790034Z ok 51 - same-URL tab switch cannot replace the captured run candidate
2026-10-08T19:20:04.6790687Z   ---
2026-10-08T19:20:04.6790900Z   duration_ms: 0.362415
2026-10-08T19:20:04.6791119Z   type: 'test'
2026-10-08T19:20:04.6791313Z   ...
2026-10-08T19:20:04.6791707Z # Subtest: SPA URL change before admission is stale even when documentId is unchanged
2026-10-08T19:20:04.6792295Z ok 52 - SPA URL change before admission is stale even when documentId is unchanged
2026-10-08T19:20:04.6792652Z   ---
2026-10-08T19:20:04.6792838Z   duration_ms: 0.290372
2026-10-08T19:20:04.6793050Z   type: 'test'
2026-10-08T19:20:04.6793229Z   ...
2026-10-08T19:20:04.6793644Z # Subtest: reload/full navigation invalidates the old candidate instead of matching by URL
2026-10-08T19:20:04.6794287Z ok 53 - reload/full navigation invalidates the old candidate instead of matching by URL
2026-10-08T19:20:04.6794670Z   ---
2026-10-08T19:20:04.6794855Z   duration_ms: 0.319528
2026-10-08T19:20:04.6795074Z   type: 'test'
2026-10-08T19:20:04.6795261Z   ...
2026-10-08T19:20:04.6795698Z # Subtest: Current Page follows activation events but never falls back to a previous valid page
2026-10-08T19:20:04.6796363Z ok 54 - Current Page follows activation events but never falls back to a previous valid page
2026-10-08T19:20:04.6796765Z   ---
2026-10-08T19:20:04.6796952Z   duration_ms: 3.469316
2026-10-08T19:20:04.6797160Z   type: 'test'
2026-10-08T19:20:04.6797357Z   ...
2026-10-08T19:20:04.6797759Z # Subtest: two Sidebar instances bind independently to their containing browser windows
2026-10-08T19:20:04.6798365Z ok 55 - two Sidebar instances bind independently to their containing browser windows
2026-10-08T19:20:04.6798748Z   ---
2026-10-08T19:20:04.6798931Z   duration_ms: 0.65864
2026-10-08T19:20:04.6799144Z   type: 'test'
2026-10-08T19:20:04.6799341Z   ...
2026-10-08T19:20:04.6799646Z # Subtest: dispose releases all browser event subscriptions
2026-10-08T19:20:04.6800073Z ok 56 - dispose releases all browser event subscriptions
2026-10-08T19:20:04.6800549Z   ---
2026-10-08T19:20:04.6800741Z   duration_ms: 0.645406
2026-10-08T19:20:04.6800957Z   type: 'test'
2026-10-08T19:20:04.6801151Z   ...
2026-10-08T19:20:04.6801555Z # Subtest: a late revalidation cannot overwrite a newer Current Page observation
2026-10-08T19:20:04.6802117Z ok 57 - a late revalidation cannot overwrite a newer Current Page observation
2026-10-08T19:20:04.6802467Z   ---
2026-10-08T19:20:04.6802664Z   duration_ms: 2.076263
2026-10-08T19:20:04.6802877Z   type: 'test'
2026-10-08T19:20:04.6803062Z   ...
2026-10-08T19:20:04.6803469Z # Subtest: a disposed Sidebar cannot capture or finish an in-flight candidate validation
2026-10-08T19:20:04.6804062Z ok 58 - a disposed Sidebar cannot capture or finish an in-flight candidate validation
2026-10-08T19:20:04.6804429Z   ---
2026-10-08T19:20:04.6804611Z   duration_ms: 0.755345
2026-10-08T19:20:04.6804829Z   type: 'test'
2026-10-08T19:20:04.6805017Z   ...
2026-10-08T19:20:04.6805579Z # Subtest: inspection only parses and lists download permissions; explicit actions and post-download hash review are separate
2026-10-08T19:20:04.6806634Z ok 59 - inspection only parses and lists download permissions; explicit actions and post-download hash review are separate
2026-10-08T19:20:04.6807829Z   ---
2026-10-08T19:20:04.6808146Z   duration_ms: 36.64453
2026-10-08T19:20:04.6808509Z   type: 'test'
2026-10-08T19:20:04.6808821Z   ...
2026-10-08T19:20:04.6809787Z # Subtest: packaged jQuery and a second ordinary library use ordered generic assets; source provenance is explicit
2026-10-08T19:20:04.6811563Z ok 60 - packaged jQuery and a second ordinary library use ordered generic assets; source provenance is explicit
2026-10-08T19:20:04.6812424Z   ---
2026-10-08T19:20:04.6812756Z   duration_ms: 10.690208
2026-10-08T19:20:04.6813163Z   type: 'test'
2026-10-08T19:20:04.6813729Z   ...
2026-10-08T19:20:04.6814787Z # Subtest: approved locks run offline after a new manager instance and draft edits; source/mode changes require a new lock
2026-10-08T19:20:04.6816489Z ok 61 - approved locks run offline after a new manager instance and draft edits; source/mode changes require a new lock
2026-10-08T19:20:04.6817374Z   ---
2026-10-08T19:20:04.6817717Z   duration_ms: 5.162632
2026-10-08T19:20:04.6818123Z   type: 'test'
2026-10-08T19:20:04.6818477Z   ...
2026-10-08T19:20:04.6819483Z # Subtest: duplicate declarations preserve execution order, shared bytes do not share another namespace approval
2026-10-08T19:20:04.6821925Z ok 62 - duplicate declarations preserve execution order, shared bytes do not share another namespace approval
2026-10-08T19:20:04.6822791Z   ---
2026-10-08T19:20:04.6823117Z   duration_ms: 7.771111
2026-10-08T19:20:04.6823502Z   type: 'test'
2026-10-08T19:20:04.6823833Z   ...
2026-10-08T19:20:04.6824806Z # Subtest: a local file adapter preserves declared URL and original file bytes without claiming a network download
2026-10-08T19:20:04.6826384Z ok 63 - a local file adapter preserves declared URL and original file bytes without claiming a network download
2026-10-08T19:20:04.6827244Z   ---
2026-10-08T19:20:04.6827596Z   duration_ms: 7.328142
2026-10-08T19:20:04.6827980Z   type: 'test'
2026-10-08T19:20:04.6828307Z   ...
2026-10-08T19:20:04.6829326Z # Subtest: same URL updates produce new immutable locks; selecting approved old bytes stays offline and deterministic
2026-10-08T19:20:04.6842147Z ok 64 - same URL updates produce new immutable locks; selecting approved old bytes stays offline and deterministic
2026-10-08T19:20:04.6843096Z   ---
2026-10-08T19:20:04.6843451Z   duration_ms: 16.051903
2026-10-08T19:20:04.6843855Z   type: 'test'
2026-10-08T19:20:04.6844184Z   ...
2026-10-08T19:20:04.6845060Z # Subtest: SRI validates original bytes with SHA-256/384/512 and does not silently approve a mismatch
2026-10-08T19:20:04.6846415Z ok 65 - SRI validates original bytes with SHA-256/384/512 and does not silently approve a mismatch
2026-10-08T19:20:04.6847200Z   ---
2026-10-08T19:20:04.6847541Z   duration_ms: 13.458313
2026-10-08T19:20:04.6847939Z   type: 'test'
2026-10-08T19:20:04.6848293Z   ...
2026-10-08T19:20:04.6849256Z # Subtest: downloader rejects redirects, HTML/JSON, malformed UTF-8, private IPs and excess streaming bytes
2026-10-08T19:20:04.6851465Z ok 66 - downloader rejects redirects, HTML/JSON, malformed UTF-8, private IPs and excess streaming bytes
2026-10-08T19:20:04.6852291Z   ---
2026-10-08T19:20:04.6852632Z   duration_ms: 6.939061
2026-10-08T19:20:04.6853024Z   type: 'test'
2026-10-08T19:20:04.6853433Z   ...
2026-10-08T19:20:04.6854447Z # Subtest: permission revocation and stale host during network/hash work never commit an approvable review or lock
2026-10-08T19:20:04.6855974Z ok 67 - permission revocation and stale host during network/hash work never commit an approvable review or lock
2026-10-08T19:20:04.6856815Z   ---
2026-10-08T19:20:04.6857158Z   duration_ms: 7.141893
2026-10-08T19:20:04.6857551Z   type: 'test'
2026-10-08T19:20:04.6857896Z   ...
2026-10-08T19:20:04.6858957Z # Subtest: asset, review provenance and lock tampering fail closed; quota failure atomically rolls back prepared assets
2026-10-08T19:20:04.6860751Z ok 68 - asset, review provenance and lock tampering fail closed; quota failure atomically rolls back prepared assets
2026-10-08T19:20:04.6861627Z   ---
2026-10-08T19:20:04.6861966Z   duration_ms: 13.650315
2026-10-08T19:20:04.6862368Z   type: 'test'
2026-10-08T19:20:04.6862704Z   ...
2026-10-08T19:20:04.6863691Z # Subtest: ordinary JS and metadata-looking strings remain source; real BOM/blank-prefixed CRLF header is preserved
2026-10-08T19:20:04.6865218Z ok 69 - ordinary JS and metadata-looking strings remain source; real BOM/blank-prefixed CRLF header is preserved
2026-10-08T19:20:04.6866033Z   ---
2026-10-08T19:20:04.6866368Z   duration_ms: 2.868359
2026-10-08T19:20:04.6866741Z   type: 'test'
2026-10-08T19:20:04.6867065Z   ...
2026-10-08T19:20:04.6868248Z # Subtest: leading copyright comments do not hide real dependencies or privileges; malformed markers fail closed
2026-10-08T19:20:04.6869857Z ok 70 - leading copyright comments do not hide real dependencies or privileges; malformed markers fail closed
2026-10-08T19:20:04.6871501Z   ---
2026-10-08T19:20:04.6871848Z   duration_ms: 1.876526
2026-10-08T19:20:04.6872249Z   type: 'test'
2026-10-08T19:20:04.6872595Z   ...
2026-10-08T19:20:04.6873517Z # Subtest: standard unpinned @require is importable and reviewable, including duplicate execution order
2026-10-08T19:20:04.6874902Z ok 71 - standard unpinned @require is importable and reviewable, including duplicate execution order
2026-10-08T19:20:04.6875718Z   ---
2026-10-08T19:20:04.6876042Z   duration_ms: 1.220739
2026-10-08T19:20:04.6876422Z   type: 'test'
2026-10-08T19:20:04.6876758Z   ...
2026-10-08T19:20:04.6877869Z # Subtest: TM hex/Base64, SRI tokens, percent-encoded fragments and multiple strong hashes canonicalize without losing plus signs
2026-10-08T19:20:04.6879624Z ok 72 - TM hex/Base64, SRI tokens, percent-encoded fragments and multiple strong hashes canonicalize without losing plus signs
2026-10-08T19:20:04.6880749Z   ---
2026-10-08T19:20:04.6881083Z   duration_ms: 1.97204
2026-10-08T19:20:04.6881462Z   type: 'test'
2026-10-08T19:20:04.6881762Z   ...
2026-10-08T19:20:04.6882627Z # Subtest: malformed or conflicting integrity is preserved for diagnosis and cannot be admitted
2026-10-08T19:20:04.6883939Z ok 73 - malformed or conflicting integrity is preserved for diagnosis and cannot be admitted
2026-10-08T19:20:04.6884442Z   ---
2026-10-08T19:20:04.6884646Z   duration_ms: 1.298329
2026-10-08T19:20:04.6884865Z   type: 'test'
2026-10-08T19:20:04.6885056Z   ...
2026-10-08T19:20:04.6885555Z # Subtest: weak integrity does not masquerade as verified SRI; mixed declarations keep strong requirements
2026-10-08T19:20:04.6886284Z ok 74 - weak integrity does not masquerade as verified SRI; mixed declarations keep strong requirements
2026-10-08T19:20:04.6886720Z   ---
2026-10-08T19:20:04.6886914Z   duration_ms: 0.675968
2026-10-08T19:20:04.6887130Z   type: 'test'
2026-10-08T19:20:04.6887315Z   ...
2026-10-08T19:20:04.6887765Z # Subtest: relative dependencies use actual importer provenance, never a page URL or @downloadURL
2026-10-08T19:20:04.6888455Z ok 75 - relative dependencies use actual importer provenance, never a page URL or @downloadURL
2026-10-08T19:20:04.6888867Z   ---
2026-10-08T19:20:04.6889051Z   duration_ms: 1.354247
2026-10-08T19:20:04.7012482Z   type: 'test'
2026-10-08T19:20:04.7012886Z   ...
2026-10-08T19:20:04.7013854Z # Subtest: unsupported grants/resources/directives do not prevent import or hide later dependencies
2026-10-08T19:20:04.7015313Z ok 76 - unsupported grants/resources/directives do not prevent import or hide later dependencies
2026-10-08T19:20:04.7016144Z   ---
2026-10-08T19:20:04.7016506Z   duration_ms: 0.65159
2026-10-08T19:20:04.7016900Z   type: 'test'
2026-10-08T19:20:04.7017249Z   ...
2026-10-08T19:20:04.7018134Z # Subtest: entry modes remain explicit and native match/frame/timing mappings are inspectable
2026-10-08T19:20:04.7019431Z ok 77 - entry modes remain explicit and native match/frame/timing mappings are inspectable
2026-10-08T19:20:04.7020347Z   ---
2026-10-08T19:20:04.7020691Z   duration_ms: 1.571845
2026-10-08T19:20:04.7021085Z   type: 'test'
2026-10-08T19:20:04.7021419Z   ...
2026-10-08T19:20:04.7022476Z # Subtest: large valid headers no longer fail at 64 lines or 8 dependencies; real bounds fail closed with import diagnostics
2026-10-08T19:20:04.7024166Z ok 78 - large valid headers no longer fail at 64 lines or 8 dependencies; real bounds fail closed with import diagnostics
2026-10-08T19:20:04.7025148Z   ---
2026-10-08T19:20:04.7025507Z   duration_ms: 4.814228
2026-10-08T19:20:04.7025919Z   type: 'test'
2026-10-08T19:20:04.7026280Z   ...
2026-10-08T19:20:04.7027176Z # Subtest: daily development profile is deterministic per worktree, not fresh every invocation
2026-10-08T19:20:04.7028780Z ok 79 - daily development profile is deterministic per worktree, not fresh every invocation
2026-10-08T19:20:04.7029726Z   ---
2026-10-08T19:20:04.7030055Z   duration_ms: 1.328197
2026-10-08T19:20:04.7030562Z   type: 'test'
2026-10-08T19:20:04.7030886Z   ...
2026-10-08T19:20:04.7031529Z # Subtest: profile path rejects relative, unsafe or ambiguous names
2026-10-08T19:20:04.7032466Z ok 80 - profile path rejects relative, unsafe or ambiguous names
2026-10-08T19:20:04.7033077Z   ---
2026-10-08T19:20:04.7033424Z   duration_ms: 0.517766
2026-10-08T19:20:04.7033820Z   type: 'test'
2026-10-08T19:20:04.7034185Z   ...
2026-10-08T19:20:04.7035194Z # Subtest: interactive CFT flags preserve a single stable profile and extension location without bypasses
2026-10-08T19:20:04.7036707Z ok 81 - interactive CFT flags preserve a single stable profile and extension location without bypasses
2026-10-08T19:20:04.7037564Z   ---
2026-10-08T19:20:04.7037916Z   duration_ms: 0.956449
2026-10-08T19:20:04.7038324Z   type: 'test'
2026-10-08T19:20:04.7038684Z   ...
2026-10-08T19:20:04.7039348Z # Subtest: the formal native launcher remains isolated and unmodified
2026-10-08T19:20:04.7043469Z ok 82 - the formal native launcher remains isolated and unmodified
2026-10-08T19:20:04.7044163Z   ---
2026-10-08T19:20:04.7044526Z   duration_ms: 6.958159
2026-10-08T19:20:04.7044927Z   type: 'test'
2026-10-08T19:20:04.7045283Z   ...
2026-10-08T19:20:04.7046037Z # Subtest: startup permission check cannot reconnect after permission-removed
2026-10-08T19:20:04.7047138Z ok 83 - startup permission check cannot reconnect after permission-removed
2026-10-08T19:20:04.7047831Z   ---
2026-10-08T19:20:04.7048164Z   duration_ms: 6.779972
2026-10-08T19:20:04.7048563Z   type: 'test'
2026-10-08T19:20:04.7048895Z   ...
2026-10-08T19:20:04.7049544Z # Subtest: startup permission check cannot reconnect after dispose
2026-10-08T19:20:04.7050611Z ok 84 - startup permission check cannot reconnect after dispose
2026-10-08T19:20:04.7051189Z   ---
2026-10-08T19:20:04.7051546Z   duration_ms: 0.807691
2026-10-08T19:20:04.7051949Z   type: 'test'
2026-10-08T19:20:04.7052303Z   ...
2026-10-08T19:20:04.7052920Z # Subtest: reserved mutation never dispatches across disable
2026-10-08T19:20:04.7053809Z ok 85 - reserved mutation never dispatches across disable
2026-10-08T19:20:04.7054370Z   ---
2026-10-08T19:20:04.7054717Z   duration_ms: 9.647022
2026-10-08T19:20:04.7055122Z   type: 'test'
2026-10-08T19:20:04.7055460Z   ...
2026-10-08T19:20:04.7056132Z # Subtest: reserved mutation never dispatches across permission-removed
2026-10-08T19:20:04.7057146Z ok 86 - reserved mutation never dispatches across permission-removed
2026-10-08T19:20:04.7057786Z   ---
2026-10-08T19:20:04.7058131Z   duration_ms: 6.598928
2026-10-08T19:20:04.7058540Z   type: 'test'
2026-10-08T19:20:04.7058891Z   ...
2026-10-08T19:20:04.7059598Z # Subtest: reserved mutation never dispatches across disconnect-reconnect
2026-10-08T19:20:04.7060825Z ok 87 - reserved mutation never dispatches across disconnect-reconnect
2026-10-08T19:20:04.7061493Z   ---
2026-10-08T19:20:04.7061832Z   duration_ms: 5.526307
2026-10-08T19:20:04.7062238Z   type: 'test'
2026-10-08T19:20:04.7062603Z   ...
2026-10-08T19:20:04.7063240Z # Subtest: reserved mutation never dispatches across disable-enable
2026-10-08T19:20:04.7064183Z ok 88 - reserved mutation never dispatches across disable-enable
2026-10-08T19:20:04.7064805Z   ---
2026-10-08T19:20:04.7065149Z   duration_ms: 6.16861
2026-10-08T19:20:04.7065549Z   type: 'test'
2026-10-08T19:20:04.7065910Z   ...
2026-10-08T19:20:04.7066510Z # Subtest: reserved mutation never dispatches across dispose
2026-10-08T19:20:04.7067353Z ok 89 - reserved mutation never dispatches across dispose
2026-10-08T19:20:04.7067911Z   ---
2026-10-08T19:20:04.7068266Z   duration_ms: 6.132606
2026-10-08T19:20:04.7068574Z   type: 'test'
2026-10-08T19:20:04.7068871Z   ...
2026-10-08T19:20:04.7069502Z # Subtest: Native permission is rechecked immediately before dispatch
2026-10-08T19:20:04.7071251Z ok 90 - Native permission is rechecked immediately before dispatch
2026-10-08T19:20:04.7071865Z   ---
2026-10-08T19:20:04.7072186Z   duration_ms: 6.187058
2026-10-08T19:20:04.7072663Z   type: 'test'
2026-10-08T19:20:04.7072986Z   ...
2026-10-08T19:20:04.7073754Z # Subtest: a late disconnect from an old Native port cannot cancel a new connection request
2026-10-08T19:20:04.7074890Z ok 91 - a late disconnect from an old Native port cannot cancel a new connection request
2026-10-08T19:20:04.7075447Z   ---
2026-10-08T19:20:04.7075718Z   duration_ms: 12.212318
2026-10-08T19:20:04.7076074Z   type: 'test'
2026-10-08T19:20:04.7076366Z   ...
2026-10-08T19:20:04.7076956Z # Subtest: a pending enable permission check cannot overwrite disable
2026-10-08T19:20:04.7077935Z ok 92 - a pending enable permission check cannot overwrite disable
2026-10-08T19:20:04.7078581Z   ---
2026-10-08T19:20:04.7078941Z   duration_ms: 1.603716
2026-10-08T19:20:04.7079367Z   type: 'test'
2026-10-08T19:20:04.7079662Z   ...
2026-10-08T19:20:04.7080561Z # Subtest: a pending enable permission check cannot overwrite permission-removed
2026-10-08T19:20:04.7081665Z ok 93 - a pending enable permission check cannot overwrite permission-removed
2026-10-08T19:20:04.7082331Z   ---
2026-10-08T19:20:04.7082679Z   duration_ms: 1.007263
2026-10-08T19:20:04.7083067Z   type: 'test'
2026-10-08T19:20:04.7083423Z   ...
2026-10-08T19:20:04.7084094Z # Subtest: a pending enable storage write cannot persist over a newer disable
2026-10-08T19:20:04.7085075Z ok 94 - a pending enable storage write cannot persist over a newer disable
2026-10-08T19:20:04.7085734Z   ---
2026-10-08T19:20:04.7086078Z   duration_ms: 2.248327
2026-10-08T19:20:04.7086473Z   type: 'test'
2026-10-08T19:20:04.7086808Z   ...
2026-10-08T19:20:04.7087627Z # Subtest: an old Host ACK cannot match a new connection read with the same external requestId
2026-10-08T19:20:04.7088852Z ok 95 - an old Host ACK cannot match a new connection read with the same external requestId
2026-10-08T19:20:04.7089597Z   ---
2026-10-08T19:20:04.7089885Z   duration_ms: 17.121578
2026-10-08T19:20:04.7090440Z   type: 'test'
2026-10-08T19:20:04.7090736Z   ...
2026-10-08T19:20:04.7091393Z # Subtest: enabled Native handshake sends version and correct extension identity
2026-10-08T19:20:04.7092362Z ok 96 - enabled Native handshake sends version and correct extension identity
2026-10-08T19:20:04.7092959Z   ---
2026-10-08T19:20:04.7093270Z   duration_ms: 1.925928
2026-10-08T19:20:04.7093602Z   type: 'test'
2026-10-08T19:20:04.7093885Z   ...
2026-10-08T19:20:04.7094606Z # Subtest: default-off requires a packaged Settings sender and real granted Native permission
2026-10-08T19:20:04.7095704Z ok 97 - default-off requires a packaged Settings sender and real granted Native permission
2026-10-08T19:20:04.7096375Z   ---
2026-10-08T19:20:04.7096698Z   duration_ms: 0.493359
2026-10-08T19:20:04.7097094Z   type: 'test'
2026-10-08T19:20:04.7097436Z   ...
2026-10-08T19:20:04.7098240Z # Subtest: request hash journal deduplicates after real Host admission; conflicting bytes fail
2026-10-08T19:20:04.7099503Z ok 98 - request hash journal deduplicates after real Host admission; conflicting bytes fail
2026-10-08T19:20:04.7100842Z   ---
2026-10-08T19:20:04.7101188Z   duration_ms: 8.851428
2026-10-08T19:20:04.7101567Z   type: 'test'
2026-10-08T19:20:04.7101885Z   ...
2026-10-08T19:20:04.7102741Z # Subtest: dispatched but unanswered calls are never retried, even if same id reappears
2026-10-08T19:20:04.7103942Z ok 99 - dispatched but unanswered calls are never retried, even if same id reappears
2026-10-08T19:20:04.7104907Z   ---
2026-10-08T19:20:04.7105237Z   duration_ms: 10.798658
2026-10-08T19:20:04.7105626Z   type: 'test'
2026-10-08T19:20:04.7105961Z   ...
2026-10-08T19:20:04.7106699Z # Subtest: no live registered Host means no run reservation or Worker execution
2026-10-08T19:20:04.7107737Z ok 100 - no live registered Host means no run reservation or Worker execution
2026-10-08T19:20:04.7108411Z   ---
2026-10-08T19:20:04.7108739Z   duration_ms: 1.756175
2026-10-08T19:20:04.7109129Z   type: 'test'
2026-10-08T19:20:04.7109694Z   ...
2026-10-08T19:20:04.7110551Z # Subtest: run.get and run.stop cannot inspect arbitrary Sidebar-owned Run records
2026-10-08T19:20:04.7111750Z ok 101 - run.get and run.stop cannot inspect arbitrary Sidebar-owned Run records
2026-10-08T19:20:04.7112406Z   ---
2026-10-08T19:20:04.7112755Z   duration_ms: 1.698858
2026-10-08T19:20:04.7113162Z   type: 'test'
2026-10-08T19:20:04.7113489Z   ...
2026-10-08T19:20:04.7114338Z # Subtest: ACK journal write failure after Host action remains OUTCOME_UNKNOWN and never replays
2026-10-08T19:20:04.7115531Z ok 102 - ACK journal write failure after Host action remains OUTCOME_UNKNOWN and never replays
2026-10-08T19:20:04.7116242Z   ---
2026-10-08T19:20:04.7116587Z   duration_ms: 16.952788
2026-10-08T19:20:04.7116968Z   type: 'test'
2026-10-08T19:20:04.7117303Z   ...
2026-10-08T19:20:04.7118087Z # Subtest: run.get and run.stop remain pinned to the original authenticated Host registration
2026-10-08T19:20:04.7119292Z ok 103 - run.get and run.stop remain pinned to the original authenticated Host registration
2026-10-08T19:20:04.7120004Z   ---
2026-10-08T19:20:04.7120499Z   duration_ms: 22.548339
2026-10-08T19:20:04.7120841Z   type: 'test'
2026-10-08T19:20:04.7121128Z   ...
2026-10-08T19:20:04.7121742Z # Subtest: real macOS Chrome: bare renderer/CDP control without extensions
2026-10-08T19:20:04.7122797Z ok 104 - real macOS Chrome: bare renderer/CDP control without extensions # SKIP
2026-10-08T19:20:04.7123434Z   ---
2026-10-08T19:20:04.7123779Z   duration_ms: 0.738936
2026-10-08T19:20:04.7124186Z   type: 'test'
2026-10-08T19:20:04.7124522Z   ...
2026-10-08T19:20:04.7125338Z # Subtest: real macOS Chrome: packaged extension, trusted Options click and Native CLI handshake
2026-10-08T19:20:04.7126715Z ok 105 - real macOS Chrome: packaged extension, trusted Options click and Native CLI handshake # SKIP
2026-10-08T19:20:04.7127538Z   ---
2026-10-08T19:20:04.7127879Z   duration_ms: 0.173653
2026-10-08T19:20:04.7128278Z   type: 'test'
2026-10-08T19:20:04.7128572Z   ...
2026-10-08T19:20:04.7129308Z # Subtest: current target is live Sidebar snapshot, not active tab chosen by CLI
2026-10-08T19:20:04.7132462Z ok 106 - current target is live Sidebar snapshot, not active tab chosen by CLI
2026-10-08T19:20:04.7133259Z   ---
2026-10-08T19:20:04.7133607Z   duration_ms: 2.139748
2026-10-08T19:20:04.7134006Z   type: 'test'
2026-10-08T19:20:04.7134344Z   ...
2026-10-08T19:20:04.7135233Z # Subtest: external draft uses exact RunHost with frozen borrowed target and controller requestId
2026-10-08T19:20:04.7136591Z ok 107 - external draft uses exact RunHost with frozen borrowed target and controller requestId
2026-10-08T19:20:04.7137357Z   ---
2026-10-08T19:20:04.7137694Z   duration_ms: 0.71768
2026-10-08T19:20:04.7138089Z   type: 'test'
2026-10-08T19:20:04.7138444Z   ...
2026-10-08T19:20:04.7139236Z # Subtest: Host ACK correlation preserves the external Controller admission requestId
2026-10-08T19:20:04.7140773Z ok 108 - Host ACK correlation preserves the external Controller admission requestId
2026-10-08T19:20:04.7141527Z   ---
2026-10-08T19:20:04.7141878Z   duration_ms: 0.485608
2026-10-08T19:20:04.7142292Z   type: 'test'
2026-10-08T19:20:04.7142637Z   ...
2026-10-08T19:20:04.7143399Z # Subtest: permissions and document id fail before admission (no Chrome prompt)
2026-10-08T19:20:04.7144461Z ok 109 - permissions and document id fail before admission (no Chrome prompt)
2026-10-08T19:20:04.7145150Z   ---
2026-10-08T19:20:04.7145498Z   duration_ms: 1.920898
2026-10-08T19:20:04.7145873Z   type: 'test'
2026-10-08T19:20:04.7146215Z   ...
2026-10-08T19:20:04.7146830Z # Subtest: saved requires pinned exact revision and source hash
2026-10-08T19:20:04.7147712Z ok 110 - saved requires pinned exact revision and source hash
2026-10-08T19:20:04.7148242Z   ---
2026-10-08T19:20:04.7148599Z   duration_ms: 0.717105
2026-10-08T19:20:04.7148997Z   type: 'test'
2026-10-08T19:20:04.7149332Z   ...
2026-10-08T19:20:04.7150323Z # Subtest: run.get removes unrelated Sidebar run history from Controller snapshot projection
2026-10-08T19:20:04.7151717Z ok 111 - run.get removes unrelated Sidebar run history from Controller snapshot projection
2026-10-08T19:20:04.7152571Z   ---
2026-10-08T19:20:04.7152922Z   duration_ms: 0.317648
2026-10-08T19:20:04.7153380Z   type: 'test'
2026-10-08T19:20:04.7153710Z   ...
2026-10-08T19:20:04.7154604Z # Subtest: macOS isolated Native Host install, private socket, real wrapper and authenticated CLI IPC
2026-10-08T19:20:04.7155987Z ok 112 - macOS isolated Native Host install, private socket, real wrapper and authenticated CLI IPC # SKIP
2026-10-08T19:20:04.7156742Z   ---
2026-10-08T19:20:04.7157054Z   duration_ms: 1.417797
2026-10-08T19:20:04.7157432Z   type: 'test'
2026-10-08T19:20:04.7157780Z   ...
2026-10-08T19:20:04.7158635Z # Subtest: macOS Chrome for Testing uses its own manifest and cannot replace Google Chrome registration
2026-10-08T19:20:04.7160079Z ok 113 - macOS Chrome for Testing uses its own manifest and cannot replace Google Chrome registration # SKIP
2026-10-08T19:20:04.7161219Z   ---
2026-10-08T19:20:04.7161567Z   duration_ms: 0.210172
2026-10-08T19:20:04.7161971Z   type: 'test'
2026-10-08T19:20:04.7162327Z   ...
2026-10-08T19:20:04.7163305Z # Subtest: macOS Chrome for Testing manifest is isolated from regular Chrome and launches the real native host
2026-10-08T19:20:04.7164886Z ok 114 - macOS Chrome for Testing manifest is isolated from regular Chrome and launches the real native host # SKIP
2026-10-08T19:20:04.7165774Z   ---
2026-10-08T19:20:04.7166111Z   duration_ms: 0.104264
2026-10-08T19:20:04.7166514Z   type: 'test'
2026-10-08T19:20:04.7166879Z   ...
2026-10-08T19:20:04.7167540Z # Subtest: identity is pinned; invalid origin cannot launch a server
2026-10-08T19:20:04.7168499Z ok 115 - identity is pinned; invalid origin cannot launch a server
2026-10-08T19:20:04.7169121Z   ---
2026-10-08T19:20:04.7169474Z   duration_ms: 1.63723
2026-10-08T19:20:04.7169876Z   type: 'test'
2026-10-08T19:20:04.7170363Z   ...
2026-10-08T19:20:04.7171168Z # Subtest: framed Chrome welcome, authenticated local IPC, request and exact response
2026-10-08T19:20:04.7172352Z ok 116 - framed Chrome welcome, authenticated local IPC, request and exact response
2026-10-08T19:20:04.7173087Z   ---
2026-10-08T19:20:04.7173444Z   duration_ms: 11.698386
2026-10-08T19:20:04.7173848Z   type: 'test'
2026-10-08T19:20:04.7174183Z   ...
2026-10-08T19:20:04.7174870Z # Subtest: duplicate inflight request ID is rejected, not dispatched again
2026-10-08T19:20:04.7175906Z ok 117 - duplicate inflight request ID is rejected, not dispatched again
2026-10-08T19:20:04.7176564Z   ---
2026-10-08T19:20:04.7176906Z   duration_ms: 3.324956
2026-10-08T19:20:04.7177316Z   type: 'test'
2026-10-08T19:20:04.7177658Z   ...
2026-10-08T19:20:04.7178399Z # Subtest: unacknowledged dispatched effects become unknown on native shutdown
2026-10-08T19:20:04.7179530Z ok 118 - unacknowledged dispatched effects become unknown on native shutdown
2026-10-08T19:20:04.7180373Z   ---
2026-10-08T19:20:04.7180731Z   duration_ms: 3.120498
2026-10-08T19:20:04.7181151Z   type: 'test'
2026-10-08T19:20:04.7181497Z   ...
2026-10-08T19:20:04.7182125Z # Subtest: wrong credential is rejected without local API access
2026-10-08T19:20:04.7183042Z ok 119 - wrong credential is rejected without local API access
2026-10-08T19:20:04.7183636Z   ---
2026-10-08T19:20:04.7183984Z   duration_ms: 3.052608
2026-10-08T19:20:04.7184385Z   type: 'test'
2026-10-08T19:20:04.7184723Z   ...
2026-10-08T19:20:04.7185422Z # Subtest: handshake timeout closes the private socket without stale reuse
2026-10-08T19:20:04.7186436Z ok 120 - handshake timeout closes the private socket without stale reuse
2026-10-08T19:20:04.7187073Z   ---
2026-10-08T19:20:04.7187419Z   duration_ms: 100.825817
2026-10-08T19:20:04.7187829Z   type: 'test'
2026-10-08T19:20:04.7188178Z   ...
2026-10-08T19:20:04.7188822Z # Subtest: native response timeout preserves unknown-effect outcome
2026-10-08T19:20:04.7189748Z ok 121 - native response timeout preserves unknown-effect outcome
2026-10-08T19:20:04.7190731Z   ---
2026-10-08T19:20:04.7191299Z   duration_ms: 42.478419
2026-10-08T19:20:04.7191717Z   type: 'test'
2026-10-08T19:20:04.7192156Z   ...
2026-10-08T19:20:04.7192859Z # Subtest: existing socket is never unlinked or replaced by a second host
2026-10-08T19:20:04.7193849Z ok 122 - existing socket is never unlinked or replaced by a second host
2026-10-08T19:20:04.7194480Z   ---
2026-10-08T19:20:04.7194832Z   duration_ms: 1.068467
2026-10-08T19:20:04.7195230Z   type: 'test'
2026-10-08T19:20:04.7195575Z   ...
2026-10-08T19:20:04.7196315Z # Subtest: Native remains optional after merging the current permission catalog
2026-10-08T19:20:04.7197438Z ok 123 - Native remains optional after merging the current permission catalog
2026-10-08T19:20:04.7198125Z   ---
2026-10-08T19:20:04.7198471Z   duration_ms: 5.014256
2026-10-08T19:20:04.7198882Z   type: 'test'
2026-10-08T19:20:04.7199200Z   ...
2026-10-08T19:20:04.7199951Z # Subtest: strict production SW budget and fixed packaged Native transport entry
2026-10-08T19:20:04.7201221Z ok 124 - strict production SW budget and fixed packaged Native transport entry
2026-10-08T19:20:04.7201895Z   ---
2026-10-08T19:20:04.7202242Z   duration_ms: 0.278128
2026-10-08T19:20:04.7202653Z   type: 'test'
2026-10-08T19:20:04.7202995Z   ...
2026-10-08T19:20:04.7203670Z # Subtest: single exact same-extension static import allowed in SW only
2026-10-08T19:20:04.7204669Z ok 125 - single exact same-extension static import allowed in SW only
2026-10-08T19:20:04.7205308Z   ---
2026-10-08T19:20:04.7205654Z   duration_ms: 6.351989
2026-10-08T19:20:04.7206059Z   type: 'test'
2026-10-08T19:20:04.7206417Z   ...
2026-10-08T19:20:04.7207322Z # Subtest: fixed transport registers listeners on the original SW APIs; default-off does not connect
2026-10-08T19:20:04.7208734Z ok 126 - fixed transport registers listeners on the original SW APIs; default-off does not connect
2026-10-08T19:20:04.7209563Z   ---
2026-10-08T19:20:04.7209908Z   duration_ms: 0.656498
2026-10-08T19:20:04.7210480Z   type: 'test'
2026-10-08T19:20:04.7210853Z   ...
2026-10-08T19:20:04.7211635Z # Subtest: native framing uses UTF-8 byte length and handles split multibyte boundaries
2026-10-08T19:20:04.7212766Z ok 127 - native framing uses UTF-8 byte length and handles split multibyte boundaries
2026-10-08T19:20:04.7213475Z   ---
2026-10-08T19:20:04.7213816Z   duration_ms: 1.437919
2026-10-08T19:20:04.7214219Z   type: 'test'
2026-10-08T19:20:04.7214558Z   ...
2026-10-08T19:20:04.7215274Z # Subtest: private CLI line framing has bounded buffer and independent messages
2026-10-08T19:20:04.7216351Z ok 128 - private CLI line framing has bounded buffer and independent messages
2026-10-08T19:20:04.7217012Z   ---
2026-10-08T19:20:04.7217355Z   duration_ms: 1.761431
2026-10-08T19:20:04.7217755Z   type: 'test'
2026-10-08T19:20:04.7218107Z   ...
2026-10-08T19:20:04.7218875Z # Subtest: reject unsupported transport operations and malformed browser requests
2026-10-08T19:20:04.7220035Z ok 129 - reject unsupported transport operations and malformed browser requests
2026-10-08T19:20:04.7221053Z   ---
2026-10-08T19:20:04.7221409Z   duration_ms: 0.364155
2026-10-08T19:20:04.7221815Z   type: 'test'
2026-10-08T19:20:04.7222173Z   ...
2026-10-08T19:20:04.7222980Z # Subtest: stable digest pins equivalent JSON key order and rejects prototype pollution
2026-10-08T19:20:04.7224162Z ok 130 - stable digest pins equivalent JSON key order and rejects prototype pollution
2026-10-08T19:20:04.7224907Z   ---
2026-10-08T19:20:04.7225225Z   duration_ms: 6.857646
2026-10-08T19:20:04.7225600Z   type: 'test'
2026-10-08T19:20:04.7225945Z   ...
2026-10-08T19:20:04.8190035Z # {"kind":"historical-package-mutation","expectedPattern":"Dynamic execution reference","actualError":"Dynamic execution reference in agents/health.js: eval"}
2026-10-08T19:20:05.5187023Z # {"kind":"historical-package-mutation","expectedPattern":"Dynamic execution reference","actualError":"Dynamic execution reference in agents/health.js: Function"}
2026-10-08T19:20:05.5244749Z # Subtest: final classic scanner rejects eval alias and function-constructor references
2026-10-08T19:20:05.5248036Z ok 131 - final classic scanner rejects eval alias and function-constructor references
2026-10-08T19:20:05.5248980Z   ---
2026-10-08T19:20:05.5249562Z   duration_ms: 1552.933489
2026-10-08T19:20:05.5250112Z   type: 'test'
2026-10-08T19:20:05.5250663Z   ...
2026-10-08T19:20:06.0121541Z # {"kind":"historical-package-mutation","expectedPattern":"ENOENT|Missing","actualError":"Missing required resource: ui/tool-shell.css"}
2026-10-08T19:20:06.0154637Z # Subtest: final package cannot omit a referenced local asset
2026-10-08T19:20:06.0155744Z ok 132 - final package cannot omit a referenced local asset
2026-10-08T19:20:06.0156225Z   ---
2026-10-08T19:20:06.0156549Z   duration_ms: 491.905302
2026-10-08T19:20:06.0156907Z   type: 'test'
2026-10-08T19:20:06.0157200Z   ...
2026-10-08T19:20:06.9231000Z # {"kind":"historical-package-mutation","expectedPattern":"Unsafe HTML","actualError":"Unsafe HTML resources in ui/tool.html"}
2026-10-08T19:20:07.4195479Z # {"kind":"historical-package-mutation","expectedPattern":"Unexpected JS","actualError":"Unexpected JS/chunks: agents/bootstrap.js,agents/health.js,agents/page-agent.js,agents/page-relay.js,agents/selection-entry.js,chunk.js,framework/sdk-main.js,native-agent/settings.js,native-agent/transport.js,scripting/packaged/page-session.js,scripting/sandbox/sandbox.js,scripting/sandbox/worker-runtime.js,sidebar-tools/bridge.js,sw.js,ui/tool-shell.js,vendor/jquery-3.7.1.min.js"}
2026-10-08T19:20:07.4240492Z # Subtest: remote script and unexpected lazy chunk fail final package verification
2026-10-08T19:20:07.4245192Z ok 133 - remote script and unexpected lazy chunk fail final package verification
2026-10-08T19:20:07.4246274Z   ---
2026-10-08T19:20:07.4246790Z   duration_ms: 1408.482689
2026-10-08T19:20:07.4247306Z   type: 'test'
2026-10-08T19:20:07.4247760Z   ...
2026-10-08T19:20:07.9082856Z # {"kind":"historical-package-mutation","expectedPattern":"Missing|required|ENOENT","actualError":"Missing required resource: ui/tool.html"}
2026-10-08T19:20:08.3486986Z # {"kind":"historical-package-mutation","expectedPattern":"worker|entry|Missing","actualError":"Unexpected or missing worker entry"}
2026-10-08T19:20:08.3552494Z # Subtest: final package requires tool HTML/CSS and manifest worker references
2026-10-08T19:20:08.3554067Z ok 134 - final package requires tool HTML/CSS and manifest worker references
2026-10-08T19:20:08.3554857Z   ---
2026-10-08T19:20:08.3555323Z   duration_ms: 930.830464
2026-10-08T19:20:08.3555840Z   type: 'test'
2026-10-08T19:20:08.3556318Z   ...
2026-10-08T19:20:08.3913052Z # Subtest: pasting @require only inspects; trusted acquisition requests permission synchronously and full-hash approval unlocks unsaved edits
2026-10-08T19:20:08.3919482Z ok 135 - pasting @require only inspects; trusted acquisition requests permission synchronously and full-hash approval unlocks unsaved edits
2026-10-08T19:20:08.3941206Z   ---
2026-10-08T19:20:08.3941649Z   duration_ms: 33.324993
2026-10-08T19:20:08.3965356Z   type: 'test'
2026-10-08T19:20:08.3966078Z   ...
2026-10-08T19:20:08.3991443Z # Subtest: changing declarations clears an old lock and a late old review cannot replace the current source or become approvable
2026-10-08T19:20:08.3994883Z ok 136 - changing declarations clears an old lock and a late old review cannot replace the current source or become approvable
2026-10-08T19:20:08.4028463Z   ---
2026-10-08T19:20:08.4036879Z   duration_ms: 9.59504
2026-10-08T19:20:08.4047423Z   type: 'test'
2026-10-08T19:20:08.4047912Z   ...
2026-10-08T19:20:08.4049074Z # Subtest: approved cached bytes can be locked for explicitly selected classic mode without a CDN permission prompt
2026-10-08T19:20:08.4051054Z ok 137 - approved cached bytes can be locked for explicitly selected classic mode without a CDN permission prompt
2026-10-08T19:20:08.4052125Z   ---
2026-10-08T19:20:08.4052607Z   duration_ms: 4.912025
2026-10-08T19:20:08.4053166Z   type: 'test'
2026-10-08T19:20:08.4053638Z   ...
2026-10-08T19:20:08.4055115Z # Subtest: permission refusal stops acquisition and local files preserve their original bytes without a CDN request
2026-10-08T19:20:08.4056806Z ok 138 - permission refusal stops acquisition and local files preserve their original bytes without a CDN request
2026-10-08T19:20:08.4057769Z   ---
2026-10-08T19:20:08.4058248Z   duration_ms: 6.930643
2026-10-08T19:20:08.4058757Z   type: 'test'
2026-10-08T19:20:08.4059222Z   ...
2026-10-08T19:20:08.4060580Z # Subtest: add dependency edits only the true metadata block, leaves examples intact and refuses to hide an incomplete header
2026-10-08T19:20:08.4062370Z ok 139 - add dependency edits only the true metadata block, leaves examples intact and refuses to hide an incomplete header
2026-10-08T19:20:08.4063414Z   ---
2026-10-08T19:20:08.4063895Z   duration_ms: 5.82579
2026-10-08T19:20:08.4064351Z   type: 'test'
2026-10-08T19:20:08.4064768Z   ...
2026-10-08T19:20:08.4065787Z # Subtest: closing or changing source while permission/file reading is pending cancels acquisition and old approval handlers
2026-10-08T19:20:08.4067551Z ok 140 - closing or changing source while permission/file reading is pending cancels acquisition and old approval handlers
2026-10-08T19:20:08.4068692Z   ---
2026-10-08T19:20:08.4069142Z   duration_ms: 13.048366
2026-10-08T19:20:08.4069621Z   type: 'test'
2026-10-08T19:20:08.4070044Z   ...
2026-10-08T19:20:08.4071040Z # Subtest: review freezes dependency source selectors and lock status does not claim cache verification
2026-10-08T19:20:08.4072321Z ok 141 - review freezes dependency source selectors and lock status does not claim cache verification
2026-10-08T19:20:08.4073189Z   ---
2026-10-08T19:20:08.4073627Z   duration_ms: 3.22583
2026-10-08T19:20:08.4074108Z   type: 'test'
2026-10-08T19:20:08.4074547Z   ...
2026-10-08T19:20:08.4075627Z # Subtest: a late dependency inspection cannot replace the admission of current metadata with the old source policy
2026-10-08T19:20:08.4077204Z ok 142 - a late dependency inspection cannot replace the admission of current metadata with the old source policy
2026-10-08T19:20:08.4078190Z   ---
2026-10-08T19:20:08.4078648Z   duration_ms: 6.939308
2026-10-08T19:20:08.4079169Z   type: 'test'
2026-10-08T19:20:08.4079609Z   ...
2026-10-08T19:20:08.4080694Z # Subtest: repairing metadata during inspection uses current admission and retains a dependency-only lock
2026-10-08T19:20:08.4082141Z ok 143 - repairing metadata during inspection uses current admission and retains a dependency-only lock
2026-10-08T19:20:08.4083007Z   ---
2026-10-08T19:20:08.4083450Z   duration_ms: 3.511421
2026-10-08T19:20:08.4083938Z   type: 'test'
2026-10-08T19:20:08.4084392Z   ...
2026-10-08T19:20:08.4085568Z # Subtest: a newly unsupported policy cancels acquisition after the permission await even when dependencies are unchanged
2026-10-08T19:20:08.4087474Z ok 144 - a newly unsupported policy cancels acquisition after the permission await even when dependencies are unchanged
2026-10-08T19:20:08.4088597Z   ---
2026-10-08T19:20:08.4089091Z   duration_ms: 5.671559
2026-10-08T19:20:08.4089642Z   type: 'test'
2026-10-08T19:20:08.4090145Z   ...
2026-10-08T19:20:08.4091191Z # Subtest: approval revalidates current source even when an importer did not dispatch an input event
2026-10-08T19:20:08.4092616Z ok 145 - approval revalidates current source even when an importer did not dispatch an input event
2026-10-08T19:20:08.4093524Z   ---
2026-10-08T19:20:08.4093988Z   duration_ms: 4.453141
2026-10-08T19:20:08.4094513Z   type: 'test'
2026-10-08T19:20:08.4094974Z   ...
2026-10-08T19:20:08.4096051Z # Subtest: declared antifeatures remain visible as untrusted plain text through inspection and source edits
2026-10-08T19:20:08.4097596Z ok 146 - declared antifeatures remain visible as untrusted plain text through inspection and source edits
2026-10-08T19:20:08.4098489Z   ---
2026-10-08T19:20:08.4098918Z   duration_ms: 1.870115
2026-10-08T19:20:08.4099389Z   type: 'test'
2026-10-08T19:20:08.4099817Z   ...
2026-10-08T19:20:08.4100826Z # Subtest: explicit legacy adapter preserves R3 frozen USER_SCRIPT descriptors
2026-10-08T19:20:08.4102233Z ok 147 - explicit legacy adapter preserves R3 frozen USER_SCRIPT descriptors
2026-10-08T19:20:08.4103219Z   ---
2026-10-08T19:20:08.4103726Z   duration_ms: 12.546467
2026-10-08T19:20:08.4104282Z   type: 'test'
2026-10-08T19:20:08.4104777Z   ...
2026-10-08T19:20:08.4105746Z # Subtest: new pinned revision obtains different world and old revision unchanged
2026-10-08T19:20:08.4106951Z ok 148 - new pinned revision obtains different world and old revision unchanged
2026-10-08T19:20:08.4107725Z   ---
2026-10-08T19:20:08.4108148Z   duration_ms: 3.144408
2026-10-08T19:20:08.4108611Z   type: 'test'
2026-10-08T19:20:08.4109037Z   ...
2026-10-08T19:20:08.4109931Z # Subtest: fails closed without existing broker Available+install grant or with altered script hash
2026-10-08T19:20:08.4111390Z ok 149 - fails closed without existing broker Available+install grant or with altered script hash
2026-10-08T19:20:08.4112265Z   ---
2026-10-08T19:20:08.4112723Z   duration_ms: 3.338221
2026-10-08T19:20:08.4113248Z   type: 'test'
2026-10-08T19:20:08.4113734Z   ...
2026-10-08T19:20:08.4114609Z # Subtest: dependency version/sha/world lock enforced, library failure blocks injection
2026-10-08T19:20:08.4115849Z ok 150 - dependency version/sha/world lock enforced, library failure blocks injection
2026-10-08T19:20:08.4116712Z   ---
2026-10-08T19:20:08.4117148Z   duration_ms: 1.743452
2026-10-08T19:20:08.4117649Z   type: 'test'
2026-10-08T19:20:08.4118122Z   ...
2026-10-08T19:20:08.4119086Z # Subtest: D1 Page contract consumes actual manager locks and preserves generic classic globals without a wrapper
2026-10-08T19:20:08.4120739Z ok 151 - D1 Page contract consumes actual manager locks and preserves generic classic globals without a wrapper
2026-10-08T19:20:08.4121744Z   ---
2026-10-08T19:20:08.4122197Z   duration_ms: 45.881101
2026-10-08T19:20:08.4122673Z   type: 'test'
2026-10-08T19:20:08.4123098Z   ...
2026-10-08T19:20:08.4124092Z # Subtest: async-main Page revisions share immutable dependencies while registration identities remain isolated
2026-10-08T19:20:08.4125725Z ok 152 - async-main Page revisions share immutable dependencies while registration identities remain isolated
2026-10-08T19:20:08.4126811Z   ---
2026-10-08T19:20:08.4127275Z   duration_ms: 42.870078
2026-10-08T19:20:08.4127771Z   type: 'test'
2026-10-08T19:20:08.4128239Z   ...
2026-10-08T19:20:08.4129408Z # Subtest: full Page authority proof binds kind, entry, revision, dependency identity and every rule, not only matches
2026-10-08T19:20:08.4131173Z ok 153 - full Page authority proof binds kind, entry, revision, dependency identity and every rule, not only matches
2026-10-08T19:20:08.4132213Z   ---
2026-10-08T19:20:08.4132698Z   duration_ms: 49.651795
2026-10-08T19:20:08.4133255Z   type: 'test'
2026-10-08T19:20:08.4133752Z   ...
2026-10-08T19:20:08.4134925Z # Subtest: Page source/metadata/asset tampering is blocked and old Controller/R3 formats require an explicit path
2026-10-08T19:20:08.4136571Z ok 154 - Page source/metadata/asset tampering is blocked and old Controller/R3 formats require an explicit path
2026-10-08T19:20:08.4137577Z   ---
2026-10-08T19:20:08.4138068Z   duration_ms: 23.57459
2026-10-08T19:20:08.4138608Z   type: 'test'
2026-10-08T19:20:08.4139085Z   ...
2026-10-08T19:20:08.4140299Z # Subtest: named async main() evaluates in exact USER_SCRIPT main document without durable Task or registration
2026-10-08T19:20:08.4141864Z ok 155 - named async main() evaluates in exact USER_SCRIPT main document without durable Task or registration
2026-10-08T19:20:08.4142802Z   ---
2026-10-08T19:20:08.4143274Z   duration_ms: 9.736289
2026-10-08T19:20:08.4143719Z   type: 'test'
2026-10-08T19:20:08.4144081Z   ...
2026-10-08T19:20:08.4144996Z # Subtest: no injection after document change, permission revoke, Controller slot, invalid sender or API opt-in
2026-10-08T19:20:08.4146581Z ok 156 - no injection after document change, permission revoke, Controller slot, invalid sender or API opt-in
2026-10-08T19:20:08.4147417Z   ---
2026-10-08T19:20:08.4147745Z   duration_ms: 4.588445
2026-10-08T19:20:08.4148344Z   type: 'test'
2026-10-08T19:20:08.4148598Z   ...
2026-10-08T19:20:08.4149110Z # Subtest: incorrect browser document receipt and native script errors cannot claim success
2026-10-08T19:20:08.4149758Z ok 157 - incorrect browser document receipt and native script errors cannot claim success
2026-10-08T19:20:08.4150153Z   ---
2026-10-08T19:20:08.4150632Z   duration_ms: 7.538807
2026-10-08T19:20:08.4150899Z   type: 'test'
2026-10-08T19:20:08.4151086Z   ...
2026-10-08T19:20:08.4151540Z # Subtest: source, site and requested execution world cannot be forged through preview protocol
2026-10-08T19:20:08.4152206Z ok 158 - source, site and requested execution world cannot be forged through preview protocol
2026-10-08T19:20:08.4152602Z   ---
2026-10-08T19:20:08.4152792Z   duration_ms: 0.936002
2026-10-08T19:20:08.4153000Z   type: 'test'
2026-10-08T19:20:08.4153187Z   ...
2026-10-08T19:20:08.4153737Z # Subtest: verified pinned jQuery bytes precede preview main, without Service Worker evaluation
2026-10-08T19:20:08.4154940Z ok 159 - verified pinned jQuery bytes precede preview main, without Service Worker evaluation
2026-10-08T19:20:08.4155576Z   ---
2026-10-08T19:20:08.4155775Z   duration_ms: 9.998096
2026-10-08T19:20:08.4155986Z   type: 'test'
2026-10-08T19:20:08.4156171Z   ...
2026-10-08T19:20:08.4156553Z # Subtest: same-id replacement disposes old listener, keeps a different instance
2026-10-08T19:20:08.4157124Z ok 160 - same-id replacement disposes old listener, keeps a different instance
2026-10-08T19:20:08.4157476Z   ---
2026-10-08T19:20:08.4157657Z   duration_ms: 1.781872
2026-10-08T19:20:08.4157875Z   type: 'test'
2026-10-08T19:20:08.4158058Z   ...
2026-10-08T19:20:08.4158432Z # Subtest: assets, timer/observer/ObjectURL and pagehide cleanup remain scoped
2026-10-08T19:20:08.4158983Z ok 161 - assets, timer/observer/ObjectURL and pagehide cleanup remain scoped
2026-10-08T19:20:08.4159335Z   ---
2026-10-08T19:20:08.4159513Z   duration_ms: 5.19624
2026-10-08T19:20:08.4159730Z   type: 'test'
2026-10-08T19:20:08.4159921Z   ...
2026-10-08T19:20:08.4160875Z # Subtest: manifest and build verifier accept broad required sites and a finite API permission catalog
2026-10-08T19:20:08.4162175Z ok 162 - manifest and build verifier accept broad required sites and a finite API permission catalog
2026-10-08T19:20:08.4162890Z   ---
2026-10-08T19:20:08.4163206Z   duration_ms: 11.585215
2026-10-08T19:20:08.4163598Z   type: 'test'
2026-10-08T19:20:08.4163919Z   ...
2026-10-08T19:20:08.4164766Z # Subtest: declared optional plugin permission requests reject unknown, required and duplicate names
2026-10-08T19:20:08.4166261Z ok 163 - declared optional plugin permission requests reject unknown, required and duplicate names
2026-10-08T19:20:08.4167013Z   ---
2026-10-08T19:20:08.4167306Z   duration_ms: 0.66511
2026-10-08T19:20:08.4167656Z   type: 'test'
2026-10-08T19:20:08.4167972Z   ...
2026-10-08T19:20:08.4168711Z # Subtest: API grant starts synchronously inside trusted UI click and verifies the native state
2026-10-08T19:20:08.4169793Z ok 164 - API grant starts synchronously inside trusted UI click and verifies the native state
2026-10-08T19:20:08.4170789Z   ---
2026-10-08T19:20:08.4171121Z   duration_ms: 0.907558
2026-10-08T19:20:08.4171484Z   type: 'test'
2026-10-08T19:20:08.4171787Z   ...
2026-10-08T19:20:08.4172474Z # Subtest: a plugin cannot silently escalate permissions on deny or an untrusted event
2026-10-08T19:20:08.4173477Z ok 165 - a plugin cannot silently escalate permissions on deny or an untrusted event
2026-10-08T19:20:08.4174108Z   ---
2026-10-08T19:20:08.4174423Z   duration_ms: 0.477218
2026-10-08T19:20:08.4174782Z   type: 'test'
2026-10-08T19:20:08.4175096Z   ...
2026-10-08T19:20:08.4175840Z # Subtest: CSS url() points to embedded image, with JSON and hashes; no runtime dev server
2026-10-08T19:20:08.4177017Z ok 166 - CSS url() points to embedded image, with JSON and hashes; no runtime dev server
2026-10-08T19:20:08.4177691Z   ---
2026-10-08T19:20:08.4178027Z   duration_ms: 1196.416053
2026-10-08T19:20:08.4178604Z   type: 'test'
2026-10-08T19:20:08.4178931Z   ...
2026-10-08T19:20:08.4179709Z # Subtest: reject CSS network/import/undeclared URLs and spoofed image bytes
2026-10-08T19:20:08.4180887Z ok 167 - reject CSS network/import/undeclared URLs and spoofed image bytes
2026-10-08T19:20:08.4181531Z   ---
2026-10-08T19:20:08.4181859Z   duration_ms: 37.835642
2026-10-08T19:20:08.4182261Z   type: 'test'
2026-10-08T19:20:08.4182592Z   ...
2026-10-08T19:20:08.4183317Z # Subtest: CSS comments and URL-like string content retain their literal meaning
2026-10-08T19:20:08.4184365Z ok 168 - CSS comments and URL-like string content retain their literal meaning
2026-10-08T19:20:08.4185018Z   ---
2026-10-08T19:20:08.4185341Z   duration_ms: 15.140702
2026-10-08T19:20:08.4185728Z   type: 'test'
2026-10-08T19:20:08.4186051Z   ...
2026-10-08T19:20:08.4186678Z # Subtest: reject CSS escaped tokens and unsupported string image URLs
2026-10-08T19:20:08.4187605Z ok 169 - reject CSS escaped tokens and unsupported string image URLs
2026-10-08T19:20:08.4188221Z   ---
2026-10-08T19:20:08.4188543Z   duration_ms: 30.500009
2026-10-08T19:20:08.4188928Z   type: 'test'
2026-10-08T19:20:08.4189260Z   ...
2026-10-08T19:20:08.4189838Z # Subtest: malformed CSS strings cannot hide runtime URL tokens
2026-10-08T19:20:08.4190750Z ok 170 - malformed CSS strings cannot hide runtime URL tokens
2026-10-08T19:20:08.4191318Z   ---
2026-10-08T19:20:08.4191661Z   duration_ms: 32.988425
2026-10-08T19:20:08.4192033Z   type: 'test'
2026-10-08T19:20:08.4192358Z   ...
2026-10-08T19:20:08.4192972Z # Subtest: Controller resource declarations fail before packaging
2026-10-08T19:20:08.4193849Z ok 171 - Controller resource declarations fail before packaging
2026-10-08T19:20:08.4194428Z   ---
2026-10-08T19:20:08.4194753Z   duration_ms: 11.841392
2026-10-08T19:20:08.4195138Z   type: 'test'
2026-10-08T19:20:08.4195457Z   ...
2026-10-08T19:20:08.4196179Z # Subtest: invalid JSON, UTF-8 and per-file/aggregate resource budgets fail closed
2026-10-08T19:20:08.4197257Z ok 172 - invalid JSON, UTF-8 and per-file/aggregate resource budgets fail closed
2026-10-08T19:20:08.4197915Z   ---
2026-10-08T19:20:08.4198260Z   duration_ms: 13.460238
2026-10-08T19:20:08.4198638Z   type: 'test'
2026-10-08T19:20:08.4198967Z   ...
2026-10-08T19:20:08.4199715Z # Subtest: original JavaScript-only program keeps its output without adding base CSS
2026-10-08T19:20:08.4200983Z ok 173 - original JavaScript-only program keeps its output without adding base CSS
2026-10-08T19:20:08.4201687Z   ---
2026-10-08T19:20:08.4202013Z   duration_ms: 204.81571
2026-10-08T19:20:08.4202404Z   type: 'test'
2026-10-08T19:20:08.4202724Z   ...
2026-10-08T19:20:08.4203657Z # Subtest: three-file ESM Page project becomes one locally hashed JS consumed by existing USER_SCRIPT compiler
2026-10-08T19:20:08.4205129Z ok 174 - three-file ESM Page project becomes one locally hashed JS consumed by existing USER_SCRIPT compiler
2026-10-08T19:20:08.4205961Z   ---
2026-10-08T19:20:08.4206273Z   duration_ms: 894.463178
2026-10-08T19:20:08.4206671Z   type: 'test'
2026-10-08T19:20:08.4207015Z   ...
2026-10-08T19:20:08.4208021Z # Subtest: Controller ESM project produces the existing genuine Task v1 Candidate import format, not an Available claim
2026-10-08T19:20:08.4209595Z ok 175 - Controller ESM project produces the existing genuine Task v1 Candidate import format, not an Available claim
2026-10-08T19:20:08.4210636Z   ---
2026-10-08T19:20:08.4210988Z   duration_ms: 204.612118
2026-10-08T19:20:08.4211401Z   type: 'test'
2026-10-08T19:20:08.4211739Z   ...
2026-10-08T19:20:08.4212690Z # Subtest: development mode emits readable program JS, draft metadata and a separate local source map only
2026-10-08T19:20:08.4214175Z ok 176 - development mode emits readable program JS, draft metadata and a separate local source map only
2026-10-08T19:20:08.4214998Z   ---
2026-10-08T19:20:08.4215349Z   duration_ms: 84.009686
2026-10-08T19:20:08.4215753Z   type: 'test'
2026-10-08T19:20:08.4216114Z   ...
2026-10-08T19:20:08.4217219Z # Subtest: development source map maps final generated throw position back to local authoring module
2026-10-08T19:20:08.4218733Z ok 177 - development source map maps final generated throw position back to local authoring module
2026-10-08T19:20:08.4219505Z   ---
2026-10-08T19:20:08.4219858Z   duration_ms: 52.002784
2026-10-08T19:20:08.4220498Z   type: 'test'
2026-10-08T19:20:08.4220864Z   ...
2026-10-08T19:20:08.4221724Z # Subtest: a declared Page stylesheet enters the immutable program artifact rather than failing closed
2026-10-08T19:20:08.4223099Z ok 178 - a declared Page stylesheet enters the immutable program artifact rather than failing closed
2026-10-08T19:20:08.4223899Z   ---
2026-10-08T19:20:08.4224246Z   duration_ms: 191.468873
2026-10-08T19:20:08.4224642Z   type: 'test'
2026-10-08T19:20:08.4224976Z   ...
2026-10-08T19:20:08.4225791Z # Subtest: webpack dependency failures report project, phase and importing source location
2026-10-08T19:20:08.4227030Z ok 179 - webpack dependency failures report project, phase and importing source location
2026-10-08T19:20:08.4227765Z   ---
2026-10-08T19:20:08.4228100Z   duration_ms: 171.798195
2026-10-08T19:20:08.4228485Z   type: 'test'
2026-10-08T19:20:08.4228791Z   ...
2026-10-08T19:20:08.4229426Z # Subtest: untrusted remote and dynamic ESM imports are rejected before Webpack
2026-10-08T19:20:08.4230546Z ok 180 - untrusted remote and dynamic ESM imports are rejected before Webpack
2026-10-08T19:20:08.4231288Z   ---
2026-10-08T19:20:08.4231631Z   duration_ms: 5.368583
2026-10-08T19:20:08.4232036Z   type: 'test'
2026-10-08T19:20:08.4232384Z   ...
2026-10-08T19:20:08.4233243Z # Subtest: a frozen output directory rejects replacement without quietly publishing new bytes
2026-10-08T19:20:08.4234571Z ok 181 - a frozen output directory rejects replacement without quietly publishing new bytes
2026-10-08T19:20:08.4235364Z   ---
2026-10-08T19:20:08.4235715Z   duration_ms: 370.881926
2026-10-08T19:20:08.4236138Z   type: 'test'
2026-10-08T19:20:08.4236491Z   ...
2026-10-08T19:20:08.4237198Z # Subtest: UTF-8 BOM in an authoring module survives build and draft import
2026-10-08T19:20:08.4238217Z ok 182 - UTF-8 BOM in an authoring module survives build and draft import
2026-10-08T19:20:08.4238867Z   ---
2026-10-08T19:20:08.4239218Z   duration_ms: 761.143165
2026-10-08T19:20:08.4239654Z   type: 'test'
2026-10-08T19:20:08.4240023Z   ...
2026-10-08T19:20:08.4240888Z # Subtest: package metadata BOM fails at validation with the fixed Webpack boundary
2026-10-08T19:20:08.4242057Z ok 183 - package metadata BOM fails at validation with the fixed Webpack boundary
2026-10-08T19:20:08.4242780Z   ---
2026-10-08T19:20:08.4243151Z   duration_ms: 11.133203
2026-10-08T19:20:08.4243566Z   type: 'test'
2026-10-08T19:20:08.4243915Z   ...
2026-10-08T19:20:08.4244689Z # Subtest: Page prerelease version matches the project and draft schema at import
2026-10-08T19:20:08.4245835Z ok 184 - Page prerelease version matches the project and draft schema at import
2026-10-08T19:20:08.4246558Z   ---
2026-10-08T19:20:08.4246925Z   duration_ms: 206.595001
2026-10-08T19:20:08.4247342Z   type: 'test'
2026-10-08T19:20:08.4247696Z   ...
2026-10-08T19:20:08.4248538Z # Subtest: builder applies envelope budget to the bytes actually written for file import
2026-10-08T19:20:08.4249762Z ok 185 - builder applies envelope budget to the bytes actually written for file import
2026-10-08T19:20:08.4250710Z   ---
2026-10-08T19:20:08.4251080Z   duration_ms: 356.213634
2026-10-08T19:20:08.4251503Z   type: 'test'
2026-10-08T19:20:08.4251847Z   ...
2026-10-08T19:20:08.4252743Z # Subtest: matching archive reuses only recorded component scope and retains untested/failed cases
2026-10-08T19:20:08.4254129Z ok 186 - matching archive reuses only recorded component scope and retains untested/failed cases
2026-10-08T19:20:08.4254958Z   ---
2026-10-08T19:20:08.4255319Z   duration_ms: 90.57635
2026-10-08T19:20:08.4255712Z   type: 'test'
2026-10-08T19:20:08.4256068Z   ...
2026-10-08T19:20:08.4256861Z # Subtest: documentation and observer changes alone do not invalidate product inputs
2026-10-08T19:20:08.4258233Z ok 187 - documentation and observer changes alone do not invalidate product inputs
2026-10-08T19:20:08.4259057Z   ---
2026-10-08T19:20:08.4259403Z   duration_ms: 96.88082
2026-10-08T19:20:08.4259808Z   type: 'test'
2026-10-08T19:20:08.4260143Z   ...
2026-10-08T19:20:08.4261160Z # Subtest: changed source, dependency, manifest and fixture are reported without rewriting old PASS
2026-10-08T19:20:08.4262536Z ok 188 - changed source, dependency, manifest and fixture are reported without rewriting old PASS
2026-10-08T19:20:08.4263320Z   ---
2026-10-08T19:20:08.4263660Z   duration_ms: 57.406073
2026-10-08T19:20:08.4264074Z   type: 'test'
2026-10-08T19:20:08.4264422Z   ...
2026-10-08T19:20:08.4265100Z # Subtest: unknown or different package identity cannot authorize reuse
2026-10-08T19:20:08.4266083Z ok 189 - unknown or different package identity cannot authorize reuse
2026-10-08T19:20:08.4266738Z   ---
2026-10-08T19:20:08.4267085Z   duration_ms: 77.054572
2026-10-08T19:20:08.4267506Z   type: 'test'
2026-10-08T19:20:08.4267869Z   ...
2026-10-08T19:20:08.4268375Z # Subtest: trusted index hash rejects edited index
2026-10-08T19:20:08.4269089Z ok 190 - trusted index hash rejects edited index
2026-10-08T19:20:08.4269590Z   ---
2026-10-08T19:20:08.4269915Z   duration_ms: 36.202042
2026-10-08T19:20:08.4270422Z   type: 'test'
2026-10-08T19:20:08.4270778Z   ...
2026-10-08T19:20:08.4271443Z # Subtest: missing, changed and duplicate raw evidence prevents reuse
2026-10-08T19:20:08.4272437Z ok 191 - missing, changed and duplicate raw evidence prevents reuse
2026-10-08T19:20:08.4273068Z   ---
2026-10-08T19:20:08.4273428Z   duration_ms: 110.129116
2026-10-08T19:20:08.4273841Z   type: 'test'
2026-10-08T19:20:08.4274190Z   ...
2026-10-08T19:20:08.4274801Z # Subtest: archive paths reject traversal and symlink escape
2026-10-08T19:20:08.4275658Z ok 192 - archive paths reject traversal and symlink escape
2026-10-08T19:20:08.4276236Z   ---
2026-10-08T19:20:08.4276574Z   duration_ms: 107.184281
2026-10-08T19:20:08.4276970Z   type: 'test'
2026-10-08T19:20:08.4277315Z   ...
2026-10-08T19:20:08.4278326Z # Subtest: service results, wrong revision/document and incomplete retirement cannot replace controller result
2026-10-08T19:20:08.4279845Z ok 193 - service results, wrong revision/document and incomplete retirement cannot replace controller result
2026-10-08T19:20:08.4280898Z   ---
2026-10-08T19:20:08.4281252Z   duration_ms: 133.938442
2026-10-08T19:20:08.4281632Z   type: 'test'
2026-10-08T19:20:08.4281966Z   ...
2026-10-08T19:20:08.4282543Z # Subtest: the observed package must match the indexed package
2026-10-08T19:20:08.4283387Z ok 194 - the observed package must match the indexed package
2026-10-08T19:20:08.4283933Z   ---
2026-10-08T19:20:08.4284269Z   duration_ms: 41.47603
2026-10-08T19:20:08.4284631Z   type: 'test'
2026-10-08T19:20:08.4284944Z   ...
2026-10-08T19:20:08.4285657Z # Subtest: Page preview reuse requires its indexed exact-document native receipt
2026-10-08T19:20:08.4286713Z ok 195 - Page preview reuse requires its indexed exact-document native receipt
2026-10-08T19:20:08.4287485Z   ---
2026-10-08T19:20:08.4287799Z   duration_ms: 104.099874
2026-10-08T19:20:08.4288190Z   type: 'test'
2026-10-08T19:20:08.4288554Z   ...
2026-10-08T19:20:08.4289222Z # Subtest: saved revision identity must match complete source bytes
2026-10-08T19:20:08.4290126Z ok 196 - saved revision identity must match complete source bytes
2026-10-08T19:20:08.4290805Z   ---
2026-10-08T19:20:08.4291128Z   duration_ms: 82.104531
2026-10-08T19:20:08.4291515Z   type: 'test'
2026-10-08T19:20:08.4291847Z   ...
2026-10-08T19:20:08.4292675Z # Subtest: same bytes cannot hide a changed product file mode or symbolic-link target closure
2026-10-08T19:20:08.4294017Z ok 197 - same bytes cannot hide a changed product file mode or symbolic-link target closure
2026-10-08T19:20:08.4294761Z   ---
2026-10-08T19:20:08.4295124Z   duration_ms: 115.024688
2026-10-08T19:20:08.4295536Z   type: 'test'
2026-10-08T19:20:08.4295849Z   ...
2026-10-08T19:20:08.4296869Z # Subtest: contradictory or missing success outcome is rejected; explicit expected errors retain their scope
2026-10-08T19:20:08.4298366Z ok 198 - contradictory or missing success outcome is rejected; explicit expected errors retain their scope
2026-10-08T19:20:08.4299264Z   ---
2026-10-08T19:20:08.4299628Z   duration_ms: 101.378993
2026-10-08T19:20:08.4300031Z   type: 'test'
2026-10-08T19:20:08.4300519Z   ...
2026-10-08T19:20:08.4301360Z # Subtest: multi-file ESM authoring project is a source contract, not an installed program
2026-10-08T19:20:08.4302628Z ok 199 - multi-file ESM authoring project is a source contract, not an installed program
2026-10-08T19:20:08.4303391Z   ---
2026-10-08T19:20:08.4303740Z   duration_ms: 29.304374
2026-10-08T19:20:08.4304146Z   type: 'test'
2026-10-08T19:20:08.4304496Z   ...
2026-10-08T19:20:08.4305260Z # Subtest: imports cannot escape project or load remote modules at browser runtime
2026-10-08T19:20:08.4306434Z ok 200 - imports cannot escape project or load remote modules at browser runtime
2026-10-08T19:20:08.4307109Z   ---
2026-10-08T19:20:08.4307456Z   duration_ms: 9.77759
2026-10-08T19:20:08.4307858Z   type: 'test'
2026-10-08T19:20:08.4308209Z   ...
2026-10-08T19:20:08.4309094Z # Subtest: entry diagnostics distinguish missing and non-function defaults with source location
2026-10-08T19:20:08.4310670Z ok 201 - entry diagnostics distinguish missing and non-function defaults with source location
2026-10-08T19:20:08.4311490Z   ---
2026-10-08T19:20:08.4311830Z   duration_ms: 7.669084
2026-10-08T19:20:08.4312232Z   type: 'test'
2026-10-08T19:20:08.4312590Z   ...
2026-10-08T19:20:08.4313323Z # Subtest: dynamic import is not quietly kept as an unlocked runtime dependency
2026-10-08T19:20:08.4314403Z ok 202 - dynamic import is not quietly kept as an unlocked runtime dependency
2026-10-08T19:20:08.4315085Z   ---
2026-10-08T19:20:08.4315430Z   duration_ms: 5.531698
2026-10-08T19:20:08.4315817Z   type: 'test'
2026-10-08T19:20:08.4316148Z   ...
2026-10-08T19:20:08.4316956Z # Subtest: npm imports require declared dependencies and a committed matching npm lock
2026-10-08T19:20:08.4318171Z ok 203 - npm imports require declared dependencies and a committed matching npm lock
2026-10-08T19:20:08.4318894Z   ---
2026-10-08T19:20:08.4319256Z   duration_ms: 9.380056
2026-10-08T19:20:08.4319660Z   type: 'test'
2026-10-08T19:20:08.4319998Z   ...
2026-10-08T19:20:08.4320934Z # Subtest: Page/Controller source contracts remain discriminated without changing Task v1
2026-10-08T19:20:08.4322178Z ok 204 - Page/Controller source contracts remain discriminated without changing Task v1
2026-10-08T19:20:08.4322931Z   ---
2026-10-08T19:20:08.4323281Z   duration_ms: 8.164373
2026-10-08T19:20:08.4323672Z   type: 'test'
2026-10-08T19:20:08.4323998Z   ...
2026-10-08T19:20:08.4324659Z # Subtest: assets can be listed and hashed but never silently injected
2026-10-08T19:20:08.4325607Z ok 205 - assets can be listed and hashed but never silently injected
2026-10-08T19:20:08.4326230Z   ---
2026-10-08T19:20:08.4326591Z   duration_ms: 11.650866
2026-10-08T19:20:08.4327017Z   type: 'test'
2026-10-08T19:20:08.4327365Z   ...
2026-10-08T19:20:08.4328215Z # Subtest: source snapshots and executable hashes are independently checked before import
2026-10-08T19:20:08.4329501Z ok 206 - source snapshots and executable hashes are independently checked before import
2026-10-08T19:20:08.4330363Z   ---
2026-10-08T19:20:08.4330723Z   duration_ms: 14.695026
2026-10-08T19:20:08.4331152Z   type: 'test'
2026-10-08T19:20:08.4331510Z   ...
2026-10-08T19:20:08.4332447Z # Subtest: project file selection only changes the read-only viewer; execution uses exact frozen build
2026-10-08T19:20:08.4333863Z ok 207 - project file selection only changes the read-only viewer; execution uses exact frozen build
2026-10-08T19:20:08.4334660Z   ---
2026-10-08T19:20:08.4334993Z   duration_ms: 3.573171
2026-10-08T19:20:08.4335357Z   type: 'test'
2026-10-08T19:20:08.4335701Z   ...
2026-10-08T19:20:08.4336762Z # Subtest: R8 catalog has 188 single-owner capabilities, 40 complete tasks and an acyclic phased plan
2026-10-08T19:20:08.4338181Z ok 208 - R8 catalog has 188 single-owner capabilities, 40 complete tasks and an acyclic phased plan
2026-10-08T19:20:08.4339103Z   ---
2026-10-08T19:20:08.4339443Z   duration_ms: 6.168204
2026-10-08T19:20:08.4339842Z   type: 'test'
2026-10-08T19:20:08.4340356Z   ...
2026-10-08T19:20:08.4341422Z # Subtest: omitted deferred capability, duplicate primary ownership and invented capability fail the coverage gate
2026-10-08T19:20:08.4343068Z ok 209 - omitted deferred capability, duplicate primary ownership and invented capability fail the coverage gate
2026-10-08T19:20:08.4343921Z   ---
2026-10-08T19:20:08.4344267Z   duration_ms: 5.946656
2026-10-08T19:20:08.4344607Z   type: 'test'
2026-10-08T19:20:08.4344933Z   ...
2026-10-08T19:20:08.4345812Z # Subtest: invalid prerequisite, circular work ordering and duplicate catalog identity are rejected
2026-10-08T19:20:08.4347224Z ok 210 - invalid prerequisite, circular work ordering and duplicate catalog identity are rejected
2026-10-08T19:20:08.4348003Z   ---
2026-10-08T19:20:08.4348339Z   duration_ms: 14.500856
2026-10-08T19:20:08.4348737Z   type: 'test'
2026-10-08T19:20:08.4349073Z   ...
2026-10-08T19:20:08.4349855Z # Subtest: importing a JS draft leaves saved versions and running source independent
2026-10-08T19:20:08.4351138Z ok 211 - importing a JS draft leaves saved versions and running source independent
2026-10-08T19:20:08.4351802Z   ---
2026-10-08T19:20:08.4352143Z   duration_ms: 24.766924
2026-10-08T19:20:08.4352532Z   type: 'test'
2026-10-08T19:20:08.4352883Z   ...
2026-10-08T19:20:08.4353805Z # Subtest: draft import rejects empty/oversized sources and active saves without overwriting the editor
2026-10-08T19:20:08.4355129Z ok 212 - draft import rejects empty/oversized sources and active saves without overwriting the editor
2026-10-08T19:20:08.4355806Z   ---
2026-10-08T19:20:08.4356122Z   duration_ms: 5.645632
2026-10-08T19:20:08.4356486Z   type: 'test'
2026-10-08T19:20:08.4356781Z   ...
2026-10-08T19:20:08.4357778Z # Subtest: catalog draft import updates dependency review from the new source without saving or running
2026-10-08T19:20:08.4359005Z ok 213 - catalog draft import updates dependency review from the new source without saving or running
2026-10-08T19:20:08.4359697Z   ---
2026-10-08T19:20:08.4360000Z   duration_ms: 5.204289
2026-10-08T19:20:08.4360510Z   type: 'test'
2026-10-08T19:20:08.4360824Z   ...
2026-10-08T19:20:08.4361679Z # Subtest: Save persists revision/hash without requesting permission, creating a Run, or executing code
2026-10-08T19:20:08.4362976Z ok 214 - Save persists revision/hash without requesting permission, creating a Run, or executing code
2026-10-08T19:20:08.4363682Z   ---
2026-10-08T19:20:08.4363986Z   duration_ms: 3.99496
2026-10-08T19:20:08.4364351Z   type: 'test'
2026-10-08T19:20:08.4364687Z   ...
2026-10-08T19:20:08.4365557Z # Subtest: reopened editor lists saved scripts without running and loads the selected latest head explicitly
2026-10-08T19:20:08.4366976Z ok 215 - reopened editor lists saved scripts without running and loads the selected latest head explicitly
2026-10-08T19:20:08.4367745Z   ---
2026-10-08T19:20:08.4368057Z   duration_ms: 5.098453
2026-10-08T19:20:08.4368413Z   type: 'test'
2026-10-08T19:20:08.4368739Z   ...
2026-10-08T19:20:08.4369431Z # Subtest: loading a historical revision does not turn it into the latest Save CAS head
2026-10-08T19:20:08.4370820Z ok 216 - loading a historical revision does not turn it into the latest Save CAS head
2026-10-08T19:20:08.4371519Z   ---
2026-10-08T19:20:08.4371838Z   duration_ms: 5.428369
2026-10-08T19:20:08.4372226Z   type: 'test'
2026-10-08T19:20:08.4372560Z   ...
2026-10-08T19:20:08.4373245Z # Subtest: Delete tombstones the latest head and refreshes the saved-script selector
2026-10-08T19:20:08.4374318Z ok 217 - Delete tombstones the latest head and refreshes the saved-script selector
2026-10-08T19:20:08.4374961Z   ---
2026-10-08T19:20:08.4375262Z   duration_ms: 6.329739
2026-10-08T19:20:08.4375610Z   type: 'test'
2026-10-08T19:20:08.4376133Z   ...
2026-10-08T19:20:08.4377020Z # Subtest: saved A stays immutable; Run freezes unsaved B/params/page A; editing C and Save do not replace B
2026-10-08T19:20:08.4378549Z ok 218 - saved A stays immutable; Run freezes unsaved B/params/page A; editing C and Save do not replace B
2026-10-08T19:20:08.4379340Z   ---
2026-10-08T19:20:08.4379690Z   duration_ms: 8.692276
2026-10-08T19:20:08.4380059Z   type: 'test'
2026-10-08T19:20:08.4380552Z   ...
2026-10-08T19:20:08.4381417Z # Subtest: a brand-new unsaved draft runs with an empty script ID and never creates a saved revision
2026-10-08T19:20:08.4382715Z ok 219 - a brand-new unsaved draft runs with an empty script ID and never creates a saved revision
2026-10-08T19:20:08.4383454Z   ---
2026-10-08T19:20:08.4383815Z   duration_ms: 8.861148
2026-10-08T19:20:08.4384179Z   type: 'test'
2026-10-08T19:20:08.4384483Z   ...
2026-10-08T19:20:08.4385497Z # Subtest: permission preparation rejects a switched page; closing the editor during permission never admits a run
2026-10-08T19:20:08.4387011Z ok 220 - permission preparation rejects a switched page; closing the editor during permission never admits a run
2026-10-08T19:20:08.4387852Z   ---
2026-10-08T19:20:08.4388191Z   duration_ms: 13.937392
2026-10-08T19:20:08.4388587Z   type: 'test'
2026-10-08T19:20:08.4388906Z   ...
2026-10-08T19:20:08.4389805Z # Subtest: Stop uses the formal RunHost abort/retirement path and persists stopped with the original pin
2026-10-08T19:20:08.4391272Z ok 221 - Stop uses the formal RunHost abort/retirement path and persists stopped with the original pin
2026-10-08T19:20:08.4392066Z   ---
2026-10-08T19:20:08.4392379Z   duration_ms: 7.135828
2026-10-08T19:20:08.4392778Z   type: 'test'
2026-10-08T19:20:08.4393094Z   ...
2026-10-08T19:20:08.4393979Z # Subtest: pagehide invokes RunHost host-close; reopened editor only reads the durable interrupted Result
2026-10-08T19:20:08.4395373Z ok 222 - pagehide invokes RunHost host-close; reopened editor only reads the durable interrupted Result
2026-10-08T19:20:08.4396177Z   ---
2026-10-08T19:20:08.4396501Z   duration_ms: 4.47357
2026-10-08T19:20:08.4396890Z   type: 'test'
2026-10-08T19:20:08.4397235Z   ...
2026-10-08T19:20:08.4398091Z # Subtest: late Save/Load replies do not overwrite another script selection or edits made during loading
2026-10-08T19:20:08.4399427Z ok 223 - late Save/Load replies do not overwrite another script selection or edits made during loading
2026-10-08T19:20:08.4400365Z   ---
2026-10-08T19:20:08.4400794Z   duration_ms: 8.311531
2026-10-08T19:20:08.4401151Z   type: 'test'
2026-10-08T19:20:08.4421341Z   ...
2026-10-08T19:20:08.4422295Z # Subtest: late saved-script selector load cannot overwrite edits made during loading
2026-10-08T19:20:08.4423452Z ok 224 - late saved-script selector load cannot overwrite edits made during loading
2026-10-08T19:20:08.4424117Z   ---
2026-10-08T19:20:08.4424451Z   duration_ms: 5.763944
2026-10-08T19:20:08.4424843Z   type: 'test'
2026-10-08T19:20:08.4425177Z   ...
2026-10-08T19:20:08.4425990Z # Subtest: an older snapshot reply cannot disable Run after a newer durable observation
2026-10-08T19:20:08.4427081Z ok 225 - an older snapshot reply cannot disable Run after a newer durable observation
2026-10-08T19:20:08.4427793Z   ---
2026-10-08T19:20:08.4428160Z   duration_ms: 8.313337
2026-10-08T19:20:08.4428557Z   type: 'test'
2026-10-08T19:20:08.4428893Z   ...
2026-10-08T19:20:08.4429636Z # Subtest: an older snapshot error cannot overwrite a newer successful durable view
2026-10-08T19:20:08.4431831Z ok 226 - an older snapshot error cannot overwrite a newer successful durable view
2026-10-08T19:20:08.4432516Z   ---
2026-10-08T19:20:08.4432855Z   duration_ms: 7.351146
2026-10-08T19:20:08.4433247Z   type: 'test'
2026-10-08T19:20:08.4433590Z   ...
2026-10-08T19:20:08.4434722Z # Subtest: the permission request remains synchronous in the click fixture; denied permission and invalid params execute nothing
2026-10-08T19:20:08.4436682Z ok 227 - the permission request remains synchronous in the click fixture; denied permission and invalid params execute nothing
2026-10-08T19:20:08.4437625Z   ---
2026-10-08T19:20:08.4438095Z   duration_ms: 9.089945
2026-10-08T19:20:08.4438492Z   type: 'test'
2026-10-08T19:20:08.4438813Z   ...
2026-10-08T19:20:08.4439748Z # Subtest: DOM preview binds frozen source, dependency choice and exact current document from trusted click
2026-10-08T19:20:08.4441428Z ok 228 - DOM preview binds frozen source, dependency choice and exact current document from trusted click
2026-10-08T19:20:08.4442261Z   ---
2026-10-08T19:20:08.4442603Z   duration_ms: 5.756347
2026-10-08T19:20:08.4442984Z   type: 'test'
2026-10-08T19:20:08.4443320Z   ...
2026-10-08T19:20:08.4444191Z # Subtest: DOM preview refuses to inject when the active document changes while permission is pending
2026-10-08T19:20:08.4445529Z ok 229 - DOM preview refuses to inject when the active document changes while permission is pending
2026-10-08T19:20:08.4446348Z   ---
2026-10-08T19:20:08.4446688Z   duration_ms: 5.072357
2026-10-08T19:20:08.4447096Z   type: 'test'
2026-10-08T19:20:08.4447444Z   ...
2026-10-08T19:20:08.4448279Z # Subtest: Developer Stop cannot cancel the formal Task or another view using the shared RunHost
2026-10-08T19:20:08.4449511Z ok 230 - Developer Stop cannot cancel the formal Task or another view using the shared RunHost
2026-10-08T19:20:08.4450419Z   ---
2026-10-08T19:20:08.4450757Z   duration_ms: 5.517828
2026-10-08T19:20:08.4451135Z   type: 'test'
2026-10-08T19:20:08.4451436Z   ...
2026-10-08T19:20:08.4452325Z # Subtest: project import displays source while Save and Run freeze compiled bytes and the original hash
2026-10-08T19:20:08.4453687Z ok 231 - project import displays source while Save and Run freeze compiled bytes and the original hash
2026-10-08T19:20:08.4454381Z   ---
2026-10-08T19:20:08.4454714Z   duration_ms: 12.39859
2026-10-08T19:20:08.4455076Z   type: 'test'
2026-10-08T19:20:08.4455404Z   ...
2026-10-08T19:20:08.4456249Z # Subtest: invalid project envelope leaves the previous editor source and no execution or saved revision
2026-10-08T19:20:08.4457637Z ok 232 - invalid project envelope leaves the previous editor source and no execution or saved revision
2026-10-08T19:20:08.4458412Z   ---
2026-10-08T19:20:08.4458763Z   duration_ms: 3.591374
2026-10-08T19:20:08.4459146Z   type: 'test'
2026-10-08T19:20:08.4459483Z   ...
2026-10-08T19:20:08.4460352Z # Subtest: same-window catalog hands off exact source without invoking a runner
2026-10-08T19:20:08.4461444Z ok 233 - same-window catalog hands off exact source without invoking a runner
2026-10-08T19:20:08.4462094Z   ---
2026-10-08T19:20:08.4462423Z   duration_ms: 1.948929
2026-10-08T19:20:08.4462814Z   type: 'test'
2026-10-08T19:20:08.4463144Z   ...
2026-10-08T19:20:08.4464073Z # Subtest: draft handoff refuses other windows, senders, content pages, private tabs and catalog recipients
2026-10-08T19:20:08.4465445Z ok 234 - draft handoff refuses other windows, senders, content pages, private tabs and catalog recipients
2026-10-08T19:20:08.4466250Z   ---
2026-10-08T19:20:08.4466600Z   duration_ms: 0.497059
2026-10-08T19:20:08.4466996Z   type: 'test'
2026-10-08T19:20:08.4467339Z   ...
2026-10-08T19:20:08.4468069Z # Subtest: editor rejection is returned explicitly without claiming import success
2026-10-08T19:20:08.4469128Z ok 235 - editor rejection is returned explicitly without claiming import success
2026-10-08T19:20:08.4469779Z   ---
2026-10-08T19:20:08.4470091Z   duration_ms: 0.250718
2026-10-08T19:20:08.4470746Z   type: 'test'
2026-10-08T19:20:08.4471086Z   ...
2026-10-08T19:20:08.4471923Z # Subtest: RunHost freezes a draft source variant and parameters before awaiting the host connection
2026-10-08T19:20:08.4473188Z ok 236 - RunHost freezes a draft source variant and parameters before awaiting the host connection
2026-10-08T19:20:08.4473964Z   ---
2026-10-08T19:20:08.4474286Z   duration_ms: 4.313948
2026-10-08T19:20:08.4474663Z   type: 'test'
2026-10-08T19:20:08.4475012Z   ...
2026-10-08T19:20:08.4475969Z # Subtest: saved script API retains explicit scriptId/revision/contentHash admission
2026-10-08T19:20:08.4477104Z ok 237 - saved script API retains explicit scriptId/revision/contentHash admission
2026-10-08T19:20:08.4477881Z   ---
2026-10-08T19:20:08.4478246Z   duration_ms: 0.552986
2026-10-08T19:20:08.4478639Z   type: 'test'
2026-10-08T19:20:08.4478967Z   ...
2026-10-08T19:20:08.4479606Z # Subtest: manifest exposes tool.html as a global Chrome Side Panel
2026-10-08T19:20:08.4480656Z ok 238 - manifest exposes tool.html as a global Chrome Side Panel
2026-10-08T19:20:08.4481249Z   ---
2026-10-08T19:20:08.4481593Z   duration_ms: 7.676815
2026-10-08T19:20:08.4481981Z   type: 'test'
2026-10-08T19:20:08.4482319Z   ...
2026-10-08T19:20:08.4482822Z # Subtest: product shell has no popup-window fallback
2026-10-08T19:20:08.4483482Z ok 239 - product shell has no popup-window fallback
2026-10-08T19:20:08.4483964Z   ---
2026-10-08T19:20:08.4484286Z   duration_ms: 1.485255
2026-10-08T19:20:08.4484684Z   type: 'test'
2026-10-08T19:20:08.4485014Z   ...
2026-10-08T19:20:08.4485691Z # Subtest: default Run freezes Current Page then revalidates before existing RunHost
2026-10-08T19:20:08.4486784Z ok 240 - default Run freezes Current Page then revalidates before existing RunHost
2026-10-08T19:20:08.4487432Z   ---
2026-10-08T19:20:08.4487738Z   duration_ms: 2.900707
2026-10-08T19:20:08.4488135Z   type: 'test'
2026-10-08T19:20:08.4488443Z   ...
2026-10-08T19:20:08.4489315Z # Subtest: trusted Side Panel run sends the exact unsaved draft to the original Controller authority
2026-10-08T19:20:08.4490758Z ok 241 - trusted Side Panel run sends the exact unsaved draft to the original Controller authority
2026-10-08T19:20:08.4491550Z   ---
2026-10-08T19:20:08.4491887Z   duration_ms: 2.217258
2026-10-08T19:20:08.4492292Z   type: 'test'
2026-10-08T19:20:08.4492637Z   ...
2026-10-08T19:20:08.4493209Z # Subtest: R6 uses valid tab roles with labelled content panels
2026-10-08T19:20:08.4494017Z ok 242 - R6 uses valid tab roles with labelled content panels
2026-10-08T19:20:08.4494569Z   ---
2026-10-08T19:20:08.4494927Z   duration_ms: 1.189051
2026-10-08T19:20:08.4495316Z   type: 'test'
2026-10-08T19:20:08.4495656Z   ...
2026-10-08T19:20:08.4496434Z # Subtest: R4 Sidebar sections preserve consumer controls and keep engineering tools folded
2026-10-08T19:20:08.4497571Z ok 243 - R4 Sidebar sections preserve consumer controls and keep engineering tools folded
2026-10-08T19:20:08.4498358Z   ---
2026-10-08T19:20:08.4498677Z   duration_ms: 3.794715
2026-10-08T19:20:08.4499061Z   type: 'test'
2026-10-08T19:20:08.4499397Z   ...
2026-10-08T19:20:08.4500152Z # Subtest: Sidebar starts at its three tabs without repeating Chrome extension identity
2026-10-08T19:20:08.4501511Z ok 244 - Sidebar starts at its three tabs without repeating Chrome extension identity
2026-10-08T19:20:08.4502211Z   ---
2026-10-08T19:20:08.4502545Z   duration_ms: 1.465227
2026-10-08T19:20:08.4502892Z   type: 'test'
2026-10-08T19:20:08.4503198Z   ...
2026-10-08T19:20:08.4509456Z # Subtest: three project folders: genuine ESM graphs and fixed CSS/JSON/PNG byte hashes
2026-10-08T19:20:08.4512499Z ok 245 - three project folders: genuine ESM graphs and fixed CSS/JSON/PNG byte hashes
2026-10-08T19:20:08.4513319Z   ---
2026-10-08T19:20:08.4513779Z   duration_ms: 50.583345
2026-10-08T19:20:08.4514280Z   type: 'test'
2026-10-08T19:20:08.4514707Z   ...
2026-10-08T19:20:09.1395888Z # Subtest: Page ESM bundles into USER_SCRIPT and repeated execution creates only one visible marker
2026-10-08T19:20:09.1397021Z ok 246 - Page ESM bundles into USER_SCRIPT and repeated execution creates only one visible marker
2026-10-08T19:20:09.1397757Z   ---
2026-10-08T19:20:09.1397987Z   duration_ms: 688.97319
2026-10-08T19:20:09.1398248Z   type: 'test'
2026-10-08T19:20:09.1398513Z   ...
2026-10-08T19:20:09.2949308Z # Subtest: Controller ESM emits a Task v1 Candidate and invokes only approved Locator methods
2026-10-08T19:20:09.2950574Z ok 247 - Controller ESM emits a Task v1 Candidate and invokes only approved Locator methods
2026-10-08T19:20:09.2951558Z   ---
2026-10-08T19:20:09.2952193Z   duration_ms: 155.430108
2026-10-08T19:20:09.2952649Z   type: 'test'
2026-10-08T19:20:09.2953124Z   ...
2026-10-08T19:20:09.4196091Z # Subtest: declared CSS/JSON/PNG are frozen into Page USER_SCRIPT without becoming installed
2026-10-08T19:20:09.4197365Z ok 248 - declared CSS/JSON/PNG are frozen into Page USER_SCRIPT without becoming installed
2026-10-08T19:20:09.4197833Z   ---
2026-10-08T19:20:09.4198039Z   duration_ms: 124.702284
2026-10-08T19:20:09.4198273Z   type: 'test'
2026-10-08T19:20:09.4198465Z   ...
2026-10-08T19:20:09.4296018Z # Subtest: trusted tool host installs only by explicit click, scopes messages and removes storage
2026-10-08T19:20:09.4297283Z ok 249 - trusted tool host installs only by explicit click, scopes messages and removes storage
2026-10-08T19:20:09.4297996Z   ---
2026-10-08T19:20:09.4298324Z   duration_ms: 11.778483
2026-10-08T19:20:09.4298706Z   type: 'test'
2026-10-08T19:20:09.4299013Z   ...
2026-10-08T19:20:09.4299679Z # Subtest: tool contract is independent of Task v1 and is closed by default
2026-10-08T19:20:09.4300569Z ok 250 - tool contract is independent of Task v1 and is closed by default
2026-10-08T19:20:09.4301062Z   ---
2026-10-08T19:20:09.4301402Z   duration_ms: 4.571326
2026-10-08T19:20:09.4301724Z   type: 'test'
2026-10-08T19:20:09.4302057Z   ...
2026-10-08T19:20:09.4302732Z # Subtest: native tool directory packs JS/CSS/HTML and a local image into a portable JSON
2026-10-08T19:20:09.4303748Z ok 251 - native tool directory packs JS/CSS/HTML and a local image into a portable JSON
2026-10-08T19:20:09.4304352Z   ---
2026-10-08T19:20:09.4304628Z   duration_ms: 14.671798
2026-10-08T19:20:09.4304843Z   type: 'test'
2026-10-08T19:20:09.4305032Z   ...
2026-10-08T19:20:09.4305778Z # Subtest: new sandbox uses isolated Chrome MV3 resource and a narrow host message protocol
2026-10-08T19:20:09.4306957Z ok 252 - new sandbox uses isolated Chrome MV3 resource and a narrow host message protocol
2026-10-08T19:20:09.4307617Z   ---
2026-10-08T19:20:09.4307872Z   duration_ms: 3.462761
2026-10-08T19:20:09.4308314Z   type: 'test'
2026-10-08T19:20:09.4308624Z   ...
2026-10-08T19:20:09.4309117Z # Subtest: R3 remains immutable reference; R4 preview keeps installed Discover and independent full catalog
2026-10-08T19:20:09.4309858Z ok 253 - R3 remains immutable reference; R4 preview keeps installed Discover and independent full catalog
2026-10-08T19:20:09.4310967Z   ---
2026-10-08T19:20:09.4311164Z   duration_ms: 6.231223
2026-10-08T19:20:09.4311379Z   type: 'test'
2026-10-08T19:20:09.4311575Z   ...
2026-10-08T19:20:09.4312065Z # Subtest: R5 official sidebar preserves three views, privileged controls, compact discovery and task history
2026-10-08T19:20:09.4312822Z ok 254 - R5 official sidebar preserves three views, privileged controls, compact discovery and task history
2026-10-08T19:20:09.4313260Z   ---
2026-10-08T19:20:09.4313441Z   duration_ms: 2.902387
2026-10-08T19:20:09.4313654Z   type: 'test'
2026-10-08T19:20:09.4313843Z   ...
2026-10-08T19:20:09.4314268Z # Subtest: R5 keeps one derived interactive prototype with installed-only compact discovery
2026-10-08T19:20:09.4314898Z ok 255 - R5 keeps one derived interactive prototype with installed-only compact discovery
2026-10-08T19:20:09.4315299Z   ---
2026-10-08T19:20:09.4315478Z   duration_ms: 1.769842
2026-10-08T19:20:09.4315689Z   type: 'test'
2026-10-08T19:20:09.4315874Z   ...
2026-10-08T19:20:09.4316330Z # Subtest: required all-url host is the single source of truth; no optional host prompts at startup
2026-10-08T19:20:09.4317007Z ok 256 - required all-url host is the single source of truth; no optional host prompts at startup
2026-10-08T19:20:09.4317407Z   ---
2026-10-08T19:20:09.4317599Z   duration_ms: 3.094763
2026-10-08T19:20:09.4317807Z   type: 'test'
2026-10-08T19:20:09.4317990Z   ...
2026-10-08T19:20:09.4318396Z # Subtest: a trusted click can re-request withheld required host access without options
2026-10-08T19:20:09.4318985Z ok 257 - a trusted click can re-request withheld required host access without options
2026-10-08T19:20:09.4319587Z   ---
2026-10-08T19:20:09.4319791Z   duration_ms: 0.698642
2026-10-08T19:20:09.4320092Z   type: 'test'
2026-10-08T19:20:09.4320460Z   ...
2026-10-08T19:20:09.4321254Z # Subtest: untrusted events cannot change permission; native denial never fabricates approval
2026-10-08T19:20:09.4322419Z ok 258 - untrusted events cannot change permission; native denial never fabricates approval
2026-10-08T19:20:09.4323113Z   ---
2026-10-08T19:20:09.4323421Z   duration_ms: 1.126944
2026-10-08T19:20:09.4323780Z   type: 'test'
2026-10-08T19:20:09.4324082Z   ...
2026-10-08T19:20:09.4324772Z # Subtest: Chrome site access restrictions invalidate status and never auto-regrant
2026-10-08T19:20:09.4325819Z ok 259 - Chrome site access restrictions invalidate status and never auto-regrant
2026-10-08T19:20:09.4326281Z   ---
2026-10-08T19:20:09.4326466Z   duration_ms: 0.520585
2026-10-08T19:20:09.4326679Z   type: 'test'
2026-10-08T19:20:09.4326865Z   ...
2026-10-08T19:20:09.4327272Z # Subtest: Chrome onAdded event cannot erase actual approved status during raced refresh
2026-10-08T19:20:09.4327881Z ok 260 - Chrome onAdded event cannot erase actual approved status during raced refresh
2026-10-08T19:20:09.4328261Z   ---
2026-10-08T19:20:09.4328443Z   duration_ms: 0.886381
2026-10-08T19:20:09.4328651Z   type: 'test'
2026-10-08T19:20:09.4328846Z   ...
2026-10-08T19:20:09.4329270Z # Subtest: core API status is separately queried; it never grants applications automatically
2026-10-08T19:20:09.4329894Z ok 261 - core API status is separately queried; it never grants applications automatically
2026-10-08T19:20:09.4330924Z   ---
2026-10-08T19:20:09.4331126Z   duration_ms: 0.600258
2026-10-08T19:20:09.4331356Z   type: 'test'
2026-10-08T19:20:09.4331555Z   ...
2026-10-08T19:20:09.4331951Z # Subtest: developer site controls remain nested in the original three-tab workbench
2026-10-08T19:20:09.4332541Z ok 262 - developer site controls remain nested in the original three-tab workbench
2026-10-08T19:20:09.4332918Z   ---
2026-10-08T19:20:09.4333119Z   duration_ms: 9.90537
2026-10-08T19:20:09.4333329Z   type: 'test'
2026-10-08T19:20:09.4333523Z   ...
2026-10-08T19:20:09.4334047Z # Subtest: package hashes and closed schema reject forged status, altered source, extra permissions and invalid params
2026-10-08T19:20:09.4334845Z ok 263 - package hashes and closed schema reject forged status, altered source, extra permissions and invalid params
2026-10-08T19:20:09.4335305Z   ---
2026-10-08T19:20:09.4335497Z   duration_ms: 18.607746
2026-10-08T19:20:09.4335718Z   type: 'test'
2026-10-08T19:20:09.4335899Z   ...
2026-10-08T19:20:09.4336425Z # Subtest: candidate cannot install without matching trustworthy native run, then exact Available version can install
2026-10-08T19:20:09.4337238Z ok 264 - candidate cannot install without matching trustworthy native run, then exact Available version can install
2026-10-08T19:20:09.4337697Z   ---
2026-10-08T19:20:09.4337883Z   duration_ms: 17.2748
2026-10-08T19:20:09.4338086Z   type: 'test'
2026-10-08T19:20:09.4338268Z   ...
2026-10-08T19:20:09.4338624Z # Subtest: same task version cannot replace even a correctly hashed package
2026-10-08T19:20:09.4339196Z ok 265 - same task version cannot replace even a correctly hashed package
2026-10-08T19:20:09.4339529Z   ---
2026-10-08T19:20:09.4339711Z   duration_ms: 4.318981
2026-10-08T19:20:09.4339919Z   type: 'test'
2026-10-08T19:20:09.4340105Z   ...
2026-10-08T19:20:09.4340757Z # Subtest: the checked-in sample is an authentic v1 package with exact manifest and source hashes
2026-10-08T19:20:09.4341481Z ok 266 - the checked-in sample is an authentic v1 package with exact manifest and source hashes
2026-10-08T19:20:09.4341933Z   ---
2026-10-08T19:20:09.4342164Z   duration_ms: 2.120479
2026-10-08T19:20:09.4342405Z   type: 'test'
2026-10-08T19:20:09.4342616Z   ...
2026-10-08T19:20:09.4343162Z # Subtest: formal verification refuses altered admission identity, failed effects and mismatched receipts
2026-10-08T19:20:09.4344199Z ok 267 - formal verification refuses altered admission identity, failed effects and mismatched receipts
2026-10-08T19:20:09.4344694Z   ---
2026-10-08T19:20:09.4344994Z   duration_ms: 12.831786
2026-10-08T19:20:09.4345262Z   type: 'test'
2026-10-08T19:20:09.4345482Z   ...
2026-10-08T19:20:09.4345951Z # Subtest: invalid task schema and origin return typed errors instead of generic exceptions
2026-10-08T19:20:09.4346651Z ok 268 - invalid task schema and origin return typed errors instead of generic exceptions
2026-10-08T19:20:09.4347073Z   ---
2026-10-08T19:20:09.4347303Z   duration_ms: 1.585445
2026-10-08T19:20:09.4347563Z   type: 'test'
2026-10-08T19:20:09.4347798Z   ...
2026-10-08T19:20:09.4348423Z # Subtest: entering Sidebar task views reads external installations without executing and preserves unchanged form inputs
2026-10-08T19:20:09.4349406Z ok 269 - entering Sidebar task views reads external installations without executing and preserves unchanged form inputs
2026-10-08T19:20:09.4349957Z   ---
2026-10-08T19:20:09.4350299Z   duration_ms: 32.822566
2026-10-08T19:20:09.4350640Z   type: 'test'
2026-10-08T19:20:09.4350857Z   ...
2026-10-08T19:20:09.4351433Z # Subtest: installed tasks default page, render schema form and freeze the exact saved version/params/target
2026-10-08T19:20:09.4352297Z ok 270 - installed tasks default page, render schema form and freeze the exact saved version/params/target
2026-10-08T19:20:09.4352789Z   ---
2026-10-08T19:20:09.4352999Z   duration_ms: 19.460014
2026-10-08T19:20:09.4353243Z   type: 'test'
2026-10-08T19:20:09.4353457Z   ...
2026-10-08T19:20:09.4353926Z # Subtest: installed task can be explicitly forked into an independent unsaved editor draft
2026-10-08T19:20:09.4354617Z ok 271 - installed task can be explicitly forked into an independent unsaved editor draft
2026-10-08T19:20:09.4355064Z   ---
2026-10-08T19:20:09.4355257Z   duration_ms: 6.09473
2026-10-08T19:20:09.4355467Z   type: 'test'
2026-10-08T19:20:09.4355650Z   ...
2026-10-08T19:20:09.4356100Z # Subtest: task Stop cannot cancel another view's in-flight draft; parameter form never navigates
2026-10-08T19:20:09.4356816Z ok 272 - task Stop cannot cancel another view's in-flight draft; parameter form never navigates
2026-10-08T19:20:09.4357251Z   ---
2026-10-08T19:20:09.4357458Z   duration_ms: 7.077624
2026-10-08T19:20:09.4357667Z   type: 'test'
2026-10-08T19:20:09.4357927Z   ...
2026-10-08T19:20:09.4358617Z # Subtest: installed task refuses stale target after async installed-version lookup
2026-10-08T19:20:09.4359655Z ok 273 - installed task refuses stale target after async installed-version lookup
2026-10-08T19:20:09.4360395Z   ---
2026-10-08T19:20:09.4360716Z   duration_ms: 7.440377
2026-10-08T19:20:09.4361057Z   type: 'test'
2026-10-08T19:20:09.4361435Z   ...
2026-10-08T19:20:09.4361971Z # Subtest: task cards retain readable selection and do not surface raw IDs as the main UI
2026-10-08T19:20:09.4362577Z ok 274 - task cards retain readable selection and do not surface raw IDs as the main UI
2026-10-08T19:20:09.4362955Z   ---
2026-10-08T19:20:09.4363133Z   duration_ms: 4.31714
2026-10-08T19:20:09.4363349Z   type: 'test'
2026-10-08T19:20:09.4363531Z   ...
2026-10-08T19:20:09.4364043Z # Subtest: Sidebar Discover searches installed tasks only and selects a task without running or opening the catalog
2026-10-08T19:20:09.4364830Z ok 275 - Sidebar Discover searches installed tasks only and selects a task without running or opening the catalog
2026-10-08T19:20:09.4365275Z   ---
2026-10-08T19:20:09.4365460Z   duration_ms: 10.386743
2026-10-08T19:20:09.4365673Z   type: 'test'
2026-10-08T19:20:09.4365853Z   ...
2026-10-08T19:20:09.4366262Z # Subtest: Discover filter controls are real view filters and cannot start another run
2026-10-08T19:20:09.4366852Z ok 276 - Discover filter controls are real view filters and cannot start another run
2026-10-08T19:20:09.4367219Z   ---
2026-10-08T19:20:09.4367411Z   duration_ms: 14.459101
2026-10-08T19:20:09.4367624Z   type: 'test'
2026-10-08T19:20:09.4367810Z   ...
2026-10-08T19:20:09.4368371Z # Subtest: opening the separate full-size catalog preserves its import and management view
2026-10-08T19:20:09.4369012Z ok 277 - opening the separate full-size catalog preserves its import and management view
2026-10-08T19:20:09.4369478Z   ---
2026-10-08T19:20:09.4369667Z   duration_ms: 3.90207
2026-10-08T19:20:09.4369883Z   type: 'test'
2026-10-08T19:20:09.4370070Z   ...
2026-10-08T19:20:09.4370746Z # Subtest: full-size catalog keeps its own reader after real install and re-reads the single Task Catalog state
2026-10-08T19:20:09.4371503Z ok 278 - full-size catalog keeps its own reader after real install and re-reads the single Task Catalog state
2026-10-08T19:20:09.4371945Z   ---
2026-10-08T19:20:09.4372132Z   duration_ms: 12.958952
2026-10-08T19:20:09.4372397Z   type: 'test'
2026-10-08T19:20:09.4372582Z   ...
2026-10-08T19:20:09.4373030Z # Subtest: idle Discover has no fixed footer and inline import still opens the authenticated catalog
2026-10-08T19:20:09.4373721Z ok 279 - idle Discover has no fixed footer and inline import still opens the authenticated catalog
2026-10-08T19:20:09.4374135Z   ---
2026-10-08T19:20:09.4374327Z   duration_ms: 17.997591
2026-10-08T19:20:09.4374545Z   type: 'test'
2026-10-08T19:20:09.4374745Z   ...
2026-10-08T19:20:09.4375102Z # Subtest: R5 result/history stay out of sight until a task has runs
2026-10-08T19:20:09.4375566Z ok 280 - R5 result/history stay out of sight until a task has runs
2026-10-08T19:20:09.4375882Z   ---
2026-10-08T19:20:09.4376068Z   duration_ms: 7.610309
2026-10-08T19:20:09.4376273Z   type: 'test'
2026-10-08T19:20:09.4376460Z   ...
2026-10-08T19:20:09.4376914Z # Subtest: card view retains original action identities, history and parameter form across tab changes
2026-10-08T19:20:09.4377611Z ok 281 - card view retains original action identities, history and parameter form across tab changes
2026-10-08T19:20:09.4378060Z   ---
2026-10-08T19:20:09.4378265Z   duration_ms: 10.871249
2026-10-08T19:20:09.4378478Z   type: 'test'
2026-10-08T19:20:09.4378748Z   ...
2026-10-08T19:20:09.4379215Z # Subtest: switching between two installed tasks preserves each independent unsaved parameter input
2026-10-08T19:20:09.4379919Z ok 282 - switching between two installed tasks preserves each independent unsaved parameter input
2026-10-08T19:20:09.4380499Z   ---
2026-10-08T19:20:09.4380693Z   duration_ms: 3.773009
2026-10-08T19:20:09.4380906Z   type: 'test'
2026-10-08T19:20:09.4381090Z   ...
2026-10-08T19:20:09.4381417Z # Subtest: R6 accessible roving tabs support Arrow and Home/End
2026-10-08T19:20:09.4381869Z ok 283 - R6 accessible roving tabs support Arrow and Home/End
2026-10-08T19:20:09.4382166Z   ---
2026-10-08T19:20:09.4382349Z   duration_ms: 5.327352
2026-10-08T19:20:09.4382569Z   type: 'test'
2026-10-08T19:20:09.4382754Z   ...
2026-10-08T19:20:09.4383140Z # Subtest: R6 task card refresh, keyboard selection and Discover handoff restore focus
2026-10-08T19:20:09.4383727Z ok 284 - R6 task card refresh, keyboard selection and Discover handoff restore focus
2026-10-08T19:20:09.4384114Z   ---
2026-10-08T19:20:09.4384291Z   duration_ms: 9.2418
2026-10-08T19:20:09.4384510Z   type: 'test'
2026-10-08T19:20:09.4384692Z   ...
2026-10-08T19:20:09.4385057Z # Subtest: R6 late run start/result cannot become the newly selected task status
2026-10-08T19:20:09.4385607Z ok 285 - R6 late run start/result cannot become the newly selected task status
2026-10-08T19:20:09.4385949Z   ---
2026-10-08T19:20:09.4386136Z   duration_ms: 13.998084
2026-10-08T19:20:09.4386357Z   type: 'test'
2026-10-08T19:20:09.4386545Z   ...
2026-10-08T19:20:09.4386949Z # Subtest: R6 previous-version notices and results do not leak after installed upgrade
2026-10-08T19:20:09.4387540Z ok 286 - R6 previous-version notices and results do not leak after installed upgrade
2026-10-08T19:20:09.4387916Z   ---
2026-10-08T19:20:09.4388098Z   duration_ms: 10.967092
2026-10-08T19:20:09.4388310Z   type: 'test'
2026-10-08T19:20:09.4388502Z   ...
2026-10-08T19:20:09.4388958Z # Subtest: two extension documents share only a refresh hint and re-read authoritative installed state
2026-10-08T19:20:09.4389773Z ok 287 - two extension documents share only a refresh hint and re-read authoritative installed state
2026-10-08T19:20:09.4390502Z   ---
2026-10-08T19:20:09.4390688Z   duration_ms: 37.614664
2026-10-08T19:20:09.4390901Z   type: 'test'
2026-10-08T19:20:09.4391089Z   ...
2026-10-08T19:20:09.4391541Z # Subtest: catalog installation stays in the complete directory and directs running back to Sidebar
2026-10-08T19:20:09.4392225Z ok 288 - catalog installation stays in the complete directory and directs running back to Sidebar
2026-10-08T19:20:09.4392629Z   ---
2026-10-08T19:20:09.4392817Z   duration_ms: 11.703734
2026-10-08T19:20:09.4393027Z   type: 'test'
2026-10-08T19:20:09.4393208Z   ...
2026-10-08T19:20:09.4393638Z # Subtest: catalog JS import hands source to Sidebar and never enters a view with a hidden runner
2026-10-08T19:20:09.4394277Z ok 289 - catalog JS import hands source to Sidebar and never enters a view with a hidden runner
2026-10-08T19:20:09.4394669Z   ---
2026-10-08T19:20:09.4394862Z   duration_ms: 3.595144
2026-10-08T19:20:09.4395077Z   type: 'test'
2026-10-08T19:20:09.4395262Z   ...
2026-10-08T19:20:09.4395702Z # Subtest: missing Sidebar refuses import with an actionable message, without losing the directory
2026-10-08T19:20:09.4396370Z ok 290 - missing Sidebar refuses import with an actionable message, without losing the directory
2026-10-08T19:20:09.4396766Z   ---
2026-10-08T19:20:09.4396946Z   duration_ms: 3.087502
2026-10-08T19:20:09.4397166Z   type: 'test'
2026-10-08T19:20:09.4397350Z   ...
2026-10-08T19:20:09.4397934Z # Subtest: catalog draft transport errors retain their cause instead of claiming Sidebar is missing
2026-10-08T19:20:09.4398839Z ok 291 - catalog draft transport errors retain their cause instead of claiming Sidebar is missing
2026-10-08T19:20:09.4399242Z   ---
2026-10-08T19:20:09.4399427Z   duration_ms: 7.86597
2026-10-08T19:20:09.4399643Z   type: 'test'
2026-10-08T19:20:09.4399828Z   ...
2026-10-08T19:20:09.4400711Z # Subtest: receiving a source-only import selects Sidebar Developer without creating a run
2026-10-08T19:20:09.4401467Z ok 292 - receiving a source-only import selects Sidebar Developer without creating a run
2026-10-08T19:20:09.4402185Z   ---
2026-10-08T19:20:09.4402560Z   duration_ms: 2.397898
2026-10-08T19:20:09.4403003Z   type: 'test'
2026-10-08T19:20:09.4403383Z   ...
2026-10-08T19:20:09.4404092Z # Subtest: R6.1 task-owned Stop is the sole cross-view action and names the launching task
2026-10-08T19:20:09.4405069Z ok 293 - R6.1 task-owned Stop is the sole cross-view action and names the launching task
2026-10-08T19:20:09.4405730Z   ---
2026-10-08T19:20:09.4406019Z   duration_ms: 15.88829
2026-10-08T19:20:09.4406377Z   type: 'test'
2026-10-08T19:20:09.4406699Z   ...
2026-10-08T19:20:09.4407398Z # Subtest: R6.1 a draft-owned run exposes only its Stop when viewing Tasks or Discover
2026-10-08T19:20:09.4408393Z ok 294 - R6.1 a draft-owned run exposes only its Stop when viewing Tasks or Discover
2026-10-08T19:20:09.4408991Z   ---
2026-10-08T19:20:09.4409277Z   duration_ms: 3.696672
2026-10-08T19:20:09.4409615Z   type: 'test'
2026-10-08T19:20:09.4409897Z   ...
2026-10-08T19:20:09.4410687Z # Subtest: R6.1 stop-only footer CSS hides all non-owner actions without hiding Stop
2026-10-08T19:20:09.4411643Z ok 295 - R6.1 stop-only footer CSS hides all non-owner actions without hiding Stop
2026-10-08T19:20:09.4412325Z   ---
2026-10-08T19:20:09.4412672Z   duration_ms: 4.58627
2026-10-08T19:20:09.4413061Z   type: 'test'
2026-10-08T19:20:09.4413403Z   ...
2026-10-08T19:20:09.4414402Z # Subtest: catalog project JSON import validates snapshots and hands frozen bytes to Sidebar without running
2026-10-08T19:20:09.4415928Z ok 296 - catalog project JSON import validates snapshots and hands frozen bytes to Sidebar without running
2026-10-08T19:20:09.4416791Z   ---
2026-10-08T19:20:09.4417149Z   duration_ms: 15.948046
2026-10-08T19:20:09.4417541Z   type: 'test'
2026-10-08T19:20:09.4417889Z   ...
2026-10-08T19:20:09.4419000Z # Subtest: catalog rejects a changed project snapshot before handoff and permits reselecting the file
2026-10-08T19:20:09.4420591Z ok 297 - catalog rejects a changed project snapshot before handoff and permits reselecting the file
2026-10-08T19:20:09.4421534Z   ---
2026-10-08T19:20:09.4421831Z   duration_ms: 3.967251
2026-10-08T19:20:09.4422174Z   type: 'test'
2026-10-08T19:20:09.4422473Z   ...
2026-10-08T19:20:09.4423980Z # Subtest: real manager → approval → preview executes two ordered sources, reuses draft locks offline, and rechecks new GM grants
2026-10-08T19:20:09.4425654Z ok 298 - real manager → approval → preview executes two ordered sources, reuses draft locks offline, and rechecks new GM grants
2026-10-08T19:20:09.4426451Z   ---
2026-10-08T19:20:09.4426732Z   duration_ms: 80.342543
2026-10-08T19:20:09.4427082Z   type: 'test'
2026-10-08T19:20:09.4427373Z   ...
2026-10-08T19:20:09.4428289Z # Subtest: classic top-level const runs repeatedly in fresh worlds; trailing comments and ASI do not consume the next source
2026-10-08T19:20:09.4429890Z ok 299 - classic top-level const runs repeatedly in fresh worlds; trailing comments and ASI do not consume the next source
2026-10-08T19:20:09.4430939Z   ---
2026-10-08T19:20:09.4431271Z   duration_ms: 29.476299
2026-10-08T19:20:09.4431665Z   type: 'test'
2026-10-08T19:20:09.4431993Z   ...
2026-10-08T19:20:09.4432812Z # Subtest: a synchronous dependency failure prevents later libraries and the consumer from executing
2026-10-08T19:20:09.4433849Z ok 300 - a synchronous dependency failure prevents later libraries and the consumer from executing
2026-10-08T19:20:09.4434461Z   ---
2026-10-08T19:20:09.4434737Z   duration_ms: 34.136138
2026-10-08T19:20:09.4435130Z   type: 'test'
2026-10-08T19:20:09.4435445Z   ...
2026-10-08T19:20:09.4436352Z # Subtest: an absent user main cannot fall back to a dependency global main or an async-main-looking comment
2026-10-08T19:20:09.4437568Z ok 301 - an absent user main cannot fall back to a dependency global main or an async-main-looking comment
2026-10-08T19:20:09.4438188Z   ---
2026-10-08T19:20:09.4438441Z   duration_ms: 29.454386
2026-10-08T19:20:09.4438745Z   type: 'test'
2026-10-08T19:20:09.4439006Z   ...
2026-10-08T19:20:09.4439935Z # Subtest: simulated Chromium named-world exhaustion falls back to default, fails the isolation probe, and injects no user code
2026-10-08T19:20:09.4441694Z ok 302 - simulated Chromium named-world exhaustion falls back to default, fails the isolation probe, and injects no user code
2026-10-08T19:20:09.4442536Z   ---
2026-10-08T19:20:09.4442828Z   duration_ms: 10.355787
2026-10-08T19:20:09.4443206Z   type: 'test'
2026-10-08T19:20:09.4443514Z   ...
2026-10-08T19:20:09.4444393Z # Subtest: document budget survives service restart and navigation cleanup; closing a tab releases the ledger even when the API is disabled
2026-10-08T19:20:09.4445347Z ok 303 - document budget survives service restart and navigation cleanup; closing a tab releases the ledger even when the API is disabled
2026-10-08T19:20:09.4445876Z   ---
2026-10-08T19:20:09.4446154Z   duration_ms: 72.095376
2026-10-08T19:20:09.4446539Z   type: 'test'
2026-10-08T19:20:09.4446815Z   ...
2026-10-08T19:20:09.4447108Z 1..303
2026-10-08T19:20:09.4447418Z # tests 303
2026-10-08T19:20:09.4447689Z # suites 0
2026-10-08T19:20:09.4447880Z # pass 298
2026-10-08T19:20:09.4448058Z # fail 0
2026-10-08T19:20:09.4448243Z # cancelled 0
2026-10-08T19:20:09.4448437Z # skipped 5
2026-10-08T19:20:09.4448614Z # todo 0
2026-10-08T19:20:09.4448814Z # duration_ms 6645.633021
2026-10-08T19:20:09.4540117Z Post job cleanup.
2026-10-08T19:20:09.5724206Z (node:4706) [DEP0040] DeprecationWarning: The `punycode` module is deprecated. Please use a userland alternative instead.
2026-10-08T19:20:09.5725007Z (Use `node --trace-deprecation ...` to show where the warning was created)
2026-10-08T19:20:09.5727657Z Cache hit occurred on the primary key node-cache-Linux-x64-npm-b8ba1b1e75b534e8b18fa308aa4c06e83b4d486ff426239c6fd9007055bc4cce, not saving cache.
2026-10-08T19:20:09.5864992Z Post job cleanup.
2026-10-08T19:20:09.6662430Z [command]/usr/bin/git version
2026-10-08T19:20:09.6701614Z git version 2.55.0
2026-10-08T19:20:09.6737778Z Temporarily overriding HOME='/home/runner/work/_temp/439d2ca5-106d-4451-9fa6-e374257cd367' before making global git config changes
2026-10-08T19:20:09.6739671Z Adding repository directory to the temporary git global config as a safe directory
2026-10-08T19:20:09.6743938Z [command]/usr/bin/git config --global --add safe.directory /home/runner/work/opendesk-browser/opendesk-browser
2026-10-08T19:20:09.6777374Z [command]/usr/bin/git config --local --name-only --get-regexp core\.sshCommand
2026-10-08T19:20:09.6809599Z [command]/usr/bin/git submodule foreach --recursive sh -c "git config --local --name-only --get-regexp 'core\.sshCommand' && git config --local --unset-all 'core.sshCommand' || :"
2026-10-08T19:20:09.7044726Z [command]/usr/bin/git config --local --name-only --get-regexp http\.https\:\/\/github\.com\/\.extraheader
2026-10-08T19:20:09.7068141Z http.https://github.com/.extraheader
2026-10-08T19:20:09.7078166Z [command]/usr/bin/git config --local --unset-all http.https://github.com/.extraheader
2026-10-08T19:20:09.7108359Z [command]/usr/bin/git submodule foreach --recursive sh -c "git config --local --name-only --get-regexp 'http\.https\:\/\/github\.com\/\.extraheader' && git config --local --unset-all 'http.https://github.com/.extraheader' || :"
2026-10-08T19:20:09.7334024Z [command]/usr/bin/git config --local --name-only --get-regexp ^includeIf\.gitdir:
2026-10-08T19:20:09.7365951Z [command]/usr/bin/git submodule foreach --recursive git config --local --show-origin --name-only --get-regexp remote.origin.url
2026-10-08T19:20:09.7820597Z Cleaning up orphan processes
2026-10-08T19:20:09.8097014Z ##[warning]Node.js 20 is deprecated. The following actions target Node.js 20 but are being forced to run on Node.js 24: actions/checkout@v4, actions/setup-node@v4. For more information see: https://github.blog/changelog/2025-09-19-deprecation-of-node-20-on-github-actions-runners/

