2026-10-08T19:11:26.1804860Z Current runner version: '2.337.0'
2026-10-08T19:11:26.1829745Z ##[group]Runner Image Provisioner
2026-10-08T19:11:26.1831161Z Hosted Compute Agent
2026-10-08T19:11:26.1831758Z Version: 20261002.596
2026-10-08T19:11:26.1832464Z Commit: c3d12f3313a95f25162a1503be624f3b0617f8c0
2026-10-08T19:11:26.1833212Z Build Date: 2026-10-02T22:28:27Z
2026-10-08T19:11:26.1833880Z Worker ID: {642f1d83-ad02-4781-8896-2710c94e2a65}
2026-10-08T19:11:26.1834696Z Region: eastus
2026-10-08T19:11:26.1835407Z Cloud: Azure
2026-10-08T19:11:26.1835997Z ##[endgroup]
2026-10-08T19:11:26.1837499Z ##[group]Operating System
2026-10-08T19:11:26.1838237Z Ubuntu
2026-10-08T19:11:26.1838817Z 24.04.5
2026-10-08T19:11:26.1839326Z LTS
2026-10-08T19:11:26.1839886Z ##[endgroup]
2026-10-08T19:11:26.1840803Z ##[group]Runner Image
2026-10-08T19:11:26.1841420Z Image: ubuntu-24.04
2026-10-08T19:11:26.1842112Z Version: 20261004.327.1
2026-10-08T19:11:26.1843365Z Included Software: https://github.com/actions/runner-images/blob/ubuntu24/20261004.327/images/ubuntu/Ubuntu2404-Readme.md
2026-10-08T19:11:26.1845073Z Image Release: https://github.com/actions/runner-images/releases/tag/ubuntu24%2F20261004.327
2026-10-08T19:11:26.1846058Z ##[endgroup]
2026-10-08T19:11:26.1847294Z ##[group]GITHUB_TOKEN Permissions
2026-10-08T19:11:26.1849198Z Contents: read
2026-10-08T19:11:26.1849909Z Metadata: read
2026-10-08T19:11:26.1850906Z ##[endgroup]
2026-10-08T19:11:26.1853337Z Secret source: Actions
2026-10-08T19:11:26.1854262Z Cache mode: write
2026-10-08T19:11:26.1855079Z Prepare workflow directory
2026-10-08T19:11:26.2197363Z Prepare all required actions
2026-10-08T19:11:26.2246665Z Getting action download info
2026-10-08T19:11:26.4538477Z Download action repository 'actions/checkout@v4' (SHA:11d5960a326750d5838078e36cf38b85af677262)
2026-10-08T19:11:26.5480668Z Download action repository 'actions/setup-node@v4' (SHA:49933ea5288caeca8642d1e84afbd3f7d6820020)
2026-10-08T19:11:26.7465172Z Complete job name: bridge-components
2026-10-08T19:11:26.8275008Z ##[group]Run actions/checkout@v4
2026-10-08T19:11:26.8275923Z with:
2026-10-08T19:11:26.8276405Z   repository: shopable-ai/opendesk-browser
2026-10-08T19:11:26.8280681Z   token: ***
2026-10-08T19:11:26.8281139Z   ssh-strict: true
2026-10-08T19:11:26.8281588Z   ssh-user: git
2026-10-08T19:11:26.8282057Z   persist-credentials: true
2026-10-08T19:11:26.8282560Z   clean: true
2026-10-08T19:11:26.8283015Z   sparse-checkout-cone-mode: true
2026-10-08T19:11:26.8283540Z   fetch-depth: 1
2026-10-08T19:11:26.8283973Z   fetch-tags: false
2026-10-08T19:11:26.8284419Z   show-progress: true
2026-10-08T19:11:26.8284870Z   lfs: false
2026-10-08T19:11:26.8285293Z   submodules: false
2026-10-08T19:11:26.8285743Z   set-safe-directory: true
2026-10-08T19:11:26.8286263Z   allow-unsafe-pr-checkout: false
2026-10-08T19:11:26.8287055Z ##[endgroup]
2026-10-08T19:11:26.9351241Z Syncing repository: shopable-ai/opendesk-browser
2026-10-08T19:11:26.9354058Z ##[group]Getting Git version info
2026-10-08T19:11:26.9355764Z Working directory is '/home/runner/work/opendesk-browser/opendesk-browser'
2026-10-08T19:11:26.9357634Z [command]/usr/bin/git version
2026-10-08T19:11:26.9361596Z git version 2.55.0
2026-10-08T19:11:26.9384217Z ##[endgroup]
2026-10-08T19:11:26.9399538Z Temporarily overriding HOME='/home/runner/work/_temp/ee696c1e-a995-4d78-bfd0-6858c17ee232' before making global git config changes
2026-10-08T19:11:26.9402159Z Adding repository directory to the temporary git global config as a safe directory
2026-10-08T19:11:26.9405552Z [command]/usr/bin/git config --global --add safe.directory /home/runner/work/opendesk-browser/opendesk-browser
2026-10-08T19:11:26.9476021Z Deleting the contents of '/home/runner/work/opendesk-browser/opendesk-browser'
2026-10-08T19:11:26.9486703Z ##[group]Initializing the repository
2026-10-08T19:11:26.9488260Z [command]/usr/bin/git init /home/runner/work/opendesk-browser/opendesk-browser
2026-10-08T19:11:26.9608366Z hint: Using 'master' as the name for the initial branch. This default branch name
2026-10-08T19:11:26.9610624Z hint: will change to "main" in Git 3.0. To configure the initial branch name
2026-10-08T19:11:26.9612778Z hint: to use in all of your new repositories, which will suppress this warning,
2026-10-08T19:11:26.9614479Z hint: call:
2026-10-08T19:11:26.9615569Z hint:
2026-10-08T19:11:26.9617389Z hint: 	git config --global init.defaultBranch <name>
2026-10-08T19:11:26.9618592Z hint:
2026-10-08T19:11:26.9619718Z hint: Names commonly chosen instead of 'master' are 'main', 'trunk' and
2026-10-08T19:11:26.9621797Z hint: 'development'. The just-created branch can be renamed via this command:
2026-10-08T19:11:26.9623257Z hint:
2026-10-08T19:11:26.9624114Z hint: 	git branch -m <name>
2026-10-08T19:11:26.9625077Z hint:
2026-10-08T19:11:26.9626308Z hint: Disable this message with "git config set advice.defaultBranchName false"
2026-10-08T19:11:26.9628510Z Initialized empty Git repository in /home/runner/work/opendesk-browser/opendesk-browser/.git/
2026-10-08T19:11:26.9632908Z [command]/usr/bin/git remote add origin https://github.com/shopable-ai/opendesk-browser
2026-10-08T19:11:26.9678306Z ##[endgroup]
2026-10-08T19:11:26.9679609Z ##[group]Disabling automatic garbage collection
2026-10-08T19:11:26.9684048Z [command]/usr/bin/git config --local gc.auto 0
2026-10-08T19:11:26.9719246Z ##[endgroup]
2026-10-08T19:11:26.9720897Z ##[group]Setting up auth
2026-10-08T19:11:26.9727603Z [command]/usr/bin/git config --local --name-only --get-regexp core\.sshCommand
2026-10-08T19:11:26.9769220Z [command]/usr/bin/git submodule foreach --recursive sh -c "git config --local --name-only --get-regexp 'core\.sshCommand' && git config --local --unset-all 'core.sshCommand' || :"
2026-10-08T19:11:27.0163750Z [command]/usr/bin/git config --local --name-only --get-regexp http\.https\:\/\/github\.com\/\.extraheader
2026-10-08T19:11:27.0213430Z [command]/usr/bin/git submodule foreach --recursive sh -c "git config --local --name-only --get-regexp 'http\.https\:\/\/github\.com\/\.extraheader' && git config --local --unset-all 'http.https://github.com/.extraheader' || :"
2026-10-08T19:11:27.0447114Z [command]/usr/bin/git config --local --name-only --get-regexp ^includeIf\.gitdir:
2026-10-08T19:11:27.0484153Z [command]/usr/bin/git submodule foreach --recursive git config --local --show-origin --name-only --get-regexp remote.origin.url
2026-10-08T19:11:27.0716694Z [command]/usr/bin/git config --local http.https://github.com/.extraheader AUTHORIZATION: basic ***
2026-10-08T19:11:27.0759727Z ##[endgroup]
2026-10-08T19:11:27.0761146Z ##[group]Fetching the repository
2026-10-08T19:11:27.0770143Z [command]/usr/bin/git -c protocol.version=2 fetch --no-tags --prune --no-recurse-submodules --depth=1 origin +99b6d6a3588d6c0f50fcc408cfb1703893c26d3b:refs/remotes/pull/29/merge
2026-10-08T19:11:29.4180186Z From https://github.com/shopable-ai/opendesk-browser
2026-10-08T19:11:29.4182906Z  * [new ref]         99b6d6a3588d6c0f50fcc408cfb1703893c26d3b -> pull/29/merge
2026-10-08T19:11:29.4187616Z ##[endgroup]
2026-10-08T19:11:29.4189780Z ##[group]Determining the checkout info
2026-10-08T19:11:29.4192369Z ##[endgroup]
2026-10-08T19:11:29.4194575Z [command]/usr/bin/git sparse-checkout disable
2026-10-08T19:11:29.4250579Z [command]/usr/bin/git config --local --unset-all extensions.worktreeConfig
2026-10-08T19:11:29.4291733Z ##[group]Checking out the ref
2026-10-08T19:11:29.4295054Z [command]/usr/bin/git checkout --progress --force refs/remotes/pull/29/merge
2026-10-08T19:11:30.4532231Z Updating files:  69% (9177/13229)
2026-10-08T19:11:30.4592153Z Updating files:  70% (9261/13229)
2026-10-08T19:11:30.4694137Z Updating files:  71% (9393/13229)
2026-10-08T19:11:30.4812422Z Updating files:  72% (9525/13229)
2026-10-08T19:11:30.4879707Z Updating files:  73% (9658/13229)
2026-10-08T19:11:30.4938836Z Updating files:  74% (9790/13229)
2026-10-08T19:11:30.5089398Z Updating files:  75% (9922/13229)
2026-10-08T19:11:30.5166957Z Updating files:  76% (10055/13229)
2026-10-08T19:11:30.5215487Z Updating files:  77% (10187/13229)
2026-10-08T19:11:30.5368517Z Updating files:  78% (10319/13229)
2026-10-08T19:11:30.5449998Z Updating files:  79% (10451/13229)
2026-10-08T19:11:30.5510430Z Updating files:  80% (10584/13229)
2026-10-08T19:11:30.5686435Z Updating files:  81% (10716/13229)
2026-10-08T19:11:30.5792805Z Updating files:  82% (10848/13229)
2026-10-08T19:11:30.5876369Z Updating files:  83% (10981/13229)
2026-10-08T19:11:30.5948561Z Updating files:  84% (11113/13229)
2026-10-08T19:11:30.6104183Z Updating files:  85% (11245/13229)
2026-10-08T19:11:30.6187081Z Updating files:  86% (11377/13229)
2026-10-08T19:11:30.6401333Z Updating files:  87% (11510/13229)
2026-10-08T19:11:30.6757917Z Updating files:  88% (11642/13229)
2026-10-08T19:11:30.6970142Z Updating files:  89% (11774/13229)
2026-10-08T19:11:30.7117277Z Updating files:  90% (11907/13229)
2026-10-08T19:11:30.7194208Z Updating files:  91% (12039/13229)
2026-10-08T19:11:30.7288151Z Updating files:  92% (12171/13229)
2026-10-08T19:11:30.7619257Z Updating files:  93% (12303/13229)
2026-10-08T19:11:30.8291435Z Updating files:  94% (12436/13229)
2026-10-08T19:11:30.8673086Z Updating files:  95% (12568/13229)
2026-10-08T19:11:30.9351711Z Updating files:  96% (12700/13229)
2026-10-08T19:11:30.9953821Z Updating files:  97% (12833/13229)
2026-10-08T19:11:31.0682764Z Updating files:  98% (12965/13229)
2026-10-08T19:11:31.1049991Z Updating files:  99% (13097/13229)
2026-10-08T19:11:31.1050898Z Updating files: 100% (13229/13229)
2026-10-08T19:11:31.1051370Z Updating files: 100% (13229/13229), done.
2026-10-08T19:11:31.1211306Z Note: switching to 'refs/remotes/pull/29/merge'.
2026-10-08T19:11:31.1211973Z 
2026-10-08T19:11:31.1212308Z You are in 'detached HEAD' state. You can look around, make experimental
2026-10-08T19:11:31.1213122Z changes and commit them, and you can discard any commits you make in this
2026-10-08T19:11:31.1213664Z state without impacting any branches by switching back to a branch.
2026-10-08T19:11:31.1213970Z 
2026-10-08T19:11:31.1214547Z If you want to create a new branch to retain commits you create, you may
2026-10-08T19:11:31.1215031Z do so (now or later) by using -c with the switch command. Example:
2026-10-08T19:11:31.1215326Z 
2026-10-08T19:11:31.1215442Z   git switch -c <new-branch-name>
2026-10-08T19:11:31.1215631Z 
2026-10-08T19:11:31.1215761Z Or undo this operation with:
2026-10-08T19:11:31.1215947Z 
2026-10-08T19:11:31.1216034Z   git switch -
2026-10-08T19:11:31.1216162Z 
2026-10-08T19:11:31.1216380Z Turn off this advice by setting config variable advice.detachedHead to false
2026-10-08T19:11:31.1216688Z 
2026-10-08T19:11:31.1217066Z HEAD is now at 99b6d6a Merge 03159aab02bbf2fc9898b344653de3349b5df8f5 into bd7c8d1b41197673ad0d5ab0abe53231393a368d
2026-10-08T19:11:31.1301336Z ##[endgroup]
2026-10-08T19:11:31.1350746Z [command]/usr/bin/git log -1 --format=%H
2026-10-08T19:11:31.1381150Z 99b6d6a3588d6c0f50fcc408cfb1703893c26d3b
2026-10-08T19:11:31.1731608Z ##[group]Run actions/setup-node@v4
2026-10-08T19:11:31.1731913Z with:
2026-10-08T19:11:31.1732112Z   node-version: 22
2026-10-08T19:11:31.1732318Z   cache: npm
2026-10-08T19:11:31.1732553Z   always-auth: false
2026-10-08T19:11:31.1732787Z   check-latest: false
2026-10-08T19:11:31.1735405Z   token: ***
2026-10-08T19:11:31.1735610Z ##[endgroup]
2026-10-08T19:11:31.3195507Z Found in cache @ /opt/hostedtoolcache/node/22.23.3/x64
2026-10-08T19:11:31.3199390Z (node:2329) [DEP0040] DeprecationWarning: The `punycode` module is deprecated. Please use a userland alternative instead.
2026-10-08T19:11:31.3200879Z (Use `node --trace-deprecation ...` to show where the warning was created)
2026-10-08T19:11:31.3203208Z ##[group]Environment details
2026-10-08T19:11:31.7190178Z node: v22.23.3
2026-10-08T19:11:31.7190859Z npm: 10.9.9
2026-10-08T19:11:31.7191359Z yarn: 1.22.22
2026-10-08T19:11:31.7192439Z ##[endgroup]
2026-10-08T19:11:31.7215374Z [command]/opt/hostedtoolcache/node/22.23.3/x64/bin/npm config get cache
2026-10-08T19:11:31.8348820Z /home/runner/.npm
2026-10-08T19:11:31.9176852Z Cache hit for: node-cache-Linux-x64-npm-b8ba1b1e75b534e8b18fa308aa4c06e83b4d486ff426239c6fd9007055bc4cce
2026-10-08T19:11:31.9291562Z (node:2329) [DEP0169] DeprecationWarning: `url.parse()` behavior is not standardized and prone to errors that have security implications. Use the WHATWG URL API instead. CVEs are not issued for `url.parse()` vulnerabilities.
2026-10-08T19:11:32.2128394Z Received 15714701 of 15714701 (100.0%), 63.5 MBs/sec
2026-10-08T19:11:32.2129073Z Cache Size: ~15 MB (15714701 B)
2026-10-08T19:11:32.2159932Z [command]/usr/bin/tar -xf /home/runner/work/_temp/9235b340-e838-440e-84ec-2090ad30bacf/cache.tzst -P -C /home/runner/work/opendesk-browser/opendesk-browser --use-compress-program unzstd
2026-10-08T19:11:32.2932713Z Cache restored successfully
2026-10-08T19:11:32.2943214Z Cache restored from key: node-cache-Linux-x64-npm-b8ba1b1e75b534e8b18fa308aa4c06e83b4d486ff426239c6fd9007055bc4cce
2026-10-08T19:11:32.3112103Z ##[group]Run npm ci --ignore-scripts --no-audit --no-fund
2026-10-08T19:11:32.3112605Z [36;1mnpm ci --ignore-scripts --no-audit --no-fund[0m
2026-10-08T19:11:32.3388450Z shell: /usr/bin/bash -e {0}
2026-10-08T19:11:32.3388840Z ##[endgroup]
2026-10-08T19:11:34.7501598Z 
2026-10-08T19:11:34.7508143Z added 240 packages in 2s
2026-10-08T19:11:34.8015814Z ##[group]Run node --test tests/environment/native-agent-wire.test.mjs tests/environment/native-agent-host.test.mjs tests/environment/native-agent-bridge.test.mjs tests/environment/native-agent-native-host.test.mjs tests/environment/native-agent-package.test.mjs tests/environment/compact-schema.test.mjs tests/environment/agent-to-task-fixtures.test.mjs
2026-10-08T19:11:34.8018419Z [36;1mnode --test tests/environment/native-agent-wire.test.mjs tests/environment/native-agent-host.test.mjs tests/environment/native-agent-bridge.test.mjs tests/environment/native-agent-native-host.test.mjs tests/environment/native-agent-package.test.mjs tests/environment/compact-schema.test.mjs tests/environment/agent-to-task-fixtures.test.mjs[0m
2026-10-08T19:11:34.8085364Z shell: /usr/bin/bash -e {0}
2026-10-08T19:11:34.8085633Z ##[endgroup]
2026-10-08T19:11:34.8697056Z TAP version 13
2026-10-08T19:11:34.9252380Z # Subtest: read-only Agent observation draft retains the main R6.2 bounded snapshot contract
2026-10-08T19:11:34.9261921Z ok 1 - read-only Agent observation draft retains the main R6.2 bounded snapshot contract
2026-10-08T19:11:34.9262984Z   ---
2026-10-08T19:11:34.9263532Z   duration_ms: 8.127284
2026-10-08T19:11:34.9264131Z   type: 'test'
2026-10-08T19:11:34.9264651Z   ...
2026-10-08T19:11:34.9397877Z # Subtest: modern Locator Task candidate is exact and immutable, never pre-verified
2026-10-08T19:11:34.9399954Z ok 2 - modern Locator Task candidate is exact and immutable, never pre-verified
2026-10-08T19:11:34.9404490Z   ---
2026-10-08T19:11:34.9404855Z   duration_ms: 15.122992
2026-10-08T19:11:34.9405263Z   type: 'test'
2026-10-08T19:11:34.9405605Z   ...
2026-10-08T19:11:35.0131646Z # Subtest: fixed production protocol Schema uses variable-width LZW and decodes byte-for-byte to the audited object
2026-10-08T19:11:35.0161720Z ok 3 - fixed production protocol Schema uses variable-width LZW and decodes byte-for-byte to the audited object
2026-10-08T19:11:35.0191029Z   ---
2026-10-08T19:11:35.0207597Z   duration_ms: 101.830708
2026-10-08T19:11:35.0220999Z   type: 'test'
2026-10-08T19:11:35.0221546Z   ...
2026-10-08T19:11:35.0222697Z # Subtest: small and non-ASCII schemas still round-trip through existing smaller-of-two-formats selection
2026-10-08T19:11:35.0224062Z ok 4 - small and non-ASCII schemas still round-trip through existing smaller-of-two-formats selection
2026-10-08T19:11:35.0224852Z   ---
2026-10-08T19:11:35.0225190Z   duration_ms: 1.427891
2026-10-08T19:11:35.0225598Z   type: 'test'
2026-10-08T19:11:35.0225918Z   ...
2026-10-08T19:11:35.0405644Z # Subtest: startup permission check cannot reconnect after permission-removed
2026-10-08T19:11:35.0407206Z ok 5 - startup permission check cannot reconnect after permission-removed
2026-10-08T19:11:35.0410521Z   ---
2026-10-08T19:11:35.0411212Z   duration_ms: 13.775451
2026-10-08T19:11:35.0411857Z   type: 'test'
2026-10-08T19:11:35.0412966Z   ...
2026-10-08T19:11:35.0413862Z # Subtest: startup permission check cannot reconnect after dispose
2026-10-08T19:11:35.0414974Z ok 6 - startup permission check cannot reconnect after dispose
2026-10-08T19:11:35.0415760Z   ---
2026-10-08T19:11:35.0416295Z   duration_ms: 1.917808
2026-10-08T19:11:35.0416886Z   type: 'test'
2026-10-08T19:11:35.0417408Z   ...
2026-10-08T19:11:35.0418202Z # Subtest: reserved mutation never dispatches across disable
2026-10-08T19:11:35.0419213Z ok 7 - reserved mutation never dispatches across disable
2026-10-08T19:11:35.0419934Z   ---
2026-10-08T19:11:35.0420769Z   duration_ms: 11.594422
2026-10-08T19:11:35.0423261Z   type: 'test'
2026-10-08T19:11:35.0423903Z   ...
2026-10-08T19:11:35.0424777Z # Subtest: reserved mutation never dispatches across permission-removed
2026-10-08T19:11:35.0426004Z ok 8 - reserved mutation never dispatches across permission-removed
2026-10-08T19:11:35.0426835Z   ---
2026-10-08T19:11:35.0427363Z   duration_ms: 7.591001
2026-10-08T19:11:35.0428006Z   type: 'test'
2026-10-08T19:11:35.0428535Z   ...
2026-10-08T19:11:35.0429817Z # Subtest: reserved mutation never dispatches across disconnect-reconnect
2026-10-08T19:11:35.0431324Z ok 9 - reserved mutation never dispatches across disconnect-reconnect
2026-10-08T19:11:35.0432184Z   ---
2026-10-08T19:11:35.0432739Z   duration_ms: 8.238252
2026-10-08T19:11:35.0433493Z   type: 'test'
2026-10-08T19:11:35.0439953Z   ...
2026-10-08T19:11:35.0441137Z # Subtest: reserved mutation never dispatches across disable-enable
2026-10-08T19:11:35.0442326Z ok 10 - reserved mutation never dispatches across disable-enable
2026-10-08T19:11:35.0443164Z   ---
2026-10-08T19:11:35.0443747Z   duration_ms: 7.251756
2026-10-08T19:11:35.0444368Z   type: 'test'
2026-10-08T19:11:35.0444928Z   ...
2026-10-08T19:11:35.0445770Z # Subtest: reserved mutation never dispatches across dispose
2026-10-08T19:11:35.0446846Z ok 11 - reserved mutation never dispatches across dispose
2026-10-08T19:11:35.0447636Z   ---
2026-10-08T19:11:35.0448222Z   duration_ms: 9.315557
2026-10-08T19:11:35.0448828Z   type: 'test'
2026-10-08T19:11:35.0449365Z   ...
2026-10-08T19:11:35.0450443Z # Subtest: Native permission is rechecked immediately before dispatch
2026-10-08T19:11:35.0452612Z ok 12 - Native permission is rechecked immediately before dispatch
2026-10-08T19:11:35.0453444Z   ---
2026-10-08T19:11:35.0454001Z   duration_ms: 6.145011
2026-10-08T19:11:35.0454577Z   type: 'test'
2026-10-08T19:11:35.0455147Z   ...
2026-10-08T19:11:35.0456304Z # Subtest: a late disconnect from an old Native port cannot cancel a new connection request
2026-10-08T19:11:35.0457732Z ok 13 - a late disconnect from an old Native port cannot cancel a new connection request
2026-10-08T19:11:35.0458638Z   ---
2026-10-08T19:11:35.0459164Z   duration_ms: 11.592948
2026-10-08T19:11:35.0459754Z   type: 'test'
2026-10-08T19:11:35.0460512Z   ...
2026-10-08T19:11:35.0461426Z # Subtest: a pending enable permission check cannot overwrite disable
2026-10-08T19:11:35.0462766Z ok 14 - a pending enable permission check cannot overwrite disable
2026-10-08T19:11:35.0468491Z   ---
2026-10-08T19:11:35.0469085Z   duration_ms: 3.143962
2026-10-08T19:11:35.0469716Z   type: 'test'
2026-10-08T19:11:35.0470516Z   ...
2026-10-08T19:11:35.0471516Z # Subtest: a pending enable permission check cannot overwrite permission-removed
2026-10-08T19:11:35.0472792Z ok 15 - a pending enable permission check cannot overwrite permission-removed
2026-10-08T19:11:35.0473671Z   ---
2026-10-08T19:11:35.0474202Z   duration_ms: 1.25093
2026-10-08T19:11:35.0474753Z   type: 'test'
2026-10-08T19:11:35.0475296Z   ...
2026-10-08T19:11:35.0476218Z # Subtest: a pending enable storage write cannot persist over a newer disable
2026-10-08T19:11:35.0477654Z ok 16 - a pending enable storage write cannot persist over a newer disable
2026-10-08T19:11:35.0478657Z   ---
2026-10-08T19:11:35.0479701Z   duration_ms: 5.834525
2026-10-08T19:11:35.0480563Z   type: 'test'
2026-10-08T19:11:35.0481160Z   ...
2026-10-08T19:11:35.0482216Z # Subtest: an old Host ACK cannot match a new connection read with the same external requestId
2026-10-08T19:11:35.0483853Z ok 17 - an old Host ACK cannot match a new connection read with the same external requestId
2026-10-08T19:11:35.0484708Z   ---
2026-10-08T19:11:35.0485203Z   duration_ms: 18.633396
2026-10-08T19:11:35.0485748Z   type: 'test'
2026-10-08T19:11:35.0486268Z   ...
2026-10-08T19:11:35.0487166Z # Subtest: enabled Native handshake sends version and correct extension identity
2026-10-08T19:11:35.0488410Z ok 18 - enabled Native handshake sends version and correct extension identity
2026-10-08T19:11:35.0489296Z   ---
2026-10-08T19:11:35.0490018Z   duration_ms: 1.107723
2026-10-08T19:11:35.0507219Z   type: 'test'
2026-10-08T19:11:35.0507853Z   ...
2026-10-08T19:11:35.0508823Z # Subtest: default-off requires a packaged Settings sender and real granted Native permission
2026-10-08T19:11:35.0510624Z ok 19 - default-off requires a packaged Settings sender and real granted Native permission
2026-10-08T19:11:35.0522761Z   ---
2026-10-08T19:11:35.0523512Z   duration_ms: 0.630169
2026-10-08T19:11:35.0524115Z   type: 'test'
2026-10-08T19:11:35.0524938Z   ...
2026-10-08T19:11:35.0551673Z # Subtest: request hash journal deduplicates after real Host admission; conflicting bytes fail
2026-10-08T19:11:35.0553555Z ok 20 - request hash journal deduplicates after real Host admission; conflicting bytes fail
2026-10-08T19:11:35.0561275Z   ---
2026-10-08T19:11:35.0561883Z   duration_ms: 11.314347
2026-10-08T19:11:35.0562588Z   type: 'test'
2026-10-08T19:11:35.0562972Z   ...
2026-10-08T19:11:35.0622908Z # Subtest: dispatched but unanswered calls are never retried, even if same id reappears
2026-10-08T19:11:35.0624481Z ok 21 - dispatched but unanswered calls are never retried, even if same id reappears
2026-10-08T19:11:35.0625502Z   ---
2026-10-08T19:11:35.0626086Z   duration_ms: 11.492503
2026-10-08T19:11:35.0626725Z   type: 'test'
2026-10-08T19:11:35.0627284Z   ...
2026-10-08T19:11:35.0647065Z # Subtest: no live registered Host means no run reservation or Worker execution
2026-10-08T19:11:35.0648341Z ok 22 - no live registered Host means no run reservation or Worker execution
2026-10-08T19:11:35.0648989Z   ---
2026-10-08T19:11:35.0649466Z   duration_ms: 2.29263
2026-10-08T19:11:35.0650033Z   type: 'test'
2026-10-08T19:11:35.0650853Z   ...
2026-10-08T19:11:35.0681848Z # Subtest: run.get and run.stop cannot inspect arbitrary Sidebar-owned Run records
2026-10-08T19:11:35.0686351Z ok 23 - run.get and run.stop cannot inspect arbitrary Sidebar-owned Run records
2026-10-08T19:11:35.0687288Z   ---
2026-10-08T19:11:35.0687927Z   duration_ms: 1.162705
2026-10-08T19:11:35.0688395Z   type: 'test'
2026-10-08T19:11:35.0688758Z   ...
2026-10-08T19:11:35.0833336Z # Subtest: ACK journal write failure after Host action remains OUTCOME_UNKNOWN and never replays
2026-10-08T19:11:35.0911566Z ok 24 - ACK journal write failure after Host action remains OUTCOME_UNKNOWN and never replays
2026-10-08T19:11:35.0912982Z   ---
2026-10-08T19:11:35.0913773Z   duration_ms: 16.775914
2026-10-08T19:11:35.0914476Z   type: 'test'
2026-10-08T19:11:35.0915074Z   ...
2026-10-08T19:11:35.1080169Z # Subtest: run.get and run.stop remain pinned to the original authenticated Host registration
2026-10-08T19:11:35.1082448Z ok 25 - run.get and run.stop remain pinned to the original authenticated Host registration
2026-10-08T19:11:35.1086082Z   ---
2026-10-08T19:11:35.1086707Z   duration_ms: 25.110045
2026-10-08T19:11:35.1087311Z   type: 'test'
2026-10-08T19:11:35.1088039Z   ...
2026-10-08T19:11:35.1261784Z # Subtest: current target is live Sidebar snapshot, not active tab chosen by CLI
2026-10-08T19:11:35.1263656Z ok 26 - current target is live Sidebar snapshot, not active tab chosen by CLI
2026-10-08T19:11:35.1264778Z   ---
2026-10-08T19:11:35.1265421Z   duration_ms: 3.89659
2026-10-08T19:11:35.1266107Z   type: 'test'
2026-10-08T19:11:35.1266773Z   ...
2026-10-08T19:11:35.1268023Z # Subtest: external draft uses exact RunHost with frozen borrowed target and controller requestId
2026-10-08T19:11:35.1270185Z ok 27 - external draft uses exact RunHost with frozen borrowed target and controller requestId
2026-10-08T19:11:35.1271783Z   ---
2026-10-08T19:11:35.1272447Z   duration_ms: 1.509935
2026-10-08T19:11:35.1273128Z   type: 'test'
2026-10-08T19:11:35.1273723Z   ...
2026-10-08T19:11:35.1274779Z # Subtest: Host ACK correlation preserves the external Controller admission requestId
2026-10-08T19:11:35.1276341Z ok 28 - Host ACK correlation preserves the external Controller admission requestId
2026-10-08T19:11:35.1277380Z   ---
2026-10-08T19:11:35.1277973Z   duration_ms: 0.878523
2026-10-08T19:11:35.1278672Z   type: 'test'
2026-10-08T19:11:35.1279311Z   ...
2026-10-08T19:11:35.1280683Z # Subtest: permissions and document id fail before admission (no Chrome prompt)
2026-10-08T19:11:35.1282141Z ok 29 - permissions and document id fail before admission (no Chrome prompt)
2026-10-08T19:11:35.1283161Z   ---
2026-10-08T19:11:35.1283813Z   duration_ms: 2.579957
2026-10-08T19:11:35.1284494Z   type: 'test'
2026-10-08T19:11:35.1285176Z   ...
2026-10-08T19:11:35.1286096Z # Subtest: saved requires pinned exact revision and source hash
2026-10-08T19:11:35.1287587Z ok 30 - saved requires pinned exact revision and source hash
2026-10-08T19:11:35.1288516Z   ---
2026-10-08T19:11:35.1289119Z   duration_ms: 0.890927
2026-10-08T19:11:35.1289746Z   type: 'test'
2026-10-08T19:11:35.1290623Z   ...
2026-10-08T19:11:35.1291772Z # Subtest: run.get removes unrelated Sidebar run history from Controller snapshot projection
2026-10-08T19:11:35.1293311Z ok 31 - run.get removes unrelated Sidebar run history from Controller snapshot projection
2026-10-08T19:11:35.1294387Z   ---
2026-10-08T19:11:35.1295031Z   duration_ms: 0.387916
2026-10-08T19:11:35.1295706Z   type: 'test'
2026-10-08T19:11:35.1296270Z   ...
2026-10-08T19:11:35.1297257Z # Subtest: identity is pinned; invalid origin cannot launch a server
2026-10-08T19:11:35.1298985Z ok 32 - identity is pinned; invalid origin cannot launch a server
2026-10-08T19:11:35.1313317Z   ---
2026-10-08T19:11:35.1351710Z   duration_ms: 2.836577
2026-10-08T19:11:35.1369748Z   type: 'test'
2026-10-08T19:11:35.1370681Z   ...
2026-10-08T19:11:35.1371833Z # Subtest: framed Chrome welcome, authenticated local IPC, request and exact response
2026-10-08T19:11:35.1373422Z ok 33 - framed Chrome welcome, authenticated local IPC, request and exact response
2026-10-08T19:11:35.1374389Z   ---
2026-10-08T19:11:35.1374963Z   duration_ms: 18.843291
2026-10-08T19:11:35.1375664Z   type: 'test'
2026-10-08T19:11:35.1376267Z   ...
2026-10-08T19:11:35.1377249Z # Subtest: duplicate inflight request ID is rejected, not dispatched again
2026-10-08T19:11:35.1378685Z ok 34 - duplicate inflight request ID is rejected, not dispatched again
2026-10-08T19:11:35.1379622Z   ---
2026-10-08T19:11:35.1380191Z   duration_ms: 4.815229
2026-10-08T19:11:35.1381069Z   type: 'test'
2026-10-08T19:11:35.1381592Z   ...
2026-10-08T19:11:35.1382596Z # Subtest: unacknowledged dispatched effects become unknown on native shutdown
2026-10-08T19:11:35.1383967Z ok 35 - unacknowledged dispatched effects become unknown on native shutdown
2026-10-08T19:11:35.1384904Z   ---
2026-10-08T19:11:35.1385454Z   duration_ms: 5.530927
2026-10-08T19:11:35.1386051Z   type: 'test'
2026-10-08T19:11:35.1386583Z   ...
2026-10-08T19:11:35.1387410Z # Subtest: wrong credential is rejected without local API access
2026-10-08T19:11:35.1388552Z ok 36 - wrong credential is rejected without local API access
2026-10-08T19:11:35.1389410Z   ---
2026-10-08T19:11:35.1389979Z   duration_ms: 4.736985
2026-10-08T19:11:35.1390899Z   type: 'test'
2026-10-08T19:11:35.1391462Z   ...
2026-10-08T19:11:35.2237211Z # Subtest: handshake timeout closes the private socket without stale reuse
2026-10-08T19:11:35.2239142Z ok 37 - handshake timeout closes the private socket without stale reuse
2026-10-08T19:11:35.2240607Z   ---
2026-10-08T19:11:35.2241247Z   duration_ms: 101.808522
2026-10-08T19:11:35.2241928Z   type: 'test'
2026-10-08T19:11:35.2242319Z   ...
2026-10-08T19:11:35.2676037Z # Subtest: native response timeout preserves unknown-effect outcome
2026-10-08T19:11:35.2680585Z ok 38 - native response timeout preserves unknown-effect outcome
2026-10-08T19:11:35.2681553Z   ---
2026-10-08T19:11:35.2681938Z   duration_ms: 43.580659
2026-10-08T19:11:35.2682388Z   type: 'test'
2026-10-08T19:11:35.2682771Z   ...
2026-10-08T19:11:35.2683511Z # Subtest: existing socket is never unlinked or replaced by a second host
2026-10-08T19:11:35.2684593Z ok 39 - existing socket is never unlinked or replaced by a second host
2026-10-08T19:11:35.2685290Z   ---
2026-10-08T19:11:35.2685678Z   duration_ms: 1.267742
2026-10-08T19:11:35.2686110Z   type: 'test'
2026-10-08T19:11:35.2686493Z   ...
2026-10-08T19:11:35.2750126Z # Subtest: Native remains optional after merging the current permission catalog
2026-10-08T19:11:35.2751397Z ok 40 - Native remains optional after merging the current permission catalog
2026-10-08T19:11:35.2752018Z   ---
2026-10-08T19:11:35.2752235Z   duration_ms: 6.630113
2026-10-08T19:11:35.2761347Z   type: 'test'
2026-10-08T19:11:35.2761817Z   ...
2026-10-08T19:11:35.2762956Z # Subtest: strict production SW budget and fixed packaged Native transport entry
2026-10-08T19:11:35.2764185Z ok 41 - strict production SW budget and fixed packaged Native transport entry
2026-10-08T19:11:35.2764923Z   ---
2026-10-08T19:11:35.2765294Z   duration_ms: 0.340747
2026-10-08T19:11:35.2765713Z   type: 'test'
2026-10-08T19:11:35.2766234Z   ...
2026-10-08T19:11:35.2766952Z # Subtest: single exact same-extension static import allowed in SW only
2026-10-08T19:11:35.2767981Z ok 42 - single exact same-extension static import allowed in SW only
2026-10-08T19:11:35.2768651Z   ---
2026-10-08T19:11:35.2769107Z   duration_ms: 10.607382
2026-10-08T19:11:35.2769552Z   type: 'test'
2026-10-08T19:11:35.2769949Z   ...
2026-10-08T19:11:35.2771374Z # Subtest: fixed transport registers listeners on the original SW APIs; default-off does not connect
2026-10-08T19:11:35.2772798Z ok 43 - fixed transport registers listeners on the original SW APIs; default-off does not connect
2026-10-08T19:11:35.2773669Z   ---
2026-10-08T19:11:35.2774042Z   duration_ms: 1.0585
2026-10-08T19:11:35.2774477Z   type: 'test'
2026-10-08T19:11:35.2774840Z   ...
2026-10-08T19:11:35.2775682Z # Subtest: native framing uses UTF-8 byte length and handles split multibyte boundaries
2026-10-08T19:11:35.2776884Z ok 44 - native framing uses UTF-8 byte length and handles split multibyte boundaries
2026-10-08T19:11:35.2777644Z   ---
2026-10-08T19:11:35.2778021Z   duration_ms: 1.681866
2026-10-08T19:11:35.2778383Z   type: 'test'
2026-10-08T19:11:35.2778653Z   ...
2026-10-08T19:11:35.2779332Z # Subtest: private CLI line framing has bounded buffer and independent messages
2026-10-08T19:11:35.2780870Z ok 45 - private CLI line framing has bounded buffer and independent messages
2026-10-08T19:11:35.2781525Z   ---
2026-10-08T19:11:35.2781849Z   duration_ms: 1.30942
2026-10-08T19:11:35.2782282Z   type: 'test'
2026-10-08T19:11:35.2782654Z   ...
2026-10-08T19:11:35.2783468Z # Subtest: reject unsupported transport operations and malformed browser requests
2026-10-08T19:11:35.2784675Z ok 46 - reject unsupported transport operations and malformed browser requests
2026-10-08T19:11:35.2785408Z   ---
2026-10-08T19:11:35.2785772Z   duration_ms: 0.453077
2026-10-08T19:11:35.2786171Z   type: 'test'
2026-10-08T19:11:35.2786521Z   ...
2026-10-08T19:11:35.2787329Z # Subtest: stable digest pins equivalent JSON key order and rejects prototype pollution
2026-10-08T19:11:35.2815037Z ok 47 - stable digest pins equivalent JSON key order and rejects prototype pollution
2026-10-08T19:11:35.2815615Z   ---
2026-10-08T19:11:35.2815836Z   duration_ms: 8.460818
2026-10-08T19:11:35.2816084Z   type: 'test'
2026-10-08T19:11:35.2816291Z   ...
2026-10-08T19:11:35.2816473Z 1..47
2026-10-08T19:11:35.2816664Z # tests 47
2026-10-08T19:11:35.2816852Z # suites 0
2026-10-08T19:11:35.2817041Z # pass 47
2026-10-08T19:11:35.2817227Z # fail 0
2026-10-08T19:11:35.2817438Z # cancelled 0
2026-10-08T19:11:35.2817636Z # skipped 0
2026-10-08T19:11:35.2818120Z # todo 0
2026-10-08T19:11:35.2818336Z # duration_ms 428.18544
2026-10-08T19:11:35.2866295Z ##[group]Run node --test tests/environment/script-editor.test.mjs tests/environment/sidebar-draft-runhost.test.mjs tests/environment/task-workbench.test.mjs tests/environment/sidebar-product-contract.test.mjs
2026-10-08T19:11:35.2867815Z [36;1mnode --test tests/environment/script-editor.test.mjs tests/environment/sidebar-draft-runhost.test.mjs tests/environment/task-workbench.test.mjs tests/environment/sidebar-product-contract.test.mjs[0m
2026-10-08T19:11:35.2932794Z shell: /usr/bin/bash -e {0}
2026-10-08T19:11:35.2933059Z ##[endgroup]
2026-10-08T19:11:35.3543231Z TAP version 13
2026-10-08T19:11:35.4583859Z # Subtest: importing a JS draft leaves saved versions and running source independent
2026-10-08T19:11:35.4585322Z ok 1 - importing a JS draft leaves saved versions and running source independent
2026-10-08T19:11:35.4586242Z   ---
2026-10-08T19:11:35.4586751Z   duration_ms: 28.633968
2026-10-08T19:11:35.4587263Z   type: 'test'
2026-10-08T19:11:35.4587716Z   ...
2026-10-08T19:11:35.4649652Z # Subtest: draft import rejects empty/oversized sources and active saves without overwriting the editor
2026-10-08T19:11:35.4651880Z ok 2 - draft import rejects empty/oversized sources and active saves without overwriting the editor
2026-10-08T19:11:35.4653002Z   ---
2026-10-08T19:11:35.4653613Z   duration_ms: 7.456309
2026-10-08T19:11:35.4654283Z   type: 'test'
2026-10-08T19:11:35.4654808Z   ...
2026-10-08T19:11:35.4726268Z # Subtest: catalog draft import updates dependency review from the new source without saving or running
2026-10-08T19:11:35.4728119Z ok 3 - catalog draft import updates dependency review from the new source without saving or running
2026-10-08T19:11:35.4729232Z   ---
2026-10-08T19:11:35.4729763Z   duration_ms: 7.449767
2026-10-08T19:11:35.4730653Z   type: 'test'
2026-10-08T19:11:35.4731253Z   ...
2026-10-08T19:11:35.4797278Z # Subtest: Save persists revision/hash without requesting permission, creating a Run, or executing code
2026-10-08T19:11:35.4803126Z ok 4 - Save persists revision/hash without requesting permission, creating a Run, or executing code
2026-10-08T19:11:35.4804242Z   ---
2026-10-08T19:11:35.4804825Z   duration_ms: 6.533272
2026-10-08T19:11:35.4805411Z   type: 'test'
2026-10-08T19:11:35.4805929Z   ...
2026-10-08T19:11:35.4850883Z # Subtest: reopened editor lists saved scripts without running and loads the selected latest head explicitly
2026-10-08T19:11:35.4852511Z ok 5 - reopened editor lists saved scripts without running and loads the selected latest head explicitly
2026-10-08T19:11:35.4853415Z   ---
2026-10-08T19:11:35.4853804Z   duration_ms: 6.137261
2026-10-08T19:11:35.4854223Z   type: 'test'
2026-10-08T19:11:35.4854580Z   ...
2026-10-08T19:11:35.4902478Z # Subtest: loading a historical revision does not turn it into the latest Save CAS head
2026-10-08T19:11:35.4908524Z ok 6 - loading a historical revision does not turn it into the latest Save CAS head
2026-10-08T19:11:35.4909145Z   ---
2026-10-08T19:11:35.4909547Z   duration_ms: 5.840216
2026-10-08T19:11:35.4909921Z   type: 'test'
2026-10-08T19:11:35.4910625Z   ...
2026-10-08T19:11:35.4950167Z # Subtest: Delete tombstones the latest head and refreshes the saved-script selector
2026-10-08T19:11:35.4951944Z ok 7 - Delete tombstones the latest head and refreshes the saved-script selector
2026-10-08T19:11:35.4952706Z   ---
2026-10-08T19:11:35.4953041Z   duration_ms: 4.72914
2026-10-08T19:11:35.4953291Z   type: 'test'
2026-10-08T19:11:35.4953496Z   ...
2026-10-08T19:11:35.5050573Z # Subtest: saved A stays immutable; Run freezes unsaved B/params/page A; editing C and Save do not replace B
2026-10-08T19:11:35.5052567Z ok 8 - saved A stays immutable; Run freezes unsaved B/params/page A; editing C and Save do not replace B
2026-10-08T19:11:35.5058416Z   ---
2026-10-08T19:11:35.5059118Z   duration_ms: 9.414081
2026-10-08T19:11:35.5059793Z   type: 'test'
2026-10-08T19:11:35.5067258Z   ...
2026-10-08T19:11:35.5108027Z # Subtest: a brand-new unsaved draft runs with an empty script ID and never creates a saved revision
2026-10-08T19:11:35.5110964Z ok 9 - a brand-new unsaved draft runs with an empty script ID and never creates a saved revision
2026-10-08T19:11:35.5112130Z   ---
2026-10-08T19:11:35.5112748Z   duration_ms: 6.343805
2026-10-08T19:11:35.5113416Z   type: 'test'
2026-10-08T19:11:35.5114033Z   ...
2026-10-08T19:11:35.5252246Z # Subtest: permission preparation rejects a switched page; closing the editor during permission never admits a run
2026-10-08T19:11:35.5253894Z ok 10 - permission preparation rejects a switched page; closing the editor during permission never admits a run
2026-10-08T19:11:35.5254798Z   ---
2026-10-08T19:11:35.5255145Z   duration_ms: 14.004659
2026-10-08T19:11:35.5255549Z   type: 'test'
2026-10-08T19:11:35.5255886Z   ...
2026-10-08T19:11:35.5319200Z # Subtest: Stop uses the formal RunHost abort/retirement path and persists stopped with the original pin
2026-10-08T19:11:35.5321112Z ok 11 - Stop uses the formal RunHost abort/retirement path and persists stopped with the original pin
2026-10-08T19:11:35.5322459Z   ---
2026-10-08T19:11:35.5323306Z   duration_ms: 7.099121
2026-10-08T19:11:35.5323956Z   type: 'test'
2026-10-08T19:11:35.5324211Z   ...
2026-10-08T19:11:35.5401670Z # Subtest: pagehide invokes RunHost host-close; reopened editor only reads the durable interrupted Result
2026-10-08T19:11:35.5403091Z ok 12 - pagehide invokes RunHost host-close; reopened editor only reads the durable interrupted Result
2026-10-08T19:11:35.5403634Z   ---
2026-10-08T19:11:35.5403857Z   duration_ms: 6.921729
2026-10-08T19:11:35.5404091Z   type: 'test'
2026-10-08T19:11:35.5404296Z   ...
2026-10-08T19:11:35.5447859Z # Subtest: late Save/Load replies do not overwrite another script selection or edits made during loading
2026-10-08T19:11:35.5450011Z ok 13 - late Save/Load replies do not overwrite another script selection or edits made during loading
2026-10-08T19:11:35.5451341Z   ---
2026-10-08T19:11:35.5451740Z   duration_ms: 5.891211
2026-10-08T19:11:35.5452044Z   type: 'test'
2026-10-08T19:11:35.5452256Z   ...
2026-10-08T19:11:35.5491232Z # Subtest: late saved-script selector load cannot overwrite edits made during loading
2026-10-08T19:11:35.5493189Z ok 14 - late saved-script selector load cannot overwrite edits made during loading
2026-10-08T19:11:35.5493965Z   ---
2026-10-08T19:11:35.5494341Z   duration_ms: 3.644017
2026-10-08T19:11:35.5494782Z   type: 'test'
2026-10-08T19:11:35.5495149Z   ...
2026-10-08T19:11:35.5553220Z # Subtest: an older snapshot reply cannot disable Run after a newer durable observation
2026-10-08T19:11:35.5554809Z ok 15 - an older snapshot reply cannot disable Run after a newer durable observation
2026-10-08T19:11:35.5558139Z   ---
2026-10-08T19:11:35.5558709Z   duration_ms: 5.355218
2026-10-08T19:11:35.5559451Z   type: 'test'
2026-10-08T19:11:35.5559968Z   ...
2026-10-08T19:11:35.5611732Z # Subtest: an older snapshot error cannot overwrite a newer successful durable view
2026-10-08T19:11:35.5613492Z ok 16 - an older snapshot error cannot overwrite a newer successful durable view
2026-10-08T19:11:35.5624311Z   ---
2026-10-08T19:11:35.5624978Z   duration_ms: 5.760626
2026-10-08T19:11:35.5625382Z   type: 'test'
2026-10-08T19:11:35.5625598Z   ...
2026-10-08T19:11:35.5658489Z # Subtest: the permission request remains synchronous in the click fixture; denied permission and invalid params execute nothing
2026-10-08T19:11:35.5660577Z ok 17 - the permission request remains synchronous in the click fixture; denied permission and invalid params execute nothing
2026-10-08T19:11:35.5661614Z   ---
2026-10-08T19:11:35.5661994Z   duration_ms: 5.927739
2026-10-08T19:11:35.5662408Z   type: 'test'
2026-10-08T19:11:35.5662759Z   ...
2026-10-08T19:11:35.5721758Z # Subtest: DOM preview binds frozen source, dependency choice and exact current document from trusted click
2026-10-08T19:11:35.5723475Z ok 18 - DOM preview binds frozen source, dependency choice and exact current document from trusted click
2026-10-08T19:11:35.5724540Z   ---
2026-10-08T19:11:35.5725609Z   duration_ms: 5.289115
2026-10-08T19:11:35.5726488Z   type: 'test'
2026-10-08T19:11:35.5726867Z   ...
2026-10-08T19:11:35.5783746Z # Subtest: DOM preview refuses to inject when the active document changes while permission is pending
2026-10-08T19:11:35.5786147Z ok 19 - DOM preview refuses to inject when the active document changes while permission is pending
2026-10-08T19:11:35.5786940Z   ---
2026-10-08T19:11:35.5787725Z   duration_ms: 7.446801
2026-10-08T19:11:35.5788177Z   type: 'test'
2026-10-08T19:11:35.5788552Z   ...
2026-10-08T19:11:35.5830386Z # Subtest: Developer Stop cannot cancel the formal Task or another view using the shared RunHost
2026-10-08T19:11:35.5832125Z ok 20 - Developer Stop cannot cancel the formal Task or another view using the shared RunHost
2026-10-08T19:11:35.5832886Z   ---
2026-10-08T19:11:35.5833109Z   duration_ms: 4.090663
2026-10-08T19:11:35.5833352Z   type: 'test'
2026-10-08T19:11:35.5833556Z   ...
2026-10-08T19:11:35.5947674Z # Subtest: project import displays source while Save and Run freeze compiled bytes and the original hash
2026-10-08T19:11:35.5949309Z ok 21 - project import displays source while Save and Run freeze compiled bytes and the original hash
2026-10-08T19:11:35.5950521Z   ---
2026-10-08T19:11:35.5958082Z   duration_ms: 11.276345
2026-10-08T19:11:35.5958551Z   type: 'test'
2026-10-08T19:11:35.5958928Z   ...
2026-10-08T19:11:35.5977565Z # Subtest: invalid project envelope leaves the previous editor source and no execution or saved revision
2026-10-08T19:11:35.5983268Z ok 22 - invalid project envelope leaves the previous editor source and no execution or saved revision
2026-10-08T19:11:35.5984034Z   ---
2026-10-08T19:11:35.5984262Z   duration_ms: 4.125571
2026-10-08T19:11:35.5984514Z   type: 'test'
2026-10-08T19:11:35.5984731Z   ...
2026-10-08T19:11:35.6085077Z # Subtest: RunHost freezes a draft source variant and parameters before awaiting the host connection
2026-10-08T19:11:35.6086683Z ok 23 - RunHost freezes a draft source variant and parameters before awaiting the host connection
2026-10-08T19:11:35.6087777Z   ---
2026-10-08T19:11:35.6088339Z   duration_ms: 6.080986
2026-10-08T19:11:35.6088867Z   type: 'test'
2026-10-08T19:11:35.6089373Z   ...
2026-10-08T19:11:35.6090194Z # Subtest: saved script API retains explicit scriptId/revision/contentHash admission
2026-10-08T19:11:35.6091787Z ok 24 - saved script API retains explicit scriptId/revision/contentHash admission
2026-10-08T19:11:35.6092642Z   ---
2026-10-08T19:11:35.6093019Z   duration_ms: 0.676075
2026-10-08T19:11:35.6093511Z   type: 'test'
2026-10-08T19:11:35.6093969Z   ...
2026-10-08T19:11:35.6094650Z # Subtest: manifest exposes tool.html as a global Chrome Side Panel
2026-10-08T19:11:35.6095676Z ok 25 - manifest exposes tool.html as a global Chrome Side Panel
2026-10-08T19:11:35.6096382Z   ---
2026-10-08T19:11:35.6096754Z   duration_ms: 16.851419
2026-10-08T19:11:35.6097275Z   type: 'test'
2026-10-08T19:11:35.6097708Z   ...
2026-10-08T19:11:35.6098242Z # Subtest: product shell has no popup-window fallback
2026-10-08T19:11:35.6099091Z ok 26 - product shell has no popup-window fallback
2026-10-08T19:11:35.6099736Z   ---
2026-10-08T19:11:35.6100094Z   duration_ms: 2.380834
2026-10-08T19:11:35.6100867Z   type: 'test'
2026-10-08T19:11:35.6101405Z   ...
2026-10-08T19:11:35.6102171Z # Subtest: default Run freezes Current Page then revalidates before existing RunHost
2026-10-08T19:11:35.6103317Z ok 27 - default Run freezes Current Page then revalidates before existing RunHost
2026-10-08T19:11:35.6104030Z   ---
2026-10-08T19:11:35.6104381Z   duration_ms: 4.791664
2026-10-08T19:11:35.6104794Z   type: 'test'
2026-10-08T19:11:35.6105132Z   ...
2026-10-08T19:11:35.6112887Z # Subtest: trusted Side Panel run sends the exact unsaved draft to the original Controller authority
2026-10-08T19:11:35.6115263Z ok 28 - trusted Side Panel run sends the exact unsaved draft to the original Controller authority
2026-10-08T19:11:35.6116044Z   ---
2026-10-08T19:11:35.6116391Z   duration_ms: 2.507241
2026-10-08T19:11:35.6116719Z   type: 'test'
2026-10-08T19:11:35.6117309Z   ...
2026-10-08T19:11:35.6117815Z # Subtest: R6 uses valid tab roles with labelled content panels
2026-10-08T19:11:35.6118325Z ok 29 - R6 uses valid tab roles with labelled content panels
2026-10-08T19:11:35.6118654Z   ---
2026-10-08T19:11:35.6118853Z   duration_ms: 1.431508
2026-10-08T19:11:35.6119080Z   type: 'test'
2026-10-08T19:11:35.6119285Z   ...
2026-10-08T19:11:35.6119738Z # Subtest: R4 Sidebar sections preserve consumer controls and keep engineering tools folded
2026-10-08T19:11:35.6120808Z ok 30 - R4 Sidebar sections preserve consumer controls and keep engineering tools folded
2026-10-08T19:11:35.6121558Z   ---
2026-10-08T19:11:35.6121875Z   duration_ms: 3.377408
2026-10-08T19:11:35.6122190Z   type: 'test'
2026-10-08T19:11:35.6122508Z   ...
2026-10-08T19:11:35.6123229Z # Subtest: Sidebar starts at its three tabs without repeating Chrome extension identity
2026-10-08T19:11:35.6123888Z ok 31 - Sidebar starts at its three tabs without repeating Chrome extension identity
2026-10-08T19:11:35.6124292Z   ---
2026-10-08T19:11:35.6124503Z   duration_ms: 2.208031
2026-10-08T19:11:35.6124726Z   type: 'test'
2026-10-08T19:11:35.6124922Z   ...
2026-10-08T19:11:35.6178680Z # Subtest: entering Sidebar task views reads external installations without executing and preserves unchanged form inputs
2026-10-08T19:11:35.6180915Z ok 32 - entering Sidebar task views reads external installations without executing and preserves unchanged form inputs
2026-10-08T19:11:35.6182018Z   ---
2026-10-08T19:11:35.6182420Z   duration_ms: 24.334986
2026-10-08T19:11:35.6183141Z   type: 'test'
2026-10-08T19:11:35.6183722Z   ...
2026-10-08T19:11:35.6184803Z # Subtest: installed tasks default page, render schema form and freeze the exact saved version/params/target
2026-10-08T19:11:35.6191785Z ok 33 - installed tasks default page, render schema form and freeze the exact saved version/params/target
2026-10-08T19:11:35.6192667Z   ---
2026-10-08T19:11:35.6211335Z   duration_ms: 19.900359
2026-10-08T19:11:35.6212038Z   type: 'test'
2026-10-08T19:11:35.6212589Z   ...
2026-10-08T19:11:35.6213697Z # Subtest: installed task can be explicitly forked into an independent unsaved editor draft
2026-10-08T19:11:35.6215108Z ok 34 - installed task can be explicitly forked into an independent unsaved editor draft
2026-10-08T19:11:35.6215999Z   ---
2026-10-08T19:11:35.6216553Z   duration_ms: 6.4249
2026-10-08T19:11:35.6217115Z   type: 'test'
2026-10-08T19:11:35.6220655Z   ...
2026-10-08T19:11:35.6222651Z # Subtest: task Stop cannot cancel another view's in-flight draft; parameter form never navigates
2026-10-08T19:11:35.6224405Z ok 35 - task Stop cannot cancel another view's in-flight draft; parameter form never navigates
2026-10-08T19:11:35.6225389Z   ---
2026-10-08T19:11:35.6225943Z   duration_ms: 8.675991
2026-10-08T19:11:35.6226516Z   type: 'test'
2026-10-08T19:11:35.6227011Z   ...
2026-10-08T19:11:35.6227953Z # Subtest: installed task refuses stale target after async installed-version lookup
2026-10-08T19:11:35.6229322Z ok 36 - installed task refuses stale target after async installed-version lookup
2026-10-08T19:11:35.6230574Z   ---
2026-10-08T19:11:35.6231166Z   duration_ms: 8.530619
2026-10-08T19:11:35.6231793Z   type: 'test'
2026-10-08T19:11:35.6232558Z   ...
2026-10-08T19:11:35.6251122Z # Subtest: task cards retain readable selection and do not surface raw IDs as the main UI
2026-10-08T19:11:35.6252214Z ok 37 - task cards retain readable selection and do not surface raw IDs as the main UI
2026-10-08T19:11:35.6252651Z   ---
2026-10-08T19:11:35.6252859Z   duration_ms: 4.096554
2026-10-08T19:11:35.6253099Z   type: 'test'
2026-10-08T19:11:35.6253297Z   ...
2026-10-08T19:11:35.6253863Z # Subtest: Sidebar Discover searches installed tasks only and selects a task without running or opening the catalog
2026-10-08T19:11:35.6254721Z ok 38 - Sidebar Discover searches installed tasks only and selects a task without running or opening the catalog
2026-10-08T19:11:35.6255222Z   ---
2026-10-08T19:11:35.6255412Z   duration_ms: 9.547953
2026-10-08T19:11:35.6255924Z   type: 'test'
2026-10-08T19:11:35.6256234Z   ...
2026-10-08T19:11:35.6256668Z # Subtest: Discover filter controls are real view filters and cannot start another run
2026-10-08T19:11:35.6257306Z ok 39 - Discover filter controls are real view filters and cannot start another run
2026-10-08T19:11:35.6257700Z   ---
2026-10-08T19:11:35.6257889Z   duration_ms: 9.260565
2026-10-08T19:11:35.6258106Z   type: 'test'
2026-10-08T19:11:35.6258298Z   ...
2026-10-08T19:11:35.6258743Z # Subtest: opening the separate full-size catalog preserves its import and management view
2026-10-08T19:11:35.6259416Z ok 40 - opening the separate full-size catalog preserves its import and management view
2026-10-08T19:11:35.6259827Z   ---
2026-10-08T19:11:35.6260015Z   duration_ms: 3.674023
2026-10-08T19:11:35.6260232Z   type: 'test'
2026-10-08T19:11:35.6260827Z   ...
2026-10-08T19:11:35.6261704Z # Subtest: full-size catalog keeps its own reader after real install and re-reads the single Task Catalog state
2026-10-08T19:11:35.6262593Z ok 41 - full-size catalog keeps its own reader after real install and re-reads the single Task Catalog state
2026-10-08T19:11:35.6263098Z   ---
2026-10-08T19:11:35.6263314Z   duration_ms: 8.309666
2026-10-08T19:11:35.6263544Z   type: 'test'
2026-10-08T19:11:35.6263743Z   ...
2026-10-08T19:11:35.6264245Z # Subtest: idle Discover has no fixed footer and inline import still opens the authenticated catalog
2026-10-08T19:11:35.6264989Z ok 42 - idle Discover has no fixed footer and inline import still opens the authenticated catalog
2026-10-08T19:11:35.6265423Z   ---
2026-10-08T19:11:35.6265620Z   duration_ms: 15.111049
2026-10-08T19:11:35.6265866Z   type: 'test'
2026-10-08T19:11:35.6266057Z   ...
2026-10-08T19:11:35.6266410Z # Subtest: R5 result/history stay out of sight until a task has runs
2026-10-08T19:11:35.6266929Z ok 43 - R5 result/history stay out of sight until a task has runs
2026-10-08T19:11:35.6267260Z   ---
2026-10-08T19:11:35.6267454Z   duration_ms: 7.626748
2026-10-08T19:11:35.6267688Z   type: 'test'
2026-10-08T19:11:35.6267946Z   ...
2026-10-08T19:11:35.6356552Z # Subtest: card view retains original action identities, history and parameter form across tab changes
2026-10-08T19:11:35.6357885Z ok 44 - card view retains original action identities, history and parameter form across tab changes
2026-10-08T19:11:35.6358538Z   ---
2026-10-08T19:11:35.6359045Z   duration_ms: 10.68104
2026-10-08T19:11:35.6359457Z   type: 'test'
2026-10-08T19:11:35.6359691Z   ...
2026-10-08T19:11:35.6386213Z # Subtest: switching between two installed tasks preserves each independent unsaved parameter input
2026-10-08T19:11:35.6387545Z ok 45 - switching between two installed tasks preserves each independent unsaved parameter input
2026-10-08T19:11:35.6388038Z   ---
2026-10-08T19:11:35.6388252Z   duration_ms: 2.66699
2026-10-08T19:11:35.6388492Z   type: 'test'
2026-10-08T19:11:35.6388694Z   ...
2026-10-08T19:11:35.6409479Z # Subtest: R6 accessible roving tabs support Arrow and Home/End
2026-10-08T19:11:35.6411574Z ok 46 - R6 accessible roving tabs support Arrow and Home/End
2026-10-08T19:11:35.6412599Z   ---
2026-10-08T19:11:35.6413099Z   duration_ms: 2.779079
2026-10-08T19:11:35.6413602Z   type: 'test'
2026-10-08T19:11:35.6413842Z   ...
2026-10-08T19:11:35.6475882Z # Subtest: R6 task card refresh, keyboard selection and Discover handoff restore focus
2026-10-08T19:11:35.6477331Z ok 47 - R6 task card refresh, keyboard selection and Discover handoff restore focus
2026-10-08T19:11:35.6477874Z   ---
2026-10-08T19:11:35.6478092Z   duration_ms: 6.29693
2026-10-08T19:11:35.6478343Z   type: 'test'
2026-10-08T19:11:35.6478543Z   ...
2026-10-08T19:11:35.6585721Z # Subtest: R6 late run start/result cannot become the newly selected task status
2026-10-08T19:11:35.6591409Z ok 48 - R6 late run start/result cannot become the newly selected task status
2026-10-08T19:11:35.6591874Z   ---
2026-10-08T19:11:35.6592102Z   duration_ms: 11.117529
2026-10-08T19:11:35.6592360Z   type: 'test'
2026-10-08T19:11:35.6592572Z   ...
2026-10-08T19:11:35.6692771Z # Subtest: R6 previous-version notices and results do not leak after installed upgrade
2026-10-08T19:11:35.6694025Z ok 49 - R6 previous-version notices and results do not leak after installed upgrade
2026-10-08T19:11:35.6694479Z   ---
2026-10-08T19:11:35.6694701Z   duration_ms: 9.991642
2026-10-08T19:11:35.6694948Z   type: 'test'
2026-10-08T19:11:35.6695164Z   ...
2026-10-08T19:11:35.7036573Z # Subtest: two extension documents share only a refresh hint and re-read authoritative installed state
2026-10-08T19:11:35.7061917Z ok 50 - two extension documents share only a refresh hint and re-read authoritative installed state
2026-10-08T19:11:35.7071394Z   ---
2026-10-08T19:11:35.7091107Z   duration_ms: 34.591643
2026-10-08T19:11:35.7107024Z   type: 'test'
2026-10-08T19:11:35.7126603Z   ...
2026-10-08T19:11:35.7127576Z # Subtest: catalog installation stays in the complete directory and directs running back to Sidebar
2026-10-08T19:11:35.7128670Z ok 51 - catalog installation stays in the complete directory and directs running back to Sidebar
2026-10-08T19:11:35.7129637Z   ---
2026-10-08T19:11:35.7151425Z   duration_ms: 8.034591
2026-10-08T19:11:35.7154907Z   type: 'test'
2026-10-08T19:11:35.7155295Z   ...
2026-10-08T19:11:35.7156569Z # Subtest: catalog JS import hands source to Sidebar and never enters a view with a hidden runner
2026-10-08T19:11:35.7158095Z ok 52 - catalog JS import hands source to Sidebar and never enters a view with a hidden runner
2026-10-08T19:11:35.7159040Z   ---
2026-10-08T19:11:35.7159533Z   duration_ms: 3.474029
2026-10-08T19:11:35.7160070Z   type: 'test'
2026-10-08T19:11:35.7160722Z   ...
2026-10-08T19:11:35.7206753Z # Subtest: missing Sidebar refuses import with an actionable message, without losing the directory
2026-10-08T19:11:35.7215155Z ok 53 - missing Sidebar refuses import with an actionable message, without losing the directory
2026-10-08T19:11:35.7216332Z   ---
2026-10-08T19:11:35.7216839Z   duration_ms: 3.23276
2026-10-08T19:11:35.7217656Z   type: 'test'
2026-10-08T19:11:35.7218320Z   ...
2026-10-08T19:11:35.7321768Z # Subtest: catalog draft transport errors retain their cause instead of claiming Sidebar is missing
2026-10-08T19:11:35.7351679Z ok 54 - catalog draft transport errors retain their cause instead of claiming Sidebar is missing
2026-10-08T19:11:35.7352775Z   ---
2026-10-08T19:11:35.7353192Z   duration_ms: 8.199479
2026-10-08T19:11:35.7353616Z   type: 'test'
2026-10-08T19:11:35.7353993Z   ...
2026-10-08T19:11:35.7355008Z # Subtest: receiving a source-only import selects Sidebar Developer without creating a run
2026-10-08T19:11:35.7356438Z ok 55 - receiving a source-only import selects Sidebar Developer without creating a run
2026-10-08T19:11:35.7357313Z   ---
2026-10-08T19:11:35.7357690Z   duration_ms: 4.625002
2026-10-08T19:11:35.7358094Z   type: 'test'
2026-10-08T19:11:35.7358550Z   ...
2026-10-08T19:11:35.7532458Z # Subtest: R6.1 task-owned Stop is the sole cross-view action and names the launching task
2026-10-08T19:11:35.7533719Z ok 56 - R6.1 task-owned Stop is the sole cross-view action and names the launching task
2026-10-08T19:11:35.7534978Z   ---
2026-10-08T19:11:35.7535381Z   duration_ms: 21.816306
2026-10-08T19:11:35.7535800Z   type: 'test'
2026-10-08T19:11:35.7536150Z   ...
2026-10-08T19:11:35.7563466Z # Subtest: R6.1 a draft-owned run exposes only its Stop when viewing Tasks or Discover
2026-10-08T19:11:35.7564997Z ok 57 - R6.1 a draft-owned run exposes only its Stop when viewing Tasks or Discover
2026-10-08T19:11:35.7565903Z   ---
2026-10-08T19:11:35.7566475Z   duration_ms: 3.364714
2026-10-08T19:11:35.7567136Z   type: 'test'
2026-10-08T19:11:35.7567552Z   ...
2026-10-08T19:11:35.7573937Z # Subtest: R6.1 stop-only footer CSS hides all non-owner actions without hiding Stop
2026-10-08T19:11:35.7575871Z ok 58 - R6.1 stop-only footer CSS hides all non-owner actions without hiding Stop
2026-10-08T19:11:35.7576613Z   ---
2026-10-08T19:11:35.7576948Z   duration_ms: 0.804796
2026-10-08T19:11:35.7577404Z   type: 'test'
2026-10-08T19:11:35.7577768Z   ...
2026-10-08T19:11:35.7662162Z # Subtest: catalog project JSON import validates snapshots and hands frozen bytes to Sidebar without running
2026-10-08T19:11:35.7663123Z ok 59 - catalog project JSON import validates snapshots and hands frozen bytes to Sidebar without running
2026-10-08T19:11:35.7663623Z   ---
2026-10-08T19:11:35.7663838Z   duration_ms: 7.672142
2026-10-08T19:11:35.7664073Z   type: 'test'
2026-10-08T19:11:35.7664268Z   ...
2026-10-08T19:11:35.7717195Z # Subtest: catalog rejects a changed project snapshot before handoff and permits reselecting the file
2026-10-08T19:11:35.7744713Z ok 60 - catalog rejects a changed project snapshot before handoff and permits reselecting the file
2026-10-08T19:11:35.7745627Z   ---
2026-10-08T19:11:35.7745999Z   duration_ms: 5.603563
2026-10-08T19:11:35.7746442Z   type: 'test'
2026-10-08T19:11:35.7746865Z   ...
2026-10-08T19:11:35.7836389Z 1..60
2026-10-08T19:11:35.7851400Z # tests 60
2026-10-08T19:11:35.7852066Z # suites 0
2026-10-08T19:11:35.7852667Z # pass 60
2026-10-08T19:11:35.7853549Z # fail 0
2026-10-08T19:11:35.7854077Z # cancelled 0
2026-10-08T19:11:35.7854658Z # skipped 0
2026-10-08T19:11:35.7855167Z # todo 0
2026-10-08T19:11:35.7855723Z # duration_ms 450.090443
2026-10-08T19:11:35.7995641Z ##[group]Run npm run check
2026-10-08T19:11:35.7995955Z [36;1mnpm run check[0m
2026-10-08T19:11:35.8059770Z shell: /usr/bin/bash -e {0}
2026-10-08T19:11:35.8060046Z ##[endgroup]
2026-10-08T19:11:35.9080083Z 
2026-10-08T19:11:35.9080938Z > opendesk-browser@0.1.0 check
2026-10-08T19:11:35.9081606Z > node scripts/check-source.mjs
2026-10-08T19:11:35.9081832Z 
2026-10-08T19:11:40.1794291Z Syntax checked 173 source/test/build files; scripts/build-contract.mjs entries, fixed SDK/control entries, strict CSP and original MIT checked
2026-10-08T19:11:40.2006119Z ##[group]Run npm run build
2026-10-08T19:11:40.2006413Z [36;1mnpm run build[0m
2026-10-08T19:11:40.2067952Z shell: /usr/bin/bash -e {0}
2026-10-08T19:11:40.2068215Z ##[endgroup]
2026-10-08T19:11:40.3080673Z 
2026-10-08T19:11:40.3081540Z > opendesk-browser@0.1.0 build
2026-10-08T19:11:40.3082012Z > node scripts/build.mjs production
2026-10-08T19:11:40.3082243Z 
2026-10-08T19:11:40.7756927Z [log] 
2026-10-08T19:11:40.7757421Z WXT 0.21.4
2026-10-08T19:11:40.8990619Z [info] Generating types...
2026-10-08T19:11:41.0390551Z [success] Finished in 264 ms
2026-10-08T19:11:41.4908343Z [log] 
2026-10-08T19:11:41.4908758Z WXT 0.21.4
2026-10-08T19:11:41.6142748Z [info] Building chrome-mv3 for production with Vite 7.3.6
2026-10-08T19:11:41.7568094Z [?25l
2026-10-08T19:11:41.7629491Z ⠋ Preparing...[K
2026-10-08T19:11:41.8465218Z ⠋ [1/14] sw[K
2026-10-08T19:11:42.0341698Z ⠙ [1/14] sw[K
2026-10-08T19:11:42.1609343Z ⠹ [1/14] sw[K
2026-10-08T19:11:42.2519039Z ⠸ [1/14] sw[K
2026-10-08T19:11:42.8389126Z ⠼ [1/14] sw[K
2026-10-08T19:11:42.9184932Z ⠴ [1/14] sw[K
2026-10-08T19:11:42.9992142Z ⠦ [1/14] sw[K
2026-10-08T19:11:43.0791656Z ⠧ [1/14] sw[K
2026-10-08T19:11:43.1591393Z ⠇ [1/14] sw[K
2026-10-08T19:11:43.2393711Z ⠏ [1/14] sw[K
2026-10-08T19:11:43.3196834Z ⠋ [1/14] sw[K
2026-10-08T19:11:43.3999352Z ⠙ [1/14] sw[K
2026-10-08T19:11:43.4801445Z ⠹ [1/14] sw[K
2026-10-08T19:11:43.5632179Z ⠸ [1/14] sw[K
2026-10-08T19:11:43.6413511Z ⠼ [1/14] sw[K
2026-10-08T19:11:43.7215981Z ⠴ [1/14] sw[K
2026-10-08T19:11:43.8018300Z ⠦ [1/14] sw[K
2026-10-08T19:11:43.8841791Z ⠧ [1/14] sw[K
2026-10-08T19:11:43.9624645Z ⠇ [1/14] sw[K
2026-10-08T19:11:44.0422462Z ⠏ [1/14] sw[K
2026-10-08T19:11:44.1215320Z ⠋ [1/14] sw[K
2026-10-08T19:11:44.2019836Z ⠙ [1/14] sw[K
2026-10-08T19:11:44.2822538Z ⠹ [1/14] sw[K
2026-10-08T19:11:44.3615386Z ⠸ [1/14] sw[K
2026-10-08T19:11:44.4417868Z ⠼ [1/14] sw[K
2026-10-08T19:11:44.5221500Z ⠴ [1/14] sw[K
2026-10-08T19:11:44.6024149Z ⠦ [1/14] sw[K
2026-10-08T19:11:44.6826797Z ⠧ [1/14] sw[K
2026-10-08T19:11:44.7629593Z ⠇ [1/14] sw[K
2026-10-08T19:11:44.8432266Z ⠏ [1/14] sw[K
2026-10-08T19:11:44.9224944Z ⠋ [1/14] sw[K
2026-10-08T19:11:45.0027003Z ⠙ [1/14] sw[K
2026-10-08T19:11:45.0830546Z ⠹ [1/14] sw[K
2026-10-08T19:11:45.1632598Z ⠸ [1/14] sw[K
2026-10-08T19:11:45.2425935Z ⠼ [1/14] sw[K
2026-10-08T19:11:45.3228116Z ⠴ [1/14] sw[K
2026-10-08T19:11:45.4031917Z ⠦ [1/14] sw[K
2026-10-08T19:11:45.4833663Z ⠧ [1/14] sw[K
2026-10-08T19:11:45.5711629Z ⠇ [1/14] sw[K
2026-10-08T19:11:45.6476764Z ⠏ [1/14] sw[K
2026-10-08T19:11:45.7279350Z ⠋ [1/14] sw[K
2026-10-08T19:11:45.8081897Z ⠙ [1/14] sw[K
2026-10-08T19:11:45.8877202Z ⠹ [1/14] sw[K
2026-10-08T19:11:45.9679267Z ⠸ [1/14] sw[K
2026-10-08T19:11:46.0482601Z ⠼ [1/14] sw[K
2026-10-08T19:11:46.1275189Z ⠴ [1/14] sw[K
2026-10-08T19:11:46.2078312Z ⠦ [1/14] sw[K
2026-10-08T19:11:46.2881059Z ⠧ [1/14] sw[K
2026-10-08T19:11:46.3683467Z ⠇ [1/14] sw[K
2026-10-08T19:11:46.3792883Z ⠏ [1/14] sw[K
2026-10-08T19:11:46.4489552Z ⠏ [2/14] bootstrap[K
2026-10-08T19:11:46.5294115Z ⠋ [2/14] bootstrap[K
2026-10-08T19:11:46.6018635Z ⠙ [2/14] bootstrap[K
2026-10-08T19:11:46.6092583Z ⠙ [3/14] bridge[K
2026-10-08T19:11:46.6895360Z ⠹ [3/14] bridge[K
2026-10-08T19:11:46.7704699Z ⠸ [3/14] bridge[K
2026-10-08T19:11:46.8362593Z ⠼ [3/14] bridge[K
2026-10-08T19:11:46.8543411Z ⠼ [4/14] health[K
2026-10-08T19:11:46.9349194Z ⠴ [4/14] health[K
2026-10-08T19:11:47.0035981Z ⠦ [4/14] health[K
2026-10-08T19:11:47.0192891Z ⠦ [5/14] page-agent[K
2026-10-08T19:11:47.0996306Z ⠧ [5/14] page-agent[K
2026-10-08T19:11:47.1802864Z ⠇ [5/14] page-agent[K
2026-10-08T19:11:47.2606092Z ⠏ [5/14] page-agent[K
2026-10-08T19:11:47.3404098Z ⠋ [5/14] page-agent[K
2026-10-08T19:11:47.4291774Z ⠙ [5/14] page-agent[K
2026-10-08T19:11:47.5042021Z ⠹ [5/14] page-agent[K
2026-10-08T19:11:47.5506413Z ⠸ [5/14] page-agent[K
2026-10-08T19:11:47.5833149Z ⠸ [6/14] page-relay[K
2026-10-08T19:11:47.6636257Z ⠼ [6/14] page-relay[K
2026-10-08T19:11:47.7438884Z ⠴ [6/14] page-relay[K
2026-10-08T19:11:47.8242036Z ⠦ [6/14] page-relay[K
2026-10-08T19:11:47.9036490Z ⠧ [6/14] page-relay[K
2026-10-08T19:11:47.9838927Z ⠇ [6/14] page-relay[K
2026-10-08T19:11:48.0642302Z ⠏ [6/14] page-relay[K
2026-10-08T19:11:48.0692307Z ⠋ [6/14] page-relay[K
2026-10-08T19:11:48.1672766Z ⠋ [7/14] page-session[K
2026-10-08T19:11:48.2473786Z ⠙ [7/14] page-session[K
2026-10-08T19:11:48.3306584Z ⠹ [7/14] page-session[K
2026-10-08T19:11:48.4096172Z ⠸ [7/14] page-session[K
2026-10-08T19:11:48.4911958Z ⠼ [7/14] page-session[K
2026-10-08T19:11:48.5701852Z ⠴ [7/14] page-session[K
2026-10-08T19:11:48.6542488Z ⠦ [7/14] page-session[K
2026-10-08T19:11:48.7341942Z ⠧ [7/14] page-session[K
2026-10-08T19:11:48.8123064Z ⠇ [7/14] page-session[K
2026-10-08T19:11:48.8921796Z ⠏ [7/14] page-session[K
2026-10-08T19:11:48.9713321Z ⠋ [7/14] page-session[K
2026-10-08T19:11:48.9718808Z ⠙ [7/14] page-session[K
2026-10-08T19:11:49.0522934Z ⠙ [8/14] sandbox[K
2026-10-08T19:11:49.1314814Z ⠹ [8/14] sandbox[K
2026-10-08T19:11:49.2142720Z ⠸ [8/14] sandbox[K
2026-10-08T19:11:49.2687307Z ⠼ [8/14] sandbox[K
2026-10-08T19:11:49.2914632Z ⠼ [9/14] sdk-main[K
2026-10-08T19:11:49.3839755Z ⠴ [9/14] sdk-main[K
2026-10-08T19:11:49.4635653Z ⠦ [9/14] sdk-main[K
2026-10-08T19:11:49.5442330Z ⠧ [9/14] sdk-main[K
2026-10-08T19:11:49.6241078Z ⠇ [9/14] sdk-main[K
2026-10-08T19:11:49.7052130Z ⠏ [9/14] sdk-main[K
2026-10-08T19:11:49.7901763Z ⠋ [9/14] sdk-main[K
2026-10-08T19:11:49.8651763Z ⠙ [9/14] sdk-main[K
2026-10-08T19:11:49.9491905Z ⠹ [9/14] sdk-main[K
2026-10-08T19:11:50.0262288Z ⠸ [9/14] sdk-main[K
2026-10-08T19:11:50.1063927Z ⠼ [9/14] sdk-main[K
2026-10-08T19:11:50.1760775Z ⠴ [9/14] sdk-main[K
2026-10-08T19:11:50.1866585Z ⠴ [10/14] selection-entry[K
2026-10-08T19:11:50.2666200Z ⠦ [10/14] selection-entry[K
2026-10-08T19:11:50.3203229Z ⠧ [10/14] selection-entry[K
2026-10-08T19:11:50.3471531Z ⠧ [11/14] settings[K
2026-10-08T19:11:50.4273337Z ⠇ [11/14] settings[K
2026-10-08T19:11:50.5110765Z ⠏ [11/14] settings[K
2026-10-08T19:11:50.5912198Z ⠋ [11/14] settings[K
2026-10-08T19:11:50.6116114Z ⠙ [11/14] settings[K
2026-10-08T19:11:50.6686439Z ⠙ [12/14] tool-shell[K
2026-10-08T19:11:50.7516130Z ⠹ [12/14] tool-shell[K
2026-10-08T19:11:51.0202270Z ⠸ [12/14] tool-shell[K
2026-10-08T19:11:51.1000579Z ⠼ [12/14] tool-shell[K
2026-10-08T19:11:51.1803791Z ⠴ [12/14] tool-shell[K
2026-10-08T19:11:51.2606061Z ⠦ [12/14] tool-shell[K
2026-10-08T19:11:51.3411837Z ⠧ [12/14] tool-shell[K
2026-10-08T19:11:51.4231714Z ⠇ [12/14] tool-shell[K
2026-10-08T19:11:51.5023910Z ⠏ [12/14] tool-shell[K
2026-10-08T19:11:51.5841910Z ⠋ [12/14] tool-shell[K
2026-10-08T19:11:51.6668103Z ⠙ [12/14] tool-shell[K
2026-10-08T19:11:51.7491578Z ⠹ [12/14] tool-shell[K
2026-10-08T19:11:51.8271515Z ⠸ [12/14] tool-shell[K
2026-10-08T19:11:51.9081878Z ⠼ [12/14] tool-shell[K
2026-10-08T19:11:51.9863500Z ⠴ [12/14] tool-shell[K
2026-10-08T19:11:52.0667370Z ⠦ [12/14] tool-shell[K
2026-10-08T19:11:52.1470064Z ⠧ [12/14] tool-shell[K
2026-10-08T19:11:52.2361984Z ⠇ [12/14] tool-shell[K
2026-10-08T19:11:52.3116943Z ⠏ [12/14] tool-shell[K
2026-10-08T19:11:52.3918791Z ⠋ [12/14] tool-shell[K
2026-10-08T19:11:52.4721958Z ⠙ [12/14] tool-shell[K
2026-10-08T19:11:52.5524302Z ⠹ [12/14] tool-shell[K
2026-10-08T19:11:52.6333719Z ⠸ [12/14] tool-shell[K
2026-10-08T19:11:52.7164032Z ⠼ [12/14] tool-shell[K
2026-10-08T19:11:52.7956068Z ⠴ [12/14] tool-shell[K
2026-10-08T19:11:52.8741573Z ⠦ [12/14] tool-shell[K
2026-10-08T19:11:52.9536592Z ⠧ [12/14] tool-shell[K
2026-10-08T19:11:53.0351727Z ⠇ [12/14] tool-shell[K
2026-10-08T19:11:53.1143238Z ⠏ [12/14] tool-shell[K
2026-10-08T19:11:53.1972258Z ⠋ [12/14] tool-shell[K
2026-10-08T19:11:53.2748618Z ⠙ [12/14] tool-shell[K
2026-10-08T19:11:53.3354884Z ⠹ [12/14] tool-shell[K
2026-10-08T19:11:53.3718950Z ⠹ [13/14] transport[K
2026-10-08T19:11:53.4522348Z ⠸ [13/14] transport[K
2026-10-08T19:11:53.5331728Z ⠼ [13/14] transport[K
2026-10-08T19:11:53.6131900Z ⠴ [13/14] transport[K
2026-10-08T19:11:53.6921609Z ⠦ [13/14] transport[K
2026-10-08T19:11:53.7722269Z ⠧ [13/14] transport[K
2026-10-08T19:11:53.8014737Z ⠇ [13/14] transport[K
2026-10-08T19:11:53.8567476Z ⠇ [14/14] worker-runtime[K
2026-10-08T19:11:53.9369383Z ⠏ [14/14] worker-runtime[K
2026-10-08T19:11:54.0169473Z ⠋ [14/14] worker-runtime[K
2026-10-08T19:11:54.0966579Z ⠙ [14/14] worker-runtime[K
2026-10-08T19:11:54.1821896Z ⠹ [14/14] worker-runtime[K
2026-10-08T19:11:54.2611494Z ⠸ [14/14] worker-runtime[K
2026-10-08T19:11:54.3421720Z ⠼ [14/14] worker-runtime[K
2026-10-08T19:11:54.4201368Z ⠴ [14/14] worker-runtime[K
2026-10-08T19:11:54.5021909Z ⠦ [14/14] worker-runtime[K
2026-10-08T19:11:54.5822274Z ⠧ [14/14] worker-runtime[K
2026-10-08T19:11:54.6161806Z ⠇ [14/14] worker-runtime[K
2026-10-08T19:11:54.6162400Z [K[?25h
2026-10-08T19:11:54.6183306Z [K[?25h[success] Built extension in 13.0 s
2026-10-08T19:11:54.6184171Z   ├─ dist/production/manifest.json                        1.26 kB  
2026-10-08T19:11:54.6184785Z   ├─ dist/production/native-agent/settings.html           1.83 kB  
2026-10-08T19:11:54.6185334Z   ├─ dist/production/scripting/sandbox/sandbox.html       385 B    
2026-10-08T19:11:54.6185862Z   ├─ dist/production/sidebar-tools/sandbox.html           560 B    
2026-10-08T19:11:54.6186383Z   ├─ dist/production/ui/target-bootstrap.html             200 B    
2026-10-08T19:11:54.6186899Z   ├─ dist/production/ui/tool.html                         22.54 kB 
2026-10-08T19:11:54.6187391Z   ├─ dist/production/agents/bootstrap.js                  21.47 kB 
2026-10-08T19:11:54.6187892Z   ├─ dist/production/agents/health.js                     828 B    
2026-10-08T19:11:54.6188387Z   ├─ dist/production/agents/page-agent.js                 34.35 kB 
2026-10-08T19:11:54.6188880Z   ├─ dist/production/agents/page-relay.js                 35.28 kB 
2026-10-08T19:11:54.6189391Z   ├─ dist/production/agents/selection-entry.js            383 B    
2026-10-08T19:11:54.6189889Z   ├─ dist/production/framework/sdk-main.js                49.54 kB 
2026-10-08T19:11:54.6190735Z   ├─ dist/production/native-agent/settings.js             22.16 kB 
2026-10-08T19:11:54.6191289Z   ├─ dist/production/native-agent/transport.js            29.30 kB 
2026-10-08T19:11:54.6191808Z   ├─ dist/production/scripting/packaged/page-session.js   55.08 kB 
2026-10-08T19:11:54.6192585Z   ├─ dist/production/scripting/sandbox/sandbox.js         4.01 kB  
2026-10-08T19:11:54.6193133Z   ├─ dist/production/scripting/sandbox/worker-runtime.js  49.68 kB 
2026-10-08T19:11:54.6193645Z   ├─ dist/production/sidebar-tools/bridge.js              2.60 kB  
2026-10-08T19:11:54.6194133Z   ├─ dist/production/sw.js                                324.98 kB
2026-10-08T19:11:54.6194619Z   ├─ dist/production/ui/tool-shell.js                     186.55 kB
2026-10-08T19:11:54.6195116Z   ├─ dist/production/vendor/jquery-3.7.1.min.js           87.53 kB 
2026-10-08T19:11:54.6196090Z   ├─ dist/production/ui/tool-shell.css                    21.21 kB 
2026-10-08T19:11:54.6196767Z   ├─ dist/production/icons/notification.png               595 B    
2026-10-08T19:11:54.6197317Z   ├─ dist/production/licenses/jquery-MIT.txt              1.10 kB  
2026-10-08T19:11:54.6197845Z   └─ dist/production/licenses/todo-user-vue-MIT.txt       1.10 kB  
2026-10-08T19:11:54.6198379Z Σ Total size: 954.50 kB                                 
2026-10-08T19:11:54.6198739Z [success] Finished in 13.1 s
2026-10-08T19:11:55.3615701Z {"mode":"production","builder":"wxt","status":"passed","packageHash":"3c28d6e97c43a017db388be0ebf32bbcdf6d681c0780774d3b8cdc14505d89f2","assets":26}
2026-10-08T19:11:55.3808522Z ##[group]Run npm run build:dev
2026-10-08T19:11:55.3808840Z [36;1mnpm run build:dev[0m
2026-10-08T19:11:55.3871325Z shell: /usr/bin/bash -e {0}
2026-10-08T19:11:55.3871600Z ##[endgroup]
2026-10-08T19:11:55.4885263Z 
2026-10-08T19:11:55.4885961Z > opendesk-browser@0.1.0 build:dev
2026-10-08T19:11:55.4886509Z > node scripts/build.mjs development
2026-10-08T19:11:55.4886803Z 
2026-10-08T19:11:55.9951220Z [log] 
2026-10-08T19:11:55.9951524Z WXT 0.21.4
2026-10-08T19:11:56.1179060Z [info] Generating types...
2026-10-08T19:11:56.2647193Z [success] Finished in 270 ms
2026-10-08T19:11:56.7113203Z [log] 
2026-10-08T19:11:56.7113698Z WXT 0.21.4
2026-10-08T19:11:56.8467982Z [info] Building chrome-mv3 for development with Vite 7.3.6
2026-10-08T19:11:56.9780578Z [?25l
2026-10-08T19:11:56.9843183Z ⠋ Preparing...[K
2026-10-08T19:11:57.0576432Z ⠋ [1/14] sw[K
2026-10-08T19:11:57.2232237Z ⠙ [1/14] sw[K
2026-10-08T19:11:57.3586634Z ⠹ [1/14] sw[K
2026-10-08T19:11:57.4457037Z ⠸ [1/14] sw[K
2026-10-08T19:11:58.0309895Z ⠼ [1/14] sw[K
2026-10-08T19:11:58.1110619Z ⠴ [1/14] sw[K
2026-10-08T19:11:58.1912023Z ⠦ [1/14] sw[K
2026-10-08T19:11:58.2704899Z ⠧ [1/14] sw[K
2026-10-08T19:11:58.3508363Z ⠇ [1/14] sw[K
2026-10-08T19:11:58.4313334Z ⠏ [1/14] sw[K
2026-10-08T19:11:58.5104933Z ⠋ [1/14] sw[K
2026-10-08T19:11:58.5907710Z ⠙ [1/14] sw[K
2026-10-08T19:11:58.6713811Z ⠹ [1/14] sw[K
2026-10-08T19:11:58.7554690Z ⠸ [1/14] sw[K
2026-10-08T19:11:58.8362226Z ⠼ [1/14] sw[K
2026-10-08T19:11:58.9139094Z ⠴ [1/14] sw[K
2026-10-08T19:11:58.9943521Z ⠦ [1/14] sw[K
2026-10-08T19:11:59.0773505Z ⠧ [1/14] sw[K
2026-10-08T19:11:59.1576423Z ⠇ [1/14] sw[K
2026-10-08T19:11:59.2379158Z ⠏ [1/14] sw[K
2026-10-08T19:11:59.3181791Z ⠋ [1/14] sw[K
2026-10-08T19:11:59.3974226Z ⠙ [1/14] sw[K
2026-10-08T19:11:59.4777073Z ⠹ [1/14] sw[K
2026-10-08T19:11:59.5579640Z ⠸ [1/14] sw[K
2026-10-08T19:11:59.6383216Z ⠼ [1/14] sw[K
2026-10-08T19:11:59.7201876Z ⠴ [1/14] sw[K
2026-10-08T19:11:59.7978380Z ⠦ [1/14] sw[K
2026-10-08T19:11:59.8781363Z ⠧ [1/14] sw[K
2026-10-08T19:11:59.9583173Z ⠇ [1/14] sw[K
2026-10-08T19:12:00.0387624Z ⠏ [1/14] sw[K
2026-10-08T19:12:00.1191084Z ⠋ [1/14] sw[K
2026-10-08T19:12:00.1993229Z ⠙ [1/14] sw[K
2026-10-08T19:12:00.2785346Z ⠹ [1/14] sw[K
2026-10-08T19:12:00.3588410Z ⠸ [1/14] sw[K
2026-10-08T19:12:00.4391439Z ⠼ [1/14] sw[K
2026-10-08T19:12:00.5194076Z ⠴ [1/14] sw[K
2026-10-08T19:12:00.6035687Z ⠦ [1/14] sw[K
2026-10-08T19:12:00.6816197Z ⠧ [1/14] sw[K
2026-10-08T19:12:00.7618538Z ⠇ [1/14] sw[K
2026-10-08T19:12:00.8421612Z ⠏ [1/14] sw[K
2026-10-08T19:12:00.9224019Z ⠋ [1/14] sw[K
2026-10-08T19:12:01.0027017Z ⠙ [1/14] sw[K
2026-10-08T19:12:01.0833097Z ⠹ [1/14] sw[K
2026-10-08T19:12:01.1625821Z ⠸ [1/14] sw[K
2026-10-08T19:12:01.2434752Z ⠼ [1/14] sw[K
2026-10-08T19:12:01.3237854Z ⠴ [1/14] sw[K
2026-10-08T19:12:01.4040130Z ⠦ [1/14] sw[K
2026-10-08T19:12:01.4842850Z ⠧ [1/14] sw[K
2026-10-08T19:12:01.5635457Z ⠇ [1/14] sw[K
2026-10-08T19:12:01.8042034Z ⠏ [1/14] sw[K
2026-10-08T19:12:01.8074041Z ⠋ [1/14] sw[K
2026-10-08T19:12:01.8836408Z ⠋ [2/14] bootstrap[K
2026-10-08T19:12:01.9636898Z ⠙ [2/14] bootstrap[K
2026-10-08T19:12:02.0327225Z ⠹ [2/14] bootstrap[K
2026-10-08T19:12:02.0442376Z ⠹ [3/14] bridge[K
2026-10-08T19:12:02.1236048Z ⠸ [3/14] bridge[K
2026-10-08T19:12:02.2072372Z ⠼ [3/14] bridge[K
2026-10-08T19:12:02.2751540Z ⠴ [3/14] bridge[K
2026-10-08T19:12:02.2862919Z ⠴ [4/14] health[K
2026-10-08T19:12:02.3666637Z ⠦ [4/14] health[K
2026-10-08T19:12:02.4469290Z ⠧ [4/14] health[K
2026-10-08T19:12:02.4577209Z ⠇ [4/14] health[K
2026-10-08T19:12:02.5296995Z ⠇ [5/14] page-agent[K
2026-10-08T19:12:02.6102672Z ⠏ [5/14] page-agent[K
2026-10-08T19:12:02.6895558Z ⠋ [5/14] page-agent[K
2026-10-08T19:12:02.7698382Z ⠙ [5/14] page-agent[K
2026-10-08T19:12:02.8536586Z ⠹ [5/14] page-agent[K
2026-10-08T19:12:02.9326065Z ⠸ [5/14] page-agent[K
2026-10-08T19:12:03.0129492Z ⠼ [5/14] page-agent[K
2026-10-08T19:12:03.0267062Z ⠴ [5/14] page-agent[K
2026-10-08T19:12:03.0923579Z ⠴ [6/14] page-relay[K
2026-10-08T19:12:03.1730808Z ⠦ [6/14] page-relay[K
2026-10-08T19:12:03.2541868Z ⠧ [6/14] page-relay[K
2026-10-08T19:12:03.3325442Z ⠇ [6/14] page-relay[K
2026-10-08T19:12:03.4128024Z ⠏ [6/14] page-relay[K
2026-10-08T19:12:03.4951643Z ⠋ [6/14] page-relay[K
2026-10-08T19:12:03.5611332Z ⠙ [6/14] page-relay[K
2026-10-08T19:12:03.5761439Z ⠙ [7/14] page-session[K
2026-10-08T19:12:03.6661869Z ⠹ [7/14] page-session[K
2026-10-08T19:12:03.7389997Z ⠸ [7/14] page-session[K
2026-10-08T19:12:03.8250602Z ⠼ [7/14] page-session[K
2026-10-08T19:12:03.9002477Z ⠴ [7/14] page-session[K
2026-10-08T19:12:03.9820746Z ⠦ [7/14] page-session[K
2026-10-08T19:12:04.0611759Z ⠧ [7/14] page-session[K
2026-10-08T19:12:04.1461895Z ⠇ [7/14] page-session[K
2026-10-08T19:12:04.2243468Z ⠏ [7/14] page-session[K
2026-10-08T19:12:04.3049361Z ⠋ [7/14] page-session[K
2026-10-08T19:12:04.3850767Z ⠙ [7/14] page-session[K
2026-10-08T19:12:04.4671858Z ⠹ [7/14] page-session[K
2026-10-08T19:12:04.4975784Z ⠸ [7/14] page-session[K
2026-10-08T19:12:04.5443215Z ⠸ [8/14] sandbox[K
2026-10-08T19:12:04.6249909Z ⠼ [8/14] sandbox[K
2026-10-08T19:12:04.7054138Z ⠴ [8/14] sandbox[K
2026-10-08T19:12:04.7844146Z ⠦ [8/14] sandbox[K
2026-10-08T19:12:04.7885788Z ⠦ [9/14] sdk-main[K
2026-10-08T19:12:04.8910113Z ⠧ [9/14] sdk-main[K
2026-10-08T19:12:04.9711888Z ⠇ [9/14] sdk-main[K
2026-10-08T19:12:05.0511564Z ⠏ [9/14] sdk-main[K
2026-10-08T19:12:05.1314144Z ⠋ [9/14] sdk-main[K
2026-10-08T19:12:05.2131130Z ⠙ [9/14] sdk-main[K
2026-10-08T19:12:05.2962770Z ⠹ [9/14] sdk-main[K
2026-10-08T19:12:05.3735982Z ⠸ [9/14] sdk-main[K
2026-10-08T19:12:05.4565082Z ⠼ [9/14] sdk-main[K
2026-10-08T19:12:05.5367068Z ⠴ [9/14] sdk-main[K
2026-10-08T19:12:05.6086822Z ⠦ [9/14] sdk-main[K
2026-10-08T19:12:05.6164491Z ⠦ [10/14] selection-entry[K
2026-10-08T19:12:05.6964913Z ⠧ [10/14] selection-entry[K
2026-10-08T19:12:05.7533726Z ⠇ [10/14] selection-entry[K
2026-10-08T19:12:05.7806127Z ⠇ [11/14] settings[K
2026-10-08T19:12:05.8608020Z ⠏ [11/14] settings[K
2026-10-08T19:12:05.9410626Z ⠋ [11/14] settings[K
2026-10-08T19:12:06.0046457Z ⠙ [11/14] settings[K
2026-10-08T19:12:06.0203032Z ⠙ [12/14] tool-shell[K
2026-10-08T19:12:06.1125922Z ⠹ [12/14] tool-shell[K
2026-10-08T19:12:06.3687797Z ⠸ [12/14] tool-shell[K
2026-10-08T19:12:06.4493476Z ⠼ [12/14] tool-shell[K
2026-10-08T19:12:06.5296079Z ⠴ [12/14] tool-shell[K
2026-10-08T19:12:06.6122225Z ⠦ [12/14] tool-shell[K
2026-10-08T19:12:06.6913637Z ⠧ [12/14] tool-shell[K
2026-10-08T19:12:06.7774269Z ⠇ [12/14] tool-shell[K
2026-10-08T19:12:06.8518500Z ⠏ [12/14] tool-shell[K
2026-10-08T19:12:06.9344037Z ⠋ [12/14] tool-shell[K
2026-10-08T19:12:07.0151793Z ⠙ [12/14] tool-shell[K
2026-10-08T19:12:07.0961710Z ⠹ [12/14] tool-shell[K
2026-10-08T19:12:07.1740497Z ⠸ [12/14] tool-shell[K
2026-10-08T19:12:07.2543398Z ⠼ [12/14] tool-shell[K
2026-10-08T19:12:07.3345744Z ⠴ [12/14] tool-shell[K
2026-10-08T19:12:07.4151777Z ⠦ [12/14] tool-shell[K
2026-10-08T19:12:07.4951326Z ⠧ [12/14] tool-shell[K
2026-10-08T19:12:07.5753586Z ⠇ [12/14] tool-shell[K
2026-10-08T19:12:07.6555586Z ⠏ [12/14] tool-shell[K
2026-10-08T19:12:07.7358651Z ⠋ [12/14] tool-shell[K
2026-10-08T19:12:07.8171842Z ⠙ [12/14] tool-shell[K
2026-10-08T19:12:07.8991977Z ⠹ [12/14] tool-shell[K
2026-10-08T19:12:07.9768042Z ⠸ [12/14] tool-shell[K
2026-10-08T19:12:08.0570580Z ⠼ [12/14] tool-shell[K
2026-10-08T19:12:08.1373866Z ⠴ [12/14] tool-shell[K
2026-10-08T19:12:08.2176460Z ⠦ [12/14] tool-shell[K
2026-10-08T19:12:08.2978326Z ⠧ [12/14] tool-shell[K
2026-10-08T19:12:08.3861762Z ⠇ [12/14] tool-shell[K
2026-10-08T19:12:08.4636293Z ⠏ [12/14] tool-shell[K
2026-10-08T19:12:08.5131933Z ⠋ [12/14] tool-shell[K
2026-10-08T19:12:08.5484531Z ⠋ [13/14] transport[K
2026-10-08T19:12:08.6277371Z ⠙ [13/14] transport[K
2026-10-08T19:12:08.7082389Z ⠹ [13/14] transport[K
2026-10-08T19:12:08.7902034Z ⠸ [13/14] transport[K
2026-10-08T19:12:08.8686739Z ⠼ [13/14] transport[K
2026-10-08T19:12:08.9503649Z ⠴ [13/14] transport[K
2026-10-08T19:12:08.9613655Z ⠦ [13/14] transport[K
2026-10-08T19:12:09.0476886Z ⠦ [14/14] worker-runtime[K
2026-10-08T19:12:09.1281498Z ⠧ [14/14] worker-runtime[K
2026-10-08T19:12:09.2083736Z ⠇ [14/14] worker-runtime[K
2026-10-08T19:12:09.2886094Z ⠏ [14/14] worker-runtime[K
2026-10-08T19:12:09.3688758Z ⠋ [14/14] worker-runtime[K
2026-10-08T19:12:09.4505849Z ⠙ [14/14] worker-runtime[K
2026-10-08T19:12:09.5294221Z ⠹ [14/14] worker-runtime[K
2026-10-08T19:12:09.6096910Z ⠸ [14/14] worker-runtime[K
2026-10-08T19:12:09.6899433Z ⠼ [14/14] worker-runtime[K
2026-10-08T19:12:09.7752038Z ⠴ [14/14] worker-runtime[K
2026-10-08T19:12:09.7985145Z ⠦ [14/14] worker-runtime[K
2026-10-08T19:12:09.7985615Z [K[?25h
2026-10-08T19:12:09.8015448Z [K[?25h[success] Built extension in 13.0 s
2026-10-08T19:12:09.8016100Z   ├─ dist/development/manifest.json                            1.59 kB  
2026-10-08T19:12:09.8016726Z   ├─ dist/development/native-agent/settings.html               1.83 kB  
2026-10-08T19:12:09.8017318Z   ├─ dist/development/scripting/sandbox/sandbox.html           385 B    
2026-10-08T19:12:09.8017867Z   ├─ dist/development/sidebar-tools/sandbox.html               560 B    
2026-10-08T19:12:09.8018417Z   ├─ dist/development/ui/target-bootstrap.html                 200 B    
2026-10-08T19:12:09.8018963Z   ├─ dist/development/ui/tool.html                             22.54 kB 
2026-10-08T19:12:09.8019493Z   ├─ dist/development/agents/bootstrap.js                      21.70 kB 
2026-10-08T19:12:09.8020023Z   ├─ dist/development/agents/bootstrap.js.map                  65.33 kB 
2026-10-08T19:12:09.8021023Z   ├─ dist/development/agents/health.js                         1.06 kB  
2026-10-08T19:12:09.8021596Z   ├─ dist/development/agents/health.js.map                     15.04 kB 
2026-10-08T19:12:09.8022148Z   ├─ dist/development/agents/page-agent.js                     34.59 kB 
2026-10-08T19:12:09.8022708Z   ├─ dist/development/agents/page-agent.js.map                 95.31 kB 
2026-10-08T19:12:09.8023258Z   ├─ dist/development/agents/page-relay.js                     35.52 kB 
2026-10-08T19:12:09.8036746Z   ├─ dist/development/agents/page-relay.js.map                 113.01 kB
2026-10-08T19:12:09.8037531Z   ├─ dist/development/agents/selection-entry.js                638 B    
2026-10-08T19:12:09.8038136Z   ├─ dist/development/agents/selection-entry.js.map            968 B    
2026-10-08T19:12:09.8038709Z   ├─ dist/development/framework/sdk-main.js                    49.77 kB 
2026-10-08T19:12:09.8039269Z   ├─ dist/development/framework/sdk-main.js.map                152.75 kB
2026-10-08T19:12:09.8039813Z   ├─ dist/development/native-agent/settings.js                 22.39 kB 
2026-10-08T19:12:09.8040692Z   ├─ dist/development/native-agent/settings.js.map             58.37 kB 
2026-10-08T19:12:09.8041322Z   ├─ dist/development/native-agent/transport.js                29.53 kB 
2026-10-08T19:12:09.8042210Z   ├─ dist/development/native-agent/transport.js.map            89.73 kB 
2026-10-08T19:12:09.8042790Z   ├─ dist/development/scripting/packaged/page-session.js       55.33 kB 
2026-10-08T19:12:09.8043372Z   ├─ dist/development/scripting/packaged/page-session.js.map   174.29 kB
2026-10-08T19:12:09.8043938Z   ├─ dist/development/scripting/sandbox/sandbox.js             4.24 kB  
2026-10-08T19:12:09.8044495Z   ├─ dist/development/scripting/sandbox/sandbox.js.map         11.64 kB 
2026-10-08T19:12:09.8045042Z   ├─ dist/development/scripting/sandbox/worker-runtime.js      49.94 kB 
2026-10-08T19:12:09.8045599Z   ├─ dist/development/scripting/sandbox/worker-runtime.js.map  156.91 kB
2026-10-08T19:12:09.8046148Z   ├─ dist/development/sidebar-tools/bridge.js                  2.83 kB  
2026-10-08T19:12:09.8046683Z   ├─ dist/development/sidebar-tools/bridge.js.map              10.57 kB 
2026-10-08T19:12:09.8047208Z   ├─ dist/development/sw.js                                    325.15 kB
2026-10-08T19:12:09.8047733Z   ├─ dist/development/sw.js.map                                963.02 kB
2026-10-08T19:12:09.8048412Z   ├─ dist/development/ui/tool-shell.js                         186.79 kB
2026-10-08T19:12:09.8048952Z   ├─ dist/development/ui/tool-shell.js.map                     554.69 kB
2026-10-08T19:12:09.8049495Z   ├─ dist/development/vendor/jquery-3.7.1.min.js               87.53 kB 
2026-10-08T19:12:09.8050016Z   ├─ dist/development/ui/tool-shell.css                        21.21 kB 
2026-10-08T19:12:09.8050837Z   ├─ dist/development/icons/notification.png                   595 B    
2026-10-08T19:12:09.8051430Z   ├─ dist/development/licenses/jquery-MIT.txt                  1.10 kB  
2026-10-08T19:12:09.8051993Z   └─ dist/development/licenses/todo-user-vue-MIT.txt           1.10 kB  
2026-10-08T19:12:09.8052553Z Σ Total size: 3.42 MB                                        
2026-10-08T19:12:09.8052931Z [success] Finished in 13.1 s
2026-10-08T19:12:10.5586467Z {"mode":"development","builder":"wxt","status":"passed","packageHash":"17d92009b06262bded11687d979284d78a24b58a563082524e2a7edb52e9ba51","assets":40}
2026-10-08T19:12:10.5787300Z ##[group]Run npm run verify
2026-10-08T19:12:10.5787607Z [36;1mnpm run verify[0m
2026-10-08T19:12:10.5849876Z shell: /usr/bin/bash -e {0}
2026-10-08T19:12:10.5850148Z ##[endgroup]
2026-10-08T19:12:10.6878830Z 
2026-10-08T19:12:10.6879420Z > opendesk-browser@0.1.0 verify
2026-10-08T19:12:10.6880605Z > node scripts/verify-package.mjs dist/production && node scripts/verify-package.mjs dist/development
2026-10-08T19:12:10.6881169Z 
2026-10-08T19:12:11.3408537Z {"status":"passed","manifestVersion":3,"classicEntries":["agents/bootstrap.js","agents/health.js","agents/page-agent.js","agents/page-relay.js","agents/selection-entry.js","framework/sdk-main.js","native-agent/settings.js","native-agent/transport.js","scripting/packaged/page-session.js","scripting/sandbox/sandbox.js","scripting/sandbox/worker-runtime.js","sidebar-tools/bridge.js","sw.js","ui/tool-shell.js","vendor/jquery-3.7.1.min.js"],"htmlChecked":["ui/tool.html","native-agent/settings.html","ui/target-bootstrap.html","scripting/sandbox/sandbox.html","sidebar-tools/sandbox.html"],"assetsChecked":["icons/notification.png","licenses/todo-user-vue-MIT.txt","licenses/jquery-MIT.txt","framework/sdk-resources.json"],"sdkResources":{"schemaVersion":1,"resources":[{"path":"framework/sdk-main.js","bytes":49539,"sha256":"432c30ab8c60086a05335616f5f48014377a2b4cb6e0df197a1477d15df31fee"},{"path":"agents/page-relay.js","bytes":35276,"sha256":"cd61d0935d4670b6f593540c0a75b900e18c37db93a124dfd2a29f7826c5125a"}]},"sdkEntries":{"MAIN":"framework/sdk-main.js","ISOLATED":"agents/page-relay.js"},"privilegedDynamicExecutionFound":false,"approvedDynamicExecution":[{"file":"scripting/sandbox/worker-runtime.js","approvedAsyncBodyConstructors":1,"execution":"Host fetches fixed bytes; Blob classic Worker only inside opaque sandbox"}],"sandbox":{"pages":["scripting/sandbox/sandbox.html","sidebar-tools/sandbox.html"],"csp":"sandbox allow-scripts; default-src 'none'; script-src 'self' 'unsafe-eval' blob:; worker-src blob:; connect-src 'none'; child-src 'none'; img-src 'self' data: blob:; style-src 'self' 'unsafe-inline'; base-uri 'none'; form-action 'none'"},"packageHash":"3c28d6e97c43a017db388be0ebf32bbcdf6d681c0780774d3b8cdc14505d89f2","hashRecipe":"SHA256 UTF-8 JSON.stringify(path-sorted [{path,bytes,sha256}]); exact file bytes","files":[{"path":"agents/bootstrap.js","bytes":21466,"sha256":"1b1b17378eb90a7f1d2e10b071e226648974975e56cbe12c6b1dbd5bf715c79c"},{"path":"agents/health.js","bytes":828,"sha256":"48b43e028694d4fcc376d32539ab2d55ebd58359fce01219cff250fd4b5a6f65"},{"path":"agents/page-agent.js","bytes":34347,"sha256":"35a38017342eff0fc2726e834d435e33cc60ae3452cfca0b8a5b72093b3a2c4c"},{"path":"agents/page-relay.js","bytes":35276,"sha256":"cd61d0935d4670b6f593540c0a75b900e18c37db93a124dfd2a29f7826c5125a"},{"path":"agents/selection-entry.js","bytes":383,"sha256":"0265146d80cd448c28ecd1231574d0bd6ba9f20d6991b09250478decc3e89fbb"},{"path":"framework/sdk-main.js","bytes":49539,"sha256":"432c30ab8c60086a05335616f5f48014377a2b4cb6e0df197a1477d15df31fee"},{"path":"framework/sdk-resources.json","bytes":359,"sha256":"747353949442c7bdf588f73a9e2a048d9471dc71aaa86adedf11ae0fd221cf8b"},{"path":"icons/notification.png","bytes":595,"sha256":"efb5caddc95697204e98f9e7319119095ea195fa02448904bc985e90e96d4de6"},{"path":"licenses/jquery-MIT.txt","bytes":1097,"sha256":"d4db9ebe6f29f5168eac45ad713f055623ac5d0dcd5ba92da23d650ae012020d"},{"path":"licenses/todo-user-vue-MIT.txt","bytes":1096,"sha256":"e301f131f52747f87193c4a41d3d5c09e6c021cc664a6a3101a2213635f03f29"},{"path":"manifest.json","bytes":1264,"sha256":"a316ab5306dc0f3b65878f72e3475f4f764dbd82ca0b57bd6d54e169a958bed6"},{"path":"native-agent/settings.html","bytes":1826,"sha256":"8763896451244519f856a7a9f5c2284348bc3b8adbd0aaa3a674932e95d5fecf"},{"path":"native-agent/settings.js","bytes":22157,"sha256":"7018e9e3e7a0dcf7392e270f8512b4d4b815d8db5940da26587ad938d13b971d"},{"path":"native-agent/transport.js","bytes":29297,"sha256":"112dff86a490ece497668e4420053ce0d48121e2de12360da177add825b30421"},{"path":"scripting/packaged/page-session.js","bytes":55082,"sha256":"bd346556fa4a137b804a6255fefc6617ce1bcd01719dd0637bb6a54e9b90b377"},{"path":"scripting/sandbox/sandbox.html","bytes":385,"sha256":"aa7362ce87a270f45005dde0e9cf14bf1d86bd4bd15fce37f14515638ef3b536"},{"path":"scripting/sandbox/sandbox.js","bytes":4010,"sha256":"4b735c3d8d6d6059a549b59122d4d1d56811c121c6ad1b7eeadca6cf3e15640e"},{"path":"scripting/sandbox/worker-runtime.js","bytes":49683,"sha256":"406de1f7b5ebffc7ce4a67696d5e35d24e27e9bae3b93cacec10cae6100c19f1"},{"path":"sidebar-tools/bridge.js","bytes":2603,"sha256":"47080091427b72feedb474d83a96ad37677fcf1f58557a7ac65ecf9f40e56050"},{"path":"sidebar-tools/sandbox.html","bytes":560,"sha256":"5b1b0a17190f423e6861048a6607019606faa4b9241e81c5ffe044324831fe1b"},{"path":"sw.js","bytes":324976,"sha256":"2c5145ba65ce9d41f1a03c7abcb10eba6f3cb2110a30965d6a2069d7799ea214"},{"path":"ui/target-bootstrap.html","bytes":200,"sha256":"b52748e3bf14e6931924843c0b8bc626ad8929b3b1bb6b63524b39238dc5d13c"},{"path":"ui/tool-shell.css","bytes":21206,"sha256":"50cfd5ed94d4d83e7ebbbb27cf5f623805bf26989f39d5df7d801baf81abda7b"},{"path":"ui/tool-shell.js","bytes":186548,"sha256":"1c1b0e8714fdbebb875ff0fde833ea5cdef2c26358202ced6bac2322ea5c451c"},{"path":"ui/tool.html","bytes":22542,"sha256":"e7188a4828631a490a4bc14c90353ba7685461bb4edeea79a38505205907e0cb"},{"path":"vendor/jquery-3.7.1.min.js","bytes":87533,"sha256":"fc9a93dd241f6b045cbff0481cf4e1901becd0e12fb45166a8f17f95823f0b1a"}]}
2026-10-08T19:12:11.9961963Z {"status":"passed","manifestVersion":3,"classicEntries":["agents/bootstrap.js","agents/health.js","agents/page-agent.js","agents/page-relay.js","agents/selection-entry.js","framework/sdk-main.js","native-agent/settings.js","native-agent/transport.js","scripting/packaged/page-session.js","scripting/sandbox/sandbox.js","scripting/sandbox/worker-runtime.js","sidebar-tools/bridge.js","sw.js","ui/tool-shell.js","vendor/jquery-3.7.1.min.js"],"htmlChecked":["ui/tool.html","native-agent/settings.html","ui/target-bootstrap.html","scripting/sandbox/sandbox.html","sidebar-tools/sandbox.html"],"assetsChecked":["icons/notification.png","licenses/todo-user-vue-MIT.txt","licenses/jquery-MIT.txt","framework/sdk-resources.json"],"sdkResources":{"schemaVersion":1,"resources":[{"path":"framework/sdk-main.js","bytes":49773,"sha256":"903bb9d0bbd1a48a92db218934aa730fd817dc8c211017d61b65b8a27ac25bb8"},{"path":"agents/page-relay.js","bytes":35516,"sha256":"1e75308cd25090fa6ab1b33823ad4844ddab51e172166a3fd028a0a983854e65"}]},"sdkEntries":{"MAIN":"framework/sdk-main.js","ISOLATED":"agents/page-relay.js"},"privilegedDynamicExecutionFound":false,"approvedDynamicExecution":[{"file":"scripting/sandbox/worker-runtime.js","approvedAsyncBodyConstructors":1,"execution":"Host fetches fixed bytes; Blob classic Worker only inside opaque sandbox"}],"sandbox":{"pages":["scripting/sandbox/sandbox.html","sidebar-tools/sandbox.html"],"csp":"sandbox allow-scripts; default-src 'none'; script-src 'self' 'unsafe-eval' blob:; worker-src blob:; connect-src 'none'; child-src 'none'; img-src 'self' data: blob:; style-src 'self' 'unsafe-inline'; base-uri 'none'; form-action 'none'"},"packageHash":"17d92009b06262bded11687d979284d78a24b58a563082524e2a7edb52e9ba51","hashRecipe":"SHA256 UTF-8 JSON.stringify(path-sorted [{path,bytes,sha256}]); exact file bytes","files":[{"path":"agents/bootstrap.js","bytes":21703,"sha256":"9556baeec50d2c2fbd4c5391e34bab41c3d9aa9d6d416a4a89b205809542beb5"},{"path":"agents/bootstrap.js.map","bytes":65334,"sha256":"72024fdb0695ffff3a2296cfda4ddb2f96c6f5da8a260d2098c5516f2421b840"},{"path":"agents/health.js","bytes":1056,"sha256":"0fdbd009c25751599b50a9ff902d5c1a71fafb15a526ee64e5a1082b86ed7e7d"},{"path":"agents/health.js.map","bytes":15038,"sha256":"13ab8c72f5d5a8d82b65a38c7c455d8abf1ea4ab6c8878443a316fde59414b51"},{"path":"agents/page-agent.js","bytes":34587,"sha256":"23929816fb4342e44814992a820651ce5b0e5de8b827c32fa2498caccfc01283"},{"path":"agents/page-agent.js.map","bytes":95306,"sha256":"ec0f23bd47621fb6cf855b2c1999b4746ab13cb31b1add032787cde50a8db72e"},{"path":"agents/page-relay.js","bytes":35516,"sha256":"1e75308cd25090fa6ab1b33823ad4844ddab51e172166a3fd028a0a983854e65"},{"path":"agents/page-relay.js.map","bytes":113008,"sha256":"e399a9d2068b239aa9389f4616a4012ded4240d909d18df443769d3ed3df9348"},{"path":"agents/selection-entry.js","bytes":638,"sha256":"b86047d8de3434afe4161d07376ca71a4ea18bc870663be9a606b62c19a42d80"},{"path":"agents/selection-entry.js.map","bytes":968,"sha256":"f2ee1d5e62016c3f1854811589f17382f0f0e69ea9a3635484fe02734b7eb0f4"},{"path":"framework/sdk-main.js","bytes":49773,"sha256":"903bb9d0bbd1a48a92db218934aa730fd817dc8c211017d61b65b8a27ac25bb8"},{"path":"framework/sdk-main.js.map","bytes":152746,"sha256":"a3ac2c7cfa6a0cc3d74f8bee60a8e7b3bf35f4fea4316b599b3b4d35b2a52b03"},{"path":"framework/sdk-resources.json","bytes":359,"sha256":"6f6597ecccf98b85cf1889e8c413a64b712f6cf44976b8ab778d836e14a5f5a6"},{"path":"icons/notification.png","bytes":595,"sha256":"efb5caddc95697204e98f9e7319119095ea195fa02448904bc985e90e96d4de6"},{"path":"licenses/jquery-MIT.txt","bytes":1097,"sha256":"d4db9ebe6f29f5168eac45ad713f055623ac5d0dcd5ba92da23d650ae012020d"},{"path":"licenses/todo-user-vue-MIT.txt","bytes":1096,"sha256":"e301f131f52747f87193c4a41d3d5c09e6c021cc664a6a3101a2213635f03f29"},{"path":"manifest.json","bytes":1593,"sha256":"ab7cd7fc3a137ac78b55ff099f5464c932aa8d0de774b54c91836b7df716097e"},{"path":"native-agent/settings.html","bytes":1826,"sha256":"8763896451244519f856a7a9f5c2284348bc3b8adbd0aaa3a674932e95d5fecf"},{"path":"native-agent/settings.js","bytes":22391,"sha256":"606318ea6d225e92a72dc13e700f015dbd9a6d148f896eea09114205024fedd6"},{"path":"native-agent/settings.js.map","bytes":58367,"sha256":"4aef7296f6663d8a5d72a623f7f604ae7e9d0eb1d28f881b0a88ce748c2fb58e"},{"path":"native-agent/transport.js","bytes":29534,"sha256":"9541f51d2800df30bd69f7c6ac94e33cf496aea4b0287bf7d5989aacd50e6706"},{"path":"native-agent/transport.js.map","bytes":89731,"sha256":"bd60a744b5bf89e94ad2b485b9f19aff9a73e9daab184a5092ac4094459c1838"},{"path":"scripting/packaged/page-session.js","bytes":55328,"sha256":"fbc94b97dde28dd1a5ac99db3ecf861aa9b6374c85474b05e1d722f6520f3343"},{"path":"scripting/packaged/page-session.js.map","bytes":174289,"sha256":"954210c4f3cf3aeefc1422e4ff51980b3d2b3643485c7d55ae80dfce25d0f5f5"},{"path":"scripting/sandbox/sandbox.html","bytes":385,"sha256":"aa7362ce87a270f45005dde0e9cf14bf1d86bd4bd15fce37f14515638ef3b536"},{"path":"scripting/sandbox/sandbox.js","bytes":4241,"sha256":"e5e5069e25a85673c3880d555a42ecaea414e7c6dabacccd4589874bad7e8631"},{"path":"scripting/sandbox/sandbox.js.map","bytes":11636,"sha256":"2b3be0c1d212193b207fc20165a11866806b1c31cc2653ebac5036a9ea3374d6"},{"path":"scripting/sandbox/worker-runtime.js","bytes":49935,"sha256":"91865c2b35e45a17f18866368c7fa0d2cffcddc86a5deaefef8a746747a5d889"},{"path":"scripting/sandbox/worker-runtime.js.map","bytes":156913,"sha256":"2477b61c175dac272fe8f9afa65fe42d28959bf1b7b5d1c434fe936e3439d270"},{"path":"sidebar-tools/bridge.js","bytes":2831,"sha256":"cc4da524502e1f5b0f4e6399d0d94618a3905c134499e5b7179b2cd2a5e9f569"},{"path":"sidebar-tools/bridge.js.map","bytes":10568,"sha256":"853420ac756f38ce7e18baa97bbf0c756c8573bfabbecdef56a30906ea5699a5"},{"path":"sidebar-tools/sandbox.html","bytes":560,"sha256":"5b1b0a17190f423e6861048a6607019606faa4b9241e81c5ffe044324831fe1b"},{"path":"sw.js","bytes":325148,"sha256":"4fd630a423ff96f91c69823f1e650986739d13da7cc74fe47e1b550df1631104"},{"path":"sw.js.map","bytes":963024,"sha256":"a8500335913be166399f573b5fef8ae95de1884c3af960be2cd7dbcc048ff1ff"},{"path":"ui/target-bootstrap.html","bytes":200,"sha256":"b52748e3bf14e6931924843c0b8bc626ad8929b3b1bb6b63524b39238dc5d13c"},{"path":"ui/tool-shell.css","bytes":21206,"sha256":"50cfd5ed94d4d83e7ebbbb27cf5f623805bf26989f39d5df7d801baf81abda7b"},{"path":"ui/tool-shell.js","bytes":186788,"sha256":"9c77d24af4f23360f835d737b229b659ffaa10041672f42131e8e91b8be9f0f5"},{"path":"ui/tool-shell.js.map","bytes":554689,"sha256":"652e557cdb8585b69ef423444ef8013c8d346e0cf1f28ce92dfe7c9daf833d98"},{"path":"ui/tool.html","bytes":22542,"sha256":"e7188a4828631a490a4bc14c90353ba7685461bb4edeea79a38505205907e0cb"},{"path":"vendor/jquery-3.7.1.min.js","bytes":87533,"sha256":"fc9a93dd241f6b045cbff0481cf4e1901becd0e12fb45166a8f17f95823f0b1a"}]}
2026-10-08T19:12:12.0148707Z ##[group]Run npm test
2026-10-08T19:12:12.0149190Z [36;1mnpm test[0m
2026-10-08T19:12:12.0212068Z shell: /usr/bin/bash -e {0}
2026-10-08T19:12:12.0212517Z ##[endgroup]
2026-10-08T19:12:12.1332142Z 
2026-10-08T19:12:12.1332756Z > opendesk-browser@0.1.0 test
2026-10-08T19:12:12.1333461Z > node --test tests/environment/*.test.mjs
2026-10-08T19:12:12.1333742Z 
2026-10-08T19:12:12.1940723Z TAP version 13
2026-10-08T19:12:12.2572519Z # Subtest: AI-to-Task sample is a valid immutable Task v1 Candidate with exact checked-in source
2026-10-08T19:12:12.2574982Z ok 1 - AI-to-Task sample is a valid immutable Task v1 Candidate with exact checked-in source
2026-10-08T19:12:12.2576082Z   ---
2026-10-08T19:12:12.2576658Z   duration_ms: 15.714789
2026-10-08T19:12:12.2577227Z   type: 'test'
2026-10-08T19:12:12.2577725Z   ...
2026-10-08T19:12:12.2662204Z # Subtest: tampering cannot grant publication state or replace the source hash
2026-10-08T19:12:12.2663682Z ok 2 - tampering cannot grant publication state or replace the source hash
2026-10-08T19:12:12.2664405Z   ---
2026-10-08T19:12:12.2664793Z   duration_ms: 7.158198
2026-10-08T19:12:12.2665220Z   type: 'test'
2026-10-08T19:12:12.2665561Z   ...
2026-10-08T19:12:12.2666507Z # Subtest: modern candidate only uses implemented Locator actions with an explicit business-result wait
2026-10-08T19:12:12.2667692Z ok 3 - modern candidate only uses implemented Locator actions with an explicit business-result wait
2026-10-08T19:12:12.2668167Z   ---
2026-10-08T19:12:12.2668365Z   duration_ms: 1.526696
2026-10-08T19:12:12.2668593Z   type: 'test'
2026-10-08T19:12:12.2668781Z   ...
2026-10-08T19:12:12.2698244Z # Subtest: observation draft is bounded, read-only and valid Controller async main
2026-10-08T19:12:12.2721957Z ok 4 - observation draft is bounded, read-only and valid Controller async main
2026-10-08T19:12:12.2731452Z   ---
2026-10-08T19:12:12.2732106Z   duration_ms: 4.880591
2026-10-08T19:12:12.2732863Z   type: 'test'
2026-10-08T19:12:12.2733554Z   ...
2026-10-08T19:12:12.2734768Z # Subtest: AI-to-Task samples target the original HTML fixture rather than inventing a second page
2026-10-08T19:12:12.2736475Z ok 5 - AI-to-Task samples target the original HTML fixture rather than inventing a second page
2026-10-08T19:12:12.2737602Z   ---
2026-10-08T19:12:12.2738250Z   duration_ms: 1.44867
2026-10-08T19:12:12.2738937Z   type: 'test'
2026-10-08T19:12:12.2739569Z   ...
2026-10-08T19:12:12.2847409Z # Subtest: read-only Agent observation draft retains the main R6.2 bounded snapshot contract
2026-10-08T19:12:12.2849166Z ok 6 - read-only Agent observation draft retains the main R6.2 bounded snapshot contract
2026-10-08T19:12:12.2850684Z   ---
2026-10-08T19:12:12.2851311Z   duration_ms: 6.372261
2026-10-08T19:12:12.2851942Z   type: 'test'
2026-10-08T19:12:12.2852494Z   ...
2026-10-08T19:12:12.2853452Z # Subtest: modern Locator Task candidate is exact and immutable, never pre-verified
2026-10-08T19:12:12.2854802Z ok 7 - modern Locator Task candidate is exact and immutable, never pre-verified
2026-10-08T19:12:12.2855708Z   ---
2026-10-08T19:12:12.2856248Z   duration_ms: 9.852702
2026-10-08T19:12:12.2856874Z   type: 'test'
2026-10-08T19:12:12.2857411Z   ...
2026-10-08T19:12:12.3559091Z # Subtest: real loopback HTTP server serves static JSON, HTML and true 404/non-JSON
2026-10-08T19:12:12.3591602Z ok 8 - real loopback HTTP server serves static JSON, HTML and true 404/non-JSON
2026-10-08T19:12:12.3593123Z   ---
2026-10-08T19:12:12.3621083Z   duration_ms: 66.048234
2026-10-08T19:12:12.3645093Z   type: 'test'
2026-10-08T19:12:12.3646221Z   ...
2026-10-08T19:12:12.5474394Z # Subtest: real loopback HTTP server emits status/POST body and delayed responses
2026-10-08T19:12:12.5476850Z ok 9 - real loopback HTTP server emits status/POST body and delayed responses
2026-10-08T19:12:12.5478046Z   ---
2026-10-08T19:12:12.5478487Z   duration_ms: 205.431214
2026-10-08T19:12:12.5478897Z   type: 'test'
2026-10-08T19:12:12.5479249Z   ...
2026-10-08T19:12:13.9236842Z # Subtest: one ordinary HTML page exposes unique, stable automation targets
2026-10-08T19:12:13.9272091Z ok 10 - one ordinary HTML page exposes unique, stable automation targets
2026-10-08T19:12:13.9291175Z   ---
2026-10-08T19:12:13.9291806Z   duration_ms: 17.943926
2026-10-08T19:12:13.9292394Z   type: 'test'
2026-10-08T19:12:13.9292861Z   ...
2026-10-08T19:12:13.9294037Z # Subtest: the unchanged signed v1 task still targets \#name → \#submit → \#done
2026-10-08T19:12:13.9295299Z ok 11 - the unchanged signed v1 task still targets \#name → \#submit → \#done
2026-10-08T19:12:13.9296106Z   ---
2026-10-08T19:12:13.9296583Z   duration_ms: 5.162017
2026-10-08T19:12:13.9297171Z   type: 'test'
2026-10-08T19:12:13.9297829Z   ...
2026-10-08T19:12:13.9298934Z # Subtest: modern search retains an initially filled field and deliberately replaces its submit button
2026-10-08T19:12:13.9300750Z ok 12 - modern search retains an initially filled field and deliberately replaces its submit button
2026-10-08T19:12:13.9301768Z   ---
2026-10-08T19:12:13.9302366Z   duration_ms: 3.096502
2026-10-08T19:12:13.9302953Z   type: 'test'
2026-10-08T19:12:13.9303439Z   ...
2026-10-08T19:12:13.9304429Z # Subtest: async scene sends only local fetches and distinguishes loading, 404, abort and timeout
2026-10-08T19:12:13.9305913Z ok 13 - async scene sends only local fetches and distinguishes loading, 404, abort and timeout
2026-10-08T19:12:13.9306800Z   ---
2026-10-08T19:12:13.9307292Z   duration_ms: 1.456626
2026-10-08T19:12:13.9307827Z   type: 'test'
2026-10-08T19:12:13.9308324Z   ...
2026-10-08T19:12:13.9309296Z # Subtest: explicit HTTP GET controls expose safe semantics and preserve offline-first operation
2026-10-08T19:12:13.9310939Z ok 14 - explicit HTTP GET controls expose safe semantics and preserve offline-first operation
2026-10-08T19:12:13.9312267Z   ---
2026-10-08T19:12:13.9312731Z   duration_ms: 1.625581
2026-10-08T19:12:13.9313229Z   type: 'test'
2026-10-08T19:12:13.9313683Z   ...
2026-10-08T19:12:13.9314608Z # Subtest: the single canonical page exposes seven navigable groups and honest Locator fixtures
2026-10-08T19:12:13.9315945Z ok 15 - the single canonical page exposes seven navigable groups and honest Locator fixtures
2026-10-08T19:12:13.9316841Z   ---
2026-10-08T19:12:13.9317306Z   duration_ms: 6.864209
2026-10-08T19:12:13.9317829Z   type: 'test'
2026-10-08T19:12:13.9318301Z   ...
2026-10-08T19:12:13.9319203Z # Subtest: Locator fixture actions, late insertion, and reset mutate only observable DOM
2026-10-08T19:12:13.9320788Z ok 16 - Locator fixture actions, late insertion, and reset mutate only observable DOM
2026-10-08T19:12:13.9321695Z   ---
2026-10-08T19:12:13.9322196Z   duration_ms: 1526.448497
2026-10-08T19:12:13.9322739Z   type: 'test'
2026-10-08T19:12:13.9323255Z   ...
2026-10-08T19:12:13.9437576Z # Subtest: HTTP panel sends no request until click and shows real status/content without HTML injection
2026-10-08T19:12:13.9445640Z ok 17 - HTTP panel sends no request until click and shows real status/content without HTML injection
2026-10-08T19:12:13.9447039Z   ---
2026-10-08T19:12:13.9447699Z   duration_ms: 12.143343
2026-10-08T19:12:13.9448358Z   type: 'test'
2026-10-08T19:12:13.9448921Z   ...
2026-10-08T19:12:13.9833540Z # Subtest: the actual HTTP Page draft drives the canonical fetch handler and reports 200 honestly
2026-10-08T19:12:13.9861888Z ok 18 - the actual HTTP Page draft drives the canonical fetch handler and reports 200 honestly
2026-10-08T19:12:13.9875607Z   ---
2026-10-08T19:12:13.9880603Z   duration_ms: 45.959363
2026-10-08T19:12:13.9889641Z   type: 'test'
2026-10-08T19:12:13.9890132Z   ...
2026-10-08T19:12:14.0011526Z # Subtest: the actual HTTP Page draft drives the canonical fetch handler and reports 503 honestly
2026-10-08T19:12:14.0027501Z ok 19 - the actual HTTP Page draft drives the canonical fetch handler and reports 503 honestly
2026-10-08T19:12:14.0036843Z   ---
2026-10-08T19:12:14.0037542Z   duration_ms: 16.585248
2026-10-08T19:12:14.0038423Z   type: 'test'
2026-10-08T19:12:14.0039035Z   ...
2026-10-08T19:12:14.0125772Z # Subtest: HTTP panel preserves actual 404 and abort/reset cannot resurrect late replies
2026-10-08T19:12:14.0127281Z ok 20 - HTTP panel preserves actual 404 and abort/reset cannot resurrect late replies
2026-10-08T19:12:14.0128397Z   ---
2026-10-08T19:12:14.0128982Z   duration_ms: 14.291379
2026-10-08T19:12:14.0129581Z   type: 'test'
2026-10-08T19:12:14.0130106Z   ...
2026-10-08T19:12:14.0180154Z # Subtest: minimal HTTP UI rejects invalid URLs without sending requests
2026-10-08T19:12:14.0185950Z ok 21 - minimal HTTP UI rejects invalid URLs without sending requests
2026-10-08T19:12:14.0186943Z   ---
2026-10-08T19:12:14.0187648Z   duration_ms: 6.202058
2026-10-08T19:12:14.0188362Z   type: 'test'
2026-10-08T19:12:14.0188997Z   ...
2026-10-08T19:12:14.0203989Z # Subtest: inline JavaScript parses without a third-party runtime or external resources
2026-10-08T19:12:14.0212137Z ok 22 - inline JavaScript parses without a third-party runtime or external resources
2026-10-08T19:12:14.0213242Z   ---
2026-10-08T19:12:14.0213721Z   duration_ms: 2.049124
2026-10-08T19:12:14.0214740Z   type: 'test'
2026-10-08T19:12:14.0215540Z   ...
2026-10-08T19:12:14.0261619Z # Subtest: manual browser testing has exactly one canonical HTML and no obsolete advertised URL
2026-10-08T19:12:14.0263153Z ok 23 - manual browser testing has exactly one canonical HTML and no obsolete advertised URL
2026-10-08T19:12:14.0264426Z   ---
2026-10-08T19:12:14.0264991Z   duration_ms: 2.822075
2026-10-08T19:12:14.0265622Z   type: 'test'
2026-10-08T19:12:14.0266150Z   ...
2026-10-08T19:12:14.0480170Z # Subtest: product shell configures the Chrome Side Panel action and never creates a popup
2026-10-08T19:12:14.0482715Z ok 24 - product shell configures the Chrome Side Panel action and never creates a popup
2026-10-08T19:12:14.0484250Z   ---
2026-10-08T19:12:14.0484807Z   duration_ms: 3.605094
2026-10-08T19:12:14.0485423Z   type: 'test'
2026-10-08T19:12:14.0485951Z   ...
2026-10-08T19:12:14.0487048Z # Subtest: tool sender accepts top-level Side Panel documents and rejects foreign or nested senders
2026-10-08T19:12:14.0488648Z ok 25 - tool sender accepts top-level Side Panel documents and rejects foreign or nested senders
2026-10-08T19:12:14.0489707Z   ---
2026-10-08T19:12:14.0490554Z   duration_ms: 1.012625
2026-10-08T19:12:14.0491260Z   type: 'test'
2026-10-08T19:12:14.0491929Z   ...
2026-10-08T19:12:14.0493112Z # Subtest: URL policy rejects restricted/file/credentials and preserves exact origin including port
2026-10-08T19:12:14.0494771Z ok 26 - URL policy rejects restricted/file/credentials and preserves exact origin including port
2026-10-08T19:12:14.0495850Z   ---
2026-10-08T19:12:14.0496450Z   duration_ms: 0.785971
2026-10-08T19:12:14.0497109Z   type: 'test'
2026-10-08T19:12:14.0497667Z   ...
2026-10-08T19:12:14.0498710Z # Subtest: health waits for sender readiness and binds Chrome document metadata, not file result
2026-10-08T19:12:14.0500659Z ok 27 - health waits for sender readiness and binds Chrome document metadata, not file result
2026-10-08T19:12:14.0501881Z   ---
2026-10-08T19:12:14.0502492Z   duration_ms: 12.999826
2026-10-08T19:12:14.0503172Z   type: 'test'
2026-10-08T19:12:14.0503775Z   ...
2026-10-08T19:12:14.0504700Z # Subtest: revoked permission blocks even previously installed agent
2026-10-08T19:12:14.0505997Z ok 28 - revoked permission blocks even previously installed agent
2026-10-08T19:12:14.0506884Z   ---
2026-10-08T19:12:14.0507480Z   duration_ms: 2.871983
2026-10-08T19:12:14.0508085Z   type: 'test'
2026-10-08T19:12:14.0508627Z   ...
2026-10-08T19:12:14.0509676Z # Subtest: reload, cross-origin and closed tab reject bound target without automatic reinjection
2026-10-08T19:12:14.0511661Z ok 29 - reload, cross-origin and closed tab reject bound target without automatic reinjection
2026-10-08T19:12:14.0512868Z   ---
2026-10-08T19:12:14.0513470Z   duration_ms: 7.29381
2026-10-08T19:12:14.0514110Z   type: 'test'
2026-10-08T19:12:14.0514687Z   ...
2026-10-08T19:12:14.0515622Z # Subtest: forged health nonce and fake sender cannot satisfy exact target
2026-10-08T19:12:14.0517190Z ok 30 - forged health nonce and fake sender cannot satisfy exact target
2026-10-08T19:12:14.0518129Z   ---
2026-10-08T19:12:14.0518728Z   duration_ms: 1.363221
2026-10-08T19:12:14.0520601Z   type: 'test'
2026-10-08T19:12:14.0521266Z   ...
2026-10-08T19:12:14.0522302Z # Subtest: missing module has no capabilities or runner and can be mounted/disposed
2026-10-08T19:12:14.0523697Z ok 31 - missing module has no capabilities or runner and can be mounted/disposed
2026-10-08T19:12:14.0524882Z   ---
2026-10-08T19:12:14.0525492Z   duration_ms: 0.612997
2026-10-08T19:12:14.0526281Z   type: 'test'
2026-10-08T19:12:14.0526859Z   ...
2026-10-08T19:12:14.0527868Z # Subtest: Side Panel configuration failure is surfaced without a popup fallback
2026-10-08T19:12:14.0529238Z ok 32 - Side Panel configuration failure is surfaced without a popup fallback
2026-10-08T19:12:14.0530216Z   ---
2026-10-08T19:12:14.0531152Z   duration_ms: 0.53442
2026-10-08T19:12:14.0531815Z   type: 'test'
2026-10-08T19:12:14.0532410Z   ...
2026-10-08T19:12:14.0533377Z # Subtest: unknown authorization mode is rejected before another injection
2026-10-08T19:12:14.0534751Z ok 33 - unknown authorization mode is rejected before another injection
2026-10-08T19:12:14.0535672Z   ---
2026-10-08T19:12:14.0536284Z   duration_ms: 2.39486
2026-10-08T19:12:14.0536914Z   type: 'test'
2026-10-08T19:12:14.0537505Z   ...
2026-10-08T19:12:14.0538559Z # Subtest: permission revoke reports permission failure even when Chrome hides tab URL
2026-10-08T19:12:14.0540094Z ok 34 - permission revoke reports permission failure even when Chrome hides tab URL
2026-10-08T19:12:14.0541498Z   ---
2026-10-08T19:12:14.0542082Z   duration_ms: 1.273794
2026-10-08T19:12:14.0543134Z   type: 'test'
2026-10-08T19:12:14.0543788Z   ...
2026-10-08T19:12:14.0545195Z # Subtest: permission revoked during tabs.get is diagnosed before inspecting its hidden URL
2026-10-08T19:12:14.0546763Z ok 35 - permission revoked during tabs.get is diagnosed before inspecting its hidden URL
2026-10-08T19:12:14.0547780Z   ---
2026-10-08T19:12:14.0548387Z   duration_ms: 2.46945
2026-10-08T19:12:14.0549019Z   type: 'test'
2026-10-08T19:12:14.0549595Z   ...
2026-10-08T19:12:14.0550934Z # Subtest: repeated agent ready preserves optional authorization and cannot bypass revoke
2026-10-08T19:12:14.0562289Z ok 36 - repeated agent ready preserves optional authorization and cannot bypass revoke
2026-10-08T19:12:14.0563352Z   ---
2026-10-08T19:12:14.0563968Z   duration_ms: 1.209282
2026-10-08T19:12:14.0564624Z   type: 'test'
2026-10-08T19:12:14.0565236Z   ...
2026-10-08T19:12:14.0641572Z # Subtest: same-document concurrent binding resolves all readiness waiters
2026-10-08T19:12:14.0701671Z ok 37 - same-document concurrent binding resolves all readiness waiters
2026-10-08T19:12:14.0781244Z   ---
2026-10-08T19:12:14.0821212Z   duration_ms: 4.444405
2026-10-08T19:12:14.0876273Z   type: 'test'
2026-10-08T19:12:14.0879037Z   ...
2026-10-08T19:12:14.0880249Z # Subtest: document invalidation and revoke while awaiting reply reject late health success
2026-10-08T19:12:14.0882250Z ok 38 - document invalidation and revoke while awaiting reply reject late health success
2026-10-08T19:12:14.0883250Z   ---
2026-10-08T19:12:14.0883873Z   duration_ms: 2.417853
2026-10-08T19:12:14.0884555Z   type: 'test'
2026-10-08T19:12:14.0885143Z   ...
2026-10-08T19:12:14.0886227Z # Subtest: missing Side Panel sender documentId resolves only unique native instance context
2026-10-08T19:12:14.0887827Z ok 39 - missing Side Panel sender documentId resolves only unique native instance context
2026-10-08T19:12:14.0888806Z   ---
2026-10-08T19:12:14.0889347Z   duration_ms: 1.995853
2026-10-08T19:12:14.0889964Z   type: 'test'
2026-10-08T19:12:14.0890854Z   ...
2026-10-08T19:12:14.0892260Z # Subtest: fixed production protocol Schema uses variable-width LZW and decodes byte-for-byte to the audited object
2026-10-08T19:12:14.0894111Z ok 40 - fixed production protocol Schema uses variable-width LZW and decodes byte-for-byte to the audited object
2026-10-08T19:12:14.0895691Z   ---
2026-10-08T19:12:14.0896325Z   duration_ms: 75.936133
2026-10-08T19:12:14.0896948Z   type: 'test'
2026-10-08T19:12:14.0897491Z   ...
2026-10-08T19:12:14.0898695Z # Subtest: small and non-ASCII schemas still round-trip through existing smaller-of-two-formats selection
2026-10-08T19:12:14.0900640Z ok 41 - small and non-ASCII schemas still round-trip through existing smaller-of-two-formats selection
2026-10-08T19:12:14.0901720Z   ---
2026-10-08T19:12:14.0902288Z   duration_ms: 0.964484
2026-10-08T19:12:14.0902902Z   type: 'test'
2026-10-08T19:12:14.0903467Z   ...
2026-10-08T19:12:14.0904409Z # Subtest: async main receives page/params lexically without platform arguments
2026-10-08T19:12:14.0905748Z ok 42 - async main receives page/params lexically without platform arguments
2026-10-08T19:12:14.0906652Z   ---
2026-10-08T19:12:14.0907194Z   duration_ms: 1.590205
2026-10-08T19:12:14.0907809Z   type: 'test'
2026-10-08T19:12:14.0908355Z   ...
2026-10-08T19:12:14.0909218Z # Subtest: main return preserves falsy values including undefined
2026-10-08T19:12:14.0910629Z ok 43 - main return preserves falsy values including undefined
2026-10-08T19:12:14.0911488Z   ---
2026-10-08T19:12:14.0912041Z   duration_ms: 0.397604
2026-10-08T19:12:14.0912630Z   type: 'test'
2026-10-08T19:12:14.0913193Z   ...
2026-10-08T19:12:14.0914065Z # Subtest: prior async-body scripts still execute and return correctly
2026-10-08T19:12:14.0915243Z ok 44 - prior async-body scripts still execute and return correctly
2026-10-08T19:12:14.0916107Z   ---
2026-10-08T19:12:14.0916675Z   duration_ms: 0.244477
2026-10-08T19:12:14.0917273Z   type: 'test'
2026-10-08T19:12:14.0917818Z   ...
2026-10-08T19:12:14.0918641Z # Subtest: main faults are errors rather than silent empty results
2026-10-08T19:12:14.0920083Z ok 45 - main faults are errors rather than silent empty results
2026-10-08T19:12:14.0921270Z   ---
2026-10-08T19:12:14.0921828Z   duration_ms: 0.696733
2026-10-08T19:12:14.0922397Z   type: 'test'
2026-10-08T19:12:14.0922947Z   ...
2026-10-08T19:12:14.0924039Z # Subtest: worker fault preserves a bounded raw generated stack without claiming a source mapping
2026-10-08T19:12:14.0925570Z ok 46 - worker fault preserves a bounded raw generated stack without claiming a source mapping
2026-10-08T19:12:14.0926574Z   ---
2026-10-08T19:12:14.0927200Z   duration_ms: 24.440273
2026-10-08T19:12:14.0927818Z   type: 'test'
2026-10-08T19:12:14.0928371Z   ...
2026-10-08T19:12:14.0929636Z # Subtest: navigation starts invalidate the visible old document before tabs updates and recover after failure or commit
2026-10-08T19:12:14.0931765Z ok 47 - navigation starts invalidate the visible old document before tabs updates and recover after failure or commit
2026-10-08T19:12:14.0932955Z   ---
2026-10-08T19:12:14.0933513Z   duration_ms: 8.505643
2026-10-08T19:12:14.0934103Z   type: 'test'
2026-10-08T19:12:14.0934656Z   ...
2026-10-08T19:12:14.0935800Z # Subtest: loading and unloaded tabs never expose their still-visible old document as a runnable candidate
2026-10-08T19:12:14.0937500Z ok 48 - loading and unloaded tabs never expose their still-visible old document as a runnable candidate
2026-10-08T19:12:14.0938535Z   ---
2026-10-08T19:12:14.0939064Z   duration_ms: 1.017564
2026-10-08T19:12:14.0939669Z   type: 'test'
2026-10-08T19:12:14.0940192Z   ...
2026-10-08T19:12:14.0941518Z # Subtest: a tab becoming loading after frame observation fails the final candidate confirmation
2026-10-08T19:12:14.0943086Z ok 49 - a tab becoming loading after frame observation fails the final candidate confirmation
2026-10-08T19:12:14.0944078Z   ---
2026-10-08T19:12:14.0944638Z   duration_ms: 0.319387
2026-10-08T19:12:14.0945248Z   type: 'test'
2026-10-08T19:12:14.0945800Z   ...
2026-10-08T19:12:14.0946880Z # Subtest: Sidebar binds to its own browser window and exposes only the active HTTP(S) main document
2026-10-08T19:12:14.0948427Z ok 50 - Sidebar binds to its own browser window and exposes only the active HTTP(S) main document
2026-10-08T19:12:14.0949412Z   ---
2026-10-08T19:12:14.0950646Z   duration_ms: 1.367669
2026-10-08T19:12:14.0951370Z   type: 'test'
2026-10-08T19:12:14.0951922Z   ...
2026-10-08T19:12:14.0952785Z # Subtest: same-URL tab switch cannot replace the captured run candidate
2026-10-08T19:12:14.0954089Z ok 51 - same-URL tab switch cannot replace the captured run candidate
2026-10-08T19:12:14.0954921Z   ---
2026-10-08T19:12:14.0955462Z   duration_ms: 0.361977
2026-10-08T19:12:14.0956071Z   type: 'test'
2026-10-08T19:12:14.0956609Z   ...
2026-10-08T19:12:14.0957575Z # Subtest: SPA URL change before admission is stale even when documentId is unchanged
2026-10-08T19:12:14.0958936Z ok 52 - SPA URL change before admission is stale even when documentId is unchanged
2026-10-08T19:12:14.0959862Z   ---
2026-10-08T19:12:14.0960645Z   duration_ms: 0.322684
2026-10-08T19:12:14.0961275Z   type: 'test'
2026-10-08T19:12:14.0961831Z   ...
2026-10-08T19:12:14.0962861Z # Subtest: reload/full navigation invalidates the old candidate instead of matching by URL
2026-10-08T19:12:14.0964332Z ok 53 - reload/full navigation invalidates the old candidate instead of matching by URL
2026-10-08T19:12:14.0965300Z   ---
2026-10-08T19:12:14.0965862Z   duration_ms: 0.352058
2026-10-08T19:12:14.0966452Z   type: 'test'
2026-10-08T19:12:14.0966992Z   ...
2026-10-08T19:12:14.0968071Z # Subtest: Current Page follows activation events but never falls back to a previous valid page
2026-10-08T19:12:14.0969608Z ok 54 - Current Page follows activation events but never falls back to a previous valid page
2026-10-08T19:12:14.0970962Z   ---
2026-10-08T19:12:14.0975635Z   duration_ms: 2.87579
2026-10-08T19:12:14.0976260Z   type: 'test'
2026-10-08T19:12:14.0976801Z   ...
2026-10-08T19:12:14.0977813Z # Subtest: two Sidebar instances bind independently to their containing browser windows
2026-10-08T19:12:14.0979632Z ok 55 - two Sidebar instances bind independently to their containing browser windows
2026-10-08T19:12:14.0980909Z   ---
2026-10-08T19:12:14.0981477Z   duration_ms: 0.729314
2026-10-08T19:12:14.0982093Z   type: 'test'
2026-10-08T19:12:14.0982658Z   ...
2026-10-08T19:12:14.0983469Z # Subtest: dispose releases all browser event subscriptions
2026-10-08T19:12:14.0984490Z ok 56 - dispose releases all browser event subscriptions
2026-10-08T19:12:14.0985252Z   ---
2026-10-08T19:12:14.0985785Z   duration_ms: 0.70002
2026-10-08T19:12:14.0986380Z   type: 'test'
2026-10-08T19:12:14.0986910Z   ...
2026-10-08T19:12:14.0987853Z # Subtest: a late revalidation cannot overwrite a newer Current Page observation
2026-10-08T19:12:14.1041370Z ok 57 - a late revalidation cannot overwrite a newer Current Page observation
2026-10-08T19:12:14.1060872Z   ---
2026-10-08T19:12:14.1071103Z   duration_ms: 2.252785
2026-10-08T19:12:14.1090956Z   type: 'test'
2026-10-08T19:12:14.1111068Z   ...
2026-10-08T19:12:14.1141594Z # Subtest: a disposed Sidebar cannot capture or finish an in-flight candidate validation
2026-10-08T19:12:14.1171454Z ok 58 - a disposed Sidebar cannot capture or finish an in-flight candidate validation
2026-10-08T19:12:14.1179835Z   ---
2026-10-08T19:12:14.1180743Z   duration_ms: 0.85476
2026-10-08T19:12:14.1181408Z   type: 'test'
2026-10-08T19:12:14.1181958Z   ...
2026-10-08T19:12:14.1183320Z # Subtest: inspection only parses and lists download permissions; explicit actions and post-download hash review are separate
2026-10-08T19:12:14.1185341Z ok 59 - inspection only parses and lists download permissions; explicit actions and post-download hash review are separate
2026-10-08T19:12:14.1186545Z   ---
2026-10-08T19:12:14.1187108Z   duration_ms: 45.69665
2026-10-08T19:12:14.1187724Z   type: 'test'
2026-10-08T19:12:14.1188276Z   ...
2026-10-08T19:12:14.1189537Z # Subtest: packaged jQuery and a second ordinary library use ordered generic assets; source provenance is explicit
2026-10-08T19:12:14.1191701Z ok 60 - packaged jQuery and a second ordinary library use ordered generic assets; source provenance is explicit
2026-10-08T19:12:14.1192810Z   ---
2026-10-08T19:12:14.1193358Z   duration_ms: 11.344574
2026-10-08T19:12:14.1193987Z   type: 'test'
2026-10-08T19:12:14.1194953Z   ...
2026-10-08T19:12:14.1196301Z # Subtest: approved locks run offline after a new manager instance and draft edits; source/mode changes require a new lock
2026-10-08T19:12:14.1198188Z ok 61 - approved locks run offline after a new manager instance and draft edits; source/mode changes require a new lock
2026-10-08T19:12:14.1199318Z   ---
2026-10-08T19:12:14.1199886Z   duration_ms: 5.584387
2026-10-08T19:12:14.1200749Z   type: 'test'
2026-10-08T19:12:14.1201350Z   ...
2026-10-08T19:12:14.1202596Z # Subtest: duplicate declarations preserve execution order, shared bytes do not share another namespace approval
2026-10-08T19:12:14.1204382Z ok 62 - duplicate declarations preserve execution order, shared bytes do not share another namespace approval
2026-10-08T19:12:14.1205494Z   ---
2026-10-08T19:12:14.1206046Z   duration_ms: 7.577065
2026-10-08T19:12:14.1206662Z   type: 'test'
2026-10-08T19:12:14.1207211Z   ...
2026-10-08T19:12:14.1208436Z # Subtest: a local file adapter preserves declared URL and original file bytes without claiming a network download
2026-10-08T19:12:14.1210208Z ok 63 - a local file adapter preserves declared URL and original file bytes without claiming a network download
2026-10-08T19:12:14.1211614Z   ---
2026-10-08T19:12:14.1212188Z   duration_ms: 7.177543
2026-10-08T19:12:14.1212803Z   type: 'test'
2026-10-08T19:12:14.1213363Z   ...
2026-10-08T19:12:14.1214615Z # Subtest: same URL updates produce new immutable locks; selecting approved old bytes stays offline and deterministic
2026-10-08T19:12:14.1216436Z ok 64 - same URL updates produce new immutable locks; selecting approved old bytes stays offline and deterministic
2026-10-08T19:12:14.1217899Z   ---
2026-10-08T19:12:14.1218447Z   duration_ms: 20.836119
2026-10-08T19:12:14.1219067Z   type: 'test'
2026-10-08T19:12:14.1219635Z   ...
2026-10-08T19:12:14.1221025Z # Subtest: SRI validates original bytes with SHA-256/384/512 and does not silently approve a mismatch
2026-10-08T19:12:14.1222667Z ok 65 - SRI validates original bytes with SHA-256/384/512 and does not silently approve a mismatch
2026-10-08T19:12:14.1239425Z   ---
2026-10-08T19:12:14.1247046Z   duration_ms: 16.796272
2026-10-08T19:12:14.1247750Z   type: 'test'
2026-10-08T19:12:14.1248354Z   ...
2026-10-08T19:12:14.1249591Z # Subtest: downloader rejects redirects, HTML/JSON, malformed UTF-8, private IPs and excess streaming bytes
2026-10-08T19:12:14.1251617Z ok 66 - downloader rejects redirects, HTML/JSON, malformed UTF-8, private IPs and excess streaming bytes
2026-10-08T19:12:14.1252747Z   ---
2026-10-08T19:12:14.1253417Z   duration_ms: 8.511204
2026-10-08T19:12:14.1254068Z   type: 'test'
2026-10-08T19:12:14.1254635Z   ...
2026-10-08T19:12:14.1255902Z # Subtest: permission revocation and stale host during network/hash work never commit an approvable review or lock
2026-10-08T19:12:14.1257702Z ok 67 - permission revocation and stale host during network/hash work never commit an approvable review or lock
2026-10-08T19:12:14.1258872Z   ---
2026-10-08T19:12:14.1259643Z   duration_ms: 6.440675
2026-10-08T19:12:14.1260183Z   type: 'test'
2026-10-08T19:12:14.1263524Z   ...
2026-10-08T19:12:14.1264637Z # Subtest: asset, review provenance and lock tampering fail closed; quota failure atomically rolls back prepared assets
2026-10-08T19:12:14.1266346Z ok 68 - asset, review provenance and lock tampering fail closed; quota failure atomically rolls back prepared assets
2026-10-08T19:12:14.1267312Z   ---
2026-10-08T19:12:14.1267689Z   duration_ms: 13.922557
2026-10-08T19:12:14.1268121Z   type: 'test'
2026-10-08T19:12:14.1268495Z   ...
2026-10-08T19:12:14.1269573Z # Subtest: ordinary JS and metadata-looking strings remain source; real BOM/blank-prefixed CRLF header is preserved
2026-10-08T19:12:14.1291601Z ok 69 - ordinary JS and metadata-looking strings remain source; real BOM/blank-prefixed CRLF header is preserved
2026-10-08T19:12:14.1292467Z   ---
2026-10-08T19:12:14.1292803Z   duration_ms: 3.29279
2026-10-08T19:12:14.1293170Z   type: 'test'
2026-10-08T19:12:14.1293487Z   ...
2026-10-08T19:12:14.1294753Z # Subtest: leading copyright comments do not hide real dependencies or privileges; malformed markers fail closed
2026-10-08T19:12:14.1296215Z ok 70 - leading copyright comments do not hide real dependencies or privileges; malformed markers fail closed
2026-10-08T19:12:14.1297024Z   ---
2026-10-08T19:12:14.1297353Z   duration_ms: 2.156023
2026-10-08T19:12:14.1297726Z   type: 'test'
2026-10-08T19:12:14.1298042Z   ...
2026-10-08T19:12:14.1298906Z # Subtest: standard unpinned @require is importable and reviewable, including duplicate execution order
2026-10-08T19:12:14.1300240Z ok 71 - standard unpinned @require is importable and reviewable, including duplicate execution order
2026-10-08T19:12:14.1301202Z   ---
2026-10-08T19:12:14.1301537Z   duration_ms: 0.626502
2026-10-08T19:12:14.1301924Z   type: 'test'
2026-10-08T19:12:14.1302260Z   ...
2026-10-08T19:12:14.1303349Z # Subtest: TM hex/Base64, SRI tokens, percent-encoded fragments and multiple strong hashes canonicalize without losing plus signs
2026-10-08T19:12:14.1305025Z ok 72 - TM hex/Base64, SRI tokens, percent-encoded fragments and multiple strong hashes canonicalize without losing plus signs
2026-10-08T19:12:14.1305933Z   ---
2026-10-08T19:12:14.1306245Z   duration_ms: 2.274716
2026-10-08T19:12:14.1306609Z   type: 'test'
2026-10-08T19:12:14.1306932Z   ...
2026-10-08T19:12:14.1307730Z # Subtest: malformed or conflicting integrity is preserved for diagnosis and cannot be admitted
2026-10-08T19:12:14.1308943Z ok 73 - malformed or conflicting integrity is preserved for diagnosis and cannot be admitted
2026-10-08T19:12:14.1309666Z   ---
2026-10-08T19:12:14.1309985Z   duration_ms: 1.531024
2026-10-08T19:12:14.1310826Z   type: 'test'
2026-10-08T19:12:14.1311151Z   ...
2026-10-08T19:12:14.1312034Z # Subtest: weak integrity does not masquerade as verified SRI; mixed declarations keep strong requirements
2026-10-08T19:12:14.1313365Z ok 74 - weak integrity does not masquerade as verified SRI; mixed declarations keep strong requirements
2026-10-08T19:12:14.1314151Z   ---
2026-10-08T19:12:14.1314463Z   duration_ms: 0.722061
2026-10-08T19:12:14.1314824Z   type: 'test'
2026-10-08T19:12:14.1315137Z   ...
2026-10-08T19:12:14.1315964Z # Subtest: relative dependencies use actual importer provenance, never a page URL or @downloadURL
2026-10-08T19:12:14.1317211Z ok 75 - relative dependencies use actual importer provenance, never a page URL or @downloadURL
2026-10-08T19:12:14.1317945Z   ---
2026-10-08T19:12:14.1318264Z   duration_ms: 1.537676
2026-10-08T19:12:14.1318627Z   type: 'test'
2026-10-08T19:12:14.1318939Z   ...
2026-10-08T19:12:14.1319795Z # Subtest: unsupported grants/resources/directives do not prevent import or hide later dependencies
2026-10-08T19:12:14.1321297Z ok 76 - unsupported grants/resources/directives do not prevent import or hide later dependencies
2026-10-08T19:12:14.1322057Z   ---
2026-10-08T19:12:14.1322381Z   duration_ms: 0.678208
2026-10-08T19:12:14.1322744Z   type: 'test'
2026-10-08T19:12:14.1323060Z   ...
2026-10-08T19:12:14.1323844Z # Subtest: entry modes remain explicit and native match/frame/timing mappings are inspectable
2026-10-08T19:12:14.1325019Z ok 77 - entry modes remain explicit and native match/frame/timing mappings are inspectable
2026-10-08T19:12:14.1325746Z   ---
2026-10-08T19:12:14.1326095Z   duration_ms: 1.831717
2026-10-08T19:12:14.1326487Z   type: 'test'
2026-10-08T19:12:14.1326821Z   ...
2026-10-08T19:12:14.1327849Z # Subtest: large valid headers no longer fail at 64 lines or 8 dependencies; real bounds fail closed with import diagnostics
2026-10-08T19:12:14.1329424Z ok 78 - large valid headers no longer fail at 64 lines or 8 dependencies; real bounds fail closed with import diagnostics
2026-10-08T19:12:14.1330556Z   ---
2026-10-08T19:12:14.1330914Z   duration_ms: 5.381928
2026-10-08T19:12:14.1331303Z   type: 'test'
2026-10-08T19:12:14.1331629Z   ...
2026-10-08T19:12:14.1332451Z # Subtest: daily development profile is deterministic per worktree, not fresh every invocation
2026-10-08T19:12:14.1333957Z ok 79 - daily development profile is deterministic per worktree, not fresh every invocation
2026-10-08T19:12:14.1334718Z   ---
2026-10-08T19:12:14.1335042Z   duration_ms: 1.597589
2026-10-08T19:12:14.1335424Z   type: 'test'
2026-10-08T19:12:14.1335750Z   ...
2026-10-08T19:12:14.1336444Z # Subtest: profile path rejects relative, unsafe or ambiguous names
2026-10-08T19:12:14.1337290Z ok 80 - profile path rejects relative, unsafe or ambiguous names
2026-10-08T19:12:14.1337858Z   ---
2026-10-08T19:12:14.1338171Z   duration_ms: 0.583091
2026-10-08T19:12:14.1338532Z   type: 'test'
2026-10-08T19:12:14.1338875Z   ...
2026-10-08T19:12:14.1339773Z # Subtest: interactive CFT flags preserve a single stable profile and extension location without bypasses
2026-10-08T19:12:14.1341374Z ok 81 - interactive CFT flags preserve a single stable profile and extension location without bypasses
2026-10-08T19:12:14.1342146Z   ---
2026-10-08T19:12:14.1342453Z   duration_ms: 1.040837
2026-10-08T19:12:14.1342809Z   type: 'test'
2026-10-08T19:12:14.1343135Z   ...
2026-10-08T19:12:14.1343737Z # Subtest: the formal native launcher remains isolated and unmodified
2026-10-08T19:12:14.1344613Z ok 82 - the formal native launcher remains isolated and unmodified
2026-10-08T19:12:14.1345181Z   ---
2026-10-08T19:12:14.1345509Z   duration_ms: 7.142903
2026-10-08T19:12:14.1345875Z   type: 'test'
2026-10-08T19:12:14.1346195Z   ...
2026-10-08T19:12:14.1346890Z # Subtest: startup permission check cannot reconnect after permission-removed
2026-10-08T19:12:14.1347938Z ok 83 - startup permission check cannot reconnect after permission-removed
2026-10-08T19:12:14.1348582Z   ---
2026-10-08T19:12:14.1348921Z   duration_ms: 9.547271
2026-10-08T19:12:14.1349525Z   type: 'test'
2026-10-08T19:12:14.1349856Z   ...
2026-10-08T19:12:14.1350682Z # Subtest: startup permission check cannot reconnect after dispose
2026-10-08T19:12:14.1351578Z ok 84 - startup permission check cannot reconnect after dispose
2026-10-08T19:12:14.1352150Z   ---
2026-10-08T19:12:14.1352479Z   duration_ms: 2.476763
2026-10-08T19:12:14.1352869Z   type: 'test'
2026-10-08T19:12:14.1353196Z   ...
2026-10-08T19:12:14.1353758Z # Subtest: reserved mutation never dispatches across disable
2026-10-08T19:12:14.1354544Z ok 85 - reserved mutation never dispatches across disable
2026-10-08T19:12:14.1355073Z   ---
2026-10-08T19:12:14.1355400Z   duration_ms: 10.284341
2026-10-08T19:12:14.1355778Z   type: 'test'
2026-10-08T19:12:14.1356108Z   ...
2026-10-08T19:12:14.1356752Z # Subtest: reserved mutation never dispatches across permission-removed
2026-10-08T19:12:14.1357695Z ok 86 - reserved mutation never dispatches across permission-removed
2026-10-08T19:12:14.1358302Z   ---
2026-10-08T19:12:14.1358641Z   duration_ms: 5.820308
2026-10-08T19:12:14.1359012Z   type: 'test'
2026-10-08T19:12:14.1359343Z   ...
2026-10-08T19:12:14.1360004Z # Subtest: reserved mutation never dispatches across disconnect-reconnect
2026-10-08T19:12:14.1361142Z ok 87 - reserved mutation never dispatches across disconnect-reconnect
2026-10-08T19:12:14.1361770Z   ---
2026-10-08T19:12:14.1362085Z   duration_ms: 6.694795
2026-10-08T19:12:14.1362457Z   type: 'test'
2026-10-08T19:12:14.1362800Z   ...
2026-10-08T19:12:14.1363423Z # Subtest: reserved mutation never dispatches across disable-enable
2026-10-08T19:12:14.1364363Z ok 88 - reserved mutation never dispatches across disable-enable
2026-10-08T19:12:14.1364981Z   ---
2026-10-08T19:12:14.1365315Z   duration_ms: 6.278226
2026-10-08T19:12:14.1365681Z   type: 'test'
2026-10-08T19:12:14.1366002Z   ...
2026-10-08T19:12:14.1366570Z # Subtest: reserved mutation never dispatches across dispose
2026-10-08T19:12:14.1367354Z ok 89 - reserved mutation never dispatches across dispose
2026-10-08T19:12:14.1367901Z   ---
2026-10-08T19:12:14.1368232Z   duration_ms: 6.212993
2026-10-08T19:12:14.1368610Z   type: 'test'
2026-10-08T19:12:14.1368930Z   ...
2026-10-08T19:12:14.1369531Z # Subtest: Native permission is rechecked immediately before dispatch
2026-10-08T19:12:14.1370958Z ok 90 - Native permission is rechecked immediately before dispatch
2026-10-08T19:12:14.1371628Z   ---
2026-10-08T19:12:14.1371949Z   duration_ms: 5.266823
2026-10-08T19:12:14.1372322Z   type: 'test'
2026-10-08T19:12:14.1372636Z   ...
2026-10-08T19:12:14.1373427Z # Subtest: a late disconnect from an old Native port cannot cancel a new connection request
2026-10-08T19:12:14.1374595Z ok 91 - a late disconnect from an old Native port cannot cancel a new connection request
2026-10-08T19:12:14.1375329Z   ---
2026-10-08T19:12:14.1375674Z   duration_ms: 11.500525
2026-10-08T19:12:14.1376046Z   type: 'test'
2026-10-08T19:12:14.1376379Z   ...
2026-10-08T19:12:14.1377018Z # Subtest: a pending enable permission check cannot overwrite disable
2026-10-08T19:12:14.1377951Z ok 92 - a pending enable permission check cannot overwrite disable
2026-10-08T19:12:14.1378520Z   ---
2026-10-08T19:12:14.1378860Z   duration_ms: 3.092354
2026-10-08T19:12:14.1379247Z   type: 'test'
2026-10-08T19:12:14.1379578Z   ...
2026-10-08T19:12:14.1380595Z # Subtest: a pending enable permission check cannot overwrite permission-removed
2026-10-08T19:12:14.1381692Z ok 93 - a pending enable permission check cannot overwrite permission-removed
2026-10-08T19:12:14.1382356Z   ---
2026-10-08T19:12:14.1382689Z   duration_ms: 1.157866
2026-10-08T19:12:14.1383080Z   type: 'test'
2026-10-08T19:12:14.1383400Z   ...
2026-10-08T19:12:14.1384085Z # Subtest: a pending enable storage write cannot persist over a newer disable
2026-10-08T19:12:14.1385090Z ok 94 - a pending enable storage write cannot persist over a newer disable
2026-10-08T19:12:14.1385708Z   ---
2026-10-08T19:12:14.1386028Z   duration_ms: 2.567133
2026-10-08T19:12:14.1386399Z   type: 'test'
2026-10-08T19:12:14.1386731Z   ...
2026-10-08T19:12:14.1387794Z # Subtest: an old Host ACK cannot match a new connection read with the same external requestId
2026-10-08T19:12:14.1388989Z ok 95 - an old Host ACK cannot match a new connection read with the same external requestId
2026-10-08T19:12:14.1389700Z   ---
2026-10-08T19:12:14.1390027Z   duration_ms: 16.589105
2026-10-08T19:12:14.1390674Z   type: 'test'
2026-10-08T19:12:14.1391024Z   ...
2026-10-08T19:12:14.1391737Z # Subtest: enabled Native handshake sends version and correct extension identity
2026-10-08T19:12:14.1392728Z ok 96 - enabled Native handshake sends version and correct extension identity
2026-10-08T19:12:14.1393331Z   ---
2026-10-08T19:12:14.1393628Z   duration_ms: 2.082817
2026-10-08T19:12:14.1393965Z   type: 'test'
2026-10-08T19:12:14.1394264Z   ...
2026-10-08T19:12:14.1395022Z # Subtest: default-off requires a packaged Settings sender and real granted Native permission
2026-10-08T19:12:14.1396163Z ok 97 - default-off requires a packaged Settings sender and real granted Native permission
2026-10-08T19:12:14.1396858Z   ---
2026-10-08T19:12:14.1397169Z   duration_ms: 0.576629
2026-10-08T19:12:14.1397526Z   type: 'test'
2026-10-08T19:12:14.1397826Z   ...
2026-10-08T19:12:14.1398595Z # Subtest: request hash journal deduplicates after real Host admission; conflicting bytes fail
2026-10-08T19:12:14.1399742Z ok 98 - request hash journal deduplicates after real Host admission; conflicting bytes fail
2026-10-08T19:12:14.1400667Z   ---
2026-10-08T19:12:14.1401008Z   duration_ms: 10.565376
2026-10-08T19:12:14.1401405Z   type: 'test'
2026-10-08T19:12:14.1401743Z   ...
2026-10-08T19:12:14.1402495Z # Subtest: dispatched but unanswered calls are never retried, even if same id reappears
2026-10-08T19:12:14.1403632Z ok 99 - dispatched but unanswered calls are never retried, even if same id reappears
2026-10-08T19:12:14.1404311Z   ---
2026-10-08T19:12:14.1404744Z   duration_ms: 11.015558
2026-10-08T19:12:14.1405119Z   type: 'test'
2026-10-08T19:12:14.1405446Z   ...
2026-10-08T19:12:14.1406131Z # Subtest: no live registered Host means no run reservation or Worker execution
2026-10-08T19:12:14.1407162Z ok 100 - no live registered Host means no run reservation or Worker execution
2026-10-08T19:12:14.1407812Z   ---
2026-10-08T19:12:14.1408130Z   duration_ms: 1.115137
2026-10-08T19:12:14.1408499Z   type: 'test'
2026-10-08T19:12:14.1409046Z   ...
2026-10-08T19:12:14.1409766Z # Subtest: run.get and run.stop cannot inspect arbitrary Sidebar-owned Run records
2026-10-08T19:12:14.1411069Z ok 101 - run.get and run.stop cannot inspect arbitrary Sidebar-owned Run records
2026-10-08T19:12:14.1411712Z   ---
2026-10-08T19:12:14.1412040Z   duration_ms: 0.980043
2026-10-08T19:12:14.1412419Z   type: 'test'
2026-10-08T19:12:14.1412750Z   ...
2026-10-08T19:12:14.1413578Z # Subtest: ACK journal write failure after Host action remains OUTCOME_UNKNOWN and never replays
2026-10-08T19:12:14.1414815Z ok 102 - ACK journal write failure after Host action remains OUTCOME_UNKNOWN and never replays
2026-10-08T19:12:14.1415545Z   ---
2026-10-08T19:12:14.1415876Z   duration_ms: 15.379302
2026-10-08T19:12:14.1416259Z   type: 'test'
2026-10-08T19:12:14.1416577Z   ...
2026-10-08T19:12:14.1417352Z # Subtest: run.get and run.stop remain pinned to the original authenticated Host registration
2026-10-08T19:12:14.1418549Z ok 103 - run.get and run.stop remain pinned to the original authenticated Host registration
2026-10-08T19:12:14.1419272Z   ---
2026-10-08T19:12:14.1419600Z   duration_ms: 22.888657
2026-10-08T19:12:14.1419988Z   type: 'test'
2026-10-08T19:12:14.1420497Z   ...
2026-10-08T19:12:14.1421153Z # Subtest: real macOS Chrome: bare renderer/CDP control without extensions
2026-10-08T19:12:14.1422168Z ok 104 - real macOS Chrome: bare renderer/CDP control without extensions # SKIP
2026-10-08T19:12:14.1422830Z   ---
2026-10-08T19:12:14.1423152Z   duration_ms: 0.825535
2026-10-08T19:12:14.1423520Z   type: 'test'
2026-10-08T19:12:14.1423855Z   ...
2026-10-08T19:12:14.1424682Z # Subtest: real macOS Chrome: packaged extension, trusted Options click and Native CLI handshake
2026-10-08T19:12:14.1426251Z ok 105 - real macOS Chrome: packaged extension, trusted Options click and Native CLI handshake # SKIP
2026-10-08T19:12:14.1427047Z   ---
2026-10-08T19:12:14.1427368Z   duration_ms: 0.248214
2026-10-08T19:12:14.1427751Z   type: 'test'
2026-10-08T19:12:14.1428113Z   ...
2026-10-08T19:12:14.1428844Z # Subtest: current target is live Sidebar snapshot, not active tab chosen by CLI
2026-10-08T19:12:14.1429857Z ok 106 - current target is live Sidebar snapshot, not active tab chosen by CLI
2026-10-08T19:12:14.1430707Z   ---
2026-10-08T19:12:14.1431017Z   duration_ms: 2.45904
2026-10-08T19:12:14.1431364Z   type: 'test'
2026-10-08T19:12:14.1431684Z   ...
2026-10-08T19:12:14.1432468Z # Subtest: external draft uses exact RunHost with frozen borrowed target and controller requestId
2026-10-08T19:12:14.1433728Z ok 107 - external draft uses exact RunHost with frozen borrowed target and controller requestId
2026-10-08T19:12:14.1434471Z   ---
2026-10-08T19:12:14.1434797Z   duration_ms: 0.828761
2026-10-08T19:12:14.1435146Z   type: 'test'
2026-10-08T19:12:14.1435445Z   ...
2026-10-08T19:12:14.1436238Z # Subtest: Host ACK correlation preserves the external Controller admission requestId
2026-10-08T19:12:14.1437316Z ok 108 - Host ACK correlation preserves the external Controller admission requestId
2026-10-08T19:12:14.1438002Z   ---
2026-10-08T19:12:14.1438335Z   duration_ms: 0.612126
2026-10-08T19:12:14.1438700Z   type: 'test'
2026-10-08T19:12:14.1439000Z   ...
2026-10-08T19:12:14.1439683Z # Subtest: permissions and document id fail before admission (no Chrome prompt)
2026-10-08T19:12:14.1440921Z ok 109 - permissions and document id fail before admission (no Chrome prompt)
2026-10-08T19:12:14.1441517Z   ---
2026-10-08T19:12:14.1441808Z   duration_ms: 2.310302
2026-10-08T19:12:14.1442155Z   type: 'test'
2026-10-08T19:12:14.1442450Z   ...
2026-10-08T19:12:14.1442981Z # Subtest: saved requires pinned exact revision and source hash
2026-10-08T19:12:14.1443775Z ok 110 - saved requires pinned exact revision and source hash
2026-10-08T19:12:14.1444323Z   ---
2026-10-08T19:12:14.1444633Z   duration_ms: 0.830093
2026-10-08T19:12:14.1444993Z   type: 'test'
2026-10-08T19:12:14.1445298Z   ...
2026-10-08T19:12:14.1446076Z # Subtest: run.get removes unrelated Sidebar run history from Controller snapshot projection
2026-10-08T19:12:14.1447433Z ok 111 - run.get removes unrelated Sidebar run history from Controller snapshot projection
2026-10-08T19:12:14.1448175Z   ---
2026-10-08T19:12:14.1448503Z   duration_ms: 0.407873
2026-10-08T19:12:14.1448875Z   type: 'test'
2026-10-08T19:12:14.1449210Z   ...
2026-10-08T19:12:14.1450080Z # Subtest: macOS isolated Native Host install, private socket, real wrapper and authenticated CLI IPC
2026-10-08T19:12:14.1451713Z ok 112 - macOS isolated Native Host install, private socket, real wrapper and authenticated CLI IPC # SKIP
2026-10-08T19:12:14.1452541Z   ---
2026-10-08T19:12:14.1452865Z   duration_ms: 1.679682
2026-10-08T19:12:14.1453232Z   type: 'test'
2026-10-08T19:12:14.1453565Z   ...
2026-10-08T19:12:14.1454428Z # Subtest: macOS Chrome for Testing uses its own manifest and cannot replace Google Chrome registration
2026-10-08T19:12:14.1455811Z ok 113 - macOS Chrome for Testing uses its own manifest and cannot replace Google Chrome registration # SKIP
2026-10-08T19:12:14.1456637Z   ---
2026-10-08T19:12:14.1456982Z   duration_ms: 0.196768
2026-10-08T19:12:14.1457361Z   type: 'test'
2026-10-08T19:12:14.1457682Z   ...
2026-10-08T19:12:14.1458614Z # Subtest: macOS Chrome for Testing manifest is isolated from regular Chrome and launches the real native host
2026-10-08T19:12:14.1460155Z ok 114 - macOS Chrome for Testing manifest is isolated from regular Chrome and launches the real native host # SKIP
2026-10-08T19:12:14.1461234Z   ---
2026-10-08T19:12:14.1461563Z   duration_ms: 0.125394
2026-10-08T19:12:14.1461927Z   type: 'test'
2026-10-08T19:12:14.1462243Z   ...
2026-10-08T19:12:14.1462857Z # Subtest: identity is pinned; invalid origin cannot launch a server
2026-10-08T19:12:14.1464021Z ok 115 - identity is pinned; invalid origin cannot launch a server
2026-10-08T19:12:14.1464593Z   ---
2026-10-08T19:12:14.1464922Z   duration_ms: 1.846133
2026-10-08T19:12:14.1465308Z   type: 'test'
2026-10-08T19:12:14.1465627Z   ...
2026-10-08T19:12:14.1466383Z # Subtest: framed Chrome welcome, authenticated local IPC, request and exact response
2026-10-08T19:12:14.1467502Z ok 116 - framed Chrome welcome, authenticated local IPC, request and exact response
2026-10-08T19:12:14.1468199Z   ---
2026-10-08T19:12:14.1468553Z   duration_ms: 13.004869
2026-10-08T19:12:14.1468965Z   type: 'test'
2026-10-08T19:12:14.1469312Z   ...
2026-10-08T19:12:14.1470002Z # Subtest: duplicate inflight request ID is rejected, not dispatched again
2026-10-08T19:12:14.1471308Z ok 117 - duplicate inflight request ID is rejected, not dispatched again
2026-10-08T19:12:14.1471966Z   ---
2026-10-08T19:12:14.1472303Z   duration_ms: 3.812302
2026-10-08T19:12:14.1472680Z   type: 'test'
2026-10-08T19:12:14.1473019Z   ...
2026-10-08T19:12:14.1473739Z # Subtest: unacknowledged dispatched effects become unknown on native shutdown
2026-10-08T19:12:14.1474808Z ok 118 - unacknowledged dispatched effects become unknown on native shutdown
2026-10-08T19:12:14.1475473Z   ---
2026-10-08T19:12:14.1475799Z   duration_ms: 3.570419
2026-10-08T19:12:14.1476193Z   type: 'test'
2026-10-08T19:12:14.1476524Z   ...
2026-10-08T19:12:14.1477122Z # Subtest: wrong credential is rejected without local API access
2026-10-08T19:12:14.1477993Z ok 119 - wrong credential is rejected without local API access
2026-10-08T19:12:14.1478593Z   ---
2026-10-08T19:12:14.1478927Z   duration_ms: 3.877204
2026-10-08T19:12:14.1479311Z   type: 'test'
2026-10-08T19:12:14.1479649Z   ...
2026-10-08T19:12:14.1480622Z # Subtest: handshake timeout closes the private socket without stale reuse
2026-10-08T19:12:14.1481636Z ok 120 - handshake timeout closes the private socket without stale reuse
2026-10-08T19:12:14.1482251Z   ---
2026-10-08T19:12:14.1482603Z   duration_ms: 102.57056
2026-10-08T19:12:14.1483008Z   type: 'test'
2026-10-08T19:12:14.1483333Z   ...
2026-10-08T19:12:14.1483957Z # Subtest: native response timeout preserves unknown-effect outcome
2026-10-08T19:12:14.1484857Z ok 121 - native response timeout preserves unknown-effect outcome
2026-10-08T19:12:14.1485438Z   ---
2026-10-08T19:12:14.1485984Z   duration_ms: 43.24309
2026-10-08T19:12:14.1486650Z   type: 'test'
2026-10-08T19:12:14.1486983Z   ...
2026-10-08T19:12:14.1487639Z # Subtest: existing socket is never unlinked or replaced by a second host
2026-10-08T19:12:14.1488592Z ok 122 - existing socket is never unlinked or replaced by a second host
2026-10-08T19:12:14.1489191Z   ---
2026-10-08T19:12:14.1489507Z   duration_ms: 1.419105
2026-10-08T19:12:14.1489879Z   type: 'test'
2026-10-08T19:12:14.1490198Z   ...
2026-10-08T19:12:14.1491156Z # Subtest: Native remains optional after merging the current permission catalog
2026-10-08T19:12:14.1492251Z ok 123 - Native remains optional after merging the current permission catalog
2026-10-08T19:12:14.1492932Z   ---
2026-10-08T19:12:14.1493339Z   duration_ms: 5.825051
2026-10-08T19:12:14.1493783Z   type: 'test'
2026-10-08T19:12:14.1494133Z   ...
2026-10-08T19:12:14.1494944Z # Subtest: strict production SW budget and fixed packaged Native transport entry
2026-10-08T19:12:14.1496148Z ok 124 - strict production SW budget and fixed packaged Native transport entry
2026-10-08T19:12:14.1496865Z   ---
2026-10-08T19:12:14.1497221Z   duration_ms: 0.313387
2026-10-08T19:12:14.1497650Z   type: 'test'
2026-10-08T19:12:14.1498017Z   ...
2026-10-08T19:12:14.1498714Z # Subtest: single exact same-extension static import allowed in SW only
2026-10-08T19:12:14.1499744Z ok 125 - single exact same-extension static import allowed in SW only
2026-10-08T19:12:14.1500638Z   ---
2026-10-08T19:12:14.1501005Z   duration_ms: 7.185233
2026-10-08T19:12:14.1501406Z   type: 'test'
2026-10-08T19:12:14.1501756Z   ...
2026-10-08T19:12:14.1502703Z # Subtest: fixed transport registers listeners on the original SW APIs; default-off does not connect
2026-10-08T19:12:14.1504413Z ok 126 - fixed transport registers listeners on the original SW APIs; default-off does not connect
2026-10-08T19:12:14.1505267Z   ---
2026-10-08T19:12:14.1505629Z   duration_ms: 0.730356
2026-10-08T19:12:14.1506041Z   type: 'test'
2026-10-08T19:12:14.1506388Z   ...
2026-10-08T19:12:14.1507201Z # Subtest: native framing uses UTF-8 byte length and handles split multibyte boundaries
2026-10-08T19:12:14.1508341Z ok 127 - native framing uses UTF-8 byte length and handles split multibyte boundaries
2026-10-08T19:12:14.1509048Z   ---
2026-10-08T19:12:14.1510712Z   duration_ms: 1.598861
2026-10-08T19:12:14.1511194Z   type: 'test'
2026-10-08T19:12:14.1511517Z   ...
2026-10-08T19:12:14.1512211Z # Subtest: private CLI line framing has bounded buffer and independent messages
2026-10-08T19:12:14.1513239Z ok 128 - private CLI line framing has bounded buffer and independent messages
2026-10-08T19:12:14.1513890Z   ---
2026-10-08T19:12:14.1514202Z   duration_ms: 2.106781
2026-10-08T19:12:14.1514603Z   type: 'test'
2026-10-08T19:12:14.1514909Z   ...
2026-10-08T19:12:14.1515602Z # Subtest: reject unsupported transport operations and malformed browser requests
2026-10-08T19:12:14.1516656Z ok 129 - reject unsupported transport operations and malformed browser requests
2026-10-08T19:12:14.1517307Z   ---
2026-10-08T19:12:14.1517623Z   duration_ms: 0.40094
2026-10-08T19:12:14.1517975Z   type: 'test'
2026-10-08T19:12:14.1518296Z   ...
2026-10-08T19:12:14.1519037Z # Subtest: stable digest pins equivalent JSON key order and rejects prototype pollution
2026-10-08T19:12:14.1520196Z ok 130 - stable digest pins equivalent JSON key order and rejects prototype pollution
2026-10-08T19:12:14.1529924Z   ---
2026-10-08T19:12:14.1530253Z   duration_ms: 8.087701
2026-10-08T19:12:14.1530912Z   type: 'test'
2026-10-08T19:12:14.1531235Z   ...
2026-10-08T19:12:14.3462934Z # {"kind":"historical-package-mutation","expectedPattern":"Dynamic execution reference","actualError":"Dynamic execution reference in agents/health.js: eval"}
2026-10-08T19:12:15.1152770Z # {"kind":"historical-package-mutation","expectedPattern":"Dynamic execution reference","actualError":"Dynamic execution reference in agents/health.js: Function"}
2026-10-08T19:12:15.1254348Z # Subtest: final classic scanner rejects eval alias and function-constructor references
2026-10-08T19:12:15.1281645Z ok 131 - final classic scanner rejects eval alias and function-constructor references
2026-10-08T19:12:15.1301954Z   ---
2026-10-08T19:12:15.1321085Z   duration_ms: 1684.901197
2026-10-08T19:12:15.1341916Z   type: 'test'
2026-10-08T19:12:15.1348452Z   ...
2026-10-08T19:12:15.7024649Z # {"kind":"historical-package-mutation","expectedPattern":"ENOENT|Missing","actualError":"Missing required resource: ui/tool-shell.css"}
2026-10-08T19:12:15.7105579Z # Subtest: final package cannot omit a referenced local asset
2026-10-08T19:12:15.7121378Z ok 132 - final package cannot omit a referenced local asset
2026-10-08T19:12:15.7144069Z   ---
2026-10-08T19:12:15.7162104Z   duration_ms: 584.614893
2026-10-08T19:12:15.7192069Z   type: 'test'
2026-10-08T19:12:15.7203351Z   ...
2026-10-08T19:12:16.7887221Z # {"kind":"historical-package-mutation","expectedPattern":"Unsafe HTML","actualError":"Unsafe HTML resources in ui/tool.html"}
2026-10-08T19:12:17.3627324Z # {"kind":"historical-package-mutation","expectedPattern":"Unexpected JS","actualError":"Unexpected JS/chunks: agents/bootstrap.js,agents/health.js,agents/page-agent.js,agents/page-relay.js,agents/selection-entry.js,chunk.js,framework/sdk-main.js,native-agent/settings.js,native-agent/transport.js,scripting/packaged/page-session.js,scripting/sandbox/sandbox.js,scripting/sandbox/worker-runtime.js,sidebar-tools/bridge.js,sw.js,ui/tool-shell.js,vendor/jquery-3.7.1.min.js"}
2026-10-08T19:12:17.3692862Z # Subtest: remote script and unexpected lazy chunk fail final package verification
2026-10-08T19:12:17.3694014Z ok 133 - remote script and unexpected lazy chunk fail final package verification
2026-10-08T19:12:17.3694966Z   ---
2026-10-08T19:12:17.3695293Z   duration_ms: 1658.846432
2026-10-08T19:12:17.3695679Z   type: 'test'
2026-10-08T19:12:17.3695994Z   ...
2026-10-08T19:12:17.9682489Z # {"kind":"historical-package-mutation","expectedPattern":"Missing|required|ENOENT","actualError":"Missing required resource: ui/tool.html"}
2026-10-08T19:12:18.5106716Z # {"kind":"historical-package-mutation","expectedPattern":"worker|entry|Missing","actualError":"Unexpected or missing worker entry"}
2026-10-08T19:12:18.5179388Z # Subtest: final package requires tool HTML/CSS and manifest worker references
2026-10-08T19:12:18.5193342Z ok 134 - final package requires tool HTML/CSS and manifest worker references
2026-10-08T19:12:18.5201455Z   ---
2026-10-08T19:12:18.5202157Z   duration_ms: 1148.450394
2026-10-08T19:12:18.5202948Z   type: 'test'
2026-10-08T19:12:18.5203663Z   ...
2026-10-08T19:12:18.5451821Z # Subtest: pasting @require only inspects; trusted acquisition requests permission synchronously and full-hash approval unlocks unsaved edits
2026-10-08T19:12:18.5475217Z ok 135 - pasting @require only inspects; trusted acquisition requests permission synchronously and full-hash approval unlocks unsaved edits
2026-10-08T19:12:18.5501160Z   ---
2026-10-08T19:12:18.5531496Z   duration_ms: 42.005184
2026-10-08T19:12:18.5564934Z   type: 'test'
2026-10-08T19:12:18.5580952Z   ...
2026-10-08T19:12:18.5591971Z # Subtest: changing declarations clears an old lock and a late old review cannot replace the current source or become approvable
2026-10-08T19:12:18.5637700Z ok 136 - changing declarations clears an old lock and a late old review cannot replace the current source or become approvable
2026-10-08T19:12:18.5644758Z   ---
2026-10-08T19:12:18.5645317Z   duration_ms: 8.223554
2026-10-08T19:12:18.5645873Z   type: 'test'
2026-10-08T19:12:18.5646358Z   ...
2026-10-08T19:12:18.5647500Z # Subtest: approved cached bytes can be locked for explicitly selected classic mode without a CDN permission prompt
2026-10-08T19:12:18.5649204Z ok 137 - approved cached bytes can be locked for explicitly selected classic mode without a CDN permission prompt
2026-10-08T19:12:18.5650581Z   ---
2026-10-08T19:12:18.5651117Z   duration_ms: 8.813038
2026-10-08T19:12:18.5651704Z   type: 'test'
2026-10-08T19:12:18.5652203Z   ...
2026-10-08T19:12:18.5653871Z # Subtest: permission refusal stops acquisition and local files preserve their original bytes without a CDN request
2026-10-08T19:12:18.5655653Z ok 138 - permission refusal stops acquisition and local files preserve their original bytes without a CDN request
2026-10-08T19:12:18.5656708Z   ---
2026-10-08T19:12:18.5657202Z   duration_ms: 6.303753
2026-10-08T19:12:18.5657757Z   type: 'test'
2026-10-08T19:12:18.5658284Z   ...
2026-10-08T19:12:18.5659513Z # Subtest: add dependency edits only the true metadata block, leaves examples intact and refuses to hide an incomplete header
2026-10-08T19:12:18.5661691Z ok 139 - add dependency edits only the true metadata block, leaves examples intact and refuses to hide an incomplete header
2026-10-08T19:12:18.5662795Z   ---
2026-10-08T19:12:18.5663275Z   duration_ms: 4.624572
2026-10-08T19:12:18.5663816Z   type: 'test'
2026-10-08T19:12:18.5664292Z   ...
2026-10-08T19:12:18.5665504Z # Subtest: closing or changing source while permission/file reading is pending cancels acquisition and old approval handlers
2026-10-08T19:12:18.5667382Z ok 140 - closing or changing source while permission/file reading is pending cancels acquisition and old approval handlers
2026-10-08T19:12:18.5668468Z   ---
2026-10-08T19:12:18.5668960Z   duration_ms: 9.538331
2026-10-08T19:12:18.5669498Z   type: 'test'
2026-10-08T19:12:18.5669987Z   ...
2026-10-08T19:12:18.5671289Z # Subtest: review freezes dependency source selectors and lock status does not claim cache verification
2026-10-08T19:12:18.5672867Z ok 141 - review freezes dependency source selectors and lock status does not claim cache verification
2026-10-08T19:12:18.5673844Z   ---
2026-10-08T19:12:18.5674335Z   duration_ms: 4.072539
2026-10-08T19:12:18.5674905Z   type: 'test'
2026-10-08T19:12:18.5675692Z   ...
2026-10-08T19:12:18.5676841Z # Subtest: a late dependency inspection cannot replace the admission of current metadata with the old source policy
2026-10-08T19:12:18.5678541Z ok 142 - a late dependency inspection cannot replace the admission of current metadata with the old source policy
2026-10-08T19:12:18.5679571Z   ---
2026-10-08T19:12:18.5680055Z   duration_ms: 5.770405
2026-10-08T19:12:18.5680864Z   type: 'test'
2026-10-08T19:12:18.5681373Z   ...
2026-10-08T19:12:18.5682470Z # Subtest: repairing metadata during inspection uses current admission and retains a dependency-only lock
2026-10-08T19:12:18.5684096Z ok 143 - repairing metadata during inspection uses current admission and retains a dependency-only lock
2026-10-08T19:12:18.5685086Z   ---
2026-10-08T19:12:18.5685576Z   duration_ms: 3.659216
2026-10-08T19:12:18.5686130Z   type: 'test'
2026-10-08T19:12:18.5686655Z   ...
2026-10-08T19:12:18.5687651Z # Subtest: a newly unsupported policy cancels acquisition after the permission await even when dependencies are unchanged
2026-10-08T19:12:18.5689287Z ok 144 - a newly unsupported policy cancels acquisition after the permission await even when dependencies are unchanged
2026-10-08T19:12:18.5690252Z   ---
2026-10-08T19:12:18.5690840Z   duration_ms: 6.981561
2026-10-08T19:12:18.5691237Z   type: 'test'
2026-10-08T19:12:18.5691558Z   ...
2026-10-08T19:12:18.5692415Z # Subtest: approval revalidates current source even when an importer did not dispatch an input event
2026-10-08T19:12:18.5693745Z ok 145 - approval revalidates current source even when an importer did not dispatch an input event
2026-10-08T19:12:18.5694519Z   ---
2026-10-08T19:12:18.5694844Z   duration_ms: 6.139442
2026-10-08T19:12:18.5695213Z   type: 'test'
2026-10-08T19:12:18.5695529Z   ...
2026-10-08T19:12:18.5696454Z # Subtest: declared antifeatures remain visible as untrusted plain text through inspection and source edits
2026-10-08T19:12:18.5697859Z ok 146 - declared antifeatures remain visible as untrusted plain text through inspection and source edits
2026-10-08T19:12:18.5698674Z   ---
2026-10-08T19:12:18.5698995Z   duration_ms: 2.292499
2026-10-08T19:12:18.5699351Z   type: 'test'
2026-10-08T19:12:18.5699668Z   ...
2026-10-08T19:12:18.5706069Z # Subtest: explicit legacy adapter preserves R3 frozen USER_SCRIPT descriptors
2026-10-08T19:12:18.5707502Z ok 147 - explicit legacy adapter preserves R3 frozen USER_SCRIPT descriptors
2026-10-08T19:12:18.5708264Z   ---
2026-10-08T19:12:18.5708601Z   duration_ms: 12.656997
2026-10-08T19:12:18.5709032Z   type: 'test'
2026-10-08T19:12:18.5709375Z   ...
2026-10-08T19:12:18.5710067Z # Subtest: new pinned revision obtains different world and old revision unchanged
2026-10-08T19:12:18.5711395Z ok 148 - new pinned revision obtains different world and old revision unchanged
2026-10-08T19:12:18.5712036Z   ---
2026-10-08T19:12:18.5712354Z   duration_ms: 2.220805
2026-10-08T19:12:18.5712754Z   type: 'test'
2026-10-08T19:12:18.5713089Z   ...
2026-10-08T19:12:18.5713959Z # Subtest: fails closed without existing broker Available+install grant or with altered script hash
2026-10-08T19:12:18.5715355Z ok 149 - fails closed without existing broker Available+install grant or with altered script hash
2026-10-08T19:12:18.5716192Z   ---
2026-10-08T19:12:18.5716537Z   duration_ms: 3.132529
2026-10-08T19:12:18.5716934Z   type: 'test'
2026-10-08T19:12:18.5717274Z   ...
2026-10-08T19:12:18.5718048Z # Subtest: dependency version/sha/world lock enforced, library failure blocks injection
2026-10-08T19:12:18.5719238Z ok 150 - dependency version/sha/world lock enforced, library failure blocks injection
2026-10-08T19:12:18.5719993Z   ---
2026-10-08T19:12:18.5722727Z   duration_ms: 4.440227
2026-10-08T19:12:18.5723216Z   type: 'test'
2026-10-08T19:12:18.5723586Z   ...
2026-10-08T19:12:18.5724573Z # Subtest: D1 Page contract consumes actual manager locks and preserves generic classic globals without a wrapper
2026-10-08T19:12:18.5726525Z ok 151 - D1 Page contract consumes actual manager locks and preserves generic classic globals without a wrapper
2026-10-08T19:12:18.5727748Z   ---
2026-10-08T19:12:18.5728114Z   duration_ms: 59.952642
2026-10-08T19:12:18.5728542Z   type: 'test'
2026-10-08T19:12:18.5728907Z   ...
2026-10-08T19:12:18.5729946Z # Subtest: async-main Page revisions share immutable dependencies while registration identities remain isolated
2026-10-08T19:12:18.5731936Z ok 152 - async-main Page revisions share immutable dependencies while registration identities remain isolated
2026-10-08T19:12:18.5732889Z   ---
2026-10-08T19:12:18.5733269Z   duration_ms: 48.23294
2026-10-08T19:12:18.5733687Z   type: 'test'
2026-10-08T19:12:18.5734050Z   ...
2026-10-08T19:12:18.5735125Z # Subtest: full Page authority proof binds kind, entry, revision, dependency identity and every rule, not only matches
2026-10-08T19:12:18.5736722Z ok 153 - full Page authority proof binds kind, entry, revision, dependency identity and every rule, not only matches
2026-10-08T19:12:18.5737627Z   ---
2026-10-08T19:12:18.5737993Z   duration_ms: 39.141076
2026-10-08T19:12:18.5738418Z   type: 'test'
2026-10-08T19:12:18.5738778Z   ...
2026-10-08T19:12:18.5739808Z # Subtest: Page source/metadata/asset tampering is blocked and old Controller/R3 formats require an explicit path
2026-10-08T19:12:18.5742394Z ok 154 - Page source/metadata/asset tampering is blocked and old Controller/R3 formats require an explicit path
2026-10-08T19:12:18.5743305Z   ---
2026-10-08T19:12:18.5743669Z   duration_ms: 28.913158
2026-10-08T19:12:18.5744112Z   type: 'test'
2026-10-08T19:12:18.5744469Z   ...
2026-10-08T19:12:18.5745462Z # Subtest: named async main() evaluates in exact USER_SCRIPT main document without durable Task or registration
2026-10-08T19:12:18.5747026Z ok 155 - named async main() evaluates in exact USER_SCRIPT main document without durable Task or registration
2026-10-08T19:12:18.5747904Z   ---
2026-10-08T19:12:18.5748283Z   duration_ms: 16.986288
2026-10-08T19:12:18.5748726Z   type: 'test'
2026-10-08T19:12:18.5749088Z   ...
2026-10-08T19:12:18.5750119Z # Subtest: no injection after document change, permission revoke, Controller slot, invalid sender or API opt-in
2026-10-08T19:12:18.5752268Z ok 156 - no injection after document change, permission revoke, Controller slot, invalid sender or API opt-in
2026-10-08T19:12:18.5753187Z   ---
2026-10-08T19:12:18.5754067Z   duration_ms: 7.553699
2026-10-08T19:12:18.5754553Z   type: 'test'
2026-10-08T19:12:18.5754929Z   ...
2026-10-08T19:12:18.5755803Z # Subtest: incorrect browser document receipt and native script errors cannot claim success
2026-10-08T19:12:18.5757092Z ok 157 - incorrect browser document receipt and native script errors cannot claim success
2026-10-08T19:12:18.5757877Z   ---
2026-10-08T19:12:18.5758222Z   duration_ms: 11.857944
2026-10-08T19:12:18.5758628Z   type: 'test'
2026-10-08T19:12:18.5759001Z   ...
2026-10-08T19:12:18.5759864Z # Subtest: source, site and requested execution world cannot be forged through preview protocol
2026-10-08T19:12:18.5761532Z ok 158 - source, site and requested execution world cannot be forged through preview protocol
2026-10-08T19:12:18.5762371Z   ---
2026-10-08T19:12:18.5762745Z   duration_ms: 1.874367
2026-10-08T19:12:18.5763174Z   type: 'test'
2026-10-08T19:12:18.5763560Z   ...
2026-10-08T19:12:18.5764451Z # Subtest: verified pinned jQuery bytes precede preview main, without Service Worker evaluation
2026-10-08T19:12:18.5765807Z ok 159 - verified pinned jQuery bytes precede preview main, without Service Worker evaluation
2026-10-08T19:12:18.5766650Z   ---
2026-10-08T19:12:18.5767027Z   duration_ms: 15.368254
2026-10-08T19:12:18.5767463Z   type: 'test'
2026-10-08T19:12:18.5767802Z   ...
2026-10-08T19:12:18.5768566Z # Subtest: same-id replacement disposes old listener, keeps a different instance
2026-10-08T19:12:18.5769721Z ok 160 - same-id replacement disposes old listener, keeps a different instance
2026-10-08T19:12:18.5770789Z   ---
2026-10-08T19:12:18.5771160Z   duration_ms: 2.968974
2026-10-08T19:12:18.5771560Z   type: 'test'
2026-10-08T19:12:18.5771886Z   ...
2026-10-08T19:12:18.5772850Z # Subtest: assets, timer/observer/ObjectURL and pagehide cleanup remain scoped
2026-10-08T19:12:18.5773876Z ok 161 - assets, timer/observer/ObjectURL and pagehide cleanup remain scoped
2026-10-08T19:12:18.5774552Z   ---
2026-10-08T19:12:18.5774927Z   duration_ms: 5.084949
2026-10-08T19:12:18.5775354Z   type: 'test'
2026-10-08T19:12:18.5788002Z   ...
2026-10-08T19:12:18.5788977Z # Subtest: manifest and build verifier accept broad required sites and a finite API permission catalog
2026-10-08T19:12:18.5790802Z ok 162 - manifest and build verifier accept broad required sites and a finite API permission catalog
2026-10-08T19:12:18.5791676Z   ---
2026-10-08T19:12:18.5792059Z   duration_ms: 8.131183
2026-10-08T19:12:18.5792478Z   type: 'test'
2026-10-08T19:12:18.5792847Z   ...
2026-10-08T19:12:18.5793781Z # Subtest: declared optional plugin permission requests reject unknown, required and duplicate names
2026-10-08T19:12:18.5795225Z ok 163 - declared optional plugin permission requests reject unknown, required and duplicate names
2026-10-08T19:12:18.5796112Z   ---
2026-10-08T19:12:18.5796483Z   duration_ms: 0.602708
2026-10-08T19:12:18.5796902Z   type: 'test'
2026-10-08T19:12:18.5797260Z   ...
2026-10-08T19:12:18.5798164Z # Subtest: API grant starts synchronously inside trusted UI click and verifies the native state
2026-10-08T19:12:18.5799482Z ok 164 - API grant starts synchronously inside trusted UI click and verifies the native state
2026-10-08T19:12:18.5800549Z   ---
2026-10-08T19:12:18.5800923Z   duration_ms: 0.922476
2026-10-08T19:12:18.5801313Z   type: 'test'
2026-10-08T19:12:18.5801647Z   ...
2026-10-08T19:12:18.5802412Z # Subtest: a plugin cannot silently escalate permissions on deny or an untrusted event
2026-10-08T19:12:18.5803609Z ok 165 - a plugin cannot silently escalate permissions on deny or an untrusted event
2026-10-08T19:12:18.5804350Z   ---
2026-10-08T19:12:18.5804702Z   duration_ms: 0.505035
2026-10-08T19:12:18.5805112Z   type: 'test'
2026-10-08T19:12:18.5805473Z   ...
2026-10-08T19:12:18.5806304Z # Subtest: CSS url() points to embedded image, with JSON and hashes; no runtime dev server
2026-10-08T19:12:18.5807479Z ok 166 - CSS url() points to embedded image, with JSON and hashes; no runtime dev server
2026-10-08T19:12:18.5808210Z   ---
2026-10-08T19:12:18.5808604Z   duration_ms: 1316.931191
2026-10-08T19:12:18.5809279Z   type: 'test'
2026-10-08T19:12:18.5809714Z   ...
2026-10-08T19:12:18.5811135Z # Subtest: reject CSS network/import/undeclared URLs and spoofed image bytes
2026-10-08T19:12:18.5812237Z ok 167 - reject CSS network/import/undeclared URLs and spoofed image bytes
2026-10-08T19:12:18.5812922Z   ---
2026-10-08T19:12:18.5813281Z   duration_ms: 48.589585
2026-10-08T19:12:18.5813702Z   type: 'test'
2026-10-08T19:12:18.5814062Z   ...
2026-10-08T19:12:18.5814835Z # Subtest: CSS comments and URL-like string content retain their literal meaning
2026-10-08T19:12:18.5815947Z ok 168 - CSS comments and URL-like string content retain their literal meaning
2026-10-08T19:12:18.5816658Z   ---
2026-10-08T19:12:18.5817051Z   duration_ms: 13.529551
2026-10-08T19:12:18.5817476Z   type: 'test'
2026-10-08T19:12:18.5817847Z   ...
2026-10-08T19:12:18.5818538Z # Subtest: reject CSS escaped tokens and unsupported string image URLs
2026-10-08T19:12:18.5819569Z ok 169 - reject CSS escaped tokens and unsupported string image URLs
2026-10-08T19:12:18.5820221Z   ---
2026-10-08T19:12:18.5820872Z   duration_ms: 21.508147
2026-10-08T19:12:18.5821316Z   type: 'test'
2026-10-08T19:12:18.5821679Z   ...
2026-10-08T19:12:18.5822309Z # Subtest: malformed CSS strings cannot hide runtime URL tokens
2026-10-08T19:12:18.5823213Z ok 170 - malformed CSS strings cannot hide runtime URL tokens
2026-10-08T19:12:18.5823822Z   ---
2026-10-08T19:12:18.5824188Z   duration_ms: 21.341516
2026-10-08T19:12:18.5824612Z   type: 'test'
2026-10-08T19:12:18.5824968Z   ...
2026-10-08T19:12:18.5825624Z # Subtest: Controller resource declarations fail before packaging
2026-10-08T19:12:18.5826529Z ok 171 - Controller resource declarations fail before packaging
2026-10-08T19:12:18.5827434Z   ---
2026-10-08T19:12:18.5827799Z   duration_ms: 9.895252
2026-10-08T19:12:18.5851014Z   type: 'test'
2026-10-08T19:12:18.5851418Z   ...
2026-10-08T19:12:18.5852219Z # Subtest: invalid JSON, UTF-8 and per-file/aggregate resource budgets fail closed
2026-10-08T19:12:18.5853363Z ok 172 - invalid JSON, UTF-8 and per-file/aggregate resource budgets fail closed
2026-10-08T19:12:18.5854144Z   ---
2026-10-08T19:12:18.5854532Z   duration_ms: 23.123823
2026-10-08T19:12:18.5854952Z   type: 'test'
2026-10-08T19:12:18.5855304Z   ...
2026-10-08T19:12:18.5856116Z # Subtest: original JavaScript-only program keeps its output without adding base CSS
2026-10-08T19:12:18.5857339Z ok 173 - original JavaScript-only program keeps its output without adding base CSS
2026-10-08T19:12:18.5858064Z   ---
2026-10-08T19:12:18.5858407Z   duration_ms: 196.232032
2026-10-08T19:12:18.5858813Z   type: 'test'
2026-10-08T19:12:18.5859163Z   ...
2026-10-08T19:12:18.5860132Z # Subtest: three-file ESM Page project becomes one locally hashed JS consumed by existing USER_SCRIPT compiler
2026-10-08T19:12:18.5881201Z ok 174 - three-file ESM Page project becomes one locally hashed JS consumed by existing USER_SCRIPT compiler
2026-10-08T19:12:18.5882013Z   ---
2026-10-08T19:12:18.5882364Z   duration_ms: 1228.304097
2026-10-08T19:12:18.5882772Z   type: 'test'
2026-10-08T19:12:18.5883104Z   ...
2026-10-08T19:12:18.5884164Z # Subtest: Controller ESM project produces the existing genuine Task v1 Candidate import format, not an Available claim
2026-10-08T19:12:18.5885800Z ok 175 - Controller ESM project produces the existing genuine Task v1 Candidate import format, not an Available claim
2026-10-08T19:12:18.5886747Z   ---
2026-10-08T19:12:18.5887111Z   duration_ms: 225.226602
2026-10-08T19:12:18.5887537Z   type: 'test'
2026-10-08T19:12:18.5887894Z   ...
2026-10-08T19:12:18.5888867Z # Subtest: development mode emits readable program JS, draft metadata and a separate local source map only
2026-10-08T19:12:18.5890610Z ok 176 - development mode emits readable program JS, draft metadata and a separate local source map only
2026-10-08T19:12:18.5891471Z   ---
2026-10-08T19:12:18.5891859Z   duration_ms: 84.970814
2026-10-08T19:12:18.5892264Z   type: 'test'
2026-10-08T19:12:18.5892609Z   ...
2026-10-08T19:12:18.5893762Z # Subtest: development source map maps final generated throw position back to local authoring module
2026-10-08T19:12:18.5895184Z ok 177 - development source map maps final generated throw position back to local authoring module
2026-10-08T19:12:18.5895994Z   ---
2026-10-08T19:12:18.5896366Z   duration_ms: 54.44129
2026-10-08T19:12:18.5896798Z   type: 'test'
2026-10-08T19:12:18.5897163Z   ...
2026-10-08T19:12:18.5898096Z # Subtest: a declared Page stylesheet enters the immutable program artifact rather than failing closed
2026-10-08T19:12:18.5899520Z ok 178 - a declared Page stylesheet enters the immutable program artifact rather than failing closed
2026-10-08T19:12:18.5900868Z   ---
2026-10-08T19:12:18.5901290Z   duration_ms: 200.615692
2026-10-08T19:12:18.5901742Z   type: 'test'
2026-10-08T19:12:18.5902095Z   ...
2026-10-08T19:12:18.5902933Z # Subtest: webpack dependency failures report project, phase and importing source location
2026-10-08T19:12:18.5904228Z ok 179 - webpack dependency failures report project, phase and importing source location
2026-10-08T19:12:18.5905022Z   ---
2026-10-08T19:12:18.5905388Z   duration_ms: 220.5134
2026-10-08T19:12:18.5905806Z   type: 'test'
2026-10-08T19:12:18.5906194Z   ...
2026-10-08T19:12:18.5906947Z # Subtest: untrusted remote and dynamic ESM imports are rejected before Webpack
2026-10-08T19:12:18.5908048Z ok 180 - untrusted remote and dynamic ESM imports are rejected before Webpack
2026-10-08T19:12:18.5908749Z   ---
2026-10-08T19:12:18.5909121Z   duration_ms: 10.549505
2026-10-08T19:12:18.5909546Z   type: 'test'
2026-10-08T19:12:18.5909923Z   ...
2026-10-08T19:12:18.5911072Z # Subtest: a frozen output directory rejects replacement without quietly publishing new bytes
2026-10-08T19:12:18.5912732Z ok 181 - a frozen output directory rejects replacement without quietly publishing new bytes
2026-10-08T19:12:18.5913562Z   ---
2026-10-08T19:12:18.5913932Z   duration_ms: 469.958142
2026-10-08T19:12:18.5914365Z   type: 'test'
2026-10-08T19:12:18.5914731Z   ...
2026-10-08T19:12:18.5915455Z # Subtest: UTF-8 BOM in an authoring module survives build and draft import
2026-10-08T19:12:18.5916486Z ok 182 - UTF-8 BOM in an authoring module survives build and draft import
2026-10-08T19:12:18.5917152Z   ---
2026-10-08T19:12:18.5917531Z   duration_ms: 819.056403
2026-10-08T19:12:18.5917962Z   type: 'test'
2026-10-08T19:12:18.5918316Z   ...
2026-10-08T19:12:18.5919103Z # Subtest: package metadata BOM fails at validation with the fixed Webpack boundary
2026-10-08T19:12:18.5920267Z ok 183 - package metadata BOM fails at validation with the fixed Webpack boundary
2026-10-08T19:12:18.5921277Z   ---
2026-10-08T19:12:18.5921652Z   duration_ms: 14.112234
2026-10-08T19:12:18.5922068Z   type: 'test'
2026-10-08T19:12:18.5922427Z   ...
2026-10-08T19:12:18.5923189Z # Subtest: Page prerelease version matches the project and draft schema at import
2026-10-08T19:12:18.5924355Z ok 184 - Page prerelease version matches the project and draft schema at import
2026-10-08T19:12:18.5925111Z   ---
2026-10-08T19:12:18.5925499Z   duration_ms: 244.632658
2026-10-08T19:12:18.5925935Z   type: 'test'
2026-10-08T19:12:18.5926300Z   ...
2026-10-08T19:12:18.5927115Z # Subtest: builder applies envelope budget to the bytes actually written for file import
2026-10-08T19:12:18.5928356Z ok 185 - builder applies envelope budget to the bytes actually written for file import
2026-10-08T19:12:18.5929103Z   ---
2026-10-08T19:12:18.5929465Z   duration_ms: 430.582949
2026-10-08T19:12:18.5929875Z   type: 'test'
2026-10-08T19:12:18.5930220Z   ...
2026-10-08T19:12:18.5931649Z # Subtest: matching archive reuses only recorded component scope and retains untested/failed cases
2026-10-08T19:12:18.5933063Z ok 186 - matching archive reuses only recorded component scope and retains untested/failed cases
2026-10-08T19:12:18.5933903Z   ---
2026-10-08T19:12:18.5934265Z   duration_ms: 92.617511
2026-10-08T19:12:18.5934701Z   type: 'test'
2026-10-08T19:12:18.5935054Z   ...
2026-10-08T19:12:18.5935851Z # Subtest: documentation and observer changes alone do not invalidate product inputs
2026-10-08T19:12:18.5937308Z ok 187 - documentation and observer changes alone do not invalidate product inputs
2026-10-08T19:12:18.5938064Z   ---
2026-10-08T19:12:18.5938418Z   duration_ms: 96.215396
2026-10-08T19:12:18.5938838Z   type: 'test'
2026-10-08T19:12:18.5939186Z   ...
2026-10-08T19:12:18.5940085Z # Subtest: changed source, dependency, manifest and fixture are reported without rewriting old PASS
2026-10-08T19:12:18.5941766Z ok 188 - changed source, dependency, manifest and fixture are reported without rewriting old PASS
2026-10-08T19:12:18.5942575Z   ---
2026-10-08T19:12:18.5942927Z   duration_ms: 72.188499
2026-10-08T19:12:18.5943350Z   type: 'test'
2026-10-08T19:12:18.5943731Z   ...
2026-10-08T19:12:18.5944436Z # Subtest: unknown or different package identity cannot authorize reuse
2026-10-08T19:12:18.5945460Z ok 189 - unknown or different package identity cannot authorize reuse
2026-10-08T19:12:18.5946143Z   ---
2026-10-08T19:12:18.5946515Z   duration_ms: 86.946932
2026-10-08T19:12:18.5946958Z   type: 'test'
2026-10-08T19:12:18.5947318Z   ...
2026-10-08T19:12:18.5947851Z # Subtest: trusted index hash rejects edited index
2026-10-08T19:12:18.5948574Z ok 190 - trusted index hash rejects edited index
2026-10-08T19:12:18.5949118Z   ---
2026-10-08T19:12:18.5949486Z   duration_ms: 35.435723
2026-10-08T19:12:18.5949913Z   type: 'test'
2026-10-08T19:12:18.5950552Z   ...
2026-10-08T19:12:18.5951262Z # Subtest: missing, changed and duplicate raw evidence prevents reuse
2026-10-08T19:12:18.5952274Z ok 191 - missing, changed and duplicate raw evidence prevents reuse
2026-10-08T19:12:18.5952908Z   ---
2026-10-08T19:12:18.5953293Z   duration_ms: 117.823603
2026-10-08T19:12:18.5954139Z   type: 'test'
2026-10-08T19:12:18.5954508Z   ...
2026-10-08T19:12:18.5955154Z # Subtest: archive paths reject traversal and symlink escape
2026-10-08T19:12:18.5956012Z ok 192 - archive paths reject traversal and symlink escape
2026-10-08T19:12:18.5956611Z   ---
2026-10-08T19:12:18.5956988Z   duration_ms: 116.384624
2026-10-08T19:12:18.5957423Z   type: 'test'
2026-10-08T19:12:18.5957795Z   ...
2026-10-08T19:12:18.5958822Z # Subtest: service results, wrong revision/document and incomplete retirement cannot replace controller result
2026-10-08T19:12:18.5960945Z ok 193 - service results, wrong revision/document and incomplete retirement cannot replace controller result
2026-10-08T19:12:18.5961899Z   ---
2026-10-08T19:12:18.5962275Z   duration_ms: 141.509323
2026-10-08T19:12:18.5962726Z   type: 'test'
2026-10-08T19:12:18.5963095Z   ...
2026-10-08T19:12:18.5963731Z # Subtest: the observed package must match the indexed package
2026-10-08T19:12:18.5964593Z ok 194 - the observed package must match the indexed package
2026-10-08T19:12:18.5965200Z   ---
2026-10-08T19:12:18.5965550Z   duration_ms: 61.261848
2026-10-08T19:12:18.5965977Z   type: 'test'
2026-10-08T19:12:18.5966335Z   ...
2026-10-08T19:12:18.5991628Z # Subtest: Page preview reuse requires its indexed exact-document native receipt
2026-10-08T19:12:18.5992831Z ok 195 - Page preview reuse requires its indexed exact-document native receipt
2026-10-08T19:12:18.5993571Z   ---
2026-10-08T19:12:18.5993931Z   duration_ms: 130.168194
2026-10-08T19:12:18.5994371Z   type: 'test'
2026-10-08T19:12:18.5994757Z   ...
2026-10-08T19:12:18.5995426Z # Subtest: saved revision identity must match complete source bytes
2026-10-08T19:12:18.5996359Z ok 196 - saved revision identity must match complete source bytes
2026-10-08T19:12:18.5996984Z   ---
2026-10-08T19:12:18.5997348Z   duration_ms: 98.856934
2026-10-08T19:12:18.5997772Z   type: 'test'
2026-10-08T19:12:18.5998137Z   ...
2026-10-08T19:12:18.5998983Z # Subtest: same bytes cannot hide a changed product file mode or symbolic-link target closure
2026-10-08T19:12:18.6000563Z ok 197 - same bytes cannot hide a changed product file mode or symbolic-link target closure
2026-10-08T19:12:18.6001353Z   ---
2026-10-08T19:12:18.6001715Z   duration_ms: 162.384116
2026-10-08T19:12:18.6002133Z   type: 'test'
2026-10-08T19:12:18.6002502Z   ...
2026-10-08T19:12:18.6003858Z # Subtest: contradictory or missing success outcome is rejected; explicit expected errors retain their scope
2026-10-08T19:12:18.6005471Z ok 198 - contradictory or missing success outcome is rejected; explicit expected errors retain their scope
2026-10-08T19:12:18.6006375Z   ---
2026-10-08T19:12:18.6006741Z   duration_ms: 119.875634
2026-10-08T19:12:18.6007176Z   type: 'test'
2026-10-08T19:12:18.6007541Z   ...
2026-10-08T19:12:18.6008388Z # Subtest: multi-file ESM authoring project is a source contract, not an installed program
2026-10-08T19:12:18.6018297Z ok 199 - multi-file ESM authoring project is a source contract, not an installed program
2026-10-08T19:12:18.6019114Z   ---
2026-10-08T19:12:18.6019517Z   duration_ms: 35.00643
2026-10-08T19:12:18.6019954Z   type: 'test'
2026-10-08T19:12:18.6020557Z   ...
2026-10-08T19:12:18.6021356Z # Subtest: imports cannot escape project or load remote modules at browser runtime
2026-10-08T19:12:18.6022547Z ok 200 - imports cannot escape project or load remote modules at browser runtime
2026-10-08T19:12:18.6023349Z   ---
2026-10-08T19:12:18.6023733Z   duration_ms: 12.500067
2026-10-08T19:12:18.6024181Z   type: 'test'
2026-10-08T19:12:18.6024543Z   ...
2026-10-08T19:12:18.6025444Z # Subtest: entry diagnostics distinguish missing and non-function defaults with source location
2026-10-08T19:12:18.6026802Z ok 201 - entry diagnostics distinguish missing and non-function defaults with source location
2026-10-08T19:12:18.6027635Z   ---
2026-10-08T19:12:18.6027991Z   duration_ms: 12.4573
2026-10-08T19:12:18.6028388Z   type: 'test'
2026-10-08T19:12:18.6028750Z   ...
2026-10-08T19:12:18.6029492Z # Subtest: dynamic import is not quietly kept as an unlocked runtime dependency
2026-10-08T19:12:18.6031161Z ok 202 - dynamic import is not quietly kept as an unlocked runtime dependency
2026-10-08T19:12:18.6031870Z   ---
2026-10-08T19:12:18.6032242Z   duration_ms: 6.589427
2026-10-08T19:12:18.6032677Z   type: 'test'
2026-10-08T19:12:18.6033043Z   ...
2026-10-08T19:12:18.6033854Z # Subtest: npm imports require declared dependencies and a committed matching npm lock
2026-10-08T19:12:18.6035029Z ok 203 - npm imports require declared dependencies and a committed matching npm lock
2026-10-08T19:12:18.6035729Z   ---
2026-10-08T19:12:18.6036064Z   duration_ms: 15.987858
2026-10-08T19:12:18.6036443Z   type: 'test'
2026-10-08T19:12:18.6036757Z   ...
2026-10-08T19:12:18.6037496Z # Subtest: Page/Controller source contracts remain discriminated without changing Task v1
2026-10-08T19:12:18.6038634Z ok 204 - Page/Controller source contracts remain discriminated without changing Task v1
2026-10-08T19:12:18.6039335Z   ---
2026-10-08T19:12:18.6039656Z   duration_ms: 17.621005
2026-10-08T19:12:18.6040030Z   type: 'test'
2026-10-08T19:12:18.6040737Z   ...
2026-10-08T19:12:18.6042033Z # Subtest: assets can be listed and hashed but never silently injected
2026-10-08T19:12:18.6042960Z ok 205 - assets can be listed and hashed but never silently injected
2026-10-08T19:12:18.6043551Z   ---
2026-10-08T19:12:18.6043899Z   duration_ms: 13.794516
2026-10-08T19:12:18.6044287Z   type: 'test'
2026-10-08T19:12:18.6044619Z   ...
2026-10-08T19:12:18.6045401Z # Subtest: source snapshots and executable hashes are independently checked before import
2026-10-08T19:12:18.6046591Z ok 206 - source snapshots and executable hashes are independently checked before import
2026-10-08T19:12:18.6047302Z   ---
2026-10-08T19:12:18.6047623Z   duration_ms: 16.876084
2026-10-08T19:12:18.6048007Z   type: 'test'
2026-10-08T19:12:18.6048327Z   ...
2026-10-08T19:12:18.6049179Z # Subtest: project file selection only changes the read-only viewer; execution uses exact frozen build
2026-10-08T19:12:18.6050753Z ok 207 - project file selection only changes the read-only viewer; execution uses exact frozen build
2026-10-08T19:12:18.6051580Z   ---
2026-10-08T19:12:18.6051963Z   duration_ms: 3.462889
2026-10-08T19:12:18.6071154Z   type: 'test'
2026-10-08T19:12:18.6071527Z   ...
2026-10-08T19:12:18.6072745Z # Subtest: R8 catalog has 188 single-owner capabilities, 40 complete tasks and an acyclic phased plan
2026-10-08T19:12:18.6073643Z ok 208 - R8 catalog has 188 single-owner capabilities, 40 complete tasks and an acyclic phased plan
2026-10-08T19:12:18.6074128Z   ---
2026-10-08T19:12:18.6074338Z   duration_ms: 7.958839
2026-10-08T19:12:18.6074564Z   type: 'test'
2026-10-08T19:12:18.6074770Z   ...
2026-10-08T19:12:18.6075341Z # Subtest: omitted deferred capability, duplicate primary ownership and invented capability fail the coverage gate
2026-10-08T19:12:18.6076230Z ok 209 - omitted deferred capability, duplicate primary ownership and invented capability fail the coverage gate
2026-10-08T19:12:18.6076735Z   ---
2026-10-08T19:12:18.6076932Z   duration_ms: 5.398029
2026-10-08T19:12:18.6077153Z   type: 'test'
2026-10-08T19:12:18.6077346Z   ...
2026-10-08T19:12:18.6077835Z # Subtest: invalid prerequisite, circular work ordering and duplicate catalog identity are rejected
2026-10-08T19:12:18.6078590Z ok 210 - invalid prerequisite, circular work ordering and duplicate catalog identity are rejected
2026-10-08T19:12:18.6079039Z   ---
2026-10-08T19:12:18.6079231Z   duration_ms: 14.129366
2026-10-08T19:12:18.6079458Z   type: 'test'
2026-10-08T19:12:18.6079645Z   ...
2026-10-08T19:12:18.6080069Z # Subtest: importing a JS draft leaves saved versions and running source independent
2026-10-08T19:12:18.6081362Z ok 211 - importing a JS draft leaves saved versions and running source independent
2026-10-08T19:12:18.6082026Z   ---
2026-10-08T19:12:18.6082351Z   duration_ms: 24.620879
2026-10-08T19:12:18.6082723Z   type: 'test'
2026-10-08T19:12:18.6083036Z   ...
2026-10-08T19:12:18.6083918Z # Subtest: draft import rejects empty/oversized sources and active saves without overwriting the editor
2026-10-08T19:12:18.6085483Z ok 212 - draft import rejects empty/oversized sources and active saves without overwriting the editor
2026-10-08T19:12:18.6086263Z   ---
2026-10-08T19:12:18.6086572Z   duration_ms: 7.42474
2026-10-08T19:12:18.6086936Z   type: 'test'
2026-10-08T19:12:18.6087242Z   ...
2026-10-08T19:12:18.6088098Z # Subtest: catalog draft import updates dependency review from the new source without saving or running
2026-10-08T19:12:18.6089474Z ok 213 - catalog draft import updates dependency review from the new source without saving or running
2026-10-08T19:12:18.6090431Z   ---
2026-10-08T19:12:18.6090758Z   duration_ms: 7.694285
2026-10-08T19:12:18.6091120Z   type: 'test'
2026-10-08T19:12:18.6091432Z   ...
2026-10-08T19:12:18.6092377Z # Subtest: Save persists revision/hash without requesting permission, creating a Run, or executing code
2026-10-08T19:12:18.6093815Z ok 214 - Save persists revision/hash without requesting permission, creating a Run, or executing code
2026-10-08T19:12:18.6094562Z   ---
2026-10-08T19:12:18.6094854Z   duration_ms: 6.018371
2026-10-08T19:12:18.6095205Z   type: 'test'
2026-10-08T19:12:18.6095513Z   ...
2026-10-08T19:12:18.6096411Z # Subtest: reopened editor lists saved scripts without running and loads the selected latest head explicitly
2026-10-08T19:12:18.6097916Z ok 215 - reopened editor lists saved scripts without running and loads the selected latest head explicitly
2026-10-08T19:12:18.6098786Z   ---
2026-10-08T19:12:18.6099095Z   duration_ms: 6.174003
2026-10-08T19:12:18.6099501Z   type: 'test'
2026-10-08T19:12:18.6099810Z   ...
2026-10-08T19:12:18.6101050Z # Subtest: loading a historical revision does not turn it into the latest Save CAS head
2026-10-08T19:12:18.6102240Z ok 216 - loading a historical revision does not turn it into the latest Save CAS head
2026-10-08T19:12:18.6102969Z   ---
2026-10-08T19:12:18.6103314Z   duration_ms: 5.468671
2026-10-08T19:12:18.6103716Z   type: 'test'
2026-10-08T19:12:18.6104061Z   ...
2026-10-08T19:12:18.6104813Z # Subtest: Delete tombstones the latest head and refreshes the saved-script selector
2026-10-08T19:12:18.6105912Z ok 217 - Delete tombstones the latest head and refreshes the saved-script selector
2026-10-08T19:12:18.6106599Z   ---
2026-10-08T19:12:18.6106927Z   duration_ms: 5.40949
2026-10-08T19:12:18.6107555Z   type: 'test'
2026-10-08T19:12:18.6107901Z   ...
2026-10-08T19:12:18.6108863Z # Subtest: saved A stays immutable; Run freezes unsaved B/params/page A; editing C and Save do not replace B
2026-10-08T19:12:18.6110640Z ok 218 - saved A stays immutable; Run freezes unsaved B/params/page A; editing C and Save do not replace B
2026-10-08T19:12:18.6111500Z   ---
2026-10-08T19:12:18.6111853Z   duration_ms: 9.498239
2026-10-08T19:12:18.6112261Z   type: 'test'
2026-10-08T19:12:18.6112586Z   ...
2026-10-08T19:12:18.6113416Z # Subtest: a brand-new unsaved draft runs with an empty script ID and never creates a saved revision
2026-10-08T19:12:18.6114605Z ok 219 - a brand-new unsaved draft runs with an empty script ID and never creates a saved revision
2026-10-08T19:12:18.6115361Z   ---
2026-10-08T19:12:18.6115877Z   duration_ms: 7.879146
2026-10-08T19:12:18.6116233Z   type: 'test'
2026-10-08T19:12:18.6116558Z   ...
2026-10-08T19:12:18.6117604Z # Subtest: permission preparation rejects a switched page; closing the editor during permission never admits a run
2026-10-08T19:12:18.6119760Z ok 220 - permission preparation rejects a switched page; closing the editor during permission never admits a run
2026-10-08T19:12:18.6120930Z   ---
2026-10-08T19:12:18.6121214Z   duration_ms: 16.51544
2026-10-08T19:12:18.6121533Z   type: 'test'
2026-10-08T19:12:18.6121813Z   ...
2026-10-08T19:12:18.6122726Z # Subtest: Stop uses the formal RunHost abort/retirement path and persists stopped with the original pin
2026-10-08T19:12:18.6124132Z ok 221 - Stop uses the formal RunHost abort/retirement path and persists stopped with the original pin
2026-10-08T19:12:18.6124948Z   ---
2026-10-08T19:12:18.6125284Z   duration_ms: 8.237263
2026-10-08T19:12:18.6125934Z   type: 'test'
2026-10-08T19:12:18.6126276Z   ...
2026-10-08T19:12:18.6127165Z # Subtest: pagehide invokes RunHost host-close; reopened editor only reads the durable interrupted Result
2026-10-08T19:12:18.6128631Z ok 222 - pagehide invokes RunHost host-close; reopened editor only reads the durable interrupted Result
2026-10-08T19:12:18.6129473Z   ---
2026-10-08T19:12:18.6129820Z   duration_ms: 7.335252
2026-10-08T19:12:18.6130227Z   type: 'test'
2026-10-08T19:12:18.6130858Z   ...
2026-10-08T19:12:18.6131779Z # Subtest: late Save/Load replies do not overwrite another script selection or edits made during loading
2026-10-08T19:12:18.6133208Z ok 223 - late Save/Load replies do not overwrite another script selection or edits made during loading
2026-10-08T19:12:18.6134030Z   ---
2026-10-08T19:12:18.6134356Z   duration_ms: 6.90213
2026-10-08T19:12:18.6134728Z   type: 'test'
2026-10-08T19:12:18.6135059Z   ...
2026-10-08T19:12:18.6135815Z # Subtest: late saved-script selector load cannot overwrite edits made during loading
2026-10-08T19:12:18.6137096Z ok 224 - late saved-script selector load cannot overwrite edits made during loading
2026-10-08T19:12:18.6137828Z   ---
2026-10-08T19:12:18.6138173Z   duration_ms: 7.471948
2026-10-08T19:12:18.6138575Z   type: 'test'
2026-10-08T19:12:18.6138924Z   ...
2026-10-08T19:12:18.6139709Z # Subtest: an older snapshot reply cannot disable Run after a newer durable observation
2026-10-08T19:12:18.6141309Z ok 225 - an older snapshot reply cannot disable Run after a newer durable observation
2026-10-08T19:12:18.6142024Z   ---
2026-10-08T19:12:18.6142352Z   duration_ms: 9.643213
2026-10-08T19:12:18.6142708Z   type: 'test'
2026-10-08T19:12:18.6143029Z   ...
2026-10-08T19:12:18.6143758Z # Subtest: an older snapshot error cannot overwrite a newer successful durable view
2026-10-08T19:12:18.6144803Z ok 226 - an older snapshot error cannot overwrite a newer successful durable view
2026-10-08T19:12:18.6145440Z   ---
2026-10-08T19:12:18.6145756Z   duration_ms: 8.967577
2026-10-08T19:12:18.6146124Z   type: 'test'
2026-10-08T19:12:18.6146434Z   ...
2026-10-08T19:12:18.6147529Z # Subtest: the permission request remains synchronous in the click fixture; denied permission and invalid params execute nothing
2026-10-08T19:12:18.6149696Z ok 227 - the permission request remains synchronous in the click fixture; denied permission and invalid params execute nothing
2026-10-08T19:12:18.6150889Z   ---
2026-10-08T19:12:18.6151210Z   duration_ms: 9.408751
2026-10-08T19:12:18.6151578Z   type: 'test'
2026-10-08T19:12:18.6151892Z   ...
2026-10-08T19:12:18.6152759Z # Subtest: DOM preview binds frozen source, dependency choice and exact current document from trusted click
2026-10-08T19:12:18.6154206Z ok 228 - DOM preview binds frozen source, dependency choice and exact current document from trusted click
2026-10-08T19:12:18.6155005Z   ---
2026-10-08T19:12:18.6155329Z   duration_ms: 4.614633
2026-10-08T19:12:18.6155742Z   type: 'test'
2026-10-08T19:12:18.6156063Z   ...
2026-10-08T19:12:18.6156905Z # Subtest: DOM preview refuses to inject when the active document changes while permission is pending
2026-10-08T19:12:18.6158230Z ok 229 - DOM preview refuses to inject when the active document changes while permission is pending
2026-10-08T19:12:18.6159019Z   ---
2026-10-08T19:12:18.6159353Z   duration_ms: 6.317275
2026-10-08T19:12:18.6159756Z   type: 'test'
2026-10-08T19:12:18.6160098Z   ...
2026-10-08T19:12:18.6161162Z # Subtest: Developer Stop cannot cancel the formal Task or another view using the shared RunHost
2026-10-08T19:12:18.6162454Z ok 230 - Developer Stop cannot cancel the formal Task or another view using the shared RunHost
2026-10-08T19:12:18.6163217Z   ---
2026-10-08T19:12:18.6163545Z   duration_ms: 3.521047
2026-10-08T19:12:18.6163924Z   type: 'test'
2026-10-08T19:12:18.6164258Z   ...
2026-10-08T19:12:18.6165167Z # Subtest: project import displays source while Save and Run freeze compiled bytes and the original hash
2026-10-08T19:12:18.6166563Z ok 231 - project import displays source while Save and Run freeze compiled bytes and the original hash
2026-10-08T19:12:18.6167578Z   ---
2026-10-08T19:12:18.6167910Z   duration_ms: 12.186488
2026-10-08T19:12:18.6168301Z   type: 'test'
2026-10-08T19:12:18.6168637Z   ...
2026-10-08T19:12:18.6169535Z # Subtest: invalid project envelope leaves the previous editor source and no execution or saved revision
2026-10-08T19:12:18.6171219Z ok 232 - invalid project envelope leaves the previous editor source and no execution or saved revision
2026-10-08T19:12:18.6172065Z   ---
2026-10-08T19:12:18.6172406Z   duration_ms: 4.43114
2026-10-08T19:12:18.6172787Z   type: 'test'
2026-10-08T19:12:18.6173110Z   ...
2026-10-08T19:12:18.6173811Z # Subtest: same-window catalog hands off exact source without invoking a runner
2026-10-08T19:12:18.6174862Z ok 233 - same-window catalog hands off exact source without invoking a runner
2026-10-08T19:12:18.6175502Z   ---
2026-10-08T19:12:18.6175841Z   duration_ms: 1.56609
2026-10-08T19:12:18.6176230Z   type: 'test'
2026-10-08T19:12:18.6176582Z   ...
2026-10-08T19:12:18.6177523Z # Subtest: draft handoff refuses other windows, senders, content pages, private tabs and catalog recipients
2026-10-08T19:12:18.6178911Z ok 234 - draft handoff refuses other windows, senders, content pages, private tabs and catalog recipients
2026-10-08T19:12:18.6179727Z   ---
2026-10-08T19:12:18.6180068Z   duration_ms: 0.350846
2026-10-08T19:12:18.6180677Z   type: 'test'
2026-10-08T19:12:18.6181007Z   ...
2026-10-08T19:12:18.6181735Z # Subtest: editor rejection is returned explicitly without claiming import success
2026-10-08T19:12:18.6182833Z ok 235 - editor rejection is returned explicitly without claiming import success
2026-10-08T19:12:18.6183501Z   ---
2026-10-08T19:12:18.6183814Z   duration_ms: 0.203821
2026-10-08T19:12:18.6184187Z   type: 'test'
2026-10-08T19:12:18.6184509Z   ...
2026-10-08T19:12:18.6185360Z # Subtest: RunHost freezes a draft source variant and parameters before awaiting the host connection
2026-10-08T19:12:18.6186685Z ok 236 - RunHost freezes a draft source variant and parameters before awaiting the host connection
2026-10-08T19:12:18.6187472Z   ---
2026-10-08T19:12:18.6187800Z   duration_ms: 5.350459
2026-10-08T19:12:18.6188180Z   type: 'test'
2026-10-08T19:12:18.6188506Z   ...
2026-10-08T19:12:18.6189449Z # Subtest: saved script API retains explicit scriptId/revision/contentHash admission
2026-10-08T19:12:18.6190859Z ok 237 - saved script API retains explicit scriptId/revision/contentHash admission
2026-10-08T19:12:18.6191571Z   ---
2026-10-08T19:12:18.6191912Z   duration_ms: 0.699428
2026-10-08T19:12:18.6192304Z   type: 'test'
2026-10-08T19:12:18.6192657Z   ...
2026-10-08T19:12:18.6193296Z # Subtest: manifest exposes tool.html as a global Chrome Side Panel
2026-10-08T19:12:18.6194226Z ok 238 - manifest exposes tool.html as a global Chrome Side Panel
2026-10-08T19:12:18.6194849Z   ---
2026-10-08T19:12:18.6195199Z   duration_ms: 11.424242
2026-10-08T19:12:18.6195442Z   type: 'test'
2026-10-08T19:12:18.6195793Z   ...
2026-10-08T19:12:18.6196274Z # Subtest: product shell has no popup-window fallback
2026-10-08T19:12:18.6196993Z ok 239 - product shell has no popup-window fallback
2026-10-08T19:12:18.6197522Z   ---
2026-10-08T19:12:18.6197853Z   duration_ms: 2.376867
2026-10-08T19:12:18.6198239Z   type: 'test'
2026-10-08T19:12:18.6198569Z   ...
2026-10-08T19:12:18.6199316Z # Subtest: default Run freezes Current Page then revalidates before existing RunHost
2026-10-08T19:12:18.6200952Z ok 240 - default Run freezes Current Page then revalidates before existing RunHost
2026-10-08T19:12:18.6201647Z   ---
2026-10-08T19:12:18.6201969Z   duration_ms: 3.141497
2026-10-08T19:12:18.6202344Z   type: 'test'
2026-10-08T19:12:18.6202668Z   ...
2026-10-08T19:12:18.6203521Z # Subtest: trusted Side Panel run sends the exact unsaved draft to the original Controller authority
2026-10-08T19:12:18.6204869Z ok 241 - trusted Side Panel run sends the exact unsaved draft to the original Controller authority
2026-10-08T19:12:18.6205654Z   ---
2026-10-08T19:12:18.6206212Z   duration_ms: 2.588122
2026-10-08T19:12:18.6206611Z   type: 'test'
2026-10-08T19:12:18.6206947Z   ...
2026-10-08T19:12:18.6207546Z # Subtest: R6 uses valid tab roles with labelled content panels
2026-10-08T19:12:18.6208362Z ok 242 - R6 uses valid tab roles with labelled content panels
2026-10-08T19:12:18.6208933Z   ---
2026-10-08T19:12:18.6209310Z   duration_ms: 1.313225
2026-10-08T19:12:18.6209684Z   type: 'test'
2026-10-08T19:12:18.6210027Z   ...
2026-10-08T19:12:18.6211065Z # Subtest: R4 Sidebar sections preserve consumer controls and keep engineering tools folded
2026-10-08T19:12:18.6212303Z ok 243 - R4 Sidebar sections preserve consumer controls and keep engineering tools folded
2026-10-08T19:12:18.6213041Z   ---
2026-10-08T19:12:18.6213362Z   duration_ms: 2.697128
2026-10-08T19:12:18.6213731Z   type: 'test'
2026-10-08T19:12:18.6214053Z   ...
2026-10-08T19:12:18.6214768Z # Subtest: Sidebar starts at its three tabs without repeating Chrome extension identity
2026-10-08T19:12:18.6215858Z ok 244 - Sidebar starts at its three tabs without repeating Chrome extension identity
2026-10-08T19:12:18.6216537Z   ---
2026-10-08T19:12:18.6216845Z   duration_ms: 1.685844
2026-10-08T19:12:18.6217201Z   type: 'test'
2026-10-08T19:12:18.6217516Z   ...
2026-10-08T19:12:18.6218246Z # Subtest: three project folders: genuine ESM graphs and fixed CSS/JSON/PNG byte hashes
2026-10-08T19:12:18.6219348Z ok 245 - three project folders: genuine ESM graphs and fixed CSS/JSON/PNG byte hashes
2026-10-08T19:12:18.6220017Z   ---
2026-10-08T19:12:18.6220561Z   duration_ms: 61.642092
2026-10-08T19:12:18.6220948Z   type: 'test'
2026-10-08T19:12:18.6221269Z   ...
2026-10-08T19:12:19.3304007Z # Subtest: Page ESM bundles into USER_SCRIPT and repeated execution creates only one visible marker
2026-10-08T19:12:19.3305532Z ok 246 - Page ESM bundles into USER_SCRIPT and repeated execution creates only one visible marker
2026-10-08T19:12:19.3306430Z   ---
2026-10-08T19:12:19.3306821Z   duration_ms: 784.80846
2026-10-08T19:12:19.3307271Z   type: 'test'
2026-10-08T19:12:19.3307703Z   ...
2026-10-08T19:12:19.4981099Z # Subtest: Controller ESM emits a Task v1 Candidate and invokes only approved Locator methods
2026-10-08T19:12:19.4982578Z ok 247 - Controller ESM emits a Task v1 Candidate and invokes only approved Locator methods
2026-10-08T19:12:19.4983445Z   ---
2026-10-08T19:12:19.4984180Z   duration_ms: 167.761676
2026-10-08T19:12:19.4984677Z   type: 'test'
2026-10-08T19:12:19.4985055Z   ...
2026-10-08T19:12:19.6372484Z # Subtest: declared CSS/JSON/PNG are frozen into Page USER_SCRIPT without becoming installed
2026-10-08T19:12:19.6374143Z ok 248 - declared CSS/JSON/PNG are frozen into Page USER_SCRIPT without becoming installed
2026-10-08T19:12:19.6375152Z   ---
2026-10-08T19:12:19.6375747Z   duration_ms: 139.192499
2026-10-08T19:12:19.6376414Z   type: 'test'
2026-10-08T19:12:19.6376998Z   ...
2026-10-08T19:12:19.6513260Z # Subtest: trusted tool host installs only by explicit click, scopes messages and removes storage
2026-10-08T19:12:19.6514690Z ok 249 - trusted tool host installs only by explicit click, scopes messages and removes storage
2026-10-08T19:12:19.6515543Z   ---
2026-10-08T19:12:19.6515944Z   duration_ms: 13.20274
2026-10-08T19:12:19.6516376Z   type: 'test'
2026-10-08T19:12:19.6516748Z   ...
2026-10-08T19:12:19.6517487Z # Subtest: tool contract is independent of Task v1 and is closed by default
2026-10-08T19:12:19.6518561Z ok 250 - tool contract is independent of Task v1 and is closed by default
2026-10-08T19:12:19.6519252Z   ---
2026-10-08T19:12:19.6519621Z   duration_ms: 9.474275
2026-10-08T19:12:19.6520037Z   type: 'test'
2026-10-08T19:12:19.6520635Z   ...
2026-10-08T19:12:19.6521539Z # Subtest: native tool directory packs JS/CSS/HTML and a local image into a portable JSON
2026-10-08T19:12:19.6522819Z ok 251 - native tool directory packs JS/CSS/HTML and a local image into a portable JSON
2026-10-08T19:12:19.6523585Z   ---
2026-10-08T19:12:19.6523961Z   duration_ms: 17.723627
2026-10-08T19:12:19.6524405Z   type: 'test'
2026-10-08T19:12:19.6525201Z   ...
2026-10-08T19:12:19.6526062Z # Subtest: new sandbox uses isolated Chrome MV3 resource and a narrow host message protocol
2026-10-08T19:12:19.6527340Z ok 252 - new sandbox uses isolated Chrome MV3 resource and a narrow host message protocol
2026-10-08T19:12:19.6528129Z   ---
2026-10-08T19:12:19.6528510Z   duration_ms: 5.124356
2026-10-08T19:12:19.6528910Z   type: 'test'
2026-10-08T19:12:19.6529261Z   ...
2026-10-08T19:12:19.6530226Z # Subtest: R3 remains immutable reference; R4 preview keeps installed Discover and independent full catalog
2026-10-08T19:12:19.6531928Z ok 253 - R3 remains immutable reference; R4 preview keeps installed Discover and independent full catalog
2026-10-08T19:12:19.6532810Z   ---
2026-10-08T19:12:19.6533178Z   duration_ms: 12.515306
2026-10-08T19:12:19.6533609Z   type: 'test'
2026-10-08T19:12:19.6533977Z   ...
2026-10-08T19:12:19.6534968Z # Subtest: R5 official sidebar preserves three views, privileged controls, compact discovery and task history
2026-10-08T19:12:19.6536515Z ok 254 - R5 official sidebar preserves three views, privileged controls, compact discovery and task history
2026-10-08T19:12:19.6537384Z   ---
2026-10-08T19:12:19.6537754Z   duration_ms: 4.613551
2026-10-08T19:12:19.6538178Z   type: 'test'
2026-10-08T19:12:19.6538542Z   ...
2026-10-08T19:12:19.6539405Z # Subtest: R5 keeps one derived interactive prototype with installed-only compact discovery
2026-10-08T19:12:19.6540921Z ok 255 - R5 keeps one derived interactive prototype with installed-only compact discovery
2026-10-08T19:12:19.6541717Z   ---
2026-10-08T19:12:19.6542084Z   duration_ms: 2.911968
2026-10-08T19:12:19.6542497Z   type: 'test'
2026-10-08T19:12:19.6542865Z   ...
2026-10-08T19:12:19.6543759Z # Subtest: required all-url host is the single source of truth; no optional host prompts at startup
2026-10-08T19:12:19.6545128Z ok 256 - required all-url host is the single source of truth; no optional host prompts at startup
2026-10-08T19:12:19.6545946Z   ---
2026-10-08T19:12:19.6546317Z   duration_ms: 3.820788
2026-10-08T19:12:19.6546747Z   type: 'test'
2026-10-08T19:12:19.6547123Z   ...
2026-10-08T19:12:19.6547919Z # Subtest: a trusted click can re-request withheld required host access without options
2026-10-08T19:12:19.6549113Z ok 257 - a trusted click can re-request withheld required host access without options
2026-10-08T19:12:19.6550131Z   ---
2026-10-08T19:12:19.6550820Z   duration_ms: 0.838299
2026-10-08T19:12:19.6551248Z   type: 'test'
2026-10-08T19:12:19.6551614Z   ...
2026-10-08T19:12:19.6552494Z # Subtest: untrusted events cannot change permission; native denial never fabricates approval
2026-10-08T19:12:19.6553757Z ok 258 - untrusted events cannot change permission; native denial never fabricates approval
2026-10-08T19:12:19.6554544Z   ---
2026-10-08T19:12:19.6554930Z   duration_ms: 1.022613
2026-10-08T19:12:19.6555355Z   type: 'test'
2026-10-08T19:12:19.6555711Z   ...
2026-10-08T19:12:19.6556507Z # Subtest: Chrome site access restrictions invalidate status and never auto-regrant
2026-10-08T19:12:19.6557682Z ok 259 - Chrome site access restrictions invalidate status and never auto-regrant
2026-10-08T19:12:19.6558406Z   ---
2026-10-08T19:12:19.6558779Z   duration_ms: 0.466573
2026-10-08T19:12:19.6559195Z   type: 'test'
2026-10-08T19:12:19.6559553Z   ...
2026-10-08T19:12:19.6560617Z # Subtest: Chrome onAdded event cannot erase actual approved status during raced refresh
2026-10-08T19:12:19.6561882Z ok 260 - Chrome onAdded event cannot erase actual approved status during raced refresh
2026-10-08T19:12:19.6562641Z   ---
2026-10-08T19:12:19.6563010Z   duration_ms: 0.984932
2026-10-08T19:12:19.6563426Z   type: 'test'
2026-10-08T19:12:19.6563786Z   ...
2026-10-08T19:12:19.6564627Z # Subtest: core API status is separately queried; it never grants applications automatically
2026-10-08T19:12:19.6565920Z ok 261 - core API status is separately queried; it never grants applications automatically
2026-10-08T19:12:19.6566688Z   ---
2026-10-08T19:12:19.6567052Z   duration_ms: 0.600954
2026-10-08T19:12:19.6567760Z   type: 'test'
2026-10-08T19:12:19.6568116Z   ...
2026-10-08T19:12:19.6579291Z # Subtest: developer site controls remain nested in the original three-tab workbench
2026-10-08T19:12:19.6580703Z ok 262 - developer site controls remain nested in the original three-tab workbench
2026-10-08T19:12:19.6581382Z   ---
2026-10-08T19:12:19.6581732Z   duration_ms: 11.743793
2026-10-08T19:12:19.6582126Z   type: 'test'
2026-10-08T19:12:19.6582453Z   ...
2026-10-08T19:12:19.6583393Z # Subtest: package hashes and closed schema reject forged status, altered source, extra permissions and invalid params
2026-10-08T19:12:19.6584987Z ok 263 - package hashes and closed schema reject forged status, altered source, extra permissions and invalid params
2026-10-08T19:12:19.6585990Z   ---
2026-10-08T19:12:19.6586323Z   duration_ms: 18.689915
2026-10-08T19:12:19.6586739Z   type: 'test'
2026-10-08T19:12:19.6587094Z   ...
2026-10-08T19:12:19.6588238Z # Subtest: candidate cannot install without matching trustworthy native run, then exact Available version can install
2026-10-08T19:12:19.6589868Z ok 264 - candidate cannot install without matching trustworthy native run, then exact Available version can install
2026-10-08T19:12:19.6591006Z   ---
2026-10-08T19:12:19.6591381Z   duration_ms: 20.488209
2026-10-08T19:12:19.6591793Z   type: 'test'
2026-10-08T19:12:19.6592130Z   ...
2026-10-08T19:12:19.6592833Z # Subtest: same task version cannot replace even a correctly hashed package
2026-10-08T19:12:19.6593834Z ok 265 - same task version cannot replace even a correctly hashed package
2026-10-08T19:12:19.6594473Z   ---
2026-10-08T19:12:19.6594814Z   duration_ms: 6.068333
2026-10-08T19:12:19.6595175Z   type: 'test'
2026-10-08T19:12:19.6595530Z   ...
2026-10-08T19:12:19.6596372Z # Subtest: the checked-in sample is an authentic v1 package with exact manifest and source hashes
2026-10-08T19:12:19.6597687Z ok 266 - the checked-in sample is an authentic v1 package with exact manifest and source hashes
2026-10-08T19:12:19.6598500Z   ---
2026-10-08T19:12:19.6598873Z   duration_ms: 2.926545
2026-10-08T19:12:19.6599272Z   type: 'test'
2026-10-08T19:12:19.6599626Z   ...
2026-10-08T19:12:19.6600897Z # Subtest: formal verification refuses altered admission identity, failed effects and mismatched receipts
2026-10-08T19:12:19.6602599Z ok 267 - formal verification refuses altered admission identity, failed effects and mismatched receipts
2026-10-08T19:12:19.6603505Z   ---
2026-10-08T19:12:19.6603868Z   duration_ms: 17.116431
2026-10-08T19:12:19.6604268Z   type: 'test'
2026-10-08T19:12:19.6604583Z   ...
2026-10-08T19:12:19.6605403Z # Subtest: invalid task schema and origin return typed errors instead of generic exceptions
2026-10-08T19:12:19.6606613Z ok 268 - invalid task schema and origin return typed errors instead of generic exceptions
2026-10-08T19:12:19.6607349Z   ---
2026-10-08T19:12:19.6607678Z   duration_ms: 1.644576
2026-10-08T19:12:19.6608072Z   type: 'test'
2026-10-08T19:12:19.6608474Z   ...
2026-10-08T19:12:19.6609650Z # Subtest: entering Sidebar task views reads external installations without executing and preserves unchanged form inputs
2026-10-08T19:12:19.6611582Z ok 269 - entering Sidebar task views reads external installations without executing and preserves unchanged form inputs
2026-10-08T19:12:19.6612520Z   ---
2026-10-08T19:12:19.6612880Z   duration_ms: 27.333565
2026-10-08T19:12:19.6613297Z   type: 'test'
2026-10-08T19:12:19.6613642Z   ...
2026-10-08T19:12:19.6614577Z # Subtest: installed tasks default page, render schema form and freeze the exact saved version/params/target
2026-10-08T19:12:19.6616077Z ok 270 - installed tasks default page, render schema form and freeze the exact saved version/params/target
2026-10-08T19:12:19.6616910Z   ---
2026-10-08T19:12:19.6617233Z   duration_ms: 21.519967
2026-10-08T19:12:19.6617652Z   type: 'test'
2026-10-08T19:12:19.6617970Z   ...
2026-10-08T19:12:19.6618716Z # Subtest: installed task can be explicitly forked into an independent unsaved editor draft
2026-10-08T19:12:19.6619865Z ok 271 - installed task can be explicitly forked into an independent unsaved editor draft
2026-10-08T19:12:19.6620990Z   ---
2026-10-08T19:12:19.6621381Z   duration_ms: 8.251106
2026-10-08T19:12:19.6621821Z   type: 'test'
2026-10-08T19:12:19.6622215Z   ...
2026-10-08T19:12:19.6623003Z # Subtest: task Stop cannot cancel another view's in-flight draft; parameter form never navigates
2026-10-08T19:12:19.6624144Z ok 272 - task Stop cannot cancel another view's in-flight draft; parameter form never navigates
2026-10-08T19:12:19.6624846Z   ---
2026-10-08T19:12:19.6625159Z   duration_ms: 6.7086
2026-10-08T19:12:19.6625539Z   type: 'test'
2026-10-08T19:12:19.6625870Z   ...
2026-10-08T19:12:19.6626507Z # Subtest: installed task refuses stale target after async installed-version lookup
2026-10-08T19:12:19.6627540Z ok 273 - installed task refuses stale target after async installed-version lookup
2026-10-08T19:12:19.6628160Z   ---
2026-10-08T19:12:19.6628453Z   duration_ms: 8.237911
2026-10-08T19:12:19.6628787Z   type: 'test'
2026-10-08T19:12:19.6629092Z   ...
2026-10-08T19:12:19.6629795Z # Subtest: task cards retain readable selection and do not surface raw IDs as the main UI
2026-10-08T19:12:19.6631134Z ok 274 - task cards retain readable selection and do not surface raw IDs as the main UI
2026-10-08T19:12:19.6631821Z   ---
2026-10-08T19:12:19.6632137Z   duration_ms: 4.145585
2026-10-08T19:12:19.6632511Z   type: 'test'
2026-10-08T19:12:19.6632829Z   ...
2026-10-08T19:12:19.6633784Z # Subtest: Sidebar Discover searches installed tasks only and selects a task without running or opening the catalog
2026-10-08T19:12:19.6635253Z ok 275 - Sidebar Discover searches installed tasks only and selects a task without running or opening the catalog
2026-10-08T19:12:19.6636078Z   ---
2026-10-08T19:12:19.6636403Z   duration_ms: 12.246539
2026-10-08T19:12:19.6636775Z   type: 'test'
2026-10-08T19:12:19.6637079Z   ...
2026-10-08T19:12:19.6637803Z # Subtest: Discover filter controls are real view filters and cannot start another run
2026-10-08T19:12:19.6638894Z ok 276 - Discover filter controls are real view filters and cannot start another run
2026-10-08T19:12:19.6639560Z   ---
2026-10-08T19:12:19.6639877Z   duration_ms: 10.120493
2026-10-08T19:12:19.6640413Z   type: 'test'
2026-10-08T19:12:19.6640745Z   ...
2026-10-08T19:12:19.6641753Z # Subtest: opening the separate full-size catalog preserves its import and management view
2026-10-08T19:12:19.6642974Z ok 277 - opening the separate full-size catalog preserves its import and management view
2026-10-08T19:12:19.6643672Z   ---
2026-10-08T19:12:19.6643980Z   duration_ms: 3.489939
2026-10-08T19:12:19.6644333Z   type: 'test'
2026-10-08T19:12:19.6644637Z   ...
2026-10-08T19:12:19.6645520Z # Subtest: full-size catalog keeps its own reader after real install and re-reads the single Task Catalog state
2026-10-08T19:12:19.6646932Z ok 278 - full-size catalog keeps its own reader after real install and re-reads the single Task Catalog state
2026-10-08T19:12:19.6647708Z   ---
2026-10-08T19:12:19.6648007Z   duration_ms: 7.518094
2026-10-08T19:12:19.6648380Z   type: 'test'
2026-10-08T19:12:19.6648705Z   ...
2026-10-08T19:12:19.6649485Z # Subtest: idle Discover has no fixed footer and inline import still opens the authenticated catalog
2026-10-08T19:12:19.6650897Z ok 279 - idle Discover has no fixed footer and inline import still opens the authenticated catalog
2026-10-08T19:12:19.6651662Z   ---
2026-10-08T19:12:19.6652028Z   duration_ms: 12.571368
2026-10-08T19:12:19.6652391Z   type: 'test'
2026-10-08T19:12:19.6652751Z   ...
2026-10-08T19:12:19.6653337Z # Subtest: R5 result/history stay out of sight until a task has runs
2026-10-08T19:12:19.6653964Z ok 280 - R5 result/history stay out of sight until a task has runs
2026-10-08T19:12:19.6654304Z   ---
2026-10-08T19:12:19.6654498Z   duration_ms: 8.906649
2026-10-08T19:12:19.6654720Z   type: 'test'
2026-10-08T19:12:19.6655035Z   ...
2026-10-08T19:12:19.6655861Z # Subtest: card view retains original action identities, history and parameter form across tab changes
2026-10-08T19:12:19.6657183Z ok 281 - card view retains original action identities, history and parameter form across tab changes
2026-10-08T19:12:19.6658268Z   ---
2026-10-08T19:12:19.6658624Z   duration_ms: 11.009697
2026-10-08T19:12:19.6659036Z   type: 'test'
2026-10-08T19:12:19.6659390Z   ...
2026-10-08T19:12:19.6660560Z # Subtest: switching between two installed tasks preserves each independent unsaved parameter input
2026-10-08T19:12:19.6661943Z ok 282 - switching between two installed tasks preserves each independent unsaved parameter input
2026-10-08T19:12:19.6662729Z   ---
2026-10-08T19:12:19.6663082Z   duration_ms: 5.495691
2026-10-08T19:12:19.6663461Z   type: 'test'
2026-10-08T19:12:19.6663807Z   ...
2026-10-08T19:12:19.6664403Z # Subtest: R6 accessible roving tabs support Arrow and Home/End
2026-10-08T19:12:19.6665279Z ok 283 - R6 accessible roving tabs support Arrow and Home/End
2026-10-08T19:12:19.6665806Z   ---
2026-10-08T19:12:19.6666126Z   duration_ms: 4.535364
2026-10-08T19:12:19.6666533Z   type: 'test'
2026-10-08T19:12:19.6666907Z   ...
2026-10-08T19:12:19.6667665Z # Subtest: R6 task card refresh, keyboard selection and Discover handoff restore focus
2026-10-08T19:12:19.6668866Z ok 284 - R6 task card refresh, keyboard selection and Discover handoff restore focus
2026-10-08T19:12:19.6669556Z   ---
2026-10-08T19:12:19.6669930Z   duration_ms: 8.263647
2026-10-08T19:12:19.6670643Z   type: 'test'
2026-10-08T19:12:19.6670969Z   ...
2026-10-08T19:12:19.6671644Z # Subtest: R6 late run start/result cannot become the newly selected task status
2026-10-08T19:12:19.6672701Z ok 285 - R6 late run start/result cannot become the newly selected task status
2026-10-08T19:12:19.6673333Z   ---
2026-10-08T19:12:19.6673687Z   duration_ms: 16.12037
2026-10-08T19:12:19.6674084Z   type: 'test'
2026-10-08T19:12:19.6674413Z   ...
2026-10-08T19:12:19.6675194Z # Subtest: R6 previous-version notices and results do not leak after installed upgrade
2026-10-08T19:12:19.6676390Z ok 286 - R6 previous-version notices and results do not leak after installed upgrade
2026-10-08T19:12:19.6677145Z   ---
2026-10-08T19:12:19.6677506Z   duration_ms: 11.593943
2026-10-08T19:12:19.6677931Z   type: 'test'
2026-10-08T19:12:19.6678293Z   ...
2026-10-08T19:12:19.6679215Z # Subtest: two extension documents share only a refresh hint and re-read authoritative installed state
2026-10-08T19:12:19.6681193Z ok 287 - two extension documents share only a refresh hint and re-read authoritative installed state
2026-10-08T19:12:19.6682091Z   ---
2026-10-08T19:12:19.6682468Z   duration_ms: 61.253484
2026-10-08T19:12:19.6682898Z   type: 'test'
2026-10-08T19:12:19.6683261Z   ...
2026-10-08T19:12:19.6684168Z # Subtest: catalog installation stays in the complete directory and directs running back to Sidebar
2026-10-08T19:12:19.6685531Z ok 288 - catalog installation stays in the complete directory and directs running back to Sidebar
2026-10-08T19:12:19.6686446Z   ---
2026-10-08T19:12:19.6686823Z   duration_ms: 11.293728
2026-10-08T19:12:19.6687238Z   type: 'test'
2026-10-08T19:12:19.6687594Z   ...
2026-10-08T19:12:19.6688485Z # Subtest: catalog JS import hands source to Sidebar and never enters a view with a hidden runner
2026-10-08T19:12:19.6689833Z ok 289 - catalog JS import hands source to Sidebar and never enters a view with a hidden runner
2026-10-08T19:12:19.6690898Z   ---
2026-10-08T19:12:19.6691249Z   duration_ms: 6.147821
2026-10-08T19:12:19.6691653Z   type: 'test'
2026-10-08T19:12:19.6691976Z   ...
2026-10-08T19:12:19.6692786Z # Subtest: missing Sidebar refuses import with an actionable message, without losing the directory
2026-10-08T19:12:19.6694072Z ok 290 - missing Sidebar refuses import with an actionable message, without losing the directory
2026-10-08T19:12:19.6694782Z   ---
2026-10-08T19:12:19.6695084Z   duration_ms: 3.386714
2026-10-08T19:12:19.6695434Z   type: 'test'
2026-10-08T19:12:19.6695732Z   ...
2026-10-08T19:12:19.6696533Z # Subtest: catalog draft transport errors retain their cause instead of claiming Sidebar is missing
2026-10-08T19:12:19.6697842Z ok 291 - catalog draft transport errors retain their cause instead of claiming Sidebar is missing
2026-10-08T19:12:19.6698791Z   ---
2026-10-08T19:12:19.6699091Z   duration_ms: 13.224661
2026-10-08T19:12:19.6699572Z   type: 'test'
2026-10-08T19:12:19.6700019Z   ...
2026-10-08T19:12:19.6701251Z # Subtest: receiving a source-only import selects Sidebar Developer without creating a run
2026-10-08T19:12:19.6702470Z ok 292 - receiving a source-only import selects Sidebar Developer without creating a run
2026-10-08T19:12:19.6703126Z   ---
2026-10-08T19:12:19.6703428Z   duration_ms: 16.02019
2026-10-08T19:12:19.6703786Z   type: 'test'
2026-10-08T19:12:19.6704085Z   ...
2026-10-08T19:12:19.6704810Z # Subtest: R6.1 task-owned Stop is the sole cross-view action and names the launching task
2026-10-08T19:12:19.6705839Z ok 293 - R6.1 task-owned Stop is the sole cross-view action and names the launching task
2026-10-08T19:12:19.6706499Z   ---
2026-10-08T19:12:19.6706817Z   duration_ms: 19.573388
2026-10-08T19:12:19.6707170Z   type: 'test'
2026-10-08T19:12:19.6707475Z   ...
2026-10-08T19:12:19.6708125Z # Subtest: R6.1 a draft-owned run exposes only its Stop when viewing Tasks or Discover
2026-10-08T19:12:19.6709133Z ok 294 - R6.1 a draft-owned run exposes only its Stop when viewing Tasks or Discover
2026-10-08T19:12:19.6709778Z   ---
2026-10-08T19:12:19.6710112Z   duration_ms: 6.279668
2026-10-08T19:12:19.6710751Z   type: 'test'
2026-10-08T19:12:19.6711069Z   ...
2026-10-08T19:12:19.6711774Z # Subtest: R6.1 stop-only footer CSS hides all non-owner actions without hiding Stop
2026-10-08T19:12:19.6712820Z ok 295 - R6.1 stop-only footer CSS hides all non-owner actions without hiding Stop
2026-10-08T19:12:19.6713458Z   ---
2026-10-08T19:12:19.6713780Z   duration_ms: 3.024488
2026-10-08T19:12:19.6714137Z   type: 'test'
2026-10-08T19:12:19.6714450Z   ...
2026-10-08T19:12:19.6715346Z # Subtest: catalog project JSON import validates snapshots and hands frozen bytes to Sidebar without running
2026-10-08T19:12:19.6716808Z not ok 296 - catalog project JSON import validates snapshots and hands frozen bytes to Sidebar without running
2026-10-08T19:12:19.6717647Z   ---
2026-10-08T19:12:19.6717963Z   duration_ms: 12.026977
2026-10-08T19:12:19.6718334Z   type: 'test'
2026-10-08T19:12:19.6719437Z   location: '/home/runner/work/opendesk-browser/opendesk-browser/tests/environment/task-workbench.test.mjs:522:1'
2026-10-08T19:12:19.6720601Z   failureType: 'testCodeFailure'
2026-10-08T19:12:19.6721059Z   error: |-
2026-10-08T19:12:19.6721486Z     Expected values to be strictly deep-equal:
2026-10-08T19:12:19.6721984Z     + actual - expected
2026-10-08T19:12:19.6722339Z     
2026-10-08T19:12:19.6722626Z     + []
2026-10-08T19:12:19.6722924Z     - [
2026-10-08T19:12:19.6723223Z     -   {
2026-10-08T19:12:19.6723546Z     -     draft: {
2026-10-08T19:12:19.6723892Z     -       authoring: {
2026-10-08T19:12:19.6724260Z     -         files: [
2026-10-08T19:12:19.6724616Z     -           {
2026-10-08T19:12:19.6725062Z     -             path: 'src/main.js',
2026-10-08T19:12:19.6725852Z     -             sha256: 'ee745b4398008171685d7ae5bc688de5cf737a9d306c27d9792fdd7acd5c02d8',
2026-10-08T19:12:19.6726790Z     -             sourceUtf8: "import {answer} from './answer.js';\n" +
2026-10-08T19:12:19.6727546Z     -               'export default async function main(){return answer;}'
2026-10-08T19:12:19.6728122Z     -           },
2026-10-08T19:12:19.6728453Z     -           {
2026-10-08T19:12:19.6728826Z     -             path: 'src/answer.js',
2026-10-08T19:12:19.6729564Z     -             sha256: '60c18ece279796fe2933aa6b5a4641d89838ea3bcf3459445d349a6e15b2d5eb',
2026-10-08T19:12:19.6730547Z     -             sourceUtf8: 'export const answer=42;'
2026-10-08T19:12:19.6731030Z     -           }
2026-10-08T19:12:19.6731345Z     -         ]
2026-10-08T19:12:19.6731670Z     -       },
2026-10-08T19:12:19.6731975Z     -       build: {
2026-10-08T19:12:19.6732349Z     -         byteLength: 121,
2026-10-08T19:12:19.6732778Z     -         mode: 'development',
2026-10-08T19:12:19.6733536Z     -         sourceHash: '1e0ccb6b53c8b34d9ca9b560a4d627e048603454c6aa8435ff8a29d709221bba'
2026-10-08T19:12:19.6734395Z     -       },
2026-10-08T19:12:19.6734809Z     -       format: 'opendesk.program-draft.v1',
2026-10-08T19:12:19.6735305Z     -       project: {
2026-10-08T19:12:19.6735713Z     -         entry: 'src/main.js',
2026-10-08T19:12:19.6736191Z     -         id: 'test-project',
2026-10-08T19:12:19.6736647Z     -         version: '1.0.0'
2026-10-08T19:12:19.6737021Z     -       },
2026-10-08T19:12:19.6737452Z     -       runtimeKind: 'controller',
2026-10-08T19:12:19.6738132Z     -       sourceUtf8: 'var __opendeskProjectModule={default:async()=>42};\n' +
2026-10-08T19:12:19.6739025Z     -         'async function main(){return await __opendeskProjectModule.default();}'
2026-10-08T19:12:19.6739668Z     -     },
2026-10-08T19:12:19.6740107Z     -     protocol: 'opendesk.sidebar.draft-import.v1'
2026-10-08T19:12:19.6740812Z     -   }
2026-10-08T19:12:19.6741115Z     - ]
2026-10-08T19:12:19.6741407Z     
2026-10-08T19:12:19.6741729Z   code: 'ERR_ASSERTION'
2026-10-08T19:12:19.6742083Z   name: 'AssertionError'
2026-10-08T19:12:19.6742427Z   expected:
2026-10-08T19:12:19.6742719Z     0:
2026-10-08T19:12:19.6743133Z       protocol: 'opendesk.sidebar.draft-import.v1'
2026-10-08T19:12:19.6743629Z       draft:
2026-10-08T19:12:19.6744055Z         format: 'opendesk.program-draft.v1'
2026-10-08T19:12:19.6744586Z         runtimeKind: 'controller'
2026-10-08T19:12:19.6745001Z         project:
2026-10-08T19:12:19.6745349Z           id: 'test-project'
2026-10-08T19:12:19.6745740Z           version: '1.0.0'
2026-10-08T19:12:19.6746132Z           entry: 'src/main.js'
2026-10-08T19:12:19.6746513Z         sourceUtf8: |-
2026-10-08T19:12:19.6746997Z           var __opendeskProjectModule={default:async()=>42};
2026-10-08T19:12:19.6747761Z           async function main(){return await __opendeskProjectModule.default();}
2026-10-08T19:12:19.6748369Z         build:
2026-10-08T19:12:19.6748708Z           mode: 'development'
2026-10-08T19:12:19.6749464Z           sourceHash: '1e0ccb6b53c8b34d9ca9b560a4d627e048603454c6aa8435ff8a29d709221bba'
2026-10-08T19:12:19.6750191Z           byteLength: 121
2026-10-08T19:12:19.6750791Z         authoring:
2026-10-08T19:12:19.6751126Z           files:
2026-10-08T19:12:19.6751458Z             0:
2026-10-08T19:12:19.6752044Z               path: 'src/main.js'
2026-10-08T19:12:19.6752495Z               sourceUtf8: |-
2026-10-08T19:12:19.6752954Z                 import {answer} from './answer.js';
2026-10-08T19:12:19.6753640Z                 export default async function main(){return answer;}
2026-10-08T19:12:19.6754535Z               sha256: 'ee745b4398008171685d7ae5bc688de5cf737a9d306c27d9792fdd7acd5c02d8'
2026-10-08T19:12:19.6755007Z             1:
2026-10-08T19:12:19.6755256Z               path: 'src/answer.js'
2026-10-08T19:12:19.6755582Z               sourceUtf8: 'export const answer=42;'
2026-10-08T19:12:19.6756041Z               sha256: '60c18ece279796fe2933aa6b5a4641d89838ea3bcf3459445d349a6e15b2d5eb'
2026-10-08T19:12:19.6756445Z   actual:
2026-10-08T19:12:19.6756663Z   operator: 'deepStrictEqual'
2026-10-08T19:12:19.6756909Z   stack: |-
2026-10-08T19:12:19.6758187Z     TestContext.<anonymous> (file:///home/runner/work/opendesk-browser/opendesk-browser/tests/environment/task-workbench.test.mjs:528:10)
2026-10-08T19:12:19.6759433Z     async Test.run (node:internal/test_runner/test:1054:7)
2026-10-08T19:12:19.6759945Z     async Test.processPendingSubtests (node:internal/test_runner/test:744:7)
2026-10-08T19:12:19.6760612Z   ...
2026-10-08T19:12:19.6761152Z # Subtest: catalog rejects a changed project snapshot before handoff and permits reselecting the file
2026-10-08T19:12:19.6761932Z ok 297 - catalog rejects a changed project snapshot before handoff and permits reselecting the file
2026-10-08T19:12:19.6762390Z   ---
2026-10-08T19:12:19.6762592Z   duration_ms: 6.046672
2026-10-08T19:12:19.6762818Z   type: 'test'
2026-10-08T19:12:19.6763010Z   ...
2026-10-08T19:12:19.6763903Z # Subtest: real manager → approval → preview executes two ordered sources, reuses draft locks offline, and rechecks new GM grants
2026-10-08T19:12:19.6765159Z ok 298 - real manager → approval → preview executes two ordered sources, reuses draft locks offline, and rechecks new GM grants
2026-10-08T19:12:19.6765695Z   ---
2026-10-08T19:12:19.6765919Z   duration_ms: 91.026033
2026-10-08T19:12:19.6766155Z   type: 'test'
2026-10-08T19:12:19.6766347Z   ...
2026-10-08T19:12:19.6766945Z # Subtest: classic top-level const runs repeatedly in fresh worlds; trailing comments and ASI do not consume the next source
2026-10-08T19:12:19.6767880Z ok 299 - classic top-level const runs repeatedly in fresh worlds; trailing comments and ASI do not consume the next source
2026-10-08T19:12:19.6768400Z   ---
2026-10-08T19:12:19.6768598Z   duration_ms: 32.035899
2026-10-08T19:12:19.6768821Z   type: 'test'
2026-10-08T19:12:19.6769008Z   ...
2026-10-08T19:12:19.6769501Z # Subtest: a synchronous dependency failure prevents later libraries and the consumer from executing
2026-10-08T19:12:19.6770501Z ok 300 - a synchronous dependency failure prevents later libraries and the consumer from executing
2026-10-08T19:12:19.6771108Z   ---
2026-10-08T19:12:19.6771308Z   duration_ms: 57.480013
2026-10-08T19:12:19.6771550Z   type: 'test'
2026-10-08T19:12:19.6771742Z   ...
2026-10-08T19:12:19.6772265Z # Subtest: an absent user main cannot fall back to a dependency global main or an async-main-looking comment
2026-10-08T19:12:19.6773062Z ok 301 - an absent user main cannot fall back to a dependency global main or an async-main-looking comment
2026-10-08T19:12:19.6773519Z   ---
2026-10-08T19:12:19.6773709Z   duration_ms: 22.24745
2026-10-08T19:12:19.6773932Z   type: 'test'
2026-10-08T19:12:19.6774119Z   ...
2026-10-08T19:12:19.6774724Z # Subtest: simulated Chromium named-world exhaustion falls back to default, fails the isolation probe, and injects no user code
2026-10-08T19:12:19.6775683Z ok 302 - simulated Chromium named-world exhaustion falls back to default, fails the isolation probe, and injects no user code
2026-10-08T19:12:19.6776218Z   ---
2026-10-08T19:12:19.6776407Z   duration_ms: 15.768396
2026-10-08T19:12:19.6776627Z   type: 'test'
2026-10-08T19:12:19.6776819Z   ...
2026-10-08T19:12:19.6777624Z # Subtest: document budget survives service restart and navigation cleanup; closing a tab releases the ledger even when the API is disabled
2026-10-08T19:12:19.6778682Z ok 303 - document budget survives service restart and navigation cleanup; closing a tab releases the ledger even when the API is disabled
2026-10-08T19:12:19.6779256Z   ---
2026-10-08T19:12:19.6779449Z   duration_ms: 84.742565
2026-10-08T19:12:19.6779673Z   type: 'test'
2026-10-08T19:12:19.6779869Z   ...
2026-10-08T19:12:19.6780044Z 1..303
2026-10-08T19:12:19.6780228Z # tests 303
2026-10-08T19:12:19.6780669Z # suites 0
2026-10-08T19:12:19.6780858Z # pass 297
2026-10-08T19:12:19.6781044Z # fail 1
2026-10-08T19:12:19.6781225Z # cancelled 0
2026-10-08T19:12:19.6781424Z # skipped 5
2026-10-08T19:12:19.6781608Z # todo 0
2026-10-08T19:12:19.6781823Z # duration_ms 7485.390768
2026-10-08T19:12:19.6795329Z ##[error]Process completed with exit code 1.
2026-10-08T19:12:19.6939272Z Post job cleanup.
2026-10-08T19:12:19.7814261Z [command]/usr/bin/git version
2026-10-08T19:12:19.7859418Z git version 2.55.0
2026-10-08T19:12:19.7903779Z Temporarily overriding HOME='/home/runner/work/_temp/0d5eb0b5-170c-4471-9bcc-2bf1f6b25a0b' before making global git config changes
2026-10-08T19:12:19.7905282Z Adding repository directory to the temporary git global config as a safe directory
2026-10-08T19:12:19.7909903Z [command]/usr/bin/git config --global --add safe.directory /home/runner/work/opendesk-browser/opendesk-browser
2026-10-08T19:12:19.7953039Z [command]/usr/bin/git config --local --name-only --get-regexp core\.sshCommand
2026-10-08T19:12:19.7989672Z [command]/usr/bin/git submodule foreach --recursive sh -c "git config --local --name-only --get-regexp 'core\.sshCommand' && git config --local --unset-all 'core.sshCommand' || :"
2026-10-08T19:12:19.8274346Z [command]/usr/bin/git config --local --name-only --get-regexp http\.https\:\/\/github\.com\/\.extraheader
2026-10-08T19:12:19.8307850Z http.https://github.com/.extraheader
2026-10-08T19:12:19.8320064Z [command]/usr/bin/git config --local --unset-all http.https://github.com/.extraheader
2026-10-08T19:12:19.8360195Z [command]/usr/bin/git submodule foreach --recursive sh -c "git config --local --name-only --get-regexp 'http\.https\:\/\/github\.com\/\.extraheader' && git config --local --unset-all 'http.https://github.com/.extraheader' || :"
2026-10-08T19:12:19.8646991Z [command]/usr/bin/git config --local --name-only --get-regexp ^includeIf\.gitdir:
2026-10-08T19:12:19.8694261Z [command]/usr/bin/git submodule foreach --recursive git config --local --show-origin --name-only --get-regexp remote.origin.url
2026-10-08T19:12:19.9112469Z Cleaning up orphan processes
2026-10-08T19:12:19.9448484Z ##[warning]Node.js 20 is deprecated. The following actions target Node.js 20 but are being forced to run on Node.js 24: actions/checkout@v4, actions/setup-node@v4. For more information see: https://github.blog/changelog/2025-09-19-deprecation-of-node-20-on-github-actions-runners/

