2026-10-08T17:04:40.4578773Z Current runner version: '2.337.0'
2026-10-08T17:04:40.4610373Z ##[group]Runner Image Provisioner
2026-10-08T17:04:40.4611293Z Hosted Compute Agent
2026-10-08T17:04:40.4611891Z Version: 20261002.596
2026-10-08T17:04:40.4612610Z Commit: c3d12f3313a95f25162a1503be624f3b0617f8c0
2026-10-08T17:04:40.4613347Z Build Date: 2026-10-02T22:28:27Z
2026-10-08T17:04:40.4614093Z Worker ID: {96f1700a-6a8c-4026-8088-10612e00cb9c}
2026-10-08T17:04:40.4615121Z Region: northcentralus
2026-10-08T17:04:40.4615713Z Cloud: Azure
2026-10-08T17:04:40.4616323Z ##[endgroup]
2026-10-08T17:04:40.4617710Z ##[group]Operating System
2026-10-08T17:04:40.4618433Z Ubuntu
2026-10-08T17:04:40.4619111Z 24.04.5
2026-10-08T17:04:40.4619648Z LTS
2026-10-08T17:04:40.4620234Z ##[endgroup]
2026-10-08T17:04:40.4620815Z ##[group]Runner Image
2026-10-08T17:04:40.4621458Z Image: ubuntu-24.04
2026-10-08T17:04:40.4622112Z Version: 20261004.327.1
2026-10-08T17:04:40.4623397Z Included Software: https://github.com/actions/runner-images/blob/ubuntu24/20261004.327/images/ubuntu/Ubuntu2404-Readme.md
2026-10-08T17:04:40.4625245Z Image Release: https://github.com/actions/runner-images/releases/tag/ubuntu24%2F20261004.327
2026-10-08T17:04:40.4626294Z ##[endgroup]
2026-10-08T17:04:40.4627548Z ##[group]GITHUB_TOKEN Permissions
2026-10-08T17:04:40.4629452Z Contents: read
2026-10-08T17:04:40.4630194Z Metadata: read
2026-10-08T17:04:40.4630809Z ##[endgroup]
2026-10-08T17:04:40.4632890Z Secret source: Actions
2026-10-08T17:04:40.4633895Z Cache mode: write
2026-10-08T17:04:40.4634904Z Prepare workflow directory
2026-10-08T17:04:40.4976911Z Prepare all required actions
2026-10-08T17:04:40.5024371Z Getting action download info
2026-10-08T17:04:40.7392153Z Download action repository 'actions/checkout@v4' (SHA:11d5960a326750d5838078e36cf38b85af677262)
2026-10-08T17:04:40.8162379Z Download action repository 'actions/setup-node@v4' (SHA:49933ea5288caeca8642d1e84afbd3f7d6820020)
2026-10-08T17:04:41.0064272Z Complete job name: bridge-components
2026-10-08T17:04:41.0837182Z ##[group]Run actions/checkout@v4
2026-10-08T17:04:41.0838015Z with:
2026-10-08T17:04:41.0838492Z   repository: shopable-ai/opendesk-browser
2026-10-08T17:04:41.0842561Z   token: ***
2026-10-08T17:04:41.0843001Z   ssh-strict: true
2026-10-08T17:04:41.0843442Z   ssh-user: git
2026-10-08T17:04:41.0843894Z   persist-credentials: true
2026-10-08T17:04:41.0844374Z   clean: true
2026-10-08T17:04:41.0845011Z   sparse-checkout-cone-mode: true
2026-10-08T17:04:41.0845527Z   fetch-depth: 1
2026-10-08T17:04:41.0845962Z   fetch-tags: false
2026-10-08T17:04:41.0846392Z   show-progress: true
2026-10-08T17:04:41.0846828Z   lfs: false
2026-10-08T17:04:41.0847234Z   submodules: false
2026-10-08T17:04:41.0847670Z   set-safe-directory: true
2026-10-08T17:04:41.0848159Z   allow-unsafe-pr-checkout: false
2026-10-08T17:04:41.0848937Z ##[endgroup]
2026-10-08T17:04:41.1876529Z Syncing repository: shopable-ai/opendesk-browser
2026-10-08T17:04:41.1879008Z ##[group]Getting Git version info
2026-10-08T17:04:41.1880322Z Working directory is '/home/runner/work/opendesk-browser/opendesk-browser'
2026-10-08T17:04:41.1882112Z [command]/usr/bin/git version
2026-10-08T17:04:41.1903433Z git version 2.55.0
2026-10-08T17:04:41.1922786Z ##[endgroup]
2026-10-08T17:04:41.1936925Z Temporarily overriding HOME='/home/runner/work/_temp/14ad4c85-3c01-4fb2-9ee7-39b296eaf233' before making global git config changes
2026-10-08T17:04:41.1939223Z Adding repository directory to the temporary git global config as a safe directory
2026-10-08T17:04:41.1941756Z [command]/usr/bin/git config --global --add safe.directory /home/runner/work/opendesk-browser/opendesk-browser
2026-10-08T17:04:41.1985573Z Deleting the contents of '/home/runner/work/opendesk-browser/opendesk-browser'
2026-10-08T17:04:41.1989656Z ##[group]Initializing the repository
2026-10-08T17:04:41.1993546Z [command]/usr/bin/git init /home/runner/work/opendesk-browser/opendesk-browser
2026-10-08T17:04:41.2079167Z hint: Using 'master' as the name for the initial branch. This default branch name
2026-10-08T17:04:41.2081392Z hint: will change to "main" in Git 3.0. To configure the initial branch name
2026-10-08T17:04:41.2083175Z hint: to use in all of your new repositories, which will suppress this warning,
2026-10-08T17:04:41.2085087Z hint: call:
2026-10-08T17:04:41.2086221Z hint:
2026-10-08T17:04:41.2087195Z hint: 	git config --global init.defaultBranch <name>
2026-10-08T17:04:41.2087904Z hint:
2026-10-08T17:04:41.2088493Z hint: Names commonly chosen instead of 'master' are 'main', 'trunk' and
2026-10-08T17:04:41.2089424Z hint: 'development'. The just-created branch can be renamed via this command:
2026-10-08T17:04:41.2090157Z hint:
2026-10-08T17:04:41.2090575Z hint: 	git branch -m <name>
2026-10-08T17:04:41.2091061Z hint:
2026-10-08T17:04:41.2091677Z hint: Disable this message with "git config set advice.defaultBranchName false"
2026-10-08T17:04:41.2092743Z Initialized empty Git repository in /home/runner/work/opendesk-browser/opendesk-browser/.git/
2026-10-08T17:04:41.2096713Z [command]/usr/bin/git remote add origin https://github.com/shopable-ai/opendesk-browser
2026-10-08T17:04:41.2149836Z ##[endgroup]
2026-10-08T17:04:41.2151075Z ##[group]Disabling automatic garbage collection
2026-10-08T17:04:41.2152471Z [command]/usr/bin/git config --local gc.auto 0
2026-10-08T17:04:41.2180802Z ##[endgroup]
2026-10-08T17:04:41.2181933Z ##[group]Setting up auth
2026-10-08T17:04:41.2190459Z [command]/usr/bin/git config --local --name-only --get-regexp core\.sshCommand
2026-10-08T17:04:41.2224310Z [command]/usr/bin/git submodule foreach --recursive sh -c "git config --local --name-only --get-regexp 'core\.sshCommand' && git config --local --unset-all 'core.sshCommand' || :"
2026-10-08T17:04:41.2574521Z [command]/usr/bin/git config --local --name-only --get-regexp http\.https\:\/\/github\.com\/\.extraheader
2026-10-08T17:04:41.2614181Z [command]/usr/bin/git submodule foreach --recursive sh -c "git config --local --name-only --get-regexp 'http\.https\:\/\/github\.com\/\.extraheader' && git config --local --unset-all 'http.https://github.com/.extraheader' || :"
2026-10-08T17:04:41.2870334Z [command]/usr/bin/git config --local --name-only --get-regexp ^includeIf\.gitdir:
2026-10-08T17:04:41.2908807Z [command]/usr/bin/git submodule foreach --recursive git config --local --show-origin --name-only --get-regexp remote.origin.url
2026-10-08T17:04:41.3148736Z [command]/usr/bin/git config --local http.https://github.com/.extraheader AUTHORIZATION: basic ***
2026-10-08T17:04:41.3190199Z ##[endgroup]
2026-10-08T17:04:41.3191148Z ##[group]Fetching the repository
2026-10-08T17:04:41.3200216Z [command]/usr/bin/git -c protocol.version=2 fetch --no-tags --prune --no-recurse-submodules --depth=1 origin +33a551a6f1d308e7c9593bfa5ee8b1baf5fad2fd:refs/remotes/origin/agent/native-agent-bridge-r1-20261008
2026-10-08T17:04:44.3191645Z From https://github.com/shopable-ai/opendesk-browser
2026-10-08T17:04:44.3194261Z  * [new ref]         33a551a6f1d308e7c9593bfa5ee8b1baf5fad2fd -> origin/agent/native-agent-bridge-r1-20261008
2026-10-08T17:04:44.3199623Z ##[endgroup]
2026-10-08T17:04:44.3201561Z ##[group]Determining the checkout info
2026-10-08T17:04:44.3203580Z ##[endgroup]
2026-10-08T17:04:44.3206982Z [command]/usr/bin/git sparse-checkout disable
2026-10-08T17:04:44.3265889Z [command]/usr/bin/git config --local --unset-all extensions.worktreeConfig
2026-10-08T17:04:44.3299421Z ##[group]Checking out the ref
2026-10-08T17:04:44.3303384Z [command]/usr/bin/git checkout --progress --force -B agent/native-agent-bridge-r1-20261008 refs/remotes/origin/agent/native-agent-bridge-r1-20261008
2026-10-08T17:04:45.3568273Z Updating files:  65% (8462/12896)
2026-10-08T17:04:45.3638874Z Updating files:  66% (8512/12896)
2026-10-08T17:04:45.3696729Z Updating files:  67% (8641/12896)
2026-10-08T17:04:45.3772299Z Updating files:  68% (8770/12896)
2026-10-08T17:04:45.3907934Z Updating files:  69% (8899/12896)
2026-10-08T17:04:45.3979776Z Updating files:  70% (9028/12896)
2026-10-08T17:04:45.4025357Z Updating files:  71% (9157/12896)
2026-10-08T17:04:45.4180370Z Updating files:  72% (9286/12896)
2026-10-08T17:04:45.4254232Z Updating files:  73% (9415/12896)
2026-10-08T17:04:45.4308650Z Updating files:  74% (9544/12896)
2026-10-08T17:04:45.4438450Z Updating files:  75% (9672/12896)
2026-10-08T17:04:45.4527474Z Updating files:  76% (9801/12896)
2026-10-08T17:04:45.4590313Z Updating files:  77% (9930/12896)
2026-10-08T17:04:45.4684200Z Updating files:  78% (10059/12896)
2026-10-08T17:04:45.4866723Z Updating files:  79% (10188/12896)
2026-10-08T17:04:45.4946541Z Updating files:  80% (10317/12896)
2026-10-08T17:04:45.4992129Z Updating files:  81% (10446/12896)
2026-10-08T17:04:45.5146899Z Updating files:  82% (10575/12896)
2026-10-08T17:04:45.5221093Z Updating files:  83% (10704/12896)
2026-10-08T17:04:45.5276557Z Updating files:  84% (10833/12896)
2026-10-08T17:04:45.5372830Z Updating files:  85% (10962/12896)
2026-10-08T17:04:45.5486446Z Updating files:  86% (11091/12896)
2026-10-08T17:04:45.5568957Z Updating files:  87% (11220/12896)
2026-10-08T17:04:45.5786214Z Updating files:  88% (11349/12896)
2026-10-08T17:04:45.6168997Z Updating files:  89% (11478/12896)
2026-10-08T17:04:45.6355946Z Updating files:  90% (11607/12896)
2026-10-08T17:04:45.6427676Z Updating files:  91% (11736/12896)
2026-10-08T17:04:45.6518019Z Updating files:  92% (11865/12896)
2026-10-08T17:04:45.6874005Z Updating files:  93% (11994/12896)
2026-10-08T17:04:45.7681918Z Updating files:  94% (12123/12896)
2026-10-08T17:04:45.8056652Z Updating files:  95% (12252/12896)
2026-10-08T17:04:45.8747760Z Updating files:  96% (12381/12896)
2026-10-08T17:04:45.9343339Z Updating files:  97% (12510/12896)
2026-10-08T17:04:46.0109015Z Updating files:  98% (12639/12896)
2026-10-08T17:04:46.0466985Z Updating files:  99% (12768/12896)
2026-10-08T17:04:46.0467933Z Updating files: 100% (12896/12896)
2026-10-08T17:04:46.0468646Z Updating files: 100% (12896/12896), done.
2026-10-08T17:04:46.0685988Z Switched to a new branch 'agent/native-agent-bridge-r1-20261008'
2026-10-08T17:04:46.1087140Z branch 'agent/native-agent-bridge-r1-20261008' set up to track 'origin/agent/native-agent-bridge-r1-20261008'.
2026-10-08T17:04:46.1140612Z ##[endgroup]
2026-10-08T17:04:46.2193023Z [command]/usr/bin/git log -1 --format=%H
2026-10-08T17:04:46.2226516Z 33a551a6f1d308e7c9593bfa5ee8b1baf5fad2fd
2026-10-08T17:04:46.2576888Z ##[group]Run actions/setup-node@v4
2026-10-08T17:04:46.2577174Z with:
2026-10-08T17:04:46.2577380Z   node-version: 22
2026-10-08T17:04:46.2577592Z   cache: npm
2026-10-08T17:04:46.2577803Z   always-auth: false
2026-10-08T17:04:46.2578021Z   check-latest: false
2026-10-08T17:04:46.2580496Z   token: ***
2026-10-08T17:04:46.2580701Z ##[endgroup]
2026-10-08T17:04:46.3971321Z Found in cache @ /opt/hostedtoolcache/node/22.23.3/x64
2026-10-08T17:04:46.3976682Z (node:2303) [DEP0040] DeprecationWarning: The `punycode` module is deprecated. Please use a userland alternative instead.
2026-10-08T17:04:46.3977856Z (Use `node --trace-deprecation ...` to show where the warning was created)
2026-10-08T17:04:46.3979587Z ##[group]Environment details
2026-10-08T17:04:46.7282855Z node: v22.23.3
2026-10-08T17:04:46.7283225Z npm: 10.9.9
2026-10-08T17:04:46.7283536Z yarn: 1.22.22
2026-10-08T17:04:46.7284424Z ##[endgroup]
2026-10-08T17:04:46.7304388Z [command]/opt/hostedtoolcache/node/22.23.3/x64/bin/npm config get cache
2026-10-08T17:04:46.8359277Z /home/runner/.npm
2026-10-08T17:04:46.9696854Z Cache hit for: node-cache-Linux-x64-npm-b8ba1b1e75b534e8b18fa308aa4c06e83b4d486ff426239c6fd9007055bc4cce
2026-10-08T17:04:46.9831726Z (node:2303) [DEP0169] DeprecationWarning: `url.parse()` behavior is not standardized and prone to errors that have security implications. Use the WHATWG URL API instead. CVEs are not issued for `url.parse()` vulnerabilities.
2026-10-08T17:04:47.5859531Z Received 15714701 of 15714701 (100.0%), 29.9 MBs/sec
2026-10-08T17:04:47.5860218Z Cache Size: ~15 MB (15714701 B)
2026-10-08T17:04:47.5885190Z [command]/usr/bin/tar -xf /home/runner/work/_temp/32aa04f7-a033-45b5-805f-229325c69734/cache.tzst -P -C /home/runner/work/opendesk-browser/opendesk-browser --use-compress-program unzstd
2026-10-08T17:04:47.6658904Z Cache restored successfully
2026-10-08T17:04:47.6670707Z Cache restored from key: node-cache-Linux-x64-npm-b8ba1b1e75b534e8b18fa308aa4c06e83b4d486ff426239c6fd9007055bc4cce
2026-10-08T17:04:47.6854010Z ##[group]Run npm ci --ignore-scripts --no-audit --no-fund
2026-10-08T17:04:47.6854504Z [36;1mnpm ci --ignore-scripts --no-audit --no-fund[0m
2026-10-08T17:04:47.7079017Z shell: /usr/bin/bash -e {0}
2026-10-08T17:04:47.7079310Z ##[endgroup]
2026-10-08T17:04:49.7149382Z 
2026-10-08T17:04:49.7159138Z added 240 packages in 2s
2026-10-08T17:04:49.7662751Z ##[group]Run node --test tests/environment/native-agent-wire.test.mjs tests/environment/native-agent-host.test.mjs tests/environment/native-agent-bridge.test.mjs tests/environment/native-agent-native-host.test.mjs tests/environment/native-agent-package.test.mjs tests/environment/compact-schema.test.mjs tests/environment/agent-to-task-fixtures.test.mjs
2026-10-08T17:04:49.7666299Z [36;1mnode --test tests/environment/native-agent-wire.test.mjs tests/environment/native-agent-host.test.mjs tests/environment/native-agent-bridge.test.mjs tests/environment/native-agent-native-host.test.mjs tests/environment/native-agent-package.test.mjs tests/environment/compact-schema.test.mjs tests/environment/agent-to-task-fixtures.test.mjs[0m
2026-10-08T17:04:49.7738340Z shell: /usr/bin/bash -e {0}
2026-10-08T17:04:49.7738618Z ##[endgroup]
2026-10-08T17:04:49.8335399Z TAP version 13
2026-10-08T17:04:49.8740691Z # Subtest: read-only Agent observation draft retains the main R6.2 bounded snapshot contract
2026-10-08T17:04:49.8756319Z ok 1 - read-only Agent observation draft retains the main R6.2 bounded snapshot contract
2026-10-08T17:04:49.8757535Z   ---
2026-10-08T17:04:49.8758378Z   duration_ms: 5.852003
2026-10-08T17:04:49.8759218Z   type: 'test'
2026-10-08T17:04:49.8759895Z   ...
2026-10-08T17:04:49.8826986Z # Subtest: modern Locator Task candidate is exact and immutable, never pre-verified
2026-10-08T17:04:49.8839216Z ok 2 - modern Locator Task candidate is exact and immutable, never pre-verified
2026-10-08T17:04:49.8840216Z   ---
2026-10-08T17:04:49.8840771Z   duration_ms: 9.489436
2026-10-08T17:04:49.8841348Z   type: 'test'
2026-10-08T17:04:49.8841880Z   ...
2026-10-08T17:04:49.9737003Z # Subtest: fixed production protocol Schema uses variable-width LZW and decodes byte-for-byte to the audited object
2026-10-08T17:04:49.9738974Z ok 3 - fixed production protocol Schema uses variable-width LZW and decodes byte-for-byte to the audited object
2026-10-08T17:04:49.9740062Z   ---
2026-10-08T17:04:49.9740511Z   duration_ms: 88.726448
2026-10-08T17:04:49.9741065Z   type: 'test'
2026-10-08T17:04:49.9741534Z   ...
2026-10-08T17:04:49.9742570Z # Subtest: small and non-ASCII schemas still round-trip through existing smaller-of-two-formats selection
2026-10-08T17:04:49.9744260Z ok 4 - small and non-ASCII schemas still round-trip through existing smaller-of-two-formats selection
2026-10-08T17:04:49.9745525Z   ---
2026-10-08T17:04:49.9745998Z   duration_ms: 0.818416
2026-10-08T17:04:49.9746561Z   type: 'test'
2026-10-08T17:04:49.9746996Z   ...
2026-10-08T17:04:49.9876365Z # Subtest: startup permission check cannot reconnect after permission-removed
2026-10-08T17:04:49.9906184Z ok 5 - startup permission check cannot reconnect after permission-removed
2026-10-08T17:04:49.9911883Z   ---
2026-10-08T17:04:49.9912591Z   duration_ms: 9.502165
2026-10-08T17:04:49.9913157Z   type: 'test'
2026-10-08T17:04:49.9913673Z   ...
2026-10-08T17:04:49.9914440Z # Subtest: startup permission check cannot reconnect after dispose
2026-10-08T17:04:49.9915905Z ok 6 - startup permission check cannot reconnect after dispose
2026-10-08T17:04:49.9916701Z   ---
2026-10-08T17:04:49.9917225Z   duration_ms: 1.142678
2026-10-08T17:04:49.9917777Z   type: 'test'
2026-10-08T17:04:49.9918290Z   ...
2026-10-08T17:04:49.9919038Z # Subtest: reserved mutation never dispatches across disable
2026-10-08T17:04:49.9920037Z ok 7 - reserved mutation never dispatches across disable
2026-10-08T17:04:49.9921182Z   ---
2026-10-08T17:04:49.9924241Z   duration_ms: 10.887389
2026-10-08T17:04:49.9925035Z   type: 'test'
2026-10-08T17:04:49.9925648Z   ...
2026-10-08T17:04:49.9926496Z # Subtest: reserved mutation never dispatches across permission-removed
2026-10-08T17:04:49.9927682Z ok 8 - reserved mutation never dispatches across permission-removed
2026-10-08T17:04:49.9928516Z   ---
2026-10-08T17:04:49.9929033Z   duration_ms: 5.840055
2026-10-08T17:04:49.9929596Z   type: 'test'
2026-10-08T17:04:49.9930121Z   ...
2026-10-08T17:04:49.9931320Z # Subtest: reserved mutation never dispatches across disconnect-reconnect
2026-10-08T17:04:49.9932558Z ok 9 - reserved mutation never dispatches across disconnect-reconnect
2026-10-08T17:04:49.9933391Z   ---
2026-10-08T17:04:49.9933909Z   duration_ms: 6.191488
2026-10-08T17:04:49.9947122Z   type: 'test'
2026-10-08T17:04:49.9980428Z   ...
2026-10-08T17:04:49.9989522Z # Subtest: reserved mutation never dispatches across disable-enable
2026-10-08T17:04:49.9990595Z ok 10 - reserved mutation never dispatches across disable-enable
2026-10-08T17:04:49.9991339Z   ---
2026-10-08T17:04:49.9991831Z   duration_ms: 7.072887
2026-10-08T17:04:49.9992378Z   type: 'test'
2026-10-08T17:04:49.9992847Z   ...
2026-10-08T17:04:49.9993544Z # Subtest: reserved mutation never dispatches across dispose
2026-10-08T17:04:49.9994445Z ok 11 - reserved mutation never dispatches across dispose
2026-10-08T17:04:49.9995286Z   ---
2026-10-08T17:04:49.9995752Z   duration_ms: 6.619764
2026-10-08T17:04:49.9996276Z   type: 'test'
2026-10-08T17:04:49.9996747Z   ...
2026-10-08T17:04:49.9997516Z # Subtest: Native permission is rechecked immediately before dispatch
2026-10-08T17:04:49.9998533Z ok 12 - Native permission is rechecked immediately before dispatch
2026-10-08T17:04:49.9999242Z   ---
2026-10-08T17:04:49.9999695Z   duration_ms: 6.042716
2026-10-08T17:04:50.0000216Z   type: 'test'
2026-10-08T17:04:50.0000677Z   ...
2026-10-08T17:04:50.0001641Z # Subtest: a late disconnect from an old Native port cannot cancel a new connection request
2026-10-08T17:04:50.0002893Z ok 13 - a late disconnect from an old Native port cannot cancel a new connection request
2026-10-08T17:04:50.0003681Z   ---
2026-10-08T17:04:50.0004130Z   duration_ms: 12.741618
2026-10-08T17:04:50.0004824Z   type: 'test'
2026-10-08T17:04:50.0005299Z   ...
2026-10-08T17:04:50.0006046Z # Subtest: a pending enable permission check cannot overwrite disable
2026-10-08T17:04:50.0007064Z ok 14 - a pending enable permission check cannot overwrite disable
2026-10-08T17:04:50.0007769Z   ---
2026-10-08T17:04:50.0008237Z   duration_ms: 2.811727
2026-10-08T17:04:50.0008762Z   type: 'test'
2026-10-08T17:04:50.0009223Z   ...
2026-10-08T17:04:50.0010057Z # Subtest: a pending enable permission check cannot overwrite permission-removed
2026-10-08T17:04:50.0011207Z ok 15 - a pending enable permission check cannot overwrite permission-removed
2026-10-08T17:04:50.0011974Z   ---
2026-10-08T17:04:50.0012437Z   duration_ms: 3.774046
2026-10-08T17:04:50.0012957Z   type: 'test'
2026-10-08T17:04:50.0013458Z   ...
2026-10-08T17:04:50.0014325Z # Subtest: a pending enable storage write cannot persist over a newer disable
2026-10-08T17:04:50.0015554Z ok 16 - a pending enable storage write cannot persist over a newer disable
2026-10-08T17:04:50.0016343Z   ---
2026-10-08T17:04:50.0016802Z   duration_ms: 2.314868
2026-10-08T17:04:50.0017303Z   type: 'test'
2026-10-08T17:04:50.0017751Z   ...
2026-10-08T17:04:50.0018676Z # Subtest: an old Host ACK cannot match a new connection read with the same external requestId
2026-10-08T17:04:50.0019933Z ok 17 - an old Host ACK cannot match a new connection read with the same external requestId
2026-10-08T17:04:50.0020747Z   ---
2026-10-08T17:04:50.0021731Z   duration_ms: 16.642403
2026-10-08T17:04:50.0022473Z   type: 'test'
2026-10-08T17:04:50.0023124Z   ...
2026-10-08T17:04:50.0023972Z # Subtest: enabled Native handshake sends version and correct extension identity
2026-10-08T17:04:50.0025489Z ok 18 - enabled Native handshake sends version and correct extension identity
2026-10-08T17:04:50.0026819Z   ---
2026-10-08T17:04:50.0027297Z   duration_ms: 1.529181
2026-10-08T17:04:50.0027827Z   type: 'test'
2026-10-08T17:04:50.0028381Z   ...
2026-10-08T17:04:50.0029387Z # Subtest: default-off requires a packaged Settings sender and real granted Native permission
2026-10-08T17:04:50.0030689Z ok 19 - default-off requires a packaged Settings sender and real granted Native permission
2026-10-08T17:04:50.0031524Z   ---
2026-10-08T17:04:50.0031986Z   duration_ms: 1.948675
2026-10-08T17:04:50.0045156Z   type: 'test'
2026-10-08T17:04:50.0051131Z   ...
2026-10-08T17:04:50.0052276Z # Subtest: request hash journal deduplicates after real Host admission; conflicting bytes fail
2026-10-08T17:04:50.0053745Z ok 20 - request hash journal deduplicates after real Host admission; conflicting bytes fail
2026-10-08T17:04:50.0054899Z   ---
2026-10-08T17:04:50.0069040Z   duration_ms: 11.965054
2026-10-08T17:04:50.0069672Z   type: 'test'
2026-10-08T17:04:50.0070206Z   ...
2026-10-08T17:04:50.0071208Z # Subtest: dispatched but unanswered calls are never retried, even if same id reappears
2026-10-08T17:04:50.0072553Z ok 21 - dispatched but unanswered calls are never retried, even if same id reappears
2026-10-08T17:04:50.0073430Z   ---
2026-10-08T17:04:50.0073952Z   duration_ms: 9.876472
2026-10-08T17:04:50.0091819Z   type: 'test'
2026-10-08T17:04:50.0092491Z   ...
2026-10-08T17:04:50.0093424Z # Subtest: no live registered Host means no run reservation or Worker execution
2026-10-08T17:04:50.0094847Z ok 22 - no live registered Host means no run reservation or Worker execution
2026-10-08T17:04:50.0095693Z   ---
2026-10-08T17:04:50.0096194Z   duration_ms: 2.030316
2026-10-08T17:04:50.0096742Z   type: 'test'
2026-10-08T17:04:50.0097249Z   ...
2026-10-08T17:04:50.0098152Z # Subtest: run.get and run.stop cannot inspect arbitrary Sidebar-owned Run records
2026-10-08T17:04:50.0099333Z ok 23 - run.get and run.stop cannot inspect arbitrary Sidebar-owned Run records
2026-10-08T17:04:50.0100129Z   ---
2026-10-08T17:04:50.0100625Z   duration_ms: 1.910638
2026-10-08T17:04:50.0101156Z   type: 'test'
2026-10-08T17:04:50.0101731Z   ...
2026-10-08T17:04:50.0285972Z # Subtest: ACK journal write failure after Host action remains OUTCOME_UNKNOWN and never replays
2026-10-08T17:04:50.0346148Z ok 24 - ACK journal write failure after Host action remains OUTCOME_UNKNOWN and never replays
2026-10-08T17:04:50.0375327Z   ---
2026-10-08T17:04:50.0391595Z   duration_ms: 16.23018
2026-10-08T17:04:50.0392457Z   type: 'test'
2026-10-08T17:04:50.0393106Z   ...
2026-10-08T17:04:50.0533935Z # Subtest: run.get and run.stop remain pinned to the original authenticated Host registration
2026-10-08T17:04:50.0539282Z ok 25 - run.get and run.stop remain pinned to the original authenticated Host registration
2026-10-08T17:04:50.0540380Z   ---
2026-10-08T17:04:50.0541065Z   duration_ms: 27.722492
2026-10-08T17:04:50.0541781Z   type: 'test'
2026-10-08T17:04:50.0548197Z   ...
2026-10-08T17:04:50.0683042Z # Subtest: current target is live Sidebar snapshot, not active tab chosen by CLI
2026-10-08T17:04:50.0696161Z ok 26 - current target is live Sidebar snapshot, not active tab chosen by CLI
2026-10-08T17:04:50.0697043Z   ---
2026-10-08T17:04:50.0697667Z   duration_ms: 3.472729
2026-10-08T17:04:50.0698317Z   type: 'test'
2026-10-08T17:04:50.0698876Z   ...
2026-10-08T17:04:50.0699965Z # Subtest: external draft uses exact RunHost with frozen borrowed target and controller requestId
2026-10-08T17:04:50.0701610Z ok 27 - external draft uses exact RunHost with frozen borrowed target and controller requestId
2026-10-08T17:04:50.0702657Z   ---
2026-10-08T17:04:50.0703220Z   duration_ms: 1.18503
2026-10-08T17:04:50.0703827Z   type: 'test'
2026-10-08T17:04:50.0704348Z   ...
2026-10-08T17:04:50.0705610Z # Subtest: Host ACK correlation preserves the external Controller admission requestId
2026-10-08T17:04:50.0707013Z ok 28 - Host ACK correlation preserves the external Controller admission requestId
2026-10-08T17:04:50.0707924Z   ---
2026-10-08T17:04:50.0708464Z   duration_ms: 0.783574
2026-10-08T17:04:50.0709389Z   type: 'test'
2026-10-08T17:04:50.0719466Z   ...
2026-10-08T17:04:50.0720702Z # Subtest: permissions and document id fail before admission (no Chrome prompt)
2026-10-08T17:04:50.0725871Z ok 29 - permissions and document id fail before admission (no Chrome prompt)
2026-10-08T17:04:50.0726831Z   ---
2026-10-08T17:04:50.0727300Z   duration_ms: 2.910153
2026-10-08T17:04:50.0727792Z   type: 'test'
2026-10-08T17:04:50.0754779Z   ...
2026-10-08T17:04:50.0755798Z # Subtest: saved requires pinned exact revision and source hash
2026-10-08T17:04:50.0756912Z ok 30 - saved requires pinned exact revision and source hash
2026-10-08T17:04:50.0757478Z   ---
2026-10-08T17:04:50.0757833Z   duration_ms: 1.155216
2026-10-08T17:04:50.0758200Z   type: 'test'
2026-10-08T17:04:50.0758503Z   ...
2026-10-08T17:04:50.0759257Z # Subtest: run.get removes unrelated Sidebar run history from Controller snapshot projection
2026-10-08T17:04:50.0760390Z ok 31 - run.get removes unrelated Sidebar run history from Controller snapshot projection
2026-10-08T17:04:50.0761062Z   ---
2026-10-08T17:04:50.0761365Z   duration_ms: 0.572471
2026-10-08T17:04:50.0761666Z   type: 'test'
2026-10-08T17:04:50.0761881Z   ...
2026-10-08T17:04:50.0762268Z # Subtest: identity is pinned; invalid origin cannot launch a server
2026-10-08T17:04:50.0762803Z ok 32 - identity is pinned; invalid origin cannot launch a server
2026-10-08T17:04:50.0763153Z   ---
2026-10-08T17:04:50.0763360Z   duration_ms: 1.783289
2026-10-08T17:04:50.0763600Z   type: 'test'
2026-10-08T17:04:50.0763811Z   ...
2026-10-08T17:04:50.0764256Z # Subtest: framed Chrome welcome, authenticated local IPC, request and exact response
2026-10-08T17:04:50.0765351Z ok 33 - framed Chrome welcome, authenticated local IPC, request and exact response
2026-10-08T17:04:50.0765980Z   ---
2026-10-08T17:04:50.0766227Z   duration_ms: 12.808146
2026-10-08T17:04:50.0766465Z   type: 'test'
2026-10-08T17:04:50.0766672Z   ...
2026-10-08T17:04:50.0767074Z # Subtest: duplicate inflight request ID is rejected, not dispatched again
2026-10-08T17:04:50.0767667Z ok 34 - duplicate inflight request ID is rejected, not dispatched again
2026-10-08T17:04:50.0768051Z   ---
2026-10-08T17:04:50.0768729Z   duration_ms: 5.252022
2026-10-08T17:04:50.0768967Z   type: 'test'
2026-10-08T17:04:50.0769170Z   ...
2026-10-08T17:04:50.0769587Z # Subtest: unacknowledged dispatched effects become unknown on native shutdown
2026-10-08T17:04:50.0770410Z ok 35 - unacknowledged dispatched effects become unknown on native shutdown
2026-10-08T17:04:50.0770806Z   ---
2026-10-08T17:04:50.0771024Z   duration_ms: 5.453031
2026-10-08T17:04:50.0771253Z   type: 'test'
2026-10-08T17:04:50.0771458Z   ...
2026-10-08T17:04:50.0771808Z # Subtest: wrong credential is rejected without local API access
2026-10-08T17:04:50.0772303Z ok 36 - wrong credential is rejected without local API access
2026-10-08T17:04:50.0772627Z   ---
2026-10-08T17:04:50.0772830Z   duration_ms: 4.048955
2026-10-08T17:04:50.0773065Z   type: 'test'
2026-10-08T17:04:50.0773270Z   ...
2026-10-08T17:04:50.1739672Z # Subtest: handshake timeout closes the private socket without stale reuse
2026-10-08T17:04:50.1741068Z ok 37 - handshake timeout closes the private socket without stale reuse
2026-10-08T17:04:50.1741597Z   ---
2026-10-08T17:04:50.1741975Z   duration_ms: 101.226352
2026-10-08T17:04:50.1742446Z   type: 'test'
2026-10-08T17:04:50.1742810Z   ...
2026-10-08T17:04:50.2173355Z # Subtest: native response timeout preserves unknown-effect outcome
2026-10-08T17:04:50.2174279Z ok 38 - native response timeout preserves unknown-effect outcome
2026-10-08T17:04:50.2175139Z   ---
2026-10-08T17:04:50.2175470Z   duration_ms: 42.919549
2026-10-08T17:04:50.2175838Z   type: 'test'
2026-10-08T17:04:50.2176145Z   ...
2026-10-08T17:04:50.2177197Z # Subtest: existing socket is never unlinked or replaced by a second host
2026-10-08T17:04:50.2178113Z ok 39 - existing socket is never unlinked or replaced by a second host
2026-10-08T17:04:50.2178662Z   ---
2026-10-08T17:04:50.2179032Z   duration_ms: 1.230378
2026-10-08T17:04:50.2179686Z   type: 'test'
2026-10-08T17:04:50.2179980Z   ...
2026-10-08T17:04:50.2250375Z # Subtest: Native remains optional after merging the current permission catalog
2026-10-08T17:04:50.2251277Z ok 40 - Native remains optional after merging the current permission catalog
2026-10-08T17:04:50.2251819Z   ---
2026-10-08T17:04:50.2252174Z   duration_ms: 11.249772
2026-10-08T17:04:50.2252444Z   type: 'test'
2026-10-08T17:04:50.2252735Z   ...
2026-10-08T17:04:50.2253622Z # Subtest: strict production SW budget and fixed packaged Native transport entry
2026-10-08T17:04:50.2254432Z ok 41 - strict production SW budget and fixed packaged Native transport entry
2026-10-08T17:04:50.2255132Z   ---
2026-10-08T17:04:50.2255429Z   duration_ms: 0.335448
2026-10-08T17:04:50.2255675Z   type: 'test'
2026-10-08T17:04:50.2255882Z   ...
2026-10-08T17:04:50.2256261Z # Subtest: single exact same-extension static import allowed in SW only
2026-10-08T17:04:50.2257058Z ok 42 - single exact same-extension static import allowed in SW only
2026-10-08T17:04:50.2257648Z   ---
2026-10-08T17:04:50.2257851Z   duration_ms: 7.670109
2026-10-08T17:04:50.2258188Z   type: 'test'
2026-10-08T17:04:50.2258427Z   ...
2026-10-08T17:04:50.2259219Z # Subtest: fixed transport registers listeners on the original SW APIs; default-off does not connect
2026-10-08T17:04:50.2260301Z ok 43 - fixed transport registers listeners on the original SW APIs; default-off does not connect
2026-10-08T17:04:50.2260826Z   ---
2026-10-08T17:04:50.2261148Z   duration_ms: 0.663686
2026-10-08T17:04:50.2261440Z   type: 'test'
2026-10-08T17:04:50.2261757Z   ...
2026-10-08T17:04:50.2262368Z # Subtest: native framing uses UTF-8 byte length and handles split multibyte boundaries
2026-10-08T17:04:50.2263334Z ok 44 - native framing uses UTF-8 byte length and handles split multibyte boundaries
2026-10-08T17:04:50.2263902Z   ---
2026-10-08T17:04:50.2264221Z   duration_ms: 1.525497
2026-10-08T17:04:50.2264701Z   type: 'test'
2026-10-08T17:04:50.2265069Z   ...
2026-10-08T17:04:50.2265700Z # Subtest: private CLI line framing has bounded buffer and independent messages
2026-10-08T17:04:50.2266468Z ok 45 - private CLI line framing has bounded buffer and independent messages
2026-10-08T17:04:50.2266847Z   ---
2026-10-08T17:04:50.2267053Z   duration_ms: 1.879682
2026-10-08T17:04:50.2267276Z   type: 'test'
2026-10-08T17:04:50.2267477Z   ...
2026-10-08T17:04:50.2267889Z # Subtest: reject unsupported transport operations and malformed browser requests
2026-10-08T17:04:50.2268500Z ok 46 - reject unsupported transport operations and malformed browser requests
2026-10-08T17:04:50.2268887Z   ---
2026-10-08T17:04:50.2269079Z   duration_ms: 0.394446
2026-10-08T17:04:50.2269300Z   type: 'test'
2026-10-08T17:04:50.2269506Z   ...
2026-10-08T17:04:50.2269966Z # Subtest: stable digest pins equivalent JSON key order and rejects prototype pollution
2026-10-08T17:04:50.2270595Z ok 47 - stable digest pins equivalent JSON key order and rejects prototype pollution
2026-10-08T17:04:50.2270984Z   ---
2026-10-08T17:04:50.2271186Z   duration_ms: 8.349022
2026-10-08T17:04:50.2294435Z   type: 'test'
2026-10-08T17:04:50.2294953Z   ...
2026-10-08T17:04:50.2295236Z 1..47
2026-10-08T17:04:50.2295524Z # tests 47
2026-10-08T17:04:50.2295753Z # suites 0
2026-10-08T17:04:50.2295950Z # pass 47
2026-10-08T17:04:50.2296160Z # fail 0
2026-10-08T17:04:50.2296369Z # cancelled 0
2026-10-08T17:04:50.2296579Z # skipped 0
2026-10-08T17:04:50.2296785Z # todo 0
2026-10-08T17:04:50.2297016Z # duration_ms 413.003165
2026-10-08T17:04:50.2364400Z ##[group]Run node --test tests/environment/script-editor.test.mjs tests/environment/sidebar-draft-runhost.test.mjs tests/environment/task-workbench.test.mjs tests/environment/sidebar-product-contract.test.mjs
2026-10-08T17:04:50.2366106Z [36;1mnode --test tests/environment/script-editor.test.mjs tests/environment/sidebar-draft-runhost.test.mjs tests/environment/task-workbench.test.mjs tests/environment/sidebar-product-contract.test.mjs[0m
2026-10-08T17:04:50.2437595Z shell: /usr/bin/bash -e {0}
2026-10-08T17:04:50.2438035Z ##[endgroup]
2026-10-08T17:04:50.3020509Z TAP version 13
2026-10-08T17:04:50.4029488Z # Subtest: importing a JS draft leaves saved versions and running source independent
2026-10-08T17:04:50.4031020Z ok 1 - importing a JS draft leaves saved versions and running source independent
2026-10-08T17:04:50.4031906Z   ---
2026-10-08T17:04:50.4032440Z   duration_ms: 26.200857
2026-10-08T17:04:50.4033056Z   type: 'test'
2026-10-08T17:04:50.4033555Z   ...
2026-10-08T17:04:50.4077947Z # Subtest: draft import rejects empty/oversized sources and active saves without overwriting the editor
2026-10-08T17:04:50.4082672Z ok 2 - draft import rejects empty/oversized sources and active saves without overwriting the editor
2026-10-08T17:04:50.4083364Z   ---
2026-10-08T17:04:50.4083718Z   duration_ms: 7.567091
2026-10-08T17:04:50.4084100Z   type: 'test'
2026-10-08T17:04:50.4084443Z   ...
2026-10-08T17:04:50.4165735Z # Subtest: catalog draft import updates dependency review from the new source without saving or running
2026-10-08T17:04:50.4176022Z ok 3 - catalog draft import updates dependency review from the new source without saving or running
2026-10-08T17:04:50.4176935Z   ---
2026-10-08T17:04:50.4177735Z   duration_ms: 8.99411
2026-10-08T17:04:50.4178234Z   type: 'test'
2026-10-08T17:04:50.4178680Z   ...
2026-10-08T17:04:50.4218942Z # Subtest: Save persists revision/hash without requesting permission, creating a Run, or executing code
2026-10-08T17:04:50.4220749Z ok 4 - Save persists revision/hash without requesting permission, creating a Run, or executing code
2026-10-08T17:04:50.4221595Z   ---
2026-10-08T17:04:50.4222567Z   duration_ms: 4.857666
2026-10-08T17:04:50.4222821Z   type: 'test'
2026-10-08T17:04:50.4223035Z   ...
2026-10-08T17:04:50.4266127Z # Subtest: reopened editor lists saved scripts without running and loads the selected latest head explicitly
2026-10-08T17:04:50.4267110Z ok 5 - reopened editor lists saved scripts without running and loads the selected latest head explicitly
2026-10-08T17:04:50.4267713Z   ---
2026-10-08T17:04:50.4268652Z   duration_ms: 4.12647
2026-10-08T17:04:50.4269280Z   type: 'test'
2026-10-08T17:04:50.4269940Z   ...
2026-10-08T17:04:50.4320178Z # Subtest: loading a historical revision does not turn it into the latest Save CAS head
2026-10-08T17:04:50.4321653Z ok 6 - loading a historical revision does not turn it into the latest Save CAS head
2026-10-08T17:04:50.4323666Z   ---
2026-10-08T17:04:50.4324711Z   duration_ms: 5.941411
2026-10-08T17:04:50.4325343Z   type: 'test'
2026-10-08T17:04:50.4326139Z   ...
2026-10-08T17:04:50.4381321Z # Subtest: Delete tombstones the latest head and refreshes the saved-script selector
2026-10-08T17:04:50.4382582Z ok 7 - Delete tombstones the latest head and refreshes the saved-script selector
2026-10-08T17:04:50.4383143Z   ---
2026-10-08T17:04:50.4383848Z   duration_ms: 6.535308
2026-10-08T17:04:50.4384489Z   type: 'test'
2026-10-08T17:04:50.4385287Z   ...
2026-10-08T17:04:50.4496183Z # Subtest: saved A stays immutable; Run freezes unsaved B/params/page A; editing C and Save do not replace B
2026-10-08T17:04:50.4497368Z ok 8 - saved A stays immutable; Run freezes unsaved B/params/page A; editing C and Save do not replace B
2026-10-08T17:04:50.4497908Z   ---
2026-10-08T17:04:50.4498660Z   duration_ms: 9.769042
2026-10-08T17:04:50.4499332Z   type: 'test'
2026-10-08T17:04:50.4500005Z   ...
2026-10-08T17:04:50.4537622Z # Subtest: a brand-new unsaved draft runs with an empty script ID and never creates a saved revision
2026-10-08T17:04:50.5138827Z ok 9 - a brand-new unsaved draft runs with an empty script ID and never creates a saved revision
2026-10-08T17:04:50.5140834Z   ---
2026-10-08T17:04:50.5141741Z   duration_ms: 5.531838
2026-10-08T17:04:50.5142894Z   type: 'test'
2026-10-08T17:04:50.5143745Z   ...
2026-10-08T17:04:50.5145320Z # Subtest: permission preparation rejects a switched page; closing the editor during permission never admits a run
2026-10-08T17:04:50.5146597Z ok 10 - permission preparation rejects a switched page; closing the editor during permission never admits a run
2026-10-08T17:04:50.5147496Z   ---
2026-10-08T17:04:50.5148335Z   duration_ms: 14.941996
2026-10-08T17:04:50.5149085Z   type: 'test'
2026-10-08T17:04:50.5149814Z   ...
2026-10-08T17:04:50.5151135Z # Subtest: Stop uses the formal RunHost abort/retirement path and persists stopped with the original pin
2026-10-08T17:04:50.5152274Z ok 11 - Stop uses the formal RunHost abort/retirement path and persists stopped with the original pin
2026-10-08T17:04:50.5153119Z   ---
2026-10-08T17:04:50.5153950Z   duration_ms: 6.857597
2026-10-08T17:04:50.5155031Z   type: 'test'
2026-10-08T17:04:50.5156495Z   ...
2026-10-08T17:04:50.5157348Z # Subtest: pagehide invokes RunHost host-close; reopened editor only reads the durable interrupted Result
2026-10-08T17:04:50.5158619Z ok 12 - pagehide invokes RunHost host-close; reopened editor only reads the durable interrupted Result
2026-10-08T17:04:50.5159509Z   ---
2026-10-08T17:04:50.5159950Z   duration_ms: 5.320133
2026-10-08T17:04:50.5160495Z   type: 'test'
2026-10-08T17:04:50.5160982Z   ...
2026-10-08T17:04:50.5161665Z # Subtest: late Save/Load replies do not overwrite another script selection or edits made during loading
2026-10-08T17:04:50.5162483Z ok 13 - late Save/Load replies do not overwrite another script selection or edits made during loading
2026-10-08T17:04:50.5162961Z   ---
2026-10-08T17:04:50.5163170Z   duration_ms: 5.957389
2026-10-08T17:04:50.5163418Z   type: 'test'
2026-10-08T17:04:50.5163623Z   ...
2026-10-08T17:04:50.5164077Z # Subtest: late saved-script selector load cannot overwrite edits made during loading
2026-10-08T17:04:50.5165270Z ok 14 - late saved-script selector load cannot overwrite edits made during loading
2026-10-08T17:04:50.5165889Z   ---
2026-10-08T17:04:50.5166195Z   duration_ms: 5.429425
2026-10-08T17:04:50.5166536Z   type: 'test'
2026-10-08T17:04:50.5166838Z   ...
2026-10-08T17:04:50.5167534Z # Subtest: an older snapshot reply cannot disable Run after a newer durable observation
2026-10-08T17:04:50.5168578Z ok 15 - an older snapshot reply cannot disable Run after a newer durable observation
2026-10-08T17:04:50.5169229Z   ---
2026-10-08T17:04:50.5169525Z   duration_ms: 6.800812
2026-10-08T17:04:50.5169864Z   type: 'test'
2026-10-08T17:04:50.5170172Z   ...
2026-10-08T17:04:50.5170821Z # Subtest: an older snapshot error cannot overwrite a newer successful durable view
2026-10-08T17:04:50.5171789Z ok 16 - an older snapshot error cannot overwrite a newer successful durable view
2026-10-08T17:04:50.5172414Z   ---
2026-10-08T17:04:50.5172704Z   duration_ms: 6.657109
2026-10-08T17:04:50.5173035Z   type: 'test'
2026-10-08T17:04:50.5173322Z   ...
2026-10-08T17:04:50.5174334Z # Subtest: the permission request remains synchronous in the click fixture; denied permission and invalid params execute nothing
2026-10-08T17:04:50.5176046Z ok 17 - the permission request remains synchronous in the click fixture; denied permission and invalid params execute nothing
2026-10-08T17:04:50.5176905Z   ---
2026-10-08T17:04:50.5177204Z   duration_ms: 7.828699
2026-10-08T17:04:50.5177541Z   type: 'test'
2026-10-08T17:04:50.5177837Z   ...
2026-10-08T17:04:50.5214456Z # Subtest: DOM preview binds frozen source, dependency choice and exact current document from trusted click
2026-10-08T17:04:50.5218787Z ok 18 - DOM preview binds frozen source, dependency choice and exact current document from trusted click
2026-10-08T17:04:50.5219676Z   ---
2026-10-08T17:04:50.5219957Z   duration_ms: 7.335617
2026-10-08T17:04:50.5220954Z   type: 'test'
2026-10-08T17:04:50.5221334Z   ...
2026-10-08T17:04:50.5284065Z # Subtest: DOM preview refuses to inject when the active document changes while permission is pending
2026-10-08T17:04:50.5286551Z ok 19 - DOM preview refuses to inject when the active document changes while permission is pending
2026-10-08T17:04:50.5287840Z   ---
2026-10-08T17:04:50.5288223Z   duration_ms: 6.777814
2026-10-08T17:04:50.5288670Z   type: 'test'
2026-10-08T17:04:50.5289490Z   ...
2026-10-08T17:04:50.5321335Z # Subtest: Developer Stop cannot cancel the formal Task or another view using the shared RunHost
2026-10-08T17:04:50.5323184Z ok 20 - Developer Stop cannot cancel the formal Task or another view using the shared RunHost
2026-10-08T17:04:50.5324245Z   ---
2026-10-08T17:04:50.5324867Z   duration_ms: 4.559113
2026-10-08T17:04:50.5325288Z   type: 'test'
2026-10-08T17:04:50.5325629Z   ...
2026-10-08T17:04:50.5843573Z # Subtest: RunHost freezes a draft source variant and parameters before awaiting the host connection
2026-10-08T17:04:50.5846774Z ok 21 - RunHost freezes a draft source variant and parameters before awaiting the host connection
2026-10-08T17:04:50.5847674Z   ---
2026-10-08T17:04:50.5848486Z   duration_ms: 4.005721
2026-10-08T17:04:50.5849164Z   type: 'test'
2026-10-08T17:04:50.5849728Z   ...
2026-10-08T17:04:50.5850744Z # Subtest: saved script API retains explicit scriptId/revision/contentHash admission
2026-10-08T17:04:50.5852205Z ok 22 - saved script API retains explicit scriptId/revision/contentHash admission
2026-10-08T17:04:50.5853002Z   ---
2026-10-08T17:04:50.5853359Z   duration_ms: 0.492952
2026-10-08T17:04:50.5853752Z   type: 'test'
2026-10-08T17:04:50.5854070Z   ...
2026-10-08T17:04:50.5854856Z # Subtest: manifest exposes tool.html as a global Chrome Side Panel
2026-10-08T17:04:50.5855767Z ok 23 - manifest exposes tool.html as a global Chrome Side Panel
2026-10-08T17:04:50.5856342Z   ---
2026-10-08T17:04:50.5856697Z   duration_ms: 16.999553
2026-10-08T17:04:50.5857112Z   type: 'test'
2026-10-08T17:04:50.5857469Z   ...
2026-10-08T17:04:50.5857993Z # Subtest: product shell has no popup-window fallback
2026-10-08T17:04:50.5858642Z ok 24 - product shell has no popup-window fallback
2026-10-08T17:04:50.5859126Z   ---
2026-10-08T17:04:50.5859454Z   duration_ms: 3.316666
2026-10-08T17:04:50.5859798Z   type: 'test'
2026-10-08T17:04:50.5860098Z   ...
2026-10-08T17:04:50.5860807Z # Subtest: default Run freezes Current Page then revalidates before existing RunHost
2026-10-08T17:04:50.5862005Z ok 25 - default Run freezes Current Page then revalidates before existing RunHost
2026-10-08T17:04:50.5862663Z   ---
2026-10-08T17:04:50.5862963Z   duration_ms: 4.358855
2026-10-08T17:04:50.5863300Z   type: 'test'
2026-10-08T17:04:50.5863609Z   ...
2026-10-08T17:04:50.5864428Z # Subtest: trusted Side Panel run sends the exact unsaved draft to the original Controller authority
2026-10-08T17:04:50.5866564Z ok 26 - trusted Side Panel run sends the exact unsaved draft to the original Controller authority
2026-10-08T17:04:50.5875575Z   ---
2026-10-08T17:04:50.5876136Z   duration_ms: 6.167462
2026-10-08T17:04:50.5885838Z   type: 'test'
2026-10-08T17:04:50.5887877Z   ...
2026-10-08T17:04:50.5888689Z # Subtest: R6 uses valid tab roles with labelled content panels
2026-10-08T17:04:50.5889665Z ok 27 - R6 uses valid tab roles with labelled content panels
2026-10-08T17:04:50.5890359Z   ---
2026-10-08T17:04:50.5890852Z   duration_ms: 3.459048
2026-10-08T17:04:50.5891385Z   type: 'test'
2026-10-08T17:04:50.5891898Z   ...
2026-10-08T17:04:50.5892824Z # Subtest: R4 Sidebar sections preserve consumer controls and keep engineering tools folded
2026-10-08T17:04:50.5893702Z ok 28 - R4 Sidebar sections preserve consumer controls and keep engineering tools folded
2026-10-08T17:04:50.5894376Z   ---
2026-10-08T17:04:50.5895023Z   duration_ms: 6.031991
2026-10-08T17:04:50.5895660Z   type: 'test'
2026-10-08T17:04:50.5896153Z   ...
2026-10-08T17:04:50.5897051Z # Subtest: Sidebar starts at its three tabs without repeating Chrome extension identity
2026-10-08T17:04:50.5898671Z ok 29 - Sidebar starts at its three tabs without repeating Chrome extension identity
2026-10-08T17:04:50.5899506Z   ---
2026-10-08T17:04:50.5900002Z   duration_ms: 2.555205
2026-10-08T17:04:50.5900609Z   type: 'test'
2026-10-08T17:04:50.5901051Z   ...
2026-10-08T17:04:50.5951632Z # Subtest: entering Sidebar task views reads external installations without executing and preserves unchanged form inputs
2026-10-08T17:04:50.5952833Z ok 30 - entering Sidebar task views reads external installations without executing and preserves unchanged form inputs
2026-10-08T17:04:50.5953646Z   ---
2026-10-08T17:04:50.5953867Z   duration_ms: 22.962521
2026-10-08T17:04:50.5954146Z   type: 'test'
2026-10-08T17:04:50.5954479Z   ...
2026-10-08T17:04:50.5955735Z # Subtest: installed tasks default page, render schema form and freeze the exact saved version/params/target
2026-10-08T17:04:50.5967067Z ok 31 - installed tasks default page, render schema form and freeze the exact saved version/params/target
2026-10-08T17:04:50.5967854Z   ---
2026-10-08T17:04:50.5968163Z   duration_ms: 21.577499
2026-10-08T17:04:50.5968532Z   type: 'test'
2026-10-08T17:04:50.5968836Z   ...
2026-10-08T17:04:50.5989028Z # Subtest: installed task can be explicitly forked into an independent unsaved editor draft
2026-10-08T17:04:50.5994710Z ok 32 - installed task can be explicitly forked into an independent unsaved editor draft
2026-10-08T17:04:50.5995200Z   ---
2026-10-08T17:04:50.5995420Z   duration_ms: 4.993938
2026-10-08T17:04:50.5995658Z   type: 'test'
2026-10-08T17:04:50.5995895Z   ...
2026-10-08T17:04:50.6049854Z # Subtest: task Stop cannot cancel another view's in-flight draft; parameter form never navigates
2026-10-08T17:04:50.6051092Z ok 33 - task Stop cannot cancel another view's in-flight draft; parameter form never navigates
2026-10-08T17:04:50.6051809Z   ---
2026-10-08T17:04:50.6052123Z   duration_ms: 6.109701
2026-10-08T17:04:50.6052507Z   type: 'test'
2026-10-08T17:04:50.6052815Z   ...
2026-10-08T17:04:50.6123276Z # Subtest: installed task refuses stale target after async installed-version lookup
2026-10-08T17:04:50.6124367Z ok 34 - installed task refuses stale target after async installed-version lookup
2026-10-08T17:04:50.6125197Z   ---
2026-10-08T17:04:50.6125510Z   duration_ms: 7.359162
2026-10-08T17:04:50.6125872Z   type: 'test'
2026-10-08T17:04:50.6126190Z   ...
2026-10-08T17:04:50.6159297Z # Subtest: task cards retain readable selection and do not surface raw IDs as the main UI
2026-10-08T17:04:50.6161692Z ok 35 - task cards retain readable selection and do not surface raw IDs as the main UI
2026-10-08T17:04:50.6162618Z   ---
2026-10-08T17:04:50.6163304Z   duration_ms: 3.603503
2026-10-08T17:04:50.6163915Z   type: 'test'
2026-10-08T17:04:50.6164412Z   ...
2026-10-08T17:04:50.6238976Z # Subtest: Sidebar Discover searches installed tasks only and selects a task without running or opening the catalog
2026-10-08T17:04:50.6240821Z ok 36 - Sidebar Discover searches installed tasks only and selects a task without running or opening the catalog
2026-10-08T17:04:50.6241850Z   ---
2026-10-08T17:04:50.6242369Z   duration_ms: 7.414995
2026-10-08T17:04:50.6242921Z   type: 'test'
2026-10-08T17:04:50.6243423Z   ...
2026-10-08T17:04:50.6343135Z # Subtest: Discover filter controls are real view filters and cannot start another run
2026-10-08T17:04:50.6344384Z ok 37 - Discover filter controls are real view filters and cannot start another run
2026-10-08T17:04:50.6345070Z   ---
2026-10-08T17:04:50.6345317Z   duration_ms: 10.52187
2026-10-08T17:04:50.6345617Z   type: 'test'
2026-10-08T17:04:50.6345862Z   ...
2026-10-08T17:04:50.6368165Z # Subtest: opening the separate full-size catalog preserves its import and management view
2026-10-08T17:04:50.6369405Z ok 38 - opening the separate full-size catalog preserves its import and management view
2026-10-08T17:04:50.6370037Z   ---
2026-10-08T17:04:50.6370806Z   duration_ms: 2.670117
2026-10-08T17:04:50.6371525Z   type: 'test'
2026-10-08T17:04:50.6371942Z   ...
2026-10-08T17:04:50.6418681Z # Subtest: full-size catalog keeps its own reader after real install and re-reads the single Task Catalog state
2026-10-08T17:04:50.6420115Z ok 39 - full-size catalog keeps its own reader after real install and re-reads the single Task Catalog state
2026-10-08T17:04:50.6420935Z   ---
2026-10-08T17:04:50.6421468Z   duration_ms: 4.966988
2026-10-08T17:04:50.6421898Z   type: 'test'
2026-10-08T17:04:50.6422254Z   ...
2026-10-08T17:04:50.6534254Z # Subtest: idle Discover has no fixed footer and inline import still opens the authenticated catalog
2026-10-08T17:04:50.6572633Z ok 40 - idle Discover has no fixed footer and inline import still opens the authenticated catalog
2026-10-08T17:04:50.6573388Z   ---
2026-10-08T17:04:50.6573726Z   duration_ms: 11.078668
2026-10-08T17:04:50.6574113Z   type: 'test'
2026-10-08T17:04:50.6574445Z   ...
2026-10-08T17:04:50.6604746Z # Subtest: R5 result/history stay out of sight until a task has runs
2026-10-08T17:04:50.6605644Z ok 41 - R5 result/history stay out of sight until a task has runs
2026-10-08T17:04:50.6606266Z   ---
2026-10-08T17:04:50.6606620Z   duration_ms: 7.567471
2026-10-08T17:04:50.6606880Z   type: 'test'
2026-10-08T17:04:50.6607102Z   ...
2026-10-08T17:04:50.6726027Z # Subtest: card view retains original action identities, history and parameter form across tab changes
2026-10-08T17:04:50.6733406Z ok 42 - card view retains original action identities, history and parameter form across tab changes
2026-10-08T17:04:50.6734286Z   ---
2026-10-08T17:04:50.6734923Z   duration_ms: 10.08076
2026-10-08T17:04:50.6735491Z   type: 'test'
2026-10-08T17:04:50.6735837Z   ...
2026-10-08T17:04:50.6745570Z # Subtest: switching between two installed tasks preserves each independent unsaved parameter input
2026-10-08T17:04:50.6747223Z ok 43 - switching between two installed tasks preserves each independent unsaved parameter input
2026-10-08T17:04:50.6748084Z   ---
2026-10-08T17:04:50.6748572Z   duration_ms: 3.523654
2026-10-08T17:04:50.6748986Z   type: 'test'
2026-10-08T17:04:50.6749315Z   ...
2026-10-08T17:04:50.6850176Z # Subtest: R6 accessible roving tabs support Arrow and Home/End
2026-10-08T17:04:50.6851314Z ok 44 - R6 accessible roving tabs support Arrow and Home/End
2026-10-08T17:04:50.6852099Z   ---
2026-10-08T17:04:50.6852779Z   duration_ms: 8.398526
2026-10-08T17:04:50.6853195Z   type: 'test'
2026-10-08T17:04:50.6853548Z   ...
2026-10-08T17:04:50.6910106Z # Subtest: R6 task card refresh, keyboard selection and Discover handoff restore focus
2026-10-08T17:04:50.6916438Z ok 45 - R6 task card refresh, keyboard selection and Discover handoff restore focus
2026-10-08T17:04:50.6917489Z   ---
2026-10-08T17:04:50.6918041Z   duration_ms: 7.284631
2026-10-08T17:04:50.6918698Z   type: 'test'
2026-10-08T17:04:50.6919231Z   ...
2026-10-08T17:04:50.7021108Z # Subtest: R6 late run start/result cannot become the newly selected task status
2026-10-08T17:04:50.7022031Z ok 46 - R6 late run start/result cannot become the newly selected task status
2026-10-08T17:04:50.7022558Z   ---
2026-10-08T17:04:50.7022964Z   duration_ms: 12.082544
2026-10-08T17:04:50.7023423Z   type: 'test'
2026-10-08T17:04:50.7023813Z   ...
2026-10-08T17:04:50.7108495Z # Subtest: R6 previous-version notices and results do not leak after installed upgrade
2026-10-08T17:04:50.7109508Z ok 47 - R6 previous-version notices and results do not leak after installed upgrade
2026-10-08T17:04:50.7110077Z   ---
2026-10-08T17:04:50.7110438Z   duration_ms: 8.196666
2026-10-08T17:04:50.7110883Z   type: 'test'
2026-10-08T17:04:50.7111232Z   ...
2026-10-08T17:04:50.8636176Z # Subtest: two extension documents share only a refresh hint and re-read authoritative installed state
2026-10-08T17:04:50.8637447Z ok 48 - two extension documents share only a refresh hint and re-read authoritative installed state
2026-10-08T17:04:50.8638081Z   ---
2026-10-08T17:04:50.8638413Z   duration_ms: 150.70954
2026-10-08T17:04:50.8638869Z   type: 'test'
2026-10-08T17:04:50.8639244Z   ...
2026-10-08T17:04:50.8677770Z # Subtest: catalog installation stays in the complete directory and directs running back to Sidebar
2026-10-08T17:04:50.8679445Z ok 49 - catalog installation stays in the complete directory and directs running back to Sidebar
2026-10-08T17:04:50.8680357Z   ---
2026-10-08T17:04:50.8680843Z   duration_ms: 6.327449
2026-10-08T17:04:50.8681478Z   type: 'test'
2026-10-08T17:04:50.8681835Z   ...
2026-10-08T17:04:50.8790778Z # Subtest: catalog JS import hands source to Sidebar and never enters a view with a hidden runner
2026-10-08T17:04:50.8838557Z ok 50 - catalog JS import hands source to Sidebar and never enters a view with a hidden runner
2026-10-08T17:04:50.8856028Z   ---
2026-10-08T17:04:50.8856719Z   duration_ms: 5.132945
2026-10-08T17:04:50.8857399Z   type: 'test'
2026-10-08T17:04:50.8857774Z   ...
2026-10-08T17:04:50.8858647Z # Subtest: missing Sidebar refuses import with an actionable message, without losing the directory
2026-10-08T17:04:50.8859962Z ok 51 - missing Sidebar refuses import with an actionable message, without losing the directory
2026-10-08T17:04:50.8860701Z   ---
2026-10-08T17:04:50.8861048Z   duration_ms: 8.584603
2026-10-08T17:04:50.8861425Z   type: 'test'
2026-10-08T17:04:50.8861733Z   ...
2026-10-08T17:04:50.8871398Z # Subtest: catalog draft transport errors retain their cause instead of claiming Sidebar is missing
2026-10-08T17:04:50.8872609Z ok 52 - catalog draft transport errors retain their cause instead of claiming Sidebar is missing
2026-10-08T17:04:50.8873340Z   ---
2026-10-08T17:04:50.8873653Z   duration_ms: 5.603674
2026-10-08T17:04:50.8873949Z   type: 'test'
2026-10-08T17:04:50.8874176Z   ...
2026-10-08T17:04:50.8893715Z # Subtest: receiving a source-only import selects Sidebar Developer without creating a run
2026-10-08T17:04:50.8894916Z ok 53 - receiving a source-only import selects Sidebar Developer without creating a run
2026-10-08T17:04:50.8895510Z   ---
2026-10-08T17:04:50.8895881Z   duration_ms: 2.321999
2026-10-08T17:04:50.8896334Z   type: 'test'
2026-10-08T17:04:50.8896649Z   ...
2026-10-08T17:04:50.9064184Z # Subtest: R6.1 task-owned Stop is the sole cross-view action and names the launching task
2026-10-08T17:04:50.9065468Z ok 54 - R6.1 task-owned Stop is the sole cross-view action and names the launching task
2026-10-08T17:04:50.9065981Z   ---
2026-10-08T17:04:50.9066198Z   duration_ms: 16.937651
2026-10-08T17:04:50.9066452Z   type: 'test'
2026-10-08T17:04:50.9066669Z   ...
2026-10-08T17:04:50.9093000Z # Subtest: R6.1 a draft-owned run exposes only its Stop when viewing Tasks or Discover
2026-10-08T17:04:50.9094330Z ok 55 - R6.1 a draft-owned run exposes only its Stop when viewing Tasks or Discover
2026-10-08T17:04:50.9095475Z   ---
2026-10-08T17:04:50.9095806Z   duration_ms: 3.272651
2026-10-08T17:04:50.9096175Z   type: 'test'
2026-10-08T17:04:50.9096489Z   ...
2026-10-08T17:04:50.9115730Z # Subtest: R6.1 stop-only footer CSS hides all non-owner actions without hiding Stop
2026-10-08T17:04:50.9116673Z ok 56 - R6.1 stop-only footer CSS hides all non-owner actions without hiding Stop
2026-10-08T17:04:50.9117210Z   ---
2026-10-08T17:04:50.9117559Z   duration_ms: 1.109668
2026-10-08T17:04:50.9117805Z   type: 'test'
2026-10-08T17:04:50.9118023Z   ...
2026-10-08T17:04:50.9265545Z 1..56
2026-10-08T17:04:50.9265951Z # tests 56
2026-10-08T17:04:50.9281840Z # suites 0
2026-10-08T17:04:50.9282279Z # pass 56
2026-10-08T17:04:50.9282689Z # fail 0
2026-10-08T17:04:50.9283075Z # cancelled 0
2026-10-08T17:04:50.9283506Z # skipped 0
2026-10-08T17:04:50.9283981Z # todo 0
2026-10-08T17:04:50.9284447Z # duration_ms 643.929615
2026-10-08T17:04:50.9400158Z ##[group]Run npm run check
2026-10-08T17:04:50.9400471Z [36;1mnpm run check[0m
2026-10-08T17:04:50.9469815Z shell: /usr/bin/bash -e {0}
2026-10-08T17:04:50.9470088Z ##[endgroup]
2026-10-08T17:04:51.1893429Z 
2026-10-08T17:04:51.1894017Z > opendesk-browser@0.1.0 check
2026-10-08T17:04:51.1894712Z > node scripts/check-source.mjs
2026-10-08T17:04:51.1894995Z 
2026-10-08T17:04:55.1372220Z Syntax checked 155 source/test/build files; scripts/build-contract.mjs entries, fixed SDK/control entries, strict CSP and original MIT checked
2026-10-08T17:04:55.1540226Z ##[group]Run npm run build
2026-10-08T17:04:55.1540524Z [36;1mnpm run build[0m
2026-10-08T17:04:55.1607987Z shell: /usr/bin/bash -e {0}
2026-10-08T17:04:55.1608262Z ##[endgroup]
2026-10-08T17:04:55.2678855Z 
2026-10-08T17:04:55.2679372Z > opendesk-browser@0.1.0 build
2026-10-08T17:04:55.2679785Z > node scripts/build.mjs production
2026-10-08T17:04:55.2680002Z 
2026-10-08T17:04:55.6920693Z [log] 
2026-10-08T17:04:55.6921101Z WXT 0.21.4
2026-10-08T17:04:55.8791643Z [info] Generating types...
2026-10-08T17:04:56.0265559Z [success] Finished in 334 ms
2026-10-08T17:04:56.4508306Z [log] 
2026-10-08T17:04:56.4508705Z WXT 0.21.4
2026-10-08T17:04:56.5627533Z [info] Building chrome-mv3 for production with Vite 7.3.6
2026-10-08T17:04:56.6816584Z [?25l
2026-10-08T17:04:56.6873737Z ⠋ Preparing...[K
2026-10-08T17:04:56.7630195Z ⠋ [1/13] sw[K
2026-10-08T17:04:56.9093159Z ⠙ [1/13] sw[K
2026-10-08T17:04:57.0581651Z ⠹ [1/13] sw[K
2026-10-08T17:04:57.1484898Z ⠸ [1/13] sw[K
2026-10-08T17:04:57.7241030Z ⠼ [1/13] sw[K
2026-10-08T17:04:57.8041995Z ⠴ [1/13] sw[K
2026-10-08T17:04:57.8843040Z ⠦ [1/13] sw[K
2026-10-08T17:04:57.9643833Z ⠧ [1/13] sw[K
2026-10-08T17:04:58.0460504Z ⠇ [1/13] sw[K
2026-10-08T17:04:58.1313915Z ⠏ [1/13] sw[K
2026-10-08T17:04:58.2095976Z ⠋ [1/13] sw[K
2026-10-08T17:04:58.2905549Z ⠙ [1/13] sw[K
2026-10-08T17:04:58.3674117Z ⠹ [1/13] sw[K
2026-10-08T17:04:58.4472718Z ⠸ [1/13] sw[K
2026-10-08T17:04:58.5315574Z ⠼ [1/13] sw[K
2026-10-08T17:04:58.6136003Z ⠴ [1/13] sw[K
2026-10-08T17:04:58.6910080Z ⠦ [1/13] sw[K
2026-10-08T17:04:58.7712299Z ⠧ [1/13] sw[K
2026-10-08T17:04:58.8535931Z ⠇ [1/13] sw[K
2026-10-08T17:04:58.9336173Z ⠏ [1/13] sw[K
2026-10-08T17:04:59.0119868Z ⠋ [1/13] sw[K
2026-10-08T17:04:59.0922069Z ⠙ [1/13] sw[K
2026-10-08T17:04:59.1769175Z ⠹ [1/13] sw[K
2026-10-08T17:04:59.2530527Z ⠸ [1/13] sw[K
2026-10-08T17:04:59.3333388Z ⠼ [1/13] sw[K
2026-10-08T17:04:59.4136268Z ⠴ [1/13] sw[K
2026-10-08T17:04:59.4986716Z ⠦ [1/13] sw[K
2026-10-08T17:04:59.5786134Z ⠧ [1/13] sw[K
2026-10-08T17:04:59.6563205Z ⠇ [1/13] sw[K
2026-10-08T17:04:59.7405940Z ⠏ [1/13] sw[K
2026-10-08T17:04:59.8207347Z ⠋ [1/13] sw[K
2026-10-08T17:04:59.9026508Z ⠙ [1/13] sw[K
2026-10-08T17:04:59.9821149Z ⠹ [1/13] sw[K
2026-10-08T17:05:00.0623710Z ⠸ [1/13] sw[K
2026-10-08T17:05:00.1426788Z ⠼ [1/13] sw[K
2026-10-08T17:05:00.2246154Z ⠴ [1/13] sw[K
2026-10-08T17:05:00.3037977Z ⠦ [1/13] sw[K
2026-10-08T17:05:00.3840823Z ⠧ [1/13] sw[K
2026-10-08T17:05:00.4642658Z ⠇ [1/13] sw[K
2026-10-08T17:05:00.5444919Z ⠏ [1/13] sw[K
2026-10-08T17:05:00.6248138Z ⠋ [1/13] sw[K
2026-10-08T17:05:00.7050646Z ⠙ [1/13] sw[K
2026-10-08T17:05:00.7852867Z ⠹ [1/13] sw[K
2026-10-08T17:05:00.8654841Z ⠸ [1/13] sw[K
2026-10-08T17:05:00.9449832Z ⠼ [1/13] sw[K
2026-10-08T17:05:01.0251944Z ⠴ [1/13] sw[K
2026-10-08T17:05:01.1063221Z ⠦ [1/13] sw[K
2026-10-08T17:05:01.1849403Z ⠧ [1/13] sw[K
2026-10-08T17:05:01.2664339Z ⠇ [1/13] sw[K
2026-10-08T17:05:01.3278045Z ⠏ [1/13] sw[K
2026-10-08T17:05:01.3617443Z ⠏ [2/13] bootstrap[K
2026-10-08T17:05:01.4427204Z ⠋ [2/13] bootstrap[K
2026-10-08T17:05:01.5219639Z ⠙ [2/13] bootstrap[K
2026-10-08T17:05:01.5404759Z ⠹ [2/13] bootstrap[K
2026-10-08T17:05:01.6022790Z ⠹ [3/13] health[K
2026-10-08T17:05:01.6825121Z ⠸ [3/13] health[K
2026-10-08T17:05:01.6960050Z ⠼ [3/13] health[K
2026-10-08T17:05:01.7621165Z ⠼ [4/13] page-agent[K
2026-10-08T17:05:01.8427753Z ⠴ [4/13] page-agent[K
2026-10-08T17:05:01.9230720Z ⠦ [4/13] page-agent[K
2026-10-08T17:05:02.0032654Z ⠧ [4/13] page-agent[K
2026-10-08T17:05:02.0846484Z ⠇ [4/13] page-agent[K
2026-10-08T17:05:02.1647972Z ⠏ [4/13] page-agent[K
2026-10-08T17:05:02.2035432Z ⠋ [4/13] page-agent[K
2026-10-08T17:05:02.2656829Z ⠋ [5/13] page-relay[K
2026-10-08T17:05:02.3449841Z ⠙ [5/13] page-relay[K
2026-10-08T17:05:02.4252274Z ⠹ [5/13] page-relay[K
2026-10-08T17:05:02.5086060Z ⠸ [5/13] page-relay[K
2026-10-08T17:05:02.5859856Z ⠼ [5/13] page-relay[K
2026-10-08T17:05:02.6662522Z ⠴ [5/13] page-relay[K
2026-10-08T17:05:02.6731124Z ⠦ [5/13] page-relay[K
2026-10-08T17:05:02.7690684Z ⠦ [6/13] page-session[K
2026-10-08T17:05:02.8490741Z ⠧ [6/13] page-session[K
2026-10-08T17:05:02.9326122Z ⠇ [6/13] page-session[K
2026-10-08T17:05:03.0116127Z ⠏ [6/13] page-session[K
2026-10-08T17:05:03.0913191Z ⠋ [6/13] page-session[K
2026-10-08T17:05:03.1725999Z ⠙ [6/13] page-session[K
2026-10-08T17:05:03.2520612Z ⠹ [6/13] page-session[K
2026-10-08T17:05:03.3366157Z ⠸ [6/13] page-session[K
2026-10-08T17:05:03.4130525Z ⠼ [6/13] page-session[K
2026-10-08T17:05:03.4809067Z ⠴ [6/13] page-session[K
2026-10-08T17:05:03.4982077Z ⠴ [7/13] sandbox[K
2026-10-08T17:05:03.5787680Z ⠦ [7/13] sandbox[K
2026-10-08T17:05:03.6589920Z ⠧ [7/13] sandbox[K
2026-10-08T17:05:03.7356190Z ⠇ [7/13] sandbox[K
2026-10-08T17:05:03.7396884Z ⠇ [8/13] sdk-main[K
2026-10-08T17:05:03.8263049Z ⠏ [8/13] sdk-main[K
2026-10-08T17:05:03.9066785Z ⠋ [8/13] sdk-main[K
2026-10-08T17:05:03.9858603Z ⠙ [8/13] sdk-main[K
2026-10-08T17:05:04.0695876Z ⠹ [8/13] sdk-main[K
2026-10-08T17:05:04.1496186Z ⠸ [8/13] sdk-main[K
2026-10-08T17:05:04.2316207Z ⠼ [8/13] sdk-main[K
2026-10-08T17:05:04.3115948Z ⠴ [8/13] sdk-main[K
2026-10-08T17:05:04.3889840Z ⠦ [8/13] sdk-main[K
2026-10-08T17:05:04.4486169Z ⠧ [8/13] sdk-main[K
2026-10-08T17:05:04.4688572Z ⠧ [9/13] selection-entry[K
2026-10-08T17:05:04.5490993Z ⠇ [9/13] selection-entry[K
2026-10-08T17:05:04.5802050Z ⠏ [9/13] selection-entry[K
2026-10-08T17:05:04.6296501Z ⠏ [10/13] settings[K
2026-10-08T17:05:04.7096261Z ⠋ [10/13] settings[K
2026-10-08T17:05:04.7896395Z ⠙ [10/13] settings[K
2026-10-08T17:05:04.8044262Z ⠹ [10/13] settings[K
2026-10-08T17:05:04.8761360Z ⠹ [11/13] tool-shell[K
2026-10-08T17:05:05.0924945Z ⠸ [11/13] tool-shell[K
2026-10-08T17:05:05.1726834Z ⠼ [11/13] tool-shell[K
2026-10-08T17:05:05.2569094Z ⠴ [11/13] tool-shell[K
2026-10-08T17:05:05.3340745Z ⠦ [11/13] tool-shell[K
2026-10-08T17:05:05.4174216Z ⠧ [11/13] tool-shell[K
2026-10-08T17:05:05.4949775Z ⠇ [11/13] tool-shell[K
2026-10-08T17:05:05.5752009Z ⠏ [11/13] tool-shell[K
2026-10-08T17:05:05.6586208Z ⠋ [11/13] tool-shell[K
2026-10-08T17:05:05.7370117Z ⠙ [11/13] tool-shell[K
2026-10-08T17:05:05.8173579Z ⠹ [11/13] tool-shell[K
2026-10-08T17:05:05.8976345Z ⠸ [11/13] tool-shell[K
2026-10-08T17:05:05.9777999Z ⠼ [11/13] tool-shell[K
2026-10-08T17:05:06.0580121Z ⠴ [11/13] tool-shell[K
2026-10-08T17:05:06.1383325Z ⠦ [11/13] tool-shell[K
2026-10-08T17:05:06.2216175Z ⠧ [11/13] tool-shell[K
2026-10-08T17:05:06.2987893Z ⠇ [11/13] tool-shell[K
2026-10-08T17:05:06.3790411Z ⠏ [11/13] tool-shell[K
2026-10-08T17:05:06.4592675Z ⠋ [11/13] tool-shell[K
2026-10-08T17:05:06.5394796Z ⠙ [11/13] tool-shell[K
2026-10-08T17:05:06.6205248Z ⠹ [11/13] tool-shell[K
2026-10-08T17:05:06.6989608Z ⠸ [11/13] tool-shell[K
2026-10-08T17:05:06.7793547Z ⠼ [11/13] tool-shell[K
2026-10-08T17:05:06.7968658Z ⠴ [11/13] tool-shell[K
2026-10-08T17:05:06.8597515Z ⠴ [12/13] transport[K
2026-10-08T17:05:06.9402954Z ⠦ [12/13] transport[K
2026-10-08T17:05:07.0226113Z ⠧ [12/13] transport[K
2026-10-08T17:05:07.1016489Z ⠇ [12/13] transport[K
2026-10-08T17:05:07.1737385Z ⠏ [12/13] transport[K
2026-10-08T17:05:07.1808712Z ⠏ [13/13] worker-runtime[K
2026-10-08T17:05:07.2627966Z ⠋ [13/13] worker-runtime[K
2026-10-08T17:05:07.3433719Z ⠙ [13/13] worker-runtime[K
2026-10-08T17:05:07.4257727Z ⠹ [13/13] worker-runtime[K
2026-10-08T17:05:07.5059768Z ⠸ [13/13] worker-runtime[K
2026-10-08T17:05:07.5916114Z ⠼ [13/13] worker-runtime[K
2026-10-08T17:05:07.6716318Z ⠴ [13/13] worker-runtime[K
2026-10-08T17:05:07.7492753Z ⠦ [13/13] worker-runtime[K
2026-10-08T17:05:07.8326094Z ⠧ [13/13] worker-runtime[K
2026-10-08T17:05:07.9089120Z ⠇ [13/13] worker-runtime[K
2026-10-08T17:05:07.9141549Z ⠏ [13/13] worker-runtime[K
2026-10-08T17:05:07.9141905Z [K[?25h
2026-10-08T17:05:07.9159759Z [K[?25h[success] Built extension in 11.4 s
2026-10-08T17:05:07.9160586Z   ├─ dist/production/manifest.json                        1.20 kB  
2026-10-08T17:05:07.9161439Z   ├─ dist/production/native-agent/settings.html           1.83 kB  
2026-10-08T17:05:07.9162309Z   ├─ dist/production/scripting/sandbox/sandbox.html       385 B    
2026-10-08T17:05:07.9162825Z   ├─ dist/production/ui/target-bootstrap.html             200 B    
2026-10-08T17:05:07.9163400Z   ├─ dist/production/ui/tool.html                         20.78 kB 
2026-10-08T17:05:07.9163923Z   ├─ dist/production/agents/bootstrap.js                  21.47 kB 
2026-10-08T17:05:07.9164459Z   ├─ dist/production/agents/health.js                     828 B    
2026-10-08T17:05:07.9165371Z   ├─ dist/production/agents/page-agent.js                 34.35 kB 
2026-10-08T17:05:07.9166148Z   ├─ dist/production/agents/page-relay.js                 35.28 kB 
2026-10-08T17:05:07.9166703Z   ├─ dist/production/agents/selection-entry.js            383 B    
2026-10-08T17:05:07.9167245Z   ├─ dist/production/framework/sdk-main.js                49.54 kB 
2026-10-08T17:05:07.9167777Z   ├─ dist/production/native-agent/settings.js             22.16 kB 
2026-10-08T17:05:07.9168339Z   ├─ dist/production/native-agent/transport.js            29.30 kB 
2026-10-08T17:05:07.9168911Z   ├─ dist/production/scripting/packaged/page-session.js   55.08 kB 
2026-10-08T17:05:07.9169515Z   ├─ dist/production/scripting/sandbox/sandbox.js         4.01 kB  
2026-10-08T17:05:07.9170071Z   ├─ dist/production/scripting/sandbox/worker-runtime.js  49.62 kB 
2026-10-08T17:05:07.9170619Z   ├─ dist/production/sw.js                                324.76 kB
2026-10-08T17:05:07.9171152Z   ├─ dist/production/ui/tool-shell.js                     172.21 kB
2026-10-08T17:05:07.9171704Z   ├─ dist/production/vendor/jquery-3.7.1.min.js           87.53 kB 
2026-10-08T17:05:07.9172240Z   ├─ dist/production/ui/tool-shell.css                    18.83 kB 
2026-10-08T17:05:07.9172779Z   ├─ dist/production/icons/notification.png               595 B    
2026-10-08T17:05:07.9173345Z   ├─ dist/production/licenses/jquery-MIT.txt              1.10 kB  
2026-10-08T17:05:07.9173908Z   └─ dist/production/licenses/todo-user-vue-MIT.txt       1.10 kB  
2026-10-08T17:05:07.9174482Z Σ Total size: 932.51 kB                                 
2026-10-08T17:05:07.9175008Z [success] Finished in 11.5 s
2026-10-08T17:05:08.5757883Z {"mode":"production","builder":"wxt","status":"passed","packageHash":"729c2bfe9b572e1d58d5e1f147e8d99d7f6118bbe6e3fdd7009429b5e05b12b7","assets":24}
2026-10-08T17:05:08.5958876Z ##[group]Run npm run build:dev
2026-10-08T17:05:08.5959205Z [36;1mnpm run build:dev[0m
2026-10-08T17:05:08.6026926Z shell: /usr/bin/bash -e {0}
2026-10-08T17:05:08.6027199Z ##[endgroup]
2026-10-08T17:05:08.7027474Z 
2026-10-08T17:05:08.7028064Z > opendesk-browser@0.1.0 build:dev
2026-10-08T17:05:08.7028606Z > node scripts/build.mjs development
2026-10-08T17:05:08.7028818Z 
2026-10-08T17:05:09.1267485Z [log] 
2026-10-08T17:05:09.1267873Z WXT 0.21.4
2026-10-08T17:05:09.2402869Z [info] Generating types...
2026-10-08T17:05:09.3701674Z [success] Finished in 244 ms
2026-10-08T17:05:09.7788717Z [log] 
2026-10-08T17:05:09.7789085Z WXT 0.21.4
2026-10-08T17:05:09.8995863Z [info] Building chrome-mv3 for development with Vite 7.3.6
2026-10-08T17:05:10.0407077Z [?25l
2026-10-08T17:05:10.0466558Z ⠋ Preparing...[K
2026-10-08T17:05:10.1291173Z ⠋ [1/13] sw[K
2026-10-08T17:05:10.2836554Z ⠙ [1/13] sw[K
2026-10-08T17:05:10.4105978Z ⠹ [1/13] sw[K
2026-10-08T17:05:10.4947999Z ⠸ [1/13] sw[K
2026-10-08T17:05:11.0070778Z ⠼ [1/13] sw[K
2026-10-08T17:05:11.0864986Z ⠴ [1/13] sw[K
2026-10-08T17:05:11.1663186Z ⠦ [1/13] sw[K
2026-10-08T17:05:11.2476947Z ⠧ [1/13] sw[K
2026-10-08T17:05:11.3270279Z ⠇ [1/13] sw[K
2026-10-08T17:05:11.4073868Z ⠏ [1/13] sw[K
2026-10-08T17:05:11.4901202Z ⠋ [1/13] sw[K
2026-10-08T17:05:11.5699916Z ⠙ [1/13] sw[K
2026-10-08T17:05:11.6515978Z ⠹ [1/13] sw[K
2026-10-08T17:05:11.7326018Z ⠸ [1/13] sw[K
2026-10-08T17:05:11.8110538Z ⠼ [1/13] sw[K
2026-10-08T17:05:11.8912578Z ⠴ [1/13] sw[K
2026-10-08T17:05:11.9715527Z ⠦ [1/13] sw[K
2026-10-08T17:05:12.0526126Z ⠧ [1/13] sw[K
2026-10-08T17:05:12.1326735Z ⠇ [1/13] sw[K
2026-10-08T17:05:12.2118878Z ⠏ [1/13] sw[K
2026-10-08T17:05:12.2921586Z ⠋ [1/13] sw[K
2026-10-08T17:05:12.3724023Z ⠙ [1/13] sw[K
2026-10-08T17:05:12.4526578Z ⠹ [1/13] sw[K
2026-10-08T17:05:12.5373104Z ⠸ [1/13] sw[K
2026-10-08T17:05:12.6150639Z ⠼ [1/13] sw[K
2026-10-08T17:05:12.6966574Z ⠴ [1/13] sw[K
2026-10-08T17:05:12.7756427Z ⠦ [1/13] sw[K
2026-10-08T17:05:12.8548644Z ⠧ [1/13] sw[K
2026-10-08T17:05:12.9416132Z ⠇ [1/13] sw[K
2026-10-08T17:05:13.0184902Z ⠏ [1/13] sw[K
2026-10-08T17:05:13.0981495Z ⠋ [1/13] sw[K
2026-10-08T17:05:13.1783252Z ⠙ [1/13] sw[K
2026-10-08T17:05:13.2585490Z ⠹ [1/13] sw[K
2026-10-08T17:05:13.3387407Z ⠸ [1/13] sw[K
2026-10-08T17:05:13.4189972Z ⠼ [1/13] sw[K
2026-10-08T17:05:13.5016060Z ⠴ [1/13] sw[K
2026-10-08T17:05:13.5795033Z ⠦ [1/13] sw[K
2026-10-08T17:05:13.6598041Z ⠧ [1/13] sw[K
2026-10-08T17:05:13.7400189Z ⠇ [1/13] sw[K
2026-10-08T17:05:13.8201877Z ⠏ [1/13] sw[K
2026-10-08T17:05:13.9005003Z ⠋ [1/13] sw[K
2026-10-08T17:05:13.9807861Z ⠙ [1/13] sw[K
2026-10-08T17:05:14.0610746Z ⠹ [1/13] sw[K
2026-10-08T17:05:14.1415207Z ⠸ [1/13] sw[K
2026-10-08T17:05:14.2217739Z ⠼ [1/13] sw[K
2026-10-08T17:05:14.4200592Z ⠴ [1/13] sw[K
2026-10-08T17:05:14.4264065Z ⠦ [1/13] sw[K
2026-10-08T17:05:14.5004418Z ⠦ [2/13] bootstrap[K
2026-10-08T17:05:14.5806049Z ⠧ [2/13] bootstrap[K
2026-10-08T17:05:14.6401596Z ⠇ [2/13] bootstrap[K
2026-10-08T17:05:14.6603190Z ⠇ [3/13] health[K
2026-10-08T17:05:14.7400834Z ⠏ [3/13] health[K
2026-10-08T17:05:14.8005267Z ⠋ [3/13] health[K
2026-10-08T17:05:14.8356621Z ⠋ [4/13] page-agent[K
2026-10-08T17:05:14.9149933Z ⠙ [4/13] page-agent[K
2026-10-08T17:05:14.9952395Z ⠹ [4/13] page-agent[K
2026-10-08T17:05:15.0785631Z ⠸ [4/13] page-agent[K
2026-10-08T17:05:15.1574189Z ⠼ [4/13] page-agent[K
2026-10-08T17:05:15.2383308Z ⠴ [4/13] page-agent[K
2026-10-08T17:05:15.3067512Z ⠦ [4/13] page-agent[K
2026-10-08T17:05:15.3175875Z ⠦ [5/13] page-relay[K
2026-10-08T17:05:15.3962340Z ⠧ [5/13] page-relay[K
2026-10-08T17:05:15.4766589Z ⠇ [5/13] page-relay[K
2026-10-08T17:05:15.5563542Z ⠏ [5/13] page-relay[K
2026-10-08T17:05:15.6366063Z ⠋ [5/13] page-relay[K
2026-10-08T17:05:15.7226123Z ⠙ [5/13] page-relay[K
2026-10-08T17:05:15.7948913Z ⠹ [5/13] page-relay[K
2026-10-08T17:05:15.7994012Z ⠹ [6/13] page-session[K
2026-10-08T17:05:15.8936046Z ⠸ [6/13] page-session[K
2026-10-08T17:05:15.9660622Z ⠼ [6/13] page-session[K
2026-10-08T17:05:16.0481234Z ⠴ [6/13] page-session[K
2026-10-08T17:05:16.1303977Z ⠦ [6/13] page-session[K
2026-10-08T17:05:16.2097978Z ⠧ [6/13] page-session[K
2026-10-08T17:05:16.2908003Z ⠇ [6/13] page-session[K
2026-10-08T17:05:16.3710270Z ⠏ [6/13] page-session[K
2026-10-08T17:05:16.4536275Z ⠋ [6/13] page-session[K
2026-10-08T17:05:16.5315716Z ⠙ [6/13] page-session[K
2026-10-08T17:05:16.6132540Z ⠹ [6/13] page-session[K
2026-10-08T17:05:16.6497816Z ⠸ [6/13] page-session[K
2026-10-08T17:05:16.6933525Z ⠸ [7/13] sandbox[K
2026-10-08T17:05:16.7735354Z ⠼ [7/13] sandbox[K
2026-10-08T17:05:16.8537020Z ⠴ [7/13] sandbox[K
2026-10-08T17:05:16.9186055Z ⠦ [7/13] sandbox[K
2026-10-08T17:05:16.9366457Z ⠦ [8/13] sdk-main[K
2026-10-08T17:05:17.0162039Z ⠧ [8/13] sdk-main[K
2026-10-08T17:05:17.0959861Z ⠇ [8/13] sdk-main[K
2026-10-08T17:05:17.1762057Z ⠏ [8/13] sdk-main[K
2026-10-08T17:05:17.2595726Z ⠋ [8/13] sdk-main[K
2026-10-08T17:05:17.3415782Z ⠙ [8/13] sdk-main[K
2026-10-08T17:05:17.4191178Z ⠹ [8/13] sdk-main[K
2026-10-08T17:05:17.4993011Z ⠸ [8/13] sdk-main[K
2026-10-08T17:05:17.5816185Z ⠼ [8/13] sdk-main[K
2026-10-08T17:05:17.6606092Z ⠴ [8/13] sdk-main[K
2026-10-08T17:05:17.6702051Z ⠦ [8/13] sdk-main[K
2026-10-08T17:05:17.7402400Z ⠦ [9/13] selection-entry[K
2026-10-08T17:05:17.8098130Z ⠧ [9/13] selection-entry[K
2026-10-08T17:05:17.8199946Z ⠧ [10/13] settings[K
2026-10-08T17:05:17.9001262Z ⠇ [10/13] settings[K
2026-10-08T17:05:17.9803781Z ⠏ [10/13] settings[K
2026-10-08T17:05:18.0414318Z ⠋ [10/13] settings[K
2026-10-08T17:05:18.0706627Z ⠋ [11/13] tool-shell[K
2026-10-08T17:05:18.3335083Z ⠙ [11/13] tool-shell[K
2026-10-08T17:05:18.4136490Z ⠹ [11/13] tool-shell[K
2026-10-08T17:05:18.4956737Z ⠸ [11/13] tool-shell[K
2026-10-08T17:05:18.5750905Z ⠼ [11/13] tool-shell[K
2026-10-08T17:05:18.6576544Z ⠴ [11/13] tool-shell[K
2026-10-08T17:05:18.7360333Z ⠦ [11/13] tool-shell[K
2026-10-08T17:05:18.8163164Z ⠧ [11/13] tool-shell[K
2026-10-08T17:05:18.8976430Z ⠇ [11/13] tool-shell[K
2026-10-08T17:05:18.9778124Z ⠏ [11/13] tool-shell[K
2026-10-08T17:05:19.0580663Z ⠋ [11/13] tool-shell[K
2026-10-08T17:05:19.1383241Z ⠙ [11/13] tool-shell[K
2026-10-08T17:05:19.2185984Z ⠹ [11/13] tool-shell[K
2026-10-08T17:05:19.2988431Z ⠸ [11/13] tool-shell[K
2026-10-08T17:05:19.3798037Z ⠼ [11/13] tool-shell[K
2026-10-08T17:05:19.4600804Z ⠴ [11/13] tool-shell[K
2026-10-08T17:05:19.5403414Z ⠦ [11/13] tool-shell[K
2026-10-08T17:05:19.6205650Z ⠧ [11/13] tool-shell[K
2026-10-08T17:05:19.7007842Z ⠇ [11/13] tool-shell[K
2026-10-08T17:05:19.7810164Z ⠏ [11/13] tool-shell[K
2026-10-08T17:05:19.8620538Z ⠋ [11/13] tool-shell[K
2026-10-08T17:05:19.9428101Z ⠙ [11/13] tool-shell[K
2026-10-08T17:05:20.0453873Z ⠹ [11/13] tool-shell[K
2026-10-08T17:05:20.0470565Z ⠸ [11/13] tool-shell[K
2026-10-08T17:05:20.1249064Z ⠸ [12/13] transport[K
2026-10-08T17:05:20.2050402Z ⠼ [12/13] transport[K
2026-10-08T17:05:20.2876815Z ⠴ [12/13] transport[K
2026-10-08T17:05:20.3669698Z ⠦ [12/13] transport[K
2026-10-08T17:05:20.4392381Z ⠧ [12/13] transport[K
2026-10-08T17:05:20.4469836Z ⠧ [13/13] worker-runtime[K
2026-10-08T17:05:20.5270870Z ⠇ [13/13] worker-runtime[K
2026-10-08T17:05:20.6068120Z ⠏ [13/13] worker-runtime[K
2026-10-08T17:05:20.6887047Z ⠋ [13/13] worker-runtime[K
2026-10-08T17:05:20.7696114Z ⠙ [13/13] worker-runtime[K
2026-10-08T17:05:20.8497509Z ⠹ [13/13] worker-runtime[K
2026-10-08T17:05:20.9300381Z ⠸ [13/13] worker-runtime[K
2026-10-08T17:05:21.0103798Z ⠼ [13/13] worker-runtime[K
2026-10-08T17:05:21.0906503Z ⠴ [13/13] worker-runtime[K
2026-10-08T17:05:21.1699272Z ⠦ [13/13] worker-runtime[K
2026-10-08T17:05:21.1811463Z ⠧ [13/13] worker-runtime[K
2026-10-08T17:05:21.1811936Z [K[?25h
2026-10-08T17:05:21.1836825Z [K[?25h[success] Built extension in 11.3 s
2026-10-08T17:05:21.1837850Z   ├─ dist/development/manifest.json                            1.52 kB  
2026-10-08T17:05:21.1838897Z   ├─ dist/development/native-agent/settings.html               1.83 kB  
2026-10-08T17:05:21.1840290Z   ├─ dist/development/scripting/sandbox/sandbox.html           385 B    
2026-10-08T17:05:21.1841404Z   ├─ dist/development/ui/target-bootstrap.html                 200 B    
2026-10-08T17:05:21.1842358Z   ├─ dist/development/ui/tool.html                             20.78 kB 
2026-10-08T17:05:21.1843301Z   ├─ dist/development/agents/bootstrap.js                      21.70 kB 
2026-10-08T17:05:21.1844225Z   ├─ dist/development/agents/bootstrap.js.map                  65.33 kB 
2026-10-08T17:05:21.1845355Z   ├─ dist/development/agents/health.js                         1.06 kB  
2026-10-08T17:05:21.1846271Z   ├─ dist/development/agents/health.js.map                     15.04 kB 
2026-10-08T17:05:21.1847184Z   ├─ dist/development/agents/page-agent.js                     34.59 kB 
2026-10-08T17:05:21.1848103Z   ├─ dist/development/agents/page-agent.js.map                 95.31 kB 
2026-10-08T17:05:21.1849030Z   ├─ dist/development/agents/page-relay.js                     35.52 kB 
2026-10-08T17:05:21.1849972Z   ├─ dist/development/agents/page-relay.js.map                 113.01 kB
2026-10-08T17:05:21.1850917Z   ├─ dist/development/agents/selection-entry.js                638 B    
2026-10-08T17:05:21.1851872Z   ├─ dist/development/agents/selection-entry.js.map            968 B    
2026-10-08T17:05:21.1852818Z   ├─ dist/development/framework/sdk-main.js                    49.77 kB 
2026-10-08T17:05:21.1853748Z   ├─ dist/development/framework/sdk-main.js.map                152.75 kB
2026-10-08T17:05:21.1854824Z   ├─ dist/development/native-agent/settings.js                 22.39 kB 
2026-10-08T17:05:21.1855730Z   ├─ dist/development/native-agent/settings.js.map             58.37 kB 
2026-10-08T17:05:21.1856643Z   ├─ dist/development/native-agent/transport.js                29.53 kB 
2026-10-08T17:05:21.1857567Z   ├─ dist/development/native-agent/transport.js.map            89.73 kB 
2026-10-08T17:05:21.1858502Z   ├─ dist/development/scripting/packaged/page-session.js       55.33 kB 
2026-10-08T17:05:21.1859496Z   ├─ dist/development/scripting/packaged/page-session.js.map   174.29 kB
2026-10-08T17:05:21.1860463Z   ├─ dist/development/scripting/sandbox/sandbox.js             4.24 kB  
2026-10-08T17:05:21.1861418Z   ├─ dist/development/scripting/sandbox/sandbox.js.map         11.64 kB 
2026-10-08T17:05:21.1862706Z   ├─ dist/development/scripting/sandbox/worker-runtime.js      49.87 kB 
2026-10-08T17:05:21.1863666Z   ├─ dist/development/scripting/sandbox/worker-runtime.js.map  156.74 kB
2026-10-08T17:05:21.1864761Z   ├─ dist/development/sw.js                                    324.93 kB
2026-10-08T17:05:21.1865649Z   ├─ dist/development/sw.js.map                                962.64 kB
2026-10-08T17:05:21.1866594Z   ├─ dist/development/ui/tool-shell.js                         172.44 kB
2026-10-08T17:05:21.1867537Z   ├─ dist/development/ui/tool-shell.js.map                     513.76 kB
2026-10-08T17:05:21.1868494Z   ├─ dist/development/vendor/jquery-3.7.1.min.js               87.53 kB 
2026-10-08T17:05:21.1869404Z   ├─ dist/development/ui/tool-shell.css                        18.83 kB 
2026-10-08T17:05:21.1870315Z   ├─ dist/development/icons/notification.png                   595 B    
2026-10-08T17:05:21.1871265Z   ├─ dist/development/licenses/jquery-MIT.txt                  1.10 kB  
2026-10-08T17:05:21.1872238Z   └─ dist/development/licenses/todo-user-vue-MIT.txt           1.10 kB  
2026-10-08T17:05:21.1873181Z Σ Total size: 3.35 MB                                        
2026-10-08T17:05:21.1873774Z [success] Finished in 11.4 s
2026-10-08T17:05:21.8497445Z {"mode":"development","builder":"wxt","status":"passed","packageHash":"1ab55f14fd63bcc34899dc58ad92ff006aa81cc9a9fa54fa62626876c145bb6b","assets":37}
2026-10-08T17:05:21.8716842Z ##[group]Run npm run verify
2026-10-08T17:05:21.8717158Z [36;1mnpm run verify[0m
2026-10-08T17:05:21.8783737Z shell: /usr/bin/bash -e {0}
2026-10-08T17:05:21.8784011Z ##[endgroup]
2026-10-08T17:05:21.9784381Z 
2026-10-08T17:05:21.9785191Z > opendesk-browser@0.1.0 verify
2026-10-08T17:05:21.9786317Z > node scripts/verify-package.mjs dist/production && node scripts/verify-package.mjs dist/development
2026-10-08T17:05:21.9787036Z 
2026-10-08T17:05:22.5567125Z {"status":"passed","manifestVersion":3,"classicEntries":["agents/bootstrap.js","agents/health.js","agents/page-agent.js","agents/page-relay.js","agents/selection-entry.js","framework/sdk-main.js","native-agent/settings.js","native-agent/transport.js","scripting/packaged/page-session.js","scripting/sandbox/sandbox.js","scripting/sandbox/worker-runtime.js","sw.js","ui/tool-shell.js","vendor/jquery-3.7.1.min.js"],"htmlChecked":["ui/tool.html","native-agent/settings.html","ui/target-bootstrap.html","scripting/sandbox/sandbox.html"],"assetsChecked":["icons/notification.png","licenses/todo-user-vue-MIT.txt","licenses/jquery-MIT.txt","framework/sdk-resources.json"],"sdkResources":{"schemaVersion":1,"resources":[{"path":"framework/sdk-main.js","bytes":49539,"sha256":"432c30ab8c60086a05335616f5f48014377a2b4cb6e0df197a1477d15df31fee"},{"path":"agents/page-relay.js","bytes":35276,"sha256":"cd61d0935d4670b6f593540c0a75b900e18c37db93a124dfd2a29f7826c5125a"}]},"sdkEntries":{"MAIN":"framework/sdk-main.js","ISOLATED":"agents/page-relay.js"},"privilegedDynamicExecutionFound":false,"approvedDynamicExecution":[{"file":"scripting/sandbox/worker-runtime.js","approvedAsyncBodyConstructors":1,"execution":"Host fetches fixed bytes; Blob classic Worker only inside opaque sandbox"}],"sandbox":{"pages":["scripting/sandbox/sandbox.html"],"csp":"sandbox allow-scripts; default-src 'none'; script-src 'self' 'unsafe-eval'; worker-src blob:; connect-src 'none'; child-src 'none'; img-src 'none'; style-src 'none'; base-uri 'none'; form-action 'none'"},"packageHash":"729c2bfe9b572e1d58d5e1f147e8d99d7f6118bbe6e3fdd7009429b5e05b12b7","hashRecipe":"SHA256 UTF-8 JSON.stringify(path-sorted [{path,bytes,sha256}]); exact file bytes","files":[{"path":"agents/bootstrap.js","bytes":21466,"sha256":"1b1b17378eb90a7f1d2e10b071e226648974975e56cbe12c6b1dbd5bf715c79c"},{"path":"agents/health.js","bytes":828,"sha256":"48b43e028694d4fcc376d32539ab2d55ebd58359fce01219cff250fd4b5a6f65"},{"path":"agents/page-agent.js","bytes":34347,"sha256":"35a38017342eff0fc2726e834d435e33cc60ae3452cfca0b8a5b72093b3a2c4c"},{"path":"agents/page-relay.js","bytes":35276,"sha256":"cd61d0935d4670b6f593540c0a75b900e18c37db93a124dfd2a29f7826c5125a"},{"path":"agents/selection-entry.js","bytes":383,"sha256":"0265146d80cd448c28ecd1231574d0bd6ba9f20d6991b09250478decc3e89fbb"},{"path":"framework/sdk-main.js","bytes":49539,"sha256":"432c30ab8c60086a05335616f5f48014377a2b4cb6e0df197a1477d15df31fee"},{"path":"framework/sdk-resources.json","bytes":359,"sha256":"747353949442c7bdf588f73a9e2a048d9471dc71aaa86adedf11ae0fd221cf8b"},{"path":"icons/notification.png","bytes":595,"sha256":"efb5caddc95697204e98f9e7319119095ea195fa02448904bc985e90e96d4de6"},{"path":"licenses/jquery-MIT.txt","bytes":1097,"sha256":"d4db9ebe6f29f5168eac45ad713f055623ac5d0dcd5ba92da23d650ae012020d"},{"path":"licenses/todo-user-vue-MIT.txt","bytes":1096,"sha256":"e301f131f52747f87193c4a41d3d5c09e6c021cc664a6a3101a2213635f03f29"},{"path":"manifest.json","bytes":1201,"sha256":"e1efc8ec08a08961b7d48304439ae802d3b9d60afa44034b8a8a5054d53f0034"},{"path":"native-agent/settings.html","bytes":1826,"sha256":"8763896451244519f856a7a9f5c2284348bc3b8adbd0aaa3a674932e95d5fecf"},{"path":"native-agent/settings.js","bytes":22157,"sha256":"7018e9e3e7a0dcf7392e270f8512b4d4b815d8db5940da26587ad938d13b971d"},{"path":"native-agent/transport.js","bytes":29297,"sha256":"112dff86a490ece497668e4420053ce0d48121e2de12360da177add825b30421"},{"path":"scripting/packaged/page-session.js","bytes":55082,"sha256":"bd346556fa4a137b804a6255fefc6617ce1bcd01719dd0637bb6a54e9b90b377"},{"path":"scripting/sandbox/sandbox.html","bytes":385,"sha256":"aa7362ce87a270f45005dde0e9cf14bf1d86bd4bd15fce37f14515638ef3b536"},{"path":"scripting/sandbox/sandbox.js","bytes":4010,"sha256":"4b735c3d8d6d6059a549b59122d4d1d56811c121c6ad1b7eeadca6cf3e15640e"},{"path":"scripting/sandbox/worker-runtime.js","bytes":49621,"sha256":"a230e617b61fab40442e1714748c4d82d8548337dc5a46ad5485567c8d9e4b76"},{"path":"sw.js","bytes":324759,"sha256":"d6cc620373b220ba80b1ed45c04845147b1cf924227560946ca246ce8c68b75d"},{"path":"ui/target-bootstrap.html","bytes":200,"sha256":"b52748e3bf14e6931924843c0b8bc626ad8929b3b1bb6b63524b39238dc5d13c"},{"path":"ui/tool-shell.css","bytes":18831,"sha256":"a86dd88e5d6c29e93171a7effb1d8031a37e784a01641cc20c899f53457bbde3"},{"path":"ui/tool-shell.js","bytes":172205,"sha256":"33df0d9bef0d068a1f69e19201ced96a44473afe16155b20e9eaa0b72e21189f"},{"path":"ui/tool.html","bytes":20780,"sha256":"10ef67aa8958d07aec9ac5378a7b8ca00867f028693ea7abb65b1f39c572eea7"},{"path":"vendor/jquery-3.7.1.min.js","bytes":87533,"sha256":"fc9a93dd241f6b045cbff0481cf4e1901becd0e12fb45166a8f17f95823f0b1a"}]}
2026-10-08T17:05:23.1444972Z {"status":"passed","manifestVersion":3,"classicEntries":["agents/bootstrap.js","agents/health.js","agents/page-agent.js","agents/page-relay.js","agents/selection-entry.js","framework/sdk-main.js","native-agent/settings.js","native-agent/transport.js","scripting/packaged/page-session.js","scripting/sandbox/sandbox.js","scripting/sandbox/worker-runtime.js","sw.js","ui/tool-shell.js","vendor/jquery-3.7.1.min.js"],"htmlChecked":["ui/tool.html","native-agent/settings.html","ui/target-bootstrap.html","scripting/sandbox/sandbox.html"],"assetsChecked":["icons/notification.png","licenses/todo-user-vue-MIT.txt","licenses/jquery-MIT.txt","framework/sdk-resources.json"],"sdkResources":{"schemaVersion":1,"resources":[{"path":"framework/sdk-main.js","bytes":49773,"sha256":"903bb9d0bbd1a48a92db218934aa730fd817dc8c211017d61b65b8a27ac25bb8"},{"path":"agents/page-relay.js","bytes":35516,"sha256":"1e75308cd25090fa6ab1b33823ad4844ddab51e172166a3fd028a0a983854e65"}]},"sdkEntries":{"MAIN":"framework/sdk-main.js","ISOLATED":"agents/page-relay.js"},"privilegedDynamicExecutionFound":false,"approvedDynamicExecution":[{"file":"scripting/sandbox/worker-runtime.js","approvedAsyncBodyConstructors":1,"execution":"Host fetches fixed bytes; Blob classic Worker only inside opaque sandbox"}],"sandbox":{"pages":["scripting/sandbox/sandbox.html"],"csp":"sandbox allow-scripts; default-src 'none'; script-src 'self' 'unsafe-eval'; worker-src blob:; connect-src 'none'; child-src 'none'; img-src 'none'; style-src 'none'; base-uri 'none'; form-action 'none'"},"packageHash":"1ab55f14fd63bcc34899dc58ad92ff006aa81cc9a9fa54fa62626876c145bb6b","hashRecipe":"SHA256 UTF-8 JSON.stringify(path-sorted [{path,bytes,sha256}]); exact file bytes","files":[{"path":"agents/bootstrap.js","bytes":21703,"sha256":"9556baeec50d2c2fbd4c5391e34bab41c3d9aa9d6d416a4a89b205809542beb5"},{"path":"agents/bootstrap.js.map","bytes":65334,"sha256":"72024fdb0695ffff3a2296cfda4ddb2f96c6f5da8a260d2098c5516f2421b840"},{"path":"agents/health.js","bytes":1056,"sha256":"0fdbd009c25751599b50a9ff902d5c1a71fafb15a526ee64e5a1082b86ed7e7d"},{"path":"agents/health.js.map","bytes":15038,"sha256":"13ab8c72f5d5a8d82b65a38c7c455d8abf1ea4ab6c8878443a316fde59414b51"},{"path":"agents/page-agent.js","bytes":34587,"sha256":"23929816fb4342e44814992a820651ce5b0e5de8b827c32fa2498caccfc01283"},{"path":"agents/page-agent.js.map","bytes":95306,"sha256":"ec0f23bd47621fb6cf855b2c1999b4746ab13cb31b1add032787cde50a8db72e"},{"path":"agents/page-relay.js","bytes":35516,"sha256":"1e75308cd25090fa6ab1b33823ad4844ddab51e172166a3fd028a0a983854e65"},{"path":"agents/page-relay.js.map","bytes":113008,"sha256":"e399a9d2068b239aa9389f4616a4012ded4240d909d18df443769d3ed3df9348"},{"path":"agents/selection-entry.js","bytes":638,"sha256":"b86047d8de3434afe4161d07376ca71a4ea18bc870663be9a606b62c19a42d80"},{"path":"agents/selection-entry.js.map","bytes":968,"sha256":"f2ee1d5e62016c3f1854811589f17382f0f0e69ea9a3635484fe02734b7eb0f4"},{"path":"framework/sdk-main.js","bytes":49773,"sha256":"903bb9d0bbd1a48a92db218934aa730fd817dc8c211017d61b65b8a27ac25bb8"},{"path":"framework/sdk-main.js.map","bytes":152746,"sha256":"a3ac2c7cfa6a0cc3d74f8bee60a8e7b3bf35f4fea4316b599b3b4d35b2a52b03"},{"path":"framework/sdk-resources.json","bytes":359,"sha256":"6f6597ecccf98b85cf1889e8c413a64b712f6cf44976b8ab778d836e14a5f5a6"},{"path":"icons/notification.png","bytes":595,"sha256":"efb5caddc95697204e98f9e7319119095ea195fa02448904bc985e90e96d4de6"},{"path":"licenses/jquery-MIT.txt","bytes":1097,"sha256":"d4db9ebe6f29f5168eac45ad713f055623ac5d0dcd5ba92da23d650ae012020d"},{"path":"licenses/todo-user-vue-MIT.txt","bytes":1096,"sha256":"e301f131f52747f87193c4a41d3d5c09e6c021cc664a6a3101a2213635f03f29"},{"path":"manifest.json","bytes":1523,"sha256":"e6670098b865f36a8529c648f8e85ad5c3b36239c4b1880a296680a638cf0da8"},{"path":"native-agent/settings.html","bytes":1826,"sha256":"8763896451244519f856a7a9f5c2284348bc3b8adbd0aaa3a674932e95d5fecf"},{"path":"native-agent/settings.js","bytes":22391,"sha256":"606318ea6d225e92a72dc13e700f015dbd9a6d148f896eea09114205024fedd6"},{"path":"native-agent/settings.js.map","bytes":58367,"sha256":"4aef7296f6663d8a5d72a623f7f604ae7e9d0eb1d28f881b0a88ce748c2fb58e"},{"path":"native-agent/transport.js","bytes":29534,"sha256":"9541f51d2800df30bd69f7c6ac94e33cf496aea4b0287bf7d5989aacd50e6706"},{"path":"native-agent/transport.js.map","bytes":89731,"sha256":"bd60a744b5bf89e94ad2b485b9f19aff9a73e9daab184a5092ac4094459c1838"},{"path":"scripting/packaged/page-session.js","bytes":55328,"sha256":"fbc94b97dde28dd1a5ac99db3ecf861aa9b6374c85474b05e1d722f6520f3343"},{"path":"scripting/packaged/page-session.js.map","bytes":174289,"sha256":"954210c4f3cf3aeefc1422e4ff51980b3d2b3643485c7d55ae80dfce25d0f5f5"},{"path":"scripting/sandbox/sandbox.html","bytes":385,"sha256":"aa7362ce87a270f45005dde0e9cf14bf1d86bd4bd15fce37f14515638ef3b536"},{"path":"scripting/sandbox/sandbox.js","bytes":4241,"sha256":"e5e5069e25a85673c3880d555a42ecaea414e7c6dabacccd4589874bad7e8631"},{"path":"scripting/sandbox/sandbox.js.map","bytes":11636,"sha256":"2b3be0c1d212193b207fc20165a11866806b1c31cc2653ebac5036a9ea3374d6"},{"path":"scripting/sandbox/worker-runtime.js","bytes":49873,"sha256":"ba4fdc32df6019d0fb770d8076da10a1554a24a2e594cba5127595623dd6ff2a"},{"path":"scripting/sandbox/worker-runtime.js.map","bytes":156738,"sha256":"a9da3cdcea187eea9dadb6c80ad70b4c837b9decfba7cdeec40794da40a57874"},{"path":"sw.js","bytes":324931,"sha256":"95928562d2361928327d3ea7929eb5c4b6f44f25ab0c71fbd270a346bd297003"},{"path":"sw.js.map","bytes":962642,"sha256":"cea1149dd4266deca3f5924dca3385cba8445cee2216aadc26fcdd0588e8cbf5"},{"path":"ui/target-bootstrap.html","bytes":200,"sha256":"b52748e3bf14e6931924843c0b8bc626ad8929b3b1bb6b63524b39238dc5d13c"},{"path":"ui/tool-shell.css","bytes":18831,"sha256":"a86dd88e5d6c29e93171a7effb1d8031a37e784a01641cc20c899f53457bbde3"},{"path":"ui/tool-shell.js","bytes":172445,"sha256":"419cc121f78b20bd4b00648764467c5d36e8c7cb8319d7b2a0469c92f3a1bb55"},{"path":"ui/tool-shell.js.map","bytes":513761,"sha256":"a3f00fa291d2ce620f26bf9709ab8a1178f4b31965f4c210f2a0cffd457200e5"},{"path":"ui/tool.html","bytes":20780,"sha256":"10ef67aa8958d07aec9ac5378a7b8ca00867f028693ea7abb65b1f39c572eea7"},{"path":"vendor/jquery-3.7.1.min.js","bytes":87533,"sha256":"fc9a93dd241f6b045cbff0481cf4e1901becd0e12fb45166a8f17f95823f0b1a"}]}
2026-10-08T17:05:23.1633523Z ##[group]Run npm test
2026-10-08T17:05:23.1633808Z [36;1mnpm test[0m
2026-10-08T17:05:23.1701243Z shell: /usr/bin/bash -e {0}
2026-10-08T17:05:23.1701512Z ##[endgroup]
2026-10-08T17:05:23.2693963Z 
2026-10-08T17:05:23.2694532Z > opendesk-browser@0.1.0 test
2026-10-08T17:05:23.2695196Z > node --test tests/environment/*.test.mjs
2026-10-08T17:05:23.2695427Z 
2026-10-08T17:05:23.3334191Z TAP version 13
2026-10-08T17:05:23.3762989Z # Subtest: AI-to-Task sample is a valid immutable Task v1 Candidate with exact checked-in source
2026-10-08T17:05:23.3764506Z ok 1 - AI-to-Task sample is a valid immutable Task v1 Candidate with exact checked-in source
2026-10-08T17:05:23.3765680Z   ---
2026-10-08T17:05:23.3766202Z   duration_ms: 11.166665
2026-10-08T17:05:23.3766707Z   type: 'test'
2026-10-08T17:05:23.3767174Z   ...
2026-10-08T17:05:23.3800479Z # Subtest: tampering cannot grant publication state or replace the source hash
2026-10-08T17:05:23.3803221Z ok 2 - tampering cannot grant publication state or replace the source hash
2026-10-08T17:05:23.3804115Z   ---
2026-10-08T17:05:23.3804852Z   duration_ms: 4.764672
2026-10-08T17:05:23.3805424Z   type: 'test'
2026-10-08T17:05:23.3805914Z   ...
2026-10-08T17:05:23.3840411Z # Subtest: modern candidate only uses implemented Locator actions with an explicit business-result wait
2026-10-08T17:05:23.3863899Z ok 3 - modern candidate only uses implemented Locator actions with an explicit business-result wait
2026-10-08T17:05:23.3865098Z   ---
2026-10-08T17:05:23.3865552Z   duration_ms: 2.294569
2026-10-08T17:05:23.3866043Z   type: 'test'
2026-10-08T17:05:23.3866469Z   ...
2026-10-08T17:05:23.3867351Z # Subtest: observation draft is bounded, read-only and valid Controller async main
2026-10-08T17:05:23.3868521Z ok 4 - observation draft is bounded, read-only and valid Controller async main
2026-10-08T17:05:23.3869279Z   ---
2026-10-08T17:05:23.3869714Z   duration_ms: 3.334502
2026-10-08T17:05:23.3870186Z   type: 'test'
2026-10-08T17:05:23.3870607Z   ...
2026-10-08T17:05:23.3922786Z # Subtest: AI-to-Task samples target the original HTML fixture rather than inventing a second page
2026-10-08T17:05:23.3924524Z ok 5 - AI-to-Task samples target the original HTML fixture rather than inventing a second page
2026-10-08T17:05:23.3925728Z   ---
2026-10-08T17:05:23.3926264Z   duration_ms: 3.34626
2026-10-08T17:05:23.3926813Z   type: 'test'
2026-10-08T17:05:23.3927334Z   ...
2026-10-08T17:05:23.4102068Z # Subtest: read-only Agent observation draft retains the main R6.2 bounded snapshot contract
2026-10-08T17:05:23.4103638Z ok 6 - read-only Agent observation draft retains the main R6.2 bounded snapshot contract
2026-10-08T17:05:23.4104529Z   ---
2026-10-08T17:05:23.4105215Z   duration_ms: 9.26415
2026-10-08T17:05:23.4105732Z   type: 'test'
2026-10-08T17:05:23.4106210Z   ...
2026-10-08T17:05:23.4107072Z # Subtest: modern Locator Task candidate is exact and immutable, never pre-verified
2026-10-08T17:05:23.4108273Z ok 7 - modern Locator Task candidate is exact and immutable, never pre-verified
2026-10-08T17:05:23.4109074Z   ---
2026-10-08T17:05:23.4109544Z   duration_ms: 10.867526
2026-10-08T17:05:23.4110097Z   type: 'test'
2026-10-08T17:05:23.4110568Z   ...
2026-10-08T17:05:23.4658404Z # Subtest: real loopback HTTP server serves static JSON, HTML and true 404/non-JSON
2026-10-08T17:05:23.4736154Z ok 8 - real loopback HTTP server serves static JSON, HTML and true 404/non-JSON
2026-10-08T17:05:23.4737507Z   ---
2026-10-08T17:05:23.4762601Z   duration_ms: 49.394555
2026-10-08T17:05:23.4815406Z   type: 'test'
2026-10-08T17:05:23.4855603Z   ...
2026-10-08T17:05:23.6469827Z # Subtest: real loopback HTTP server emits status/POST body and delayed responses
2026-10-08T17:05:23.6471395Z ok 9 - real loopback HTTP server emits status/POST body and delayed responses
2026-10-08T17:05:23.6472240Z   ---
2026-10-08T17:05:23.6474168Z   duration_ms: 189.930352
2026-10-08T17:05:23.6474772Z   type: 'test'
2026-10-08T17:05:23.6475106Z   ...
2026-10-08T17:05:25.0106974Z # Subtest: one ordinary HTML page exposes unique, stable automation targets
2026-10-08T17:05:25.0126458Z ok 10 - one ordinary HTML page exposes unique, stable automation targets
2026-10-08T17:05:25.0168978Z   ---
2026-10-08T17:05:25.0195173Z   duration_ms: 10.925232
2026-10-08T17:05:25.0205258Z   type: 'test'
2026-10-08T17:05:25.0225189Z   ...
2026-10-08T17:05:25.0256259Z # Subtest: the unchanged signed v1 task still targets \#name → \#submit → \#done
2026-10-08T17:05:25.0305736Z ok 11 - the unchanged signed v1 task still targets \#name → \#submit → \#done
2026-10-08T17:05:25.0315227Z   ---
2026-10-08T17:05:25.0326029Z   duration_ms: 2.615291
2026-10-08T17:05:25.0353561Z   type: 'test'
2026-10-08T17:05:25.0375211Z   ...
2026-10-08T17:05:25.0405840Z # Subtest: modern search retains an initially filled field and deliberately replaces its submit button
2026-10-08T17:05:25.0446179Z ok 12 - modern search retains an initially filled field and deliberately replaces its submit button
2026-10-08T17:05:25.0462664Z   ---
2026-10-08T17:05:25.0505330Z   duration_ms: 1.926636
2026-10-08T17:05:25.0535414Z   type: 'test'
2026-10-08T17:05:25.0565292Z   ...
2026-10-08T17:05:25.0566420Z # Subtest: async scene sends only local fetches and distinguishes loading, 404, abort and timeout
2026-10-08T17:05:25.0567735Z ok 13 - async scene sends only local fetches and distinguishes loading, 404, abort and timeout
2026-10-08T17:05:25.0568445Z   ---
2026-10-08T17:05:25.0568780Z   duration_ms: 2.876183
2026-10-08T17:05:25.0569169Z   type: 'test'
2026-10-08T17:05:25.0569482Z   ...
2026-10-08T17:05:25.0570218Z # Subtest: HTTP panel defaults to genuine local JSON and OpenDesk SDK without auto-request
2026-10-08T17:05:25.0571327Z ok 14 - HTTP panel defaults to genuine local JSON and OpenDesk SDK without auto-request
2026-10-08T17:05:25.0571978Z   ---
2026-10-08T17:05:25.0572277Z   duration_ms: 2.185115
2026-10-08T17:05:25.0572621Z   type: 'test'
2026-10-08T17:05:25.0572910Z   ...
2026-10-08T17:05:25.0573687Z # Subtest: the single canonical page exposes seven navigable groups and honest Locator fixtures
2026-10-08T17:05:25.0605166Z ok 15 - the single canonical page exposes seven navigable groups and honest Locator fixtures
2026-10-08T17:05:25.0605908Z   ---
2026-10-08T17:05:25.0606242Z   duration_ms: 3.070585
2026-10-08T17:05:25.0606625Z   type: 'test'
2026-10-08T17:05:25.0606945Z   ...
2026-10-08T17:05:25.0607670Z # Subtest: Locator fixture actions, late insertion, and reset mutate only observable DOM
2026-10-08T17:05:25.0608747Z ok 16 - Locator fixture actions, late insertion, and reset mutate only observable DOM
2026-10-08T17:05:25.0609408Z   ---
2026-10-08T17:05:25.0609710Z   duration_ms: 1527.156604
2026-10-08T17:05:25.0610079Z   type: 'test'
2026-10-08T17:05:25.0610390Z   ...
2026-10-08T17:05:25.0618402Z # Subtest: HTTP panel sends no request until click and shows real status/content without HTML injection
2026-10-08T17:05:25.0620751Z ok 17 - HTTP panel sends no request until click and shows real status/content without HTML injection
2026-10-08T17:05:25.0632760Z   ---
2026-10-08T17:05:25.0633457Z   duration_ms: 50.409115
2026-10-08T17:05:25.0634786Z   type: 'test'
2026-10-08T17:05:25.0635410Z   ...
2026-10-08T17:05:25.0786056Z # Subtest: HTTP panel preserves actual 404 and abort/reset cannot resurrect late replies
2026-10-08T17:05:25.0815732Z ok 18 - HTTP panel preserves actual 404 and abort/reset cannot resurrect late replies
2026-10-08T17:05:25.0816489Z   ---
2026-10-08T17:05:25.0835291Z   duration_ms: 17.805929
2026-10-08T17:05:25.0887838Z   type: 'test'
2026-10-08T17:05:25.0917849Z   ...
2026-10-08T17:05:25.0995869Z # Subtest: axiosx MAIN SDK calls existing facade for actual return projection, not fetch fallback
2026-10-08T17:05:25.1065783Z ok 19 - axiosx MAIN SDK calls existing facade for actual return projection, not fetch fallback
2026-10-08T17:05:25.1101724Z   ---
2026-10-08T17:05:25.1125119Z   duration_ms: 6.51283
2026-10-08T17:05:25.1125539Z   type: 'test'
2026-10-08T17:05:25.1125892Z   ...
2026-10-08T17:05:25.1127007Z # Subtest: uninstalled or non-network SDK errors are explicit and never fall back to fetch
2026-10-08T17:05:25.1128194Z ok 20 - uninstalled or non-network SDK errors are explicit and never fall back to fetch
2026-10-08T17:05:25.1128981Z   ---
2026-10-08T17:05:25.1129318Z   duration_ms: 5.612156
2026-10-08T17:05:25.1129727Z   type: 'test'
2026-10-08T17:05:25.1130054Z   ...
2026-10-08T17:05:25.1130860Z # Subtest: axiosx E_HTTP keeps actual status/response and cancellation discards late UI only
2026-10-08T17:05:25.1132072Z ok 21 - axiosx E_HTTP keeps actual status/response and cancellation discards late UI only
2026-10-08T17:05:25.1132797Z   ---
2026-10-08T17:05:25.1133153Z   duration_ms: 7.056637
2026-10-08T17:05:25.1133533Z   type: 'test'
2026-10-08T17:05:25.1133867Z   ...
2026-10-08T17:05:25.1134942Z # Subtest: axiosx Controller Worker and Page API draft files keep their separate boundaries
2026-10-08T17:05:25.1165871Z ok 22 - axiosx Controller Worker and Page API draft files keep their separate boundaries
2026-10-08T17:05:25.1199031Z   ---
2026-10-08T17:05:25.1199654Z   duration_ms: 6.564787
2026-10-08T17:05:25.1200583Z   type: 'test'
2026-10-08T17:05:25.1201121Z   ...
2026-10-08T17:05:25.1202224Z # Subtest: inline JavaScript parses without a third-party runtime or external resources
2026-10-08T17:05:25.1204024Z ok 23 - inline JavaScript parses without a third-party runtime or external resources
2026-10-08T17:05:25.1205308Z   ---
2026-10-08T17:05:25.1205808Z   duration_ms: 1.680436
2026-10-08T17:05:25.1206366Z   type: 'test'
2026-10-08T17:05:25.1207042Z   ...
2026-10-08T17:05:25.1208032Z # Subtest: manual browser testing has exactly one canonical HTML and no obsolete advertised URL
2026-10-08T17:05:25.1209637Z ok 24 - manual browser testing has exactly one canonical HTML and no obsolete advertised URL
2026-10-08T17:05:25.1210827Z   ---
2026-10-08T17:05:25.1211333Z   duration_ms: 4.123608
2026-10-08T17:05:25.1211912Z   type: 'test'
2026-10-08T17:05:25.1212623Z   ...
2026-10-08T17:05:25.1337745Z # Subtest: product shell configures the Chrome Side Panel action and never creates a popup
2026-10-08T17:05:25.1396492Z ok 25 - product shell configures the Chrome Side Panel action and never creates a popup
2026-10-08T17:05:25.1435337Z   ---
2026-10-08T17:05:25.1465146Z   duration_ms: 2.290122
2026-10-08T17:05:25.1465852Z   type: 'test'
2026-10-08T17:05:25.1485486Z   ...
2026-10-08T17:05:25.1486667Z # Subtest: tool sender accepts top-level Side Panel documents and rejects foreign or nested senders
2026-10-08T17:05:25.1490137Z ok 26 - tool sender accepts top-level Side Panel documents and rejects foreign or nested senders
2026-10-08T17:05:25.1491197Z   ---
2026-10-08T17:05:25.1491727Z   duration_ms: 0.676898
2026-10-08T17:05:25.1492291Z   type: 'test'
2026-10-08T17:05:25.1492811Z   ...
2026-10-08T17:05:25.1493838Z # Subtest: URL policy rejects restricted/file/credentials and preserves exact origin including port
2026-10-08T17:05:25.1495574Z ok 27 - URL policy rejects restricted/file/credentials and preserves exact origin including port
2026-10-08T17:05:25.1496518Z   ---
2026-10-08T17:05:25.1497058Z   duration_ms: 0.603667
2026-10-08T17:05:25.1497620Z   type: 'test'
2026-10-08T17:05:25.1498129Z   ...
2026-10-08T17:05:25.1499099Z # Subtest: health waits for sender readiness and binds Chrome document metadata, not file result
2026-10-08T17:05:25.1500836Z ok 28 - health waits for sender readiness and binds Chrome document metadata, not file result
2026-10-08T17:05:25.1501787Z   ---
2026-10-08T17:05:25.1502324Z   duration_ms: 11.246415
2026-10-08T17:05:25.1502915Z   type: 'test'
2026-10-08T17:05:25.1503444Z   ...
2026-10-08T17:05:25.1504253Z # Subtest: revoked permission blocks even previously installed agent
2026-10-08T17:05:25.1505744Z ok 29 - revoked permission blocks even previously installed agent
2026-10-08T17:05:25.1506567Z   ---
2026-10-08T17:05:25.1507093Z   duration_ms: 3.085408
2026-10-08T17:05:25.1507709Z   type: 'test'
2026-10-08T17:05:25.1508207Z   ...
2026-10-08T17:05:25.1509441Z # Subtest: reload, cross-origin and closed tab reject bound target without automatic reinjection
2026-10-08T17:05:25.1510973Z ok 30 - reload, cross-origin and closed tab reject bound target without automatic reinjection
2026-10-08T17:05:25.1511967Z   ---
2026-10-08T17:05:25.1512494Z   duration_ms: 6.25336
2026-10-08T17:05:25.1513055Z   type: 'test'
2026-10-08T17:05:25.1513586Z   ...
2026-10-08T17:05:25.1514429Z # Subtest: forged health nonce and fake sender cannot satisfy exact target
2026-10-08T17:05:25.1565923Z ok 31 - forged health nonce and fake sender cannot satisfy exact target
2026-10-08T17:05:25.1587934Z   ---
2026-10-08T17:05:25.1625661Z   duration_ms: 1.757302
2026-10-08T17:05:25.1705173Z   type: 'test'
2026-10-08T17:05:25.1751618Z   ...
2026-10-08T17:05:25.1874296Z # Subtest: missing module has no capabilities or runner and can be mounted/disposed
2026-10-08T17:05:25.1935711Z ok 32 - missing module has no capabilities or runner and can be mounted/disposed
2026-10-08T17:05:25.1995383Z   ---
2026-10-08T17:05:25.2025213Z   duration_ms: 0.715015
2026-10-08T17:05:25.2075372Z   type: 'test'
2026-10-08T17:05:25.2115744Z   ...
2026-10-08T17:05:25.2116669Z # Subtest: Side Panel configuration failure is surfaced without a popup fallback
2026-10-08T17:05:25.2117914Z ok 33 - Side Panel configuration failure is surfaced without a popup fallback
2026-10-08T17:05:25.2118929Z   ---
2026-10-08T17:05:25.2119435Z   duration_ms: 0.566452
2026-10-08T17:05:25.2119980Z   type: 'test'
2026-10-08T17:05:25.2120481Z   ...
2026-10-08T17:05:25.2121334Z # Subtest: unknown authorization mode is rejected before another injection
2026-10-08T17:05:25.2122474Z ok 34 - unknown authorization mode is rejected before another injection
2026-10-08T17:05:25.2123243Z   ---
2026-10-08T17:05:25.2123743Z   duration_ms: 3.348934
2026-10-08T17:05:25.2124284Z   type: 'test'
2026-10-08T17:05:25.2125022Z   ...
2026-10-08T17:05:25.2125940Z # Subtest: permission revoke reports permission failure even when Chrome hides tab URL
2026-10-08T17:05:25.2127219Z ok 35 - permission revoke reports permission failure even when Chrome hides tab URL
2026-10-08T17:05:25.2128098Z   ---
2026-10-08T17:05:25.2128591Z   duration_ms: 2.627779
2026-10-08T17:05:25.2129126Z   type: 'test'
2026-10-08T17:05:25.2129628Z   ...
2026-10-08T17:05:25.2130570Z # Subtest: permission revoked during tabs.get is diagnosed before inspecting its hidden URL
2026-10-08T17:05:25.2131898Z ok 36 - permission revoked during tabs.get is diagnosed before inspecting its hidden URL
2026-10-08T17:05:25.2132770Z   ---
2026-10-08T17:05:25.2133263Z   duration_ms: 1.201767
2026-10-08T17:05:25.2133797Z   type: 'test'
2026-10-08T17:05:25.2134289Z   ...
2026-10-08T17:05:25.2135347Z # Subtest: repeated agent ready preserves optional authorization and cannot bypass revoke
2026-10-08T17:05:25.2136642Z ok 37 - repeated agent ready preserves optional authorization and cannot bypass revoke
2026-10-08T17:05:25.2137502Z   ---
2026-10-08T17:05:25.2137990Z   duration_ms: 2.269131
2026-10-08T17:05:25.2138524Z   type: 'test'
2026-10-08T17:05:25.2139027Z   ...
2026-10-08T17:05:25.2139842Z # Subtest: same-document concurrent binding resolves all readiness waiters
2026-10-08T17:05:25.2140940Z ok 38 - same-document concurrent binding resolves all readiness waiters
2026-10-08T17:05:25.2141648Z   ---
2026-10-08T17:05:25.2142139Z   duration_ms: 2.22889
2026-10-08T17:05:25.2143101Z   type: 'test'
2026-10-08T17:05:25.2143596Z   ...
2026-10-08T17:05:25.2144526Z # Subtest: document invalidation and revoke while awaiting reply reject late health success
2026-10-08T17:05:25.2146045Z ok 39 - document invalidation and revoke while awaiting reply reject late health success
2026-10-08T17:05:25.2146940Z   ---
2026-10-08T17:05:25.2147433Z   duration_ms: 3.509295
2026-10-08T17:05:25.2147980Z   type: 'test'
2026-10-08T17:05:25.2148489Z   ...
2026-10-08T17:05:25.2149450Z # Subtest: missing Side Panel sender documentId resolves only unique native instance context
2026-10-08T17:05:25.2150843Z ok 40 - missing Side Panel sender documentId resolves only unique native instance context
2026-10-08T17:05:25.2151746Z   ---
2026-10-08T17:05:25.2152434Z   duration_ms: 1.972846
2026-10-08T17:05:25.2152970Z   type: 'test'
2026-10-08T17:05:25.2153454Z   ...
2026-10-08T17:05:25.2154698Z # Subtest: fixed production protocol Schema uses variable-width LZW and decodes byte-for-byte to the audited object
2026-10-08T17:05:25.2157486Z ok 41 - fixed production protocol Schema uses variable-width LZW and decodes byte-for-byte to the audited object
2026-10-08T17:05:25.2158525Z   ---
2026-10-08T17:05:25.2159025Z   duration_ms: 66.990649
2026-10-08T17:05:25.2159575Z   type: 'test'
2026-10-08T17:05:25.2160065Z   ...
2026-10-08T17:05:25.2161129Z # Subtest: small and non-ASCII schemas still round-trip through existing smaller-of-two-formats selection
2026-10-08T17:05:25.2162623Z ok 42 - small and non-ASCII schemas still round-trip through existing smaller-of-two-formats selection
2026-10-08T17:05:25.2163544Z   ---
2026-10-08T17:05:25.2164027Z   duration_ms: 0.834244
2026-10-08T17:05:25.2164726Z   type: 'test'
2026-10-08T17:05:25.2165220Z   ...
2026-10-08T17:05:25.2166076Z # Subtest: async main receives page/params lexically without platform arguments
2026-10-08T17:05:25.2167265Z ok 43 - async main receives page/params lexically without platform arguments
2026-10-08T17:05:25.2168057Z   ---
2026-10-08T17:05:25.2168543Z   duration_ms: 1.491142
2026-10-08T17:05:25.2169097Z   type: 'test'
2026-10-08T17:05:25.2169587Z   ...
2026-10-08T17:05:25.2170454Z # Subtest: main return preserves falsy values including undefined
2026-10-08T17:05:25.2171461Z ok 44 - main return preserves falsy values including undefined
2026-10-08T17:05:25.2172170Z   ---
2026-10-08T17:05:25.2172664Z   duration_ms: 0.311187
2026-10-08T17:05:25.2173190Z   type: 'test'
2026-10-08T17:05:25.2173674Z   ...
2026-10-08T17:05:25.2174444Z # Subtest: prior async-body scripts still execute and return correctly
2026-10-08T17:05:25.2175650Z ok 45 - prior async-body scripts still execute and return correctly
2026-10-08T17:05:25.2176390Z   ---
2026-10-08T17:05:25.2176887Z   duration_ms: 0.255835
2026-10-08T17:05:25.2177429Z   type: 'test'
2026-10-08T17:05:25.2177909Z   ...
2026-10-08T17:05:25.2178656Z # Subtest: main faults are errors rather than silent empty results
2026-10-08T17:05:25.2179649Z ok 46 - main faults are errors rather than silent empty results
2026-10-08T17:05:25.2180387Z   ---
2026-10-08T17:05:25.2180890Z   duration_ms: 0.61878
2026-10-08T17:05:25.2181427Z   type: 'test'
2026-10-08T17:05:25.2181909Z   ...
2026-10-08T17:05:25.2183074Z # Subtest: navigation starts invalidate the visible old document before tabs updates and recover after failure or commit
2026-10-08T17:05:25.2184915Z ok 47 - navigation starts invalidate the visible old document before tabs updates and recover after failure or commit
2026-10-08T17:05:25.2185945Z   ---
2026-10-08T17:05:25.2186441Z   duration_ms: 7.995267
2026-10-08T17:05:25.2186969Z   type: 'test'
2026-10-08T17:05:25.2187457Z   ...
2026-10-08T17:05:25.2188514Z # Subtest: loading and unloaded tabs never expose their still-visible old document as a runnable candidate
2026-10-08T17:05:25.2190009Z ok 48 - loading and unloaded tabs never expose their still-visible old document as a runnable candidate
2026-10-08T17:05:25.2190940Z   ---
2026-10-08T17:05:25.2191442Z   duration_ms: 0.928066
2026-10-08T17:05:25.2191985Z   type: 'test'
2026-10-08T17:05:25.2192712Z   ...
2026-10-08T17:05:25.2193666Z # Subtest: a tab becoming loading after frame observation fails the final candidate confirmation
2026-10-08T17:05:25.2195135Z ok 49 - a tab becoming loading after frame observation fails the final candidate confirmation
2026-10-08T17:05:25.2196019Z   ---
2026-10-08T17:05:25.2196497Z   duration_ms: 0.317787
2026-10-08T17:05:25.2197082Z   type: 'test'
2026-10-08T17:05:25.2197576Z   ...
2026-10-08T17:05:25.2198583Z # Subtest: Sidebar binds to its own browser window and exposes only the active HTTP(S) main document
2026-10-08T17:05:25.2199986Z ok 50 - Sidebar binds to its own browser window and exposes only the active HTTP(S) main document
2026-10-08T17:05:25.2200886Z   ---
2026-10-08T17:05:25.2201548Z   duration_ms: 1.422918
2026-10-08T17:05:25.2202082Z   type: 'test'
2026-10-08T17:05:25.2202586Z   ...
2026-10-08T17:05:25.2203384Z # Subtest: same-URL tab switch cannot replace the captured run candidate
2026-10-08T17:05:25.2204446Z ok 51 - same-URL tab switch cannot replace the captured run candidate
2026-10-08T17:05:25.2205345Z   ---
2026-10-08T17:05:25.2205895Z   duration_ms: 0.328353
2026-10-08T17:05:25.2206425Z   type: 'test'
2026-10-08T17:05:25.2206917Z   ...
2026-10-08T17:05:25.2207757Z # Subtest: SPA URL change before admission is stale even when documentId is unchanged
2026-10-08T17:05:25.2208870Z ok 52 - SPA URL change before admission is stale even when documentId is unchanged
2026-10-08T17:05:25.2209685Z   ---
2026-10-08T17:05:25.2210173Z   duration_ms: 0.308394
2026-10-08T17:05:25.2210711Z   type: 'test'
2026-10-08T17:05:25.2211211Z   ...
2026-10-08T17:05:25.2212133Z # Subtest: reload/full navigation invalidates the old candidate instead of matching by URL
2026-10-08T17:05:25.2213467Z ok 53 - reload/full navigation invalidates the old candidate instead of matching by URL
2026-10-08T17:05:25.2214378Z   ---
2026-10-08T17:05:25.2215134Z   duration_ms: 0.317678
2026-10-08T17:05:25.2215719Z   type: 'test'
2026-10-08T17:05:25.2216254Z   ...
2026-10-08T17:05:25.2217233Z # Subtest: Current Page follows activation events but never falls back to a previous valid page
2026-10-08T17:05:25.2218665Z ok 54 - Current Page follows activation events but never falls back to a previous valid page
2026-10-08T17:05:25.2219586Z   ---
2026-10-08T17:05:25.2220107Z   duration_ms: 2.929253
2026-10-08T17:05:25.2220683Z   type: 'test'
2026-10-08T17:05:25.2221352Z   ...
2026-10-08T17:05:25.2222356Z # Subtest: two Sidebar instances bind independently to their containing browser windows
2026-10-08T17:05:25.2223692Z ok 55 - two Sidebar instances bind independently to their containing browser windows
2026-10-08T17:05:25.2224754Z   ---
2026-10-08T17:05:25.2225281Z   duration_ms: 0.69212
2026-10-08T17:05:25.2225863Z   type: 'test'
2026-10-08T17:05:25.2226388Z   ...
2026-10-08T17:05:25.2227126Z # Subtest: dispose releases all browser event subscriptions
2026-10-08T17:05:25.2228097Z ok 56 - dispose releases all browser event subscriptions
2026-10-08T17:05:25.2246649Z   ---
2026-10-08T17:05:25.2247252Z   duration_ms: 0.674484
2026-10-08T17:05:25.2247867Z   type: 'test'
2026-10-08T17:05:25.2248385Z   ...
2026-10-08T17:05:25.2273974Z # Subtest: a late revalidation cannot overwrite a newer Current Page observation
2026-10-08T17:05:25.2275527Z ok 57 - a late revalidation cannot overwrite a newer Current Page observation
2026-10-08T17:05:25.2276392Z   ---
2026-10-08T17:05:25.2276930Z   duration_ms: 2.712627
2026-10-08T17:05:25.2277505Z   type: 'test'
2026-10-08T17:05:25.2278022Z   ...
2026-10-08T17:05:25.2279025Z # Subtest: a disposed Sidebar cannot capture or finish an in-flight candidate validation
2026-10-08T17:05:25.2280400Z ok 58 - a disposed Sidebar cannot capture or finish an in-flight candidate validation
2026-10-08T17:05:25.2281290Z   ---
2026-10-08T17:05:25.2281820Z   duration_ms: 2.022259
2026-10-08T17:05:25.2282386Z   type: 'test'
2026-10-08T17:05:25.2282885Z   ...
2026-10-08T17:05:25.2284138Z # Subtest: inspection only parses and lists download permissions; explicit actions and post-download hash review are separate
2026-10-08T17:05:25.2286604Z ok 59 - inspection only parses and lists download permissions; explicit actions and post-download hash review are separate
2026-10-08T17:05:25.2287734Z   ---
2026-10-08T17:05:25.2288283Z   duration_ms: 39.262466
2026-10-08T17:05:25.2288861Z   type: 'test'
2026-10-08T17:05:25.2289385Z   ...
2026-10-08T17:05:25.2290550Z # Subtest: packaged jQuery and a second ordinary library use ordered generic assets; source provenance is explicit
2026-10-08T17:05:25.2292210Z ok 60 - packaged jQuery and a second ordinary library use ordered generic assets; source provenance is explicit
2026-10-08T17:05:25.2293237Z   ---
2026-10-08T17:05:25.2293775Z   duration_ms: 11.017411
2026-10-08T17:05:25.2294354Z   type: 'test'
2026-10-08T17:05:25.2295330Z   ...
2026-10-08T17:05:25.2296542Z # Subtest: approved locks run offline after a new manager instance and draft edits; source/mode changes require a new lock
2026-10-08T17:05:25.2298390Z ok 61 - approved locks run offline after a new manager instance and draft edits; source/mode changes require a new lock
2026-10-08T17:05:25.2299467Z   ---
2026-10-08T17:05:25.2299995Z   duration_ms: 5.281168
2026-10-08T17:05:25.2300577Z   type: 'test'
2026-10-08T17:05:25.2301103Z   ...
2026-10-08T17:05:25.2302273Z # Subtest: duplicate declarations preserve execution order, shared bytes do not share another namespace approval
2026-10-08T17:05:25.2304203Z ok 62 - duplicate declarations preserve execution order, shared bytes do not share another namespace approval
2026-10-08T17:05:25.2305453Z   ---
2026-10-08T17:05:25.2305983Z   duration_ms: 10.136867
2026-10-08T17:05:25.2306568Z   type: 'test'
2026-10-08T17:05:25.2307095Z   ...
2026-10-08T17:05:25.2308246Z # Subtest: a local file adapter preserves declared URL and original file bytes without claiming a network download
2026-10-08T17:05:25.2309951Z ok 63 - a local file adapter preserves declared URL and original file bytes without claiming a network download
2026-10-08T17:05:25.2310985Z   ---
2026-10-08T17:05:25.2311512Z   duration_ms: 6.530116
2026-10-08T17:05:25.2312084Z   type: 'test'
2026-10-08T17:05:25.2312609Z   ...
2026-10-08T17:05:25.2313776Z # Subtest: same URL updates produce new immutable locks; selecting approved old bytes stays offline and deterministic
2026-10-08T17:05:25.2315663Z ok 64 - same URL updates produce new immutable locks; selecting approved old bytes stays offline and deterministic
2026-10-08T17:05:25.2316733Z   ---
2026-10-08T17:05:25.2317258Z   duration_ms: 16.885871
2026-10-08T17:05:25.2317835Z   type: 'test'
2026-10-08T17:05:25.2318360Z   ...
2026-10-08T17:05:25.2319382Z # Subtest: SRI validates original bytes with SHA-256/384/512 and does not silently approve a mismatch
2026-10-08T17:05:25.2320887Z ok 65 - SRI validates original bytes with SHA-256/384/512 and does not silently approve a mismatch
2026-10-08T17:05:25.2321857Z   ---
2026-10-08T17:05:25.2322378Z   duration_ms: 13.669487
2026-10-08T17:05:25.2323128Z   type: 'test'
2026-10-08T17:05:25.2323681Z   ...
2026-10-08T17:05:25.2324983Z # Subtest: downloader rejects redirects, HTML/JSON, malformed UTF-8, private IPs and excess streaming bytes
2026-10-08T17:05:25.2326601Z ok 66 - downloader rejects redirects, HTML/JSON, malformed UTF-8, private IPs and excess streaming bytes
2026-10-08T17:05:25.2327598Z   ---
2026-10-08T17:05:25.2328113Z   duration_ms: 7.997917
2026-10-08T17:05:25.2328703Z   type: 'test'
2026-10-08T17:05:25.2329228Z   ...
2026-10-08T17:05:25.2330372Z # Subtest: permission revocation and stale host during network/hash work never commit an approvable review or lock
2026-10-08T17:05:25.2332074Z ok 67 - permission revocation and stale host during network/hash work never commit an approvable review or lock
2026-10-08T17:05:25.2333119Z   ---
2026-10-08T17:05:25.2333648Z   duration_ms: 6.704518
2026-10-08T17:05:25.2334222Z   type: 'test'
2026-10-08T17:05:25.2334916Z   ...
2026-10-08T17:05:25.2336184Z # Subtest: asset, review provenance and lock tampering fail closed; quota failure atomically rolls back prepared assets
2026-10-08T17:05:25.2338193Z ok 68 - asset, review provenance and lock tampering fail closed; quota failure atomically rolls back prepared assets
2026-10-08T17:05:25.2339247Z   ---
2026-10-08T17:05:25.2339787Z   duration_ms: 12.237184
2026-10-08T17:05:25.2340365Z   type: 'test'
2026-10-08T17:05:25.2340892Z   ...
2026-10-08T17:05:25.2342069Z # Subtest: ordinary JS and metadata-looking strings remain source; real BOM/blank-prefixed CRLF header is preserved
2026-10-08T17:05:25.2343764Z ok 69 - ordinary JS and metadata-looking strings remain source; real BOM/blank-prefixed CRLF header is preserved
2026-10-08T17:05:25.2345013Z   ---
2026-10-08T17:05:25.2345553Z   duration_ms: 3.00671
2026-10-08T17:05:25.2346118Z   type: 'test'
2026-10-08T17:05:25.2346642Z   ...
2026-10-08T17:05:25.2347994Z # Subtest: leading copyright comments do not hide real dependencies or privileges; malformed markers fail closed
2026-10-08T17:05:25.2349681Z ok 70 - leading copyright comments do not hide real dependencies or privileges; malformed markers fail closed
2026-10-08T17:05:25.2350715Z   ---
2026-10-08T17:05:25.2351241Z   duration_ms: 2.09564
2026-10-08T17:05:25.2351811Z   type: 'test'
2026-10-08T17:05:25.2352328Z   ...
2026-10-08T17:05:25.2353404Z # Subtest: standard unpinned @require is importable and reviewable, including duplicate execution order
2026-10-08T17:05:25.2355139Z ok 71 - standard unpinned @require is importable and reviewable, including duplicate execution order
2026-10-08T17:05:25.2356140Z   ---
2026-10-08T17:05:25.2356661Z   duration_ms: 1.322238
2026-10-08T17:05:25.2357249Z   type: 'test'
2026-10-08T17:05:25.2357766Z   ...
2026-10-08T17:05:25.2359041Z # Subtest: TM hex/Base64, SRI tokens, percent-encoded fragments and multiple strong hashes canonicalize without losing plus signs
2026-10-08T17:05:25.2360898Z ok 72 - TM hex/Base64, SRI tokens, percent-encoded fragments and multiple strong hashes canonicalize without losing plus signs
2026-10-08T17:05:25.2362030Z   ---
2026-10-08T17:05:25.2362535Z   duration_ms: 2.113597
2026-10-08T17:05:25.2363112Z   type: 'test'
2026-10-08T17:05:25.2363632Z   ...
2026-10-08T17:05:25.2364797Z # Subtest: malformed or conflicting integrity is preserved for diagnosis and cannot be admitted
2026-10-08T17:05:25.2366243Z ok 73 - malformed or conflicting integrity is preserved for diagnosis and cannot be admitted
2026-10-08T17:05:25.2367192Z   ---
2026-10-08T17:05:25.2367714Z   duration_ms: 1.341777
2026-10-08T17:05:25.2368280Z   type: 'test'
2026-10-08T17:05:25.2368804Z   ...
2026-10-08T17:05:25.2369880Z # Subtest: weak integrity does not masquerade as verified SRI; mixed declarations keep strong requirements
2026-10-08T17:05:25.2371417Z ok 74 - weak integrity does not masquerade as verified SRI; mixed declarations keep strong requirements
2026-10-08T17:05:25.2372417Z   ---
2026-10-08T17:05:25.2372933Z   duration_ms: 0.756127
2026-10-08T17:05:25.2373498Z   type: 'test'
2026-10-08T17:05:25.2374032Z   ...
2026-10-08T17:05:25.2375220Z # Subtest: relative dependencies use actual importer provenance, never a page URL or @downloadURL
2026-10-08T17:05:25.2376732Z ok 75 - relative dependencies use actual importer provenance, never a page URL or @downloadURL
2026-10-08T17:05:25.2377682Z   ---
2026-10-08T17:05:25.2378204Z   duration_ms: 1.474587
2026-10-08T17:05:25.2378780Z   type: 'test'
2026-10-08T17:05:25.2379295Z   ...
2026-10-08T17:05:25.2380345Z # Subtest: unsupported grants/resources/directives do not prevent import or hide later dependencies
2026-10-08T17:05:25.2381872Z ok 76 - unsupported grants/resources/directives do not prevent import or hide later dependencies
2026-10-08T17:05:25.2382836Z   ---
2026-10-08T17:05:25.2383510Z   duration_ms: 0.665199
2026-10-08T17:05:25.2384172Z   type: 'test'
2026-10-08T17:05:25.2384869Z   ...
2026-10-08T17:05:25.2385716Z # Subtest: entry modes remain explicit and native match/frame/timing mappings are inspectable
2026-10-08T17:05:25.2387041Z ok 77 - entry modes remain explicit and native match/frame/timing mappings are inspectable
2026-10-08T17:05:25.2387877Z   ---
2026-10-08T17:05:25.2388650Z   duration_ms: 1.672164
2026-10-08T17:05:25.2389234Z   type: 'test'
2026-10-08T17:05:25.2389756Z   ...
2026-10-08T17:05:25.2390945Z # Subtest: large valid headers no longer fail at 64 lines or 8 dependencies; real bounds fail closed with import diagnostics
2026-10-08T17:05:25.2392684Z ok 78 - large valid headers no longer fail at 64 lines or 8 dependencies; real bounds fail closed with import diagnostics
2026-10-08T17:05:25.2393735Z   ---
2026-10-08T17:05:25.2394260Z   duration_ms: 4.375747
2026-10-08T17:05:25.2395171Z   type: 'test'
2026-10-08T17:05:25.2395698Z   ...
2026-10-08T17:05:25.2396711Z # Subtest: daily development profile is deterministic per worktree, not fresh every invocation
2026-10-08T17:05:25.2398497Z ok 79 - daily development profile is deterministic per worktree, not fresh every invocation
2026-10-08T17:05:25.2399449Z   ---
2026-10-08T17:05:25.2399977Z   duration_ms: 1.421046
2026-10-08T17:05:25.2400547Z   type: 'test'
2026-10-08T17:05:25.2401070Z   ...
2026-10-08T17:05:25.2401882Z # Subtest: profile path rejects relative, unsafe or ambiguous names
2026-10-08T17:05:25.2402943Z ok 80 - profile path rejects relative, unsafe or ambiguous names
2026-10-08T17:05:25.2403696Z   ---
2026-10-08T17:05:25.2417983Z   duration_ms: 0.514183
2026-10-08T17:05:25.2418595Z   type: 'test'
2026-10-08T17:05:25.2419131Z   ...
2026-10-08T17:05:25.2420237Z # Subtest: interactive CFT flags preserve a single stable profile and extension location without bypasses
2026-10-08T17:05:25.2421829Z ok 81 - interactive CFT flags preserve a single stable profile and extension location without bypasses
2026-10-08T17:05:25.2422832Z   ---
2026-10-08T17:05:25.2423366Z   duration_ms: 1.029228
2026-10-08T17:05:25.2423935Z   type: 'test'
2026-10-08T17:05:25.2424466Z   ...
2026-10-08T17:05:25.2425634Z # Subtest: the formal native launcher remains isolated and unmodified
2026-10-08T17:05:25.2426696Z ok 82 - the formal native launcher remains isolated and unmodified
2026-10-08T17:05:25.2427465Z   ---
2026-10-08T17:05:25.2428005Z   duration_ms: 5.868521
2026-10-08T17:05:25.2428565Z   type: 'test'
2026-10-08T17:05:25.2429073Z   ...
2026-10-08T17:05:25.2429946Z # Subtest: startup permission check cannot reconnect after permission-removed
2026-10-08T17:05:25.2431138Z ok 83 - startup permission check cannot reconnect after permission-removed
2026-10-08T17:05:25.2431958Z   ---
2026-10-08T17:05:25.2432461Z   duration_ms: 7.849309
2026-10-08T17:05:25.2433007Z   type: 'test'
2026-10-08T17:05:25.2433500Z   ...
2026-10-08T17:05:25.2434280Z # Subtest: startup permission check cannot reconnect after dispose
2026-10-08T17:05:25.2435590Z ok 84 - startup permission check cannot reconnect after dispose
2026-10-08T17:05:25.2436321Z   ---
2026-10-08T17:05:25.2436832Z   duration_ms: 1.151801
2026-10-08T17:05:25.2437393Z   type: 'test'
2026-10-08T17:05:25.2437894Z   ...
2026-10-08T17:05:25.2438634Z # Subtest: reserved mutation never dispatches across disable
2026-10-08T17:05:25.2439605Z ok 85 - reserved mutation never dispatches across disable
2026-10-08T17:05:25.2440310Z   ---
2026-10-08T17:05:25.2440819Z   duration_ms: 10.05231
2026-10-08T17:05:25.2441370Z   type: 'test'
2026-10-08T17:05:25.2441870Z   ...
2026-10-08T17:05:25.2442705Z # Subtest: reserved mutation never dispatches across permission-removed
2026-10-08T17:05:25.2443829Z ok 86 - reserved mutation never dispatches across permission-removed
2026-10-08T17:05:25.2444749Z   ---
2026-10-08T17:05:25.2445291Z   duration_ms: 6.728934
2026-10-08T17:05:25.2445866Z   type: 'test'
2026-10-08T17:05:25.2446410Z   ...
2026-10-08T17:05:25.2447271Z # Subtest: reserved mutation never dispatches across disconnect-reconnect
2026-10-08T17:05:25.2448424Z ok 87 - reserved mutation never dispatches across disconnect-reconnect
2026-10-08T17:05:25.2449396Z   ---
2026-10-08T17:05:25.2450002Z   duration_ms: 6.627512
2026-10-08T17:05:25.2450575Z   type: 'test'
2026-10-08T17:05:25.2451096Z   ...
2026-10-08T17:05:25.2451903Z # Subtest: reserved mutation never dispatches across disable-enable
2026-10-08T17:05:25.2453267Z ok 88 - reserved mutation never dispatches across disable-enable
2026-10-08T17:05:25.2454044Z   ---
2026-10-08T17:05:25.2454745Z   duration_ms: 6.178096
2026-10-08T17:05:25.2455438Z   type: 'test'
2026-10-08T17:05:25.2455975Z   ...
2026-10-08T17:05:25.2456739Z # Subtest: reserved mutation never dispatches across dispose
2026-10-08T17:05:25.2457712Z ok 89 - reserved mutation never dispatches across dispose
2026-10-08T17:05:25.2458444Z   ---
2026-10-08T17:05:25.2458968Z   duration_ms: 6.121341
2026-10-08T17:05:25.2459526Z   type: 'test'
2026-10-08T17:05:25.2460066Z   ...
2026-10-08T17:05:25.2460876Z # Subtest: Native permission is rechecked immediately before dispatch
2026-10-08T17:05:25.2462181Z ok 90 - Native permission is rechecked immediately before dispatch
2026-10-08T17:05:25.2463010Z   ---
2026-10-08T17:05:25.2463539Z   duration_ms: 6.158376
2026-10-08T17:05:25.2464111Z   type: 'test'
2026-10-08T17:05:25.2464937Z   ...
2026-10-08T17:05:25.2465917Z # Subtest: a late disconnect from an old Native port cannot cancel a new connection request
2026-10-08T17:05:25.2467265Z ok 91 - a late disconnect from an old Native port cannot cancel a new connection request
2026-10-08T17:05:25.2468165Z   ---
2026-10-08T17:05:25.2468697Z   duration_ms: 10.511675
2026-10-08T17:05:25.2469279Z   type: 'test'
2026-10-08T17:05:25.2469811Z   ...
2026-10-08T17:05:25.2470619Z # Subtest: a pending enable permission check cannot overwrite disable
2026-10-08T17:05:25.2471684Z ok 92 - a pending enable permission check cannot overwrite disable
2026-10-08T17:05:25.2472465Z   ---
2026-10-08T17:05:25.2472982Z   duration_ms: 2.971957
2026-10-08T17:05:25.2473560Z   type: 'test'
2026-10-08T17:05:25.2474096Z   ...
2026-10-08T17:05:25.2475151Z # Subtest: a pending enable permission check cannot overwrite permission-removed
2026-10-08T17:05:25.2476377Z ok 93 - a pending enable permission check cannot overwrite permission-removed
2026-10-08T17:05:25.2477197Z   ---
2026-10-08T17:05:25.2477692Z   duration_ms: 2.254248
2026-10-08T17:05:25.2478252Z   type: 'test'
2026-10-08T17:05:25.2478760Z   ...
2026-10-08T17:05:25.2479602Z # Subtest: a pending enable storage write cannot persist over a newer disable
2026-10-08T17:05:25.2480762Z ok 94 - a pending enable storage write cannot persist over a newer disable
2026-10-08T17:05:25.2481561Z   ---
2026-10-08T17:05:25.2482074Z   duration_ms: 1.187225
2026-10-08T17:05:25.2482641Z   type: 'test'
2026-10-08T17:05:25.2483155Z   ...
2026-10-08T17:05:25.2484122Z # Subtest: an old Host ACK cannot match a new connection read with the same external requestId
2026-10-08T17:05:25.2485634Z ok 95 - an old Host ACK cannot match a new connection read with the same external requestId
2026-10-08T17:05:25.2486492Z   ---
2026-10-08T17:05:25.2486992Z   duration_ms: 16.155894
2026-10-08T17:05:25.2487577Z   type: 'test'
2026-10-08T17:05:25.2488072Z   ...
2026-10-08T17:05:25.2488940Z # Subtest: enabled Native handshake sends version and correct extension identity
2026-10-08T17:05:25.2490183Z ok 96 - enabled Native handshake sends version and correct extension identity
2026-10-08T17:05:25.2491014Z   ---
2026-10-08T17:05:25.2491522Z   duration_ms: 0.923939
2026-10-08T17:05:25.2492096Z   type: 'test'
2026-10-08T17:05:25.2492606Z   ...
2026-10-08T17:05:25.2493598Z # Subtest: default-off requires a packaged Settings sender and real granted Native permission
2026-10-08T17:05:25.2495202Z ok 97 - default-off requires a packaged Settings sender and real granted Native permission
2026-10-08T17:05:25.2496113Z   ---
2026-10-08T17:05:25.2496608Z   duration_ms: 0.480683
2026-10-08T17:05:25.2497246Z   type: 'test'
2026-10-08T17:05:25.2497735Z   ...
2026-10-08T17:05:25.2498714Z # Subtest: request hash journal deduplicates after real Host admission; conflicting bytes fail
2026-10-08T17:05:25.2500265Z ok 98 - request hash journal deduplicates after real Host admission; conflicting bytes fail
2026-10-08T17:05:25.2501286Z   ---
2026-10-08T17:05:25.2501879Z   duration_ms: 10.178359
2026-10-08T17:05:25.2502470Z   type: 'test'
2026-10-08T17:05:25.2503348Z   ...
2026-10-08T17:05:25.2504348Z # Subtest: dispatched but unanswered calls are never retried, even if same id reappears
2026-10-08T17:05:25.2506012Z ok 99 - dispatched but unanswered calls are never retried, even if same id reappears
2026-10-08T17:05:25.2506914Z   ---
2026-10-08T17:05:25.2507433Z   duration_ms: 7.783379
2026-10-08T17:05:25.2508016Z   type: 'test'
2026-10-08T17:05:25.2508554Z   ...
2026-10-08T17:05:25.2509432Z # Subtest: no live registered Host means no run reservation or Worker execution
2026-10-08T17:05:25.2510618Z ok 100 - no live registered Host means no run reservation or Worker execution
2026-10-08T17:05:25.2511453Z   ---
2026-10-08T17:05:25.2511923Z   duration_ms: 1.932484
2026-10-08T17:05:25.2512461Z   type: 'test'
2026-10-08T17:05:25.2513184Z   ...
2026-10-08T17:05:25.2514070Z # Subtest: run.get and run.stop cannot inspect arbitrary Sidebar-owned Run records
2026-10-08T17:05:25.2515477Z ok 101 - run.get and run.stop cannot inspect arbitrary Sidebar-owned Run records
2026-10-08T17:05:25.2516355Z   ---
2026-10-08T17:05:25.2516877Z   duration_ms: 1.887737
2026-10-08T17:05:25.2517442Z   type: 'test'
2026-10-08T17:05:25.2517970Z   ...
2026-10-08T17:05:25.2518908Z # Subtest: ACK journal write failure after Host action remains OUTCOME_UNKNOWN and never replays
2026-10-08T17:05:25.2520188Z ok 102 - ACK journal write failure after Host action remains OUTCOME_UNKNOWN and never replays
2026-10-08T17:05:25.2521121Z   ---
2026-10-08T17:05:25.2521620Z   duration_ms: 15.913921
2026-10-08T17:05:25.2522200Z   type: 'test'
2026-10-08T17:05:25.2522733Z   ...
2026-10-08T17:05:25.2523664Z # Subtest: run.get and run.stop remain pinned to the original authenticated Host registration
2026-10-08T17:05:25.2525289Z ok 103 - run.get and run.stop remain pinned to the original authenticated Host registration
2026-10-08T17:05:25.2526239Z   ---
2026-10-08T17:05:25.2526769Z   duration_ms: 21.420062
2026-10-08T17:05:25.2527344Z   type: 'test'
2026-10-08T17:05:25.2527866Z   ...
2026-10-08T17:05:25.2528902Z # Subtest: real macOS Chrome: packaged extension, trusted Options click and Native CLI handshake
2026-10-08T17:05:25.2530418Z ok 104 - real macOS Chrome: packaged extension, trusted Options click and Native CLI handshake # SKIP
2026-10-08T17:05:25.2531367Z   ---
2026-10-08T17:05:25.2531864Z   duration_ms: 0.722236
2026-10-08T17:05:25.2532444Z   type: 'test'
2026-10-08T17:05:25.2532936Z   ...
2026-10-08T17:05:25.2533814Z # Subtest: current target is live Sidebar snapshot, not active tab chosen by CLI
2026-10-08T17:05:25.2535380Z ok 105 - current target is live Sidebar snapshot, not active tab chosen by CLI
2026-10-08T17:05:25.2536261Z   ---
2026-10-08T17:05:25.2536795Z   duration_ms: 2.483052
2026-10-08T17:05:25.2537409Z   type: 'test'
2026-10-08T17:05:25.2537925Z   ...
2026-10-08T17:05:25.2538987Z # Subtest: external draft uses exact RunHost with frozen borrowed target and controller requestId
2026-10-08T17:05:25.2540455Z ok 106 - external draft uses exact RunHost with frozen borrowed target and controller requestId
2026-10-08T17:05:25.2541423Z   ---
2026-10-08T17:05:25.2541943Z   duration_ms: 0.789536
2026-10-08T17:05:25.2542504Z   type: 'test'
2026-10-08T17:05:25.2543008Z   ...
2026-10-08T17:05:25.2543927Z # Subtest: Host ACK correlation preserves the external Controller admission requestId
2026-10-08T17:05:25.2545434Z ok 107 - Host ACK correlation preserves the external Controller admission requestId
2026-10-08T17:05:25.2546293Z   ---
2026-10-08T17:05:25.2546824Z   duration_ms: 0.541253
2026-10-08T17:05:25.2547377Z   type: 'test'
2026-10-08T17:05:25.2547915Z   ...
2026-10-08T17:05:25.2548811Z # Subtest: permissions and document id fail before admission (no Chrome prompt)
2026-10-08T17:05:25.2550036Z ok 108 - permissions and document id fail before admission (no Chrome prompt)
2026-10-08T17:05:25.2550911Z   ---
2026-10-08T17:05:25.2551457Z   duration_ms: 2.06186
2026-10-08T17:05:25.2552034Z   type: 'test'
2026-10-08T17:05:25.2552552Z   ...
2026-10-08T17:05:25.2553338Z # Subtest: saved requires pinned exact revision and source hash
2026-10-08T17:05:25.2554987Z ok 109 - saved requires pinned exact revision and source hash
2026-10-08T17:05:25.2555853Z   ---
2026-10-08T17:05:25.2556399Z   duration_ms: 0.779452
2026-10-08T17:05:25.2556972Z   type: 'test'
2026-10-08T17:05:25.2557484Z   ...
2026-10-08T17:05:25.2558463Z # Subtest: run.get removes unrelated Sidebar run history from Controller snapshot projection
2026-10-08T17:05:25.2559838Z ok 110 - run.get removes unrelated Sidebar run history from Controller snapshot projection
2026-10-08T17:05:25.2560771Z   ---
2026-10-08T17:05:25.2561305Z   duration_ms: 0.338329
2026-10-08T17:05:25.2561880Z   type: 'test'
2026-10-08T17:05:25.2562405Z   ...
2026-10-08T17:05:25.2563703Z # Subtest: macOS isolated Native Host install, private socket, real wrapper and authenticated CLI IPC
2026-10-08T17:05:25.2565665Z ok 111 - macOS isolated Native Host install, private socket, real wrapper and authenticated CLI IPC # SKIP
2026-10-08T17:05:25.2566724Z   ---
2026-10-08T17:05:25.2567236Z   duration_ms: 1.463449
2026-10-08T17:05:25.2567830Z   type: 'test'
2026-10-08T17:05:25.2568346Z   ...
2026-10-08T17:05:25.2569408Z # Subtest: macOS Chrome for Testing uses its own manifest and cannot replace Google Chrome registration
2026-10-08T17:05:25.2570984Z ok 112 - macOS Chrome for Testing uses its own manifest and cannot replace Google Chrome registration # SKIP
2026-10-08T17:05:25.2572050Z   ---
2026-10-08T17:05:25.2572567Z   duration_ms: 0.198619
2026-10-08T17:05:25.2573130Z   type: 'test'
2026-10-08T17:05:25.2573661Z   ...
2026-10-08T17:05:25.2574964Z # Subtest: macOS Chrome for Testing manifest is isolated from regular Chrome and launches the real native host
2026-10-08T17:05:25.2576662Z ok 113 - macOS Chrome for Testing manifest is isolated from regular Chrome and launches the real native host # SKIP
2026-10-08T17:05:25.2577743Z   ---
2026-10-08T17:05:25.2578252Z   duration_ms: 0.108353
2026-10-08T17:05:25.2578798Z   type: 'test'
2026-10-08T17:05:25.2579319Z   ...
2026-10-08T17:05:25.2580097Z # Subtest: identity is pinned; invalid origin cannot launch a server
2026-10-08T17:05:25.2581240Z ok 114 - identity is pinned; invalid origin cannot launch a server
2026-10-08T17:05:25.2582017Z   ---
2026-10-08T17:05:25.2582545Z   duration_ms: 1.727577
2026-10-08T17:05:25.2583126Z   type: 'test'
2026-10-08T17:05:25.2583653Z   ...
2026-10-08T17:05:25.2584748Z # Subtest: framed Chrome welcome, authenticated local IPC, request and exact response
2026-10-08T17:05:25.2586063Z ok 115 - framed Chrome welcome, authenticated local IPC, request and exact response
2026-10-08T17:05:25.2586952Z   ---
2026-10-08T17:05:25.2587497Z   duration_ms: 12.096563
2026-10-08T17:05:25.2588114Z   type: 'test'
2026-10-08T17:05:25.2588641Z   ...
2026-10-08T17:05:25.2589510Z # Subtest: duplicate inflight request ID is rejected, not dispatched again
2026-10-08T17:05:25.2590684Z ok 116 - duplicate inflight request ID is rejected, not dispatched again
2026-10-08T17:05:25.2591445Z   ---
2026-10-08T17:05:25.2591954Z   duration_ms: 3.425069
2026-10-08T17:05:25.2592558Z   type: 'test'
2026-10-08T17:05:25.2593055Z   ...
2026-10-08T17:05:25.2593918Z # Subtest: unacknowledged dispatched effects become unknown on native shutdown
2026-10-08T17:05:25.2595457Z ok 117 - unacknowledged dispatched effects become unknown on native shutdown
2026-10-08T17:05:25.2596308Z   ---
2026-10-08T17:05:25.2596905Z   duration_ms: 3.265419
2026-10-08T17:05:25.2597501Z   type: 'test'
2026-10-08T17:05:25.2598030Z   ...
2026-10-08T17:05:25.2598773Z # Subtest: wrong credential is rejected without local API access
2026-10-08T17:05:25.2599811Z ok 118 - wrong credential is rejected without local API access
2026-10-08T17:05:25.2600565Z   ---
2026-10-08T17:05:25.2601076Z   duration_ms: 3.285248
2026-10-08T17:05:25.2601660Z   type: 'test'
2026-10-08T17:05:25.2602178Z   ...
2026-10-08T17:05:25.2603025Z # Subtest: handshake timeout closes the private socket without stale reuse
2026-10-08T17:05:25.2604195Z ok 119 - handshake timeout closes the private socket without stale reuse
2026-10-08T17:05:25.2605492Z   ---
2026-10-08T17:05:25.2606028Z   duration_ms: 101.024166
2026-10-08T17:05:25.2606602Z   type: 'test'
2026-10-08T17:05:25.2607117Z   ...
2026-10-08T17:05:25.2608023Z # Subtest: native response timeout preserves unknown-effect outcome
2026-10-08T17:05:25.2609206Z ok 120 - native response timeout preserves unknown-effect outcome
2026-10-08T17:05:25.2610046Z   ---
2026-10-08T17:05:25.2610554Z   duration_ms: 42.749468
2026-10-08T17:05:25.2611135Z   type: 'test'
2026-10-08T17:05:25.2611648Z   ...
2026-10-08T17:05:25.2612459Z # Subtest: existing socket is never unlinked or replaced by a second host
2026-10-08T17:05:25.2613621Z ok 121 - existing socket is never unlinked or replaced by a second host
2026-10-08T17:05:25.2614423Z   ---
2026-10-08T17:05:25.2615378Z   duration_ms: 1.162488
2026-10-08T17:05:25.2615995Z   type: 'test'
2026-10-08T17:05:25.2616499Z   ...
2026-10-08T17:05:25.2617385Z # Subtest: Native remains optional after merging the current permission catalog
2026-10-08T17:05:25.2618607Z ok 122 - Native remains optional after merging the current permission catalog
2026-10-08T17:05:25.2619475Z   ---
2026-10-08T17:05:25.2619993Z   duration_ms: 4.930371
2026-10-08T17:05:25.2620561Z   type: 'test'
2026-10-08T17:05:25.2621065Z   ...
2026-10-08T17:05:25.2622027Z # Subtest: strict production SW budget and fixed packaged Native transport entry
2026-10-08T17:05:25.2623310Z ok 123 - strict production SW budget and fixed packaged Native transport entry
2026-10-08T17:05:25.2624186Z   ---
2026-10-08T17:05:25.2625009Z   duration_ms: 0.25286
2026-10-08T17:05:25.2625596Z   type: 'test'
2026-10-08T17:05:25.2626135Z   ...
2026-10-08T17:05:25.2626965Z # Subtest: single exact same-extension static import allowed in SW only
2026-10-08T17:05:25.2628082Z ok 124 - single exact same-extension static import allowed in SW only
2026-10-08T17:05:25.2628871Z   ---
2026-10-08T17:05:25.2629393Z   duration_ms: 6.680362
2026-10-08T17:05:25.2629974Z   type: 'test'
2026-10-08T17:05:25.2630494Z   ...
2026-10-08T17:05:25.2631530Z # Subtest: fixed transport registers listeners on the original SW APIs; default-off does not connect
2026-10-08T17:05:25.2633093Z ok 125 - fixed transport registers listeners on the original SW APIs; default-off does not connect
2026-10-08T17:05:25.2634064Z   ---
2026-10-08T17:05:25.2634766Z   duration_ms: 0.681835
2026-10-08T17:05:25.2635344Z   type: 'test'
2026-10-08T17:05:25.2635856Z   ...
2026-10-08T17:05:25.2636774Z # Subtest: native framing uses UTF-8 byte length and handles split multibyte boundaries
2026-10-08T17:05:25.2638076Z ok 126 - native framing uses UTF-8 byte length and handles split multibyte boundaries
2026-10-08T17:05:25.2638947Z   ---
2026-10-08T17:05:25.2639466Z   duration_ms: 1.494446
2026-10-08T17:05:25.2640034Z   type: 'test'
2026-10-08T17:05:25.2640567Z   ...
2026-10-08T17:05:25.2641424Z # Subtest: private CLI line framing has bounded buffer and independent messages
2026-10-08T17:05:25.2642614Z ok 127 - private CLI line framing has bounded buffer and independent messages
2026-10-08T17:05:25.2643466Z   ---
2026-10-08T17:05:25.2643966Z   duration_ms: 1.879475
2026-10-08T17:05:25.2644523Z   type: 'test'
2026-10-08T17:05:25.2645239Z   ...
2026-10-08T17:05:25.2646122Z # Subtest: reject unsupported transport operations and malformed browser requests
2026-10-08T17:05:25.2647367Z ok 128 - reject unsupported transport operations and malformed browser requests
2026-10-08T17:05:25.2648245Z   ---
2026-10-08T17:05:25.2648778Z   duration_ms: 0.367653
2026-10-08T17:05:25.2649338Z   type: 'test'
2026-10-08T17:05:25.2649850Z   ...
2026-10-08T17:05:25.2650764Z # Subtest: stable digest pins equivalent JSON key order and rejects prototype pollution
2026-10-08T17:05:25.2662075Z ok 129 - stable digest pins equivalent JSON key order and rejects prototype pollution
2026-10-08T17:05:25.2663099Z   ---
2026-10-08T17:05:25.2663624Z   duration_ms: 7.315316
2026-10-08T17:05:25.2664465Z   type: 'test'
2026-10-08T17:05:25.2665253Z   ...
2026-10-08T17:05:25.3114096Z # {"kind":"historical-package-mutation","expectedPattern":"Dynamic execution reference","actualError":"Dynamic execution reference in agents/health.js: eval"}
2026-10-08T17:05:25.8451955Z # {"kind":"historical-package-mutation","expectedPattern":"Dynamic execution reference","actualError":"Dynamic execution reference in agents/health.js: Function"}
2026-10-08T17:05:25.8506491Z # Subtest: final classic scanner rejects eval alias and function-constructor references
2026-10-08T17:05:25.8507985Z ok 130 - final classic scanner rejects eval alias and function-constructor references
2026-10-08T17:05:25.8508870Z   ---
2026-10-08T17:05:25.8509380Z   duration_ms: 1353.493612
2026-10-08T17:05:25.8515304Z   type: 'test'
2026-10-08T17:05:25.8515774Z   ...
2026-10-08T17:05:26.3307207Z # {"kind":"historical-package-mutation","expectedPattern":"ENOENT|Missing","actualError":"Missing required resource: ui/tool-shell.css"}
2026-10-08T17:05:26.3335631Z # Subtest: final package cannot omit a referenced local asset
2026-10-08T17:05:26.3336661Z ok 131 - final package cannot omit a referenced local asset
2026-10-08T17:05:26.3337586Z   ---
2026-10-08T17:05:26.3338256Z   duration_ms: 485.531477
2026-10-08T17:05:26.3338839Z   type: 'test'
2026-10-08T17:05:26.3339337Z   ...
2026-10-08T17:05:27.1279483Z # {"kind":"historical-package-mutation","expectedPattern":"Unsafe HTML","actualError":"Unsafe HTML resources in ui/tool.html"}
2026-10-08T17:05:27.4207979Z # {"kind":"historical-package-mutation","expectedPattern":"Unexpected JS","actualError":"Unexpected JS/chunks: agents/bootstrap.js,agents/health.js,agents/page-agent.js,agents/page-relay.js,agents/selection-entry.js,chunk.js,framework/sdk-main.js,native-agent/settings.js,native-agent/transport.js,scripting/packaged/page-session.js,scripting/sandbox/sandbox.js,scripting/sandbox/worker-runtime.js,sw.js,ui/tool-shell.js,vendor/jquery-3.7.1.min.js"}
2026-10-08T17:05:27.4229915Z # Subtest: remote script and unexpected lazy chunk fail final package verification
2026-10-08T17:05:27.4231213Z ok 132 - remote script and unexpected lazy chunk fail final package verification
2026-10-08T17:05:27.4231874Z   ---
2026-10-08T17:05:27.4232197Z   duration_ms: 1089.193001
2026-10-08T17:05:27.4232593Z   type: 'test'
2026-10-08T17:05:27.4232915Z   ...
2026-10-08T17:05:27.7132996Z # {"kind":"historical-package-mutation","expectedPattern":"Missing|required|ENOENT","actualError":"Missing required resource: ui/tool.html"}
2026-10-08T17:05:28.0083431Z # {"kind":"historical-package-mutation","expectedPattern":"worker|entry|Missing","actualError":"Unexpected or missing worker entry"}
2026-10-08T17:05:28.0110294Z # Subtest: final package requires tool HTML/CSS and manifest worker references
2026-10-08T17:05:28.0111056Z ok 133 - final package requires tool HTML/CSS and manifest worker references
2026-10-08T17:05:28.0111528Z   ---
2026-10-08T17:05:28.0111813Z   duration_ms: 588.129054
2026-10-08T17:05:28.0112128Z   type: 'test'
2026-10-08T17:05:28.0112351Z   ...
2026-10-08T17:05:28.0303921Z # Subtest: pasting @require only inspects; trusted acquisition requests permission synchronously and full-hash approval unlocks unsaved edits
2026-10-08T17:05:28.0306979Z ok 134 - pasting @require only inspects; trusted acquisition requests permission synchronously and full-hash approval unlocks unsaved edits
2026-10-08T17:05:28.0308356Z   ---
2026-10-08T17:05:28.0308805Z   duration_ms: 38.523605
2026-10-08T17:05:28.0309222Z   type: 'test'
2026-10-08T17:05:28.0309591Z   ...
2026-10-08T17:05:28.0310366Z # Subtest: changing declarations clears an old lock and a late old review cannot replace the current source or become approvable
2026-10-08T17:05:28.0311460Z ok 135 - changing declarations clears an old lock and a late old review cannot replace the current source or become approvable
2026-10-08T17:05:28.0312138Z   ---
2026-10-08T17:05:28.0312496Z   duration_ms: 6.221111
2026-10-08T17:05:28.0312876Z   type: 'test'
2026-10-08T17:05:28.0313203Z   ...
2026-10-08T17:05:28.0313914Z # Subtest: approved cached bytes can be locked for explicitly selected classic mode without a CDN permission prompt
2026-10-08T17:05:28.0316115Z ok 136 - approved cached bytes can be locked for explicitly selected classic mode without a CDN permission prompt
2026-10-08T17:05:28.0316934Z   ---
2026-10-08T17:05:28.0317246Z   duration_ms: 6.609785
2026-10-08T17:05:28.0317616Z   type: 'test'
2026-10-08T17:05:28.0317926Z   ...
2026-10-08T17:05:28.0318864Z # Subtest: permission refusal stops acquisition and local files preserve their original bytes without a CDN request
2026-10-08T17:05:28.0320284Z ok 137 - permission refusal stops acquisition and local files preserve their original bytes without a CDN request
2026-10-08T17:05:28.0321079Z   ---
2026-10-08T17:05:28.0321376Z   duration_ms: 5.326136
2026-10-08T17:05:28.0321714Z   type: 'test'
2026-10-08T17:05:28.0322005Z   ...
2026-10-08T17:05:28.0323211Z # Subtest: add dependency edits only the true metadata block, leaves examples intact and refuses to hide an incomplete header
2026-10-08T17:05:28.0324916Z ok 138 - add dependency edits only the true metadata block, leaves examples intact and refuses to hide an incomplete header
2026-10-08T17:05:28.0325761Z   ---
2026-10-08T17:05:28.0326059Z   duration_ms: 5.506677
2026-10-08T17:05:28.0326436Z   type: 'test'
2026-10-08T17:05:28.0326736Z   ...
2026-10-08T17:05:28.0327694Z # Subtest: closing or changing source while permission/file reading is pending cancels acquisition and old approval handlers
2026-10-08T17:05:28.0328782Z ok 139 - closing or changing source while permission/file reading is pending cancels acquisition and old approval handlers
2026-10-08T17:05:28.0329312Z   ---
2026-10-08T17:05:28.0329516Z   duration_ms: 8.087206
2026-10-08T17:05:28.0329752Z   type: 'test'
2026-10-08T17:05:28.0329950Z   ...
2026-10-08T17:05:28.0330468Z # Subtest: review freezes dependency source selectors and lock status does not claim cache verification
2026-10-08T17:05:28.0331242Z ok 140 - review freezes dependency source selectors and lock status does not claim cache verification
2026-10-08T17:05:28.0331691Z   ---
2026-10-08T17:05:28.0331893Z   duration_ms: 3.632916
2026-10-08T17:05:28.0332137Z   type: 'test'
2026-10-08T17:05:28.0332340Z   ...
2026-10-08T17:05:28.0332744Z # Subtest: explicit legacy adapter preserves R3 frozen USER_SCRIPT descriptors
2026-10-08T17:05:28.0333326Z ok 141 - explicit legacy adapter preserves R3 frozen USER_SCRIPT descriptors
2026-10-08T17:05:28.0333703Z   ---
2026-10-08T17:05:28.0333908Z   duration_ms: 10.035044
2026-10-08T17:05:28.0334145Z   type: 'test'
2026-10-08T17:05:28.0334346Z   ...
2026-10-08T17:05:28.0335041Z # Subtest: new pinned revision obtains different world and old revision unchanged
2026-10-08T17:05:28.0336024Z ok 142 - new pinned revision obtains different world and old revision unchanged
2026-10-08T17:05:28.0336636Z   ---
2026-10-08T17:05:28.0336924Z   duration_ms: 2.397093
2026-10-08T17:05:28.0337271Z   type: 'test'
2026-10-08T17:05:28.0337570Z   ...
2026-10-08T17:05:28.0338367Z # Subtest: fails closed without existing broker Available+install grant or with altered script hash
2026-10-08T17:05:28.0339590Z ok 143 - fails closed without existing broker Available+install grant or with altered script hash
2026-10-08T17:05:28.0340306Z   ---
2026-10-08T17:05:28.0340608Z   duration_ms: 5.25605
2026-10-08T17:05:28.0340949Z   type: 'test'
2026-10-08T17:05:28.0341242Z   ...
2026-10-08T17:05:28.0341946Z # Subtest: dependency version/sha/world lock enforced, library failure blocks injection
2026-10-08T17:05:28.0343006Z ok 144 - dependency version/sha/world lock enforced, library failure blocks injection
2026-10-08T17:05:28.0343643Z   ---
2026-10-08T17:05:28.0343949Z   duration_ms: 2.309421
2026-10-08T17:05:28.0344290Z   type: 'test'
2026-10-08T17:05:28.0344777Z   ...
2026-10-08T17:05:28.0345664Z # Subtest: D1 Page contract consumes actual manager locks and preserves generic classic globals without a wrapper
2026-10-08T17:05:28.0347037Z ok 145 - D1 Page contract consumes actual manager locks and preserves generic classic globals without a wrapper
2026-10-08T17:05:28.0347811Z   ---
2026-10-08T17:05:28.0348097Z   duration_ms: 58.713253
2026-10-08T17:05:28.0348666Z   type: 'test'
2026-10-08T17:05:28.0348954Z   ...
2026-10-08T17:05:28.0349824Z # Subtest: async-main Page revisions share immutable dependencies while registration identities remain isolated
2026-10-08T17:05:28.0351220Z ok 146 - async-main Page revisions share immutable dependencies while registration identities remain isolated
2026-10-08T17:05:28.0351864Z   ---
2026-10-08T17:05:28.0352066Z   duration_ms: 25.974537
2026-10-08T17:05:28.0352305Z   type: 'test'
2026-10-08T17:05:28.0352551Z   ...
2026-10-08T17:05:28.0353109Z # Subtest: full Page authority proof binds kind, entry, revision, dependency identity and every rule, not only matches
2026-10-08T17:05:28.0354088Z ok 147 - full Page authority proof binds kind, entry, revision, dependency identity and every rule, not only matches
2026-10-08T17:05:28.0354752Z   ---
2026-10-08T17:05:28.0355067Z   duration_ms: 26.611961
2026-10-08T17:05:28.0355431Z   type: 'test'
2026-10-08T17:05:28.0355733Z   ...
2026-10-08T17:05:28.0356616Z # Subtest: Page source/metadata/asset tampering is blocked and old Controller/R3 formats require an explicit path
2026-10-08T17:05:28.0358006Z ok 148 - Page source/metadata/asset tampering is blocked and old Controller/R3 formats require an explicit path
2026-10-08T17:05:28.0358781Z   ---
2026-10-08T17:05:28.0359077Z   duration_ms: 24.11017
2026-10-08T17:05:28.0359418Z   type: 'test'
2026-10-08T17:05:28.0359720Z   ...
2026-10-08T17:05:28.0360557Z # Subtest: named async main() evaluates in exact USER_SCRIPT main document without durable Task or registration
2026-10-08T17:05:28.0361632Z ok 149 - named async main() evaluates in exact USER_SCRIPT main document without durable Task or registration
2026-10-08T17:05:28.0362096Z   ---
2026-10-08T17:05:28.0362306Z   duration_ms: 10.262867
2026-10-08T17:05:28.0362535Z   type: 'test'
2026-10-08T17:05:28.0362735Z   ...
2026-10-08T17:05:28.0363256Z # Subtest: no injection after document change, permission revoke, Controller slot, invalid sender or API opt-in
2026-10-08T17:05:28.0366166Z ok 150 - no injection after document change, permission revoke, Controller slot, invalid sender or API opt-in
2026-10-08T17:05:28.0366673Z   ---
2026-10-08T17:05:28.0366871Z   duration_ms: 5.160517
2026-10-08T17:05:28.0367094Z   type: 'test'
2026-10-08T17:05:28.0367296Z   ...
2026-10-08T17:05:28.0367818Z # Subtest: incorrect browser document receipt and native script errors cannot claim success
2026-10-08T17:05:28.0368489Z ok 151 - incorrect browser document receipt and native script errors cannot claim success
2026-10-08T17:05:28.0368903Z   ---
2026-10-08T17:05:28.0369098Z   duration_ms: 8.440357
2026-10-08T17:05:28.0369319Z   type: 'test'
2026-10-08T17:05:28.0369511Z   ...
2026-10-08T17:05:28.0370012Z # Subtest: source, site and requested execution world cannot be forged through preview protocol
2026-10-08T17:05:28.0370736Z ok 152 - source, site and requested execution world cannot be forged through preview protocol
2026-10-08T17:05:28.0371161Z   ---
2026-10-08T17:05:28.0371356Z   duration_ms: 0.944309
2026-10-08T17:05:28.0371588Z   type: 'test'
2026-10-08T17:05:28.0371785Z   ...
2026-10-08T17:05:28.0372393Z # Subtest: verified pinned jQuery bytes precede preview main, without Service Worker evaluation
2026-10-08T17:05:28.0373575Z ok 153 - verified pinned jQuery bytes precede preview main, without Service Worker evaluation
2026-10-08T17:05:28.0374258Z   ---
2026-10-08T17:05:28.0374700Z   duration_ms: 9.841898
2026-10-08T17:05:28.0375046Z   type: 'test'
2026-10-08T17:05:28.0375346Z   ...
2026-10-08T17:05:28.0376147Z # Subtest: manifest and build verifier accept broad required sites and a finite API permission catalog
2026-10-08T17:05:28.0377375Z ok 154 - manifest and build verifier accept broad required sites and a finite API permission catalog
2026-10-08T17:05:28.0378098Z   ---
2026-10-08T17:05:28.0378389Z   duration_ms: 7.926144
2026-10-08T17:05:28.0378726Z   type: 'test'
2026-10-08T17:05:28.0379021Z   ...
2026-10-08T17:05:28.0379508Z # Subtest: declared optional plugin permission requests reject unknown, required and duplicate names
2026-10-08T17:05:28.0380430Z ok 155 - declared optional plugin permission requests reject unknown, required and duplicate names
2026-10-08T17:05:28.0380881Z   ---
2026-10-08T17:05:28.0381076Z   duration_ms: 0.611089
2026-10-08T17:05:28.0381299Z   type: 'test'
2026-10-08T17:05:28.0381493Z   ...
2026-10-08T17:05:28.0381962Z # Subtest: API grant starts synchronously inside trusted UI click and verifies the native state
2026-10-08T17:05:28.0382662Z ok 156 - API grant starts synchronously inside trusted UI click and verifies the native state
2026-10-08T17:05:28.0383088Z   ---
2026-10-08T17:05:28.0383293Z   duration_ms: 0.834284
2026-10-08T17:05:28.0383517Z   type: 'test'
2026-10-08T17:05:28.0383715Z   ...
2026-10-08T17:05:28.0384369Z # Subtest: a plugin cannot silently escalate permissions on deny or an untrusted event
2026-10-08T17:05:28.0385346Z ok 157 - a plugin cannot silently escalate permissions on deny or an untrusted event
2026-10-08T17:05:28.0385737Z   ---
2026-10-08T17:05:28.0385950Z   duration_ms: 0.45202
2026-10-08T17:05:28.0386173Z   type: 'test'
2026-10-08T17:05:28.0386370Z   ...
2026-10-08T17:05:28.0386896Z # Subtest: three-file ESM Page project becomes one locally hashed JS consumed by existing USER_SCRIPT compiler
2026-10-08T17:05:28.0387696Z ok 158 - three-file ESM Page project becomes one locally hashed JS consumed by existing USER_SCRIPT compiler
2026-10-08T17:05:28.0388153Z   ---
2026-10-08T17:05:28.0388352Z   duration_ms: 1001.010829
2026-10-08T17:05:28.0388596Z   type: 'test'
2026-10-08T17:05:28.0388791Z   ...
2026-10-08T17:05:28.0389348Z # Subtest: Controller ESM project produces the existing genuine Task v1 Candidate import format, not an Available claim
2026-10-08T17:05:28.0390227Z ok 159 - Controller ESM project produces the existing genuine Task v1 Candidate import format, not an Available claim
2026-10-08T17:05:28.0390723Z   ---
2026-10-08T17:05:28.0390926Z   duration_ms: 203.362103
2026-10-08T17:05:28.0391165Z   type: 'test'
2026-10-08T17:05:28.0391365Z   ...
2026-10-08T17:05:28.0391830Z # Subtest: an unbundled asset is rejected rather than included in a supposedly complete project
2026-10-08T17:05:28.0392970Z ok 160 - an unbundled asset is rejected rather than included in a supposedly complete project
2026-10-08T17:05:28.0393647Z   ---
2026-10-08T17:05:28.0393936Z   duration_ms: 6.008508
2026-10-08T17:05:28.0394280Z   type: 'test'
2026-10-08T17:05:28.0394718Z   ...
2026-10-08T17:05:28.0395349Z # Subtest: untrusted remote and dynamic ESM imports are rejected before Webpack
2026-10-08T17:05:28.0396303Z ok 161 - untrusted remote and dynamic ESM imports are rejected before Webpack
2026-10-08T17:05:28.0396906Z   ---
2026-10-08T17:05:28.0397193Z   duration_ms: 8.962389
2026-10-08T17:05:28.0397522Z   type: 'test'
2026-10-08T17:05:28.0397833Z   ...
2026-10-08T17:05:28.0398560Z # Subtest: a frozen output directory rejects replacement without quietly publishing new bytes
2026-10-08T17:05:28.0399308Z ok 162 - a frozen output directory rejects replacement without quietly publishing new bytes
2026-10-08T17:05:28.0399743Z   ---
2026-10-08T17:05:28.0399944Z   duration_ms: 407.641089
2026-10-08T17:05:28.0400181Z   type: 'test'
2026-10-08T17:05:28.0400383Z   ...
2026-10-08T17:05:28.0400815Z # Subtest: multi-file ESM authoring project is a source contract, not an installed program
2026-10-08T17:05:28.0401466Z ok 163 - multi-file ESM authoring project is a source contract, not an installed program
2026-10-08T17:05:28.0401861Z   ---
2026-10-08T17:05:28.0402066Z   duration_ms: 32.067151
2026-10-08T17:05:28.0402293Z   type: 'test'
2026-10-08T17:05:28.0402485Z   ...
2026-10-08T17:05:28.0402897Z # Subtest: imports cannot escape project or load remote modules at browser runtime
2026-10-08T17:05:28.0403497Z ok 164 - imports cannot escape project or load remote modules at browser runtime
2026-10-08T17:05:28.0403868Z   ---
2026-10-08T17:05:28.0404119Z   duration_ms: 12.703835
2026-10-08T17:05:28.0404371Z   type: 'test'
2026-10-08T17:05:28.0404754Z   ...
2026-10-08T17:05:28.0405288Z # Subtest: dynamic import is not quietly kept as an unlocked runtime dependency
2026-10-08T17:05:28.0406122Z ok 165 - dynamic import is not quietly kept as an unlocked runtime dependency
2026-10-08T17:05:28.0406529Z   ---
2026-10-08T17:05:28.0406729Z   duration_ms: 7.221144
2026-10-08T17:05:28.0406978Z   type: 'test'
2026-10-08T17:05:28.0407190Z   ...
2026-10-08T17:05:28.0407640Z # Subtest: npm imports require declared dependencies and a committed matching npm lock
2026-10-08T17:05:28.0408329Z ok 166 - npm imports require declared dependencies and a committed matching npm lock
2026-10-08T17:05:28.0408747Z   ---
2026-10-08T17:05:28.0408961Z   duration_ms: 9.848123
2026-10-08T17:05:28.0409192Z   type: 'test'
2026-10-08T17:05:28.0409406Z   ...
2026-10-08T17:05:28.0410010Z # Subtest: Page/Controller source contracts remain discriminated without changing Task v1
2026-10-08T17:05:28.0410737Z ok 167 - Page/Controller source contracts remain discriminated without changing Task v1
2026-10-08T17:05:28.0411165Z   ---
2026-10-08T17:05:28.0411389Z   duration_ms: 15.817165
2026-10-08T17:05:28.0411621Z   type: 'test'
2026-10-08T17:05:28.0411862Z   ...
2026-10-08T17:05:28.0412250Z # Subtest: assets can be listed and hashed but never silently injected
2026-10-08T17:05:28.0412819Z ok 168 - assets can be listed and hashed but never silently injected
2026-10-08T17:05:28.0413192Z   ---
2026-10-08T17:05:28.0413422Z   duration_ms: 21.318439
2026-10-08T17:05:28.0413673Z   type: 'test'
2026-10-08T17:05:28.0413899Z   ...
2026-10-08T17:05:28.0414329Z # Subtest: importing a JS draft leaves saved versions and running source independent
2026-10-08T17:05:28.0415124Z ok 169 - importing a JS draft leaves saved versions and running source independent
2026-10-08T17:05:28.0415527Z   ---
2026-10-08T17:05:28.0415757Z   duration_ms: 26.853794
2026-10-08T17:05:28.0416015Z   type: 'test'
2026-10-08T17:05:28.0416210Z   ...
2026-10-08T17:05:28.0416773Z # Subtest: draft import rejects empty/oversized sources and active saves without overwriting the editor
2026-10-08T17:05:28.0417596Z ok 170 - draft import rejects empty/oversized sources and active saves without overwriting the editor
2026-10-08T17:05:28.0418070Z   ---
2026-10-08T17:05:28.0418296Z   duration_ms: 6.090345
2026-10-08T17:05:28.0418562Z   type: 'test'
2026-10-08T17:05:28.0418820Z   ...
2026-10-08T17:05:28.0419405Z # Subtest: catalog draft import updates dependency review from the new source without saving or running
2026-10-08T17:05:28.0420218Z ok 171 - catalog draft import updates dependency review from the new source without saving or running
2026-10-08T17:05:28.0420708Z   ---
2026-10-08T17:05:28.0420925Z   duration_ms: 9.426329
2026-10-08T17:05:28.0421176Z   type: 'test'
2026-10-08T17:05:28.0421396Z   ...
2026-10-08T17:05:28.0421927Z # Subtest: Save persists revision/hash without requesting permission, creating a Run, or executing code
2026-10-08T17:05:28.0422741Z ok 172 - Save persists revision/hash without requesting permission, creating a Run, or executing code
2026-10-08T17:05:28.0423242Z   ---
2026-10-08T17:05:28.0423461Z   duration_ms: 4.872584
2026-10-08T17:05:28.0423704Z   type: 'test'
2026-10-08T17:05:28.0423902Z   ...
2026-10-08T17:05:28.0424420Z # Subtest: reopened editor lists saved scripts without running and loads the selected latest head explicitly
2026-10-08T17:05:28.0425422Z ok 173 - reopened editor lists saved scripts without running and loads the selected latest head explicitly
2026-10-08T17:05:28.0425930Z   ---
2026-10-08T17:05:28.0426136Z   duration_ms: 8.583642
2026-10-08T17:05:28.0426372Z   type: 'test'
2026-10-08T17:05:28.0426573Z   ...
2026-10-08T17:05:28.0427155Z # Subtest: loading a historical revision does not turn it into the latest Save CAS head
2026-10-08T17:05:28.0428219Z ok 174 - loading a historical revision does not turn it into the latest Save CAS head
2026-10-08T17:05:28.0428764Z   ---
2026-10-08T17:05:28.0428968Z   duration_ms: 6.087731
2026-10-08T17:05:28.0429314Z   type: 'test'
2026-10-08T17:05:28.0429717Z   ...
2026-10-08T17:05:28.0430450Z # Subtest: Delete tombstones the latest head and refreshes the saved-script selector
2026-10-08T17:05:28.0431639Z ok 175 - Delete tombstones the latest head and refreshes the saved-script selector
2026-10-08T17:05:28.0432239Z   ---
2026-10-08T17:05:28.0432528Z   duration_ms: 7.042436
2026-10-08T17:05:28.0432878Z   type: 'test'
2026-10-08T17:05:28.0433170Z   ...
2026-10-08T17:05:28.0434010Z # Subtest: saved A stays immutable; Run freezes unsaved B/params/page A; editing C and Save do not replace B
2026-10-08T17:05:28.0435432Z ok 176 - saved A stays immutable; Run freezes unsaved B/params/page A; editing C and Save do not replace B
2026-10-08T17:05:28.0436181Z   ---
2026-10-08T17:05:28.0436463Z   duration_ms: 7.798423
2026-10-08T17:05:28.0436785Z   type: 'test'
2026-10-08T17:05:28.0437059Z   ...
2026-10-08T17:05:28.0437967Z # Subtest: a brand-new unsaved draft runs with an empty script ID and never creates a saved revision
2026-10-08T17:05:28.0439081Z ok 177 - a brand-new unsaved draft runs with an empty script ID and never creates a saved revision
2026-10-08T17:05:28.0450048Z   ---
2026-10-08T17:05:28.0450472Z   duration_ms: 11.083914
2026-10-08T17:05:28.0450881Z   type: 'test'
2026-10-08T17:05:28.0451224Z   ...
2026-10-08T17:05:28.0452207Z # Subtest: permission preparation rejects a switched page; closing the editor during permission never admits a run
2026-10-08T17:05:28.0453714Z ok 178 - permission preparation rejects a switched page; closing the editor during permission never admits a run
2026-10-08T17:05:28.0454524Z   ---
2026-10-08T17:05:28.0454985Z   duration_ms: 16.224071
2026-10-08T17:05:28.0455339Z   type: 'test'
2026-10-08T17:05:28.0455683Z   ...
2026-10-08T17:05:28.0456563Z # Subtest: Stop uses the formal RunHost abort/retirement path and persists stopped with the original pin
2026-10-08T17:05:28.0457870Z ok 179 - Stop uses the formal RunHost abort/retirement path and persists stopped with the original pin
2026-10-08T17:05:28.0458623Z   ---
2026-10-08T17:05:28.0458944Z   duration_ms: 5.618397
2026-10-08T17:05:28.0459343Z   type: 'test'
2026-10-08T17:05:28.0459656Z   ...
2026-10-08T17:05:28.0460514Z # Subtest: pagehide invokes RunHost host-close; reopened editor only reads the durable interrupted Result
2026-10-08T17:05:28.0461524Z ok 180 - pagehide invokes RunHost host-close; reopened editor only reads the durable interrupted Result
2026-10-08T17:05:28.0462016Z   ---
2026-10-08T17:05:28.0462236Z   duration_ms: 6.341114
2026-10-08T17:05:28.0462577Z   type: 'test'
2026-10-08T17:05:28.0462873Z   ...
2026-10-08T17:05:28.0463643Z # Subtest: late Save/Load replies do not overwrite another script selection or edits made during loading
2026-10-08T17:05:28.0465154Z ok 181 - late Save/Load replies do not overwrite another script selection or edits made during loading
2026-10-08T17:05:28.0465895Z   ---
2026-10-08T17:05:28.0466213Z   duration_ms: 8.239307
2026-10-08T17:05:28.0466593Z   type: 'test'
2026-10-08T17:05:28.0466914Z   ...
2026-10-08T17:05:28.0467629Z # Subtest: late saved-script selector load cannot overwrite edits made during loading
2026-10-08T17:05:28.0468697Z ok 182 - late saved-script selector load cannot overwrite edits made during loading
2026-10-08T17:05:28.0469321Z   ---
2026-10-08T17:05:28.0469634Z   duration_ms: 5.826129
2026-10-08T17:05:28.0470001Z   type: 'test'
2026-10-08T17:05:28.0470313Z   ...
2026-10-08T17:05:28.0471023Z # Subtest: an older snapshot reply cannot disable Run after a newer durable observation
2026-10-08T17:05:28.0472116Z ok 183 - an older snapshot reply cannot disable Run after a newer durable observation
2026-10-08T17:05:28.0472789Z   ---
2026-10-08T17:05:28.0473109Z   duration_ms: 6.090306
2026-10-08T17:05:28.0473465Z   type: 'test'
2026-10-08T17:05:28.0473790Z   ...
2026-10-08T17:05:28.0474486Z # Subtest: an older snapshot error cannot overwrite a newer successful durable view
2026-10-08T17:05:28.0475737Z ok 184 - an older snapshot error cannot overwrite a newer successful durable view
2026-10-08T17:05:28.0476398Z   ---
2026-10-08T17:05:28.0476722Z   duration_ms: 14.844507
2026-10-08T17:05:28.0477097Z   type: 'test'
2026-10-08T17:05:28.0477709Z   ...
2026-10-08T17:05:28.0478763Z # Subtest: the permission request remains synchronous in the click fixture; denied permission and invalid params execute nothing
2026-10-08T17:05:28.0480312Z ok 185 - the permission request remains synchronous in the click fixture; denied permission and invalid params execute nothing
2026-10-08T17:05:28.0481222Z   ---
2026-10-08T17:05:28.0481539Z   duration_ms: 8.786259
2026-10-08T17:05:28.0481912Z   type: 'test'
2026-10-08T17:05:28.0482231Z   ...
2026-10-08T17:05:28.0483119Z # Subtest: DOM preview binds frozen source, dependency choice and exact current document from trusted click
2026-10-08T17:05:28.0484827Z ok 186 - DOM preview binds frozen source, dependency choice and exact current document from trusted click
2026-10-08T17:05:28.0485593Z   ---
2026-10-08T17:05:28.0485903Z   duration_ms: 3.361453
2026-10-08T17:05:28.0486235Z   type: 'test'
2026-10-08T17:05:28.0486541Z   ...
2026-10-08T17:05:28.0487330Z # Subtest: DOM preview refuses to inject when the active document changes while permission is pending
2026-10-08T17:05:28.0488491Z ok 187 - DOM preview refuses to inject when the active document changes while permission is pending
2026-10-08T17:05:28.0489157Z   ---
2026-10-08T17:05:28.0489448Z   duration_ms: 5.295982
2026-10-08T17:05:28.0489802Z   type: 'test'
2026-10-08T17:05:28.0490147Z   ...
2026-10-08T17:05:28.0490733Z # Subtest: Developer Stop cannot cancel the formal Task or another view using the shared RunHost
2026-10-08T17:05:28.0491790Z ok 188 - Developer Stop cannot cancel the formal Task or another view using the shared RunHost
2026-10-08T17:05:28.0492635Z   ---
2026-10-08T17:05:28.0492883Z   duration_ms: 5.053748
2026-10-08T17:05:28.0493173Z   type: 'test'
2026-10-08T17:05:28.0493431Z   ...
2026-10-08T17:05:28.0493854Z # Subtest: same-window catalog hands off exact source without invoking a runner
2026-10-08T17:05:28.0494458Z ok 189 - same-window catalog hands off exact source without invoking a runner
2026-10-08T17:05:28.0495060Z   ---
2026-10-08T17:05:28.0495269Z   duration_ms: 1.884653
2026-10-08T17:05:28.0495511Z   type: 'test'
2026-10-08T17:05:28.0495714Z   ...
2026-10-08T17:05:28.0496236Z # Subtest: draft handoff refuses other windows, senders, content pages, private tabs and catalog recipients
2026-10-08T17:05:28.0497030Z ok 190 - draft handoff refuses other windows, senders, content pages, private tabs and catalog recipients
2026-10-08T17:05:28.0497487Z   ---
2026-10-08T17:05:28.0497685Z   duration_ms: 0.364528
2026-10-08T17:05:28.0497909Z   type: 'test'
2026-10-08T17:05:28.0498111Z   ...
2026-10-08T17:05:28.0498522Z # Subtest: editor rejection is returned explicitly without claiming import success
2026-10-08T17:05:28.0499132Z ok 191 - editor rejection is returned explicitly without claiming import success
2026-10-08T17:05:28.0499518Z   ---
2026-10-08T17:05:28.0499722Z   duration_ms: 0.215294
2026-10-08T17:05:28.0499958Z   type: 'test'
2026-10-08T17:05:28.0500167Z   ...
2026-10-08T17:05:28.0500653Z # Subtest: RunHost freezes a draft source variant and parameters before awaiting the host connection
2026-10-08T17:05:28.0501391Z ok 192 - RunHost freezes a draft source variant and parameters before awaiting the host connection
2026-10-08T17:05:28.0501841Z   ---
2026-10-08T17:05:28.0502043Z   duration_ms: 3.982006
2026-10-08T17:05:28.0502268Z   type: 'test'
2026-10-08T17:05:28.0502472Z   ...
2026-10-08T17:05:28.0502894Z # Subtest: saved script API retains explicit scriptId/revision/contentHash admission
2026-10-08T17:05:28.0503517Z ok 193 - saved script API retains explicit scriptId/revision/contentHash admission
2026-10-08T17:05:28.0503908Z   ---
2026-10-08T17:05:28.0504111Z   duration_ms: 0.612401
2026-10-08T17:05:28.0504334Z   type: 'test'
2026-10-08T17:05:28.0504533Z   ...
2026-10-08T17:05:28.0505125Z # Subtest: manifest exposes tool.html as a global Chrome Side Panel
2026-10-08T17:05:28.0505638Z ok 194 - manifest exposes tool.html as a global Chrome Side Panel
2026-10-08T17:05:28.0505975Z   ---
2026-10-08T17:05:28.0506191Z   duration_ms: 6.673468
2026-10-08T17:05:28.0506624Z   type: 'test'
2026-10-08T17:05:28.0506825Z   ...
2026-10-08T17:05:28.0507134Z # Subtest: product shell has no popup-window fallback
2026-10-08T17:05:28.0507544Z ok 195 - product shell has no popup-window fallback
2026-10-08T17:05:28.0507839Z   ---
2026-10-08T17:05:28.0508036Z   duration_ms: 1.53668
2026-10-08T17:05:28.0508265Z   type: 'test'
2026-10-08T17:05:28.0508464Z   ...
2026-10-08T17:05:28.0508879Z # Subtest: default Run freezes Current Page then revalidates before existing RunHost
2026-10-08T17:05:28.0509501Z ok 196 - default Run freezes Current Page then revalidates before existing RunHost
2026-10-08T17:05:28.0509891Z   ---
2026-10-08T17:05:28.0510088Z   duration_ms: 2.532647
2026-10-08T17:05:28.0510444Z   type: 'test'
2026-10-08T17:05:28.0510644Z   ...
2026-10-08T17:05:28.0511119Z # Subtest: trusted Side Panel run sends the exact unsaved draft to the original Controller authority
2026-10-08T17:05:28.0511837Z ok 197 - trusted Side Panel run sends the exact unsaved draft to the original Controller authority
2026-10-08T17:05:28.0512307Z   ---
2026-10-08T17:05:28.0512500Z   duration_ms: 1.879215
2026-10-08T17:05:28.0512725Z   type: 'test'
2026-10-08T17:05:28.0512927Z   ...
2026-10-08T17:05:28.0513256Z # Subtest: R6 uses valid tab roles with labelled content panels
2026-10-08T17:05:28.0513719Z ok 198 - R6 uses valid tab roles with labelled content panels
2026-10-08T17:05:28.0514050Z   ---
2026-10-08T17:05:28.0514244Z   duration_ms: 1.094826
2026-10-08T17:05:28.0514465Z   type: 'test'
2026-10-08T17:05:28.0514886Z   ...
2026-10-08T17:05:28.0515541Z # Subtest: R4 Sidebar sections preserve consumer controls and keep engineering tools folded
2026-10-08T17:05:28.0516220Z ok 199 - R4 Sidebar sections preserve consumer controls and keep engineering tools folded
2026-10-08T17:05:28.0516637Z   ---
2026-10-08T17:05:28.0516830Z   duration_ms: 2.737606
2026-10-08T17:05:28.0517049Z   type: 'test'
2026-10-08T17:05:28.0517248Z   ...
2026-10-08T17:05:28.0517672Z # Subtest: Sidebar starts at its three tabs without repeating Chrome extension identity
2026-10-08T17:05:28.0518296Z ok 200 - Sidebar starts at its three tabs without repeating Chrome extension identity
2026-10-08T17:05:28.0518684Z   ---
2026-10-08T17:05:28.0518888Z   duration_ms: 2.015389
2026-10-08T17:05:28.0519109Z   type: 'test'
2026-10-08T17:05:28.0519306Z   ...
2026-10-08T17:05:28.0519825Z # Subtest: R3 remains immutable reference; R4 preview keeps installed Discover and independent full catalog
2026-10-08T17:05:28.0520609Z ok 201 - R3 remains immutable reference; R4 preview keeps installed Discover and independent full catalog
2026-10-08T17:05:28.0521069Z   ---
2026-10-08T17:05:28.0521276Z   duration_ms: 8.747541
2026-10-08T17:05:28.0521502Z   type: 'test'
2026-10-08T17:05:28.0521739Z   ...
2026-10-08T17:05:28.0522262Z # Subtest: R5 official sidebar preserves three views, privileged controls, compact discovery and task history
2026-10-08T17:05:28.0523066Z ok 202 - R5 official sidebar preserves three views, privileged controls, compact discovery and task history
2026-10-08T17:05:28.0523545Z   ---
2026-10-08T17:05:28.0523744Z   duration_ms: 5.289933
2026-10-08T17:05:28.0523964Z   type: 'test'
2026-10-08T17:05:28.0524156Z   ...
2026-10-08T17:05:28.0524816Z # Subtest: R5 keeps one derived interactive prototype with installed-only compact discovery
2026-10-08T17:05:28.0525498Z ok 203 - R5 keeps one derived interactive prototype with installed-only compact discovery
2026-10-08T17:05:28.0525908Z   ---
2026-10-08T17:05:28.0526106Z   duration_ms: 2.775492
2026-10-08T17:05:28.0526327Z   type: 'test'
2026-10-08T17:05:28.0526522Z   ...
2026-10-08T17:05:28.0527000Z # Subtest: required all-url host is the single source of truth; no optional host prompts at startup
2026-10-08T17:05:28.0527722Z ok 204 - required all-url host is the single source of truth; no optional host prompts at startup
2026-10-08T17:05:28.0528146Z   ---
2026-10-08T17:05:28.0528339Z   duration_ms: 3.543888
2026-10-08T17:05:28.0528563Z   type: 'test'
2026-10-08T17:05:28.0528927Z   ...
2026-10-08T17:05:28.0529349Z # Subtest: a trusted click can re-request withheld required host access without options
2026-10-08T17:05:28.0529980Z ok 205 - a trusted click can re-request withheld required host access without options
2026-10-08T17:05:28.0530365Z   ---
2026-10-08T17:05:28.0530559Z   duration_ms: 0.829237
2026-10-08T17:05:28.0530786Z   type: 'test'
2026-10-08T17:05:28.0530975Z   ...
2026-10-08T17:05:28.0531459Z # Subtest: untrusted events cannot change permission; native denial never fabricates approval
2026-10-08T17:05:28.0532138Z ok 206 - untrusted events cannot change permission; native denial never fabricates approval
2026-10-08T17:05:28.0532589Z   ---
2026-10-08T17:05:28.0532784Z   duration_ms: 0.985021
2026-10-08T17:05:28.0533234Z   type: 'test'
2026-10-08T17:05:28.0533442Z   ...
2026-10-08T17:05:28.0533859Z # Subtest: Chrome site access restrictions invalidate status and never auto-regrant
2026-10-08T17:05:28.0534469Z ok 207 - Chrome site access restrictions invalidate status and never auto-regrant
2026-10-08T17:05:28.0535146Z   ---
2026-10-08T17:05:28.0535342Z   duration_ms: 0.464909
2026-10-08T17:05:28.0535561Z   type: 'test'
2026-10-08T17:05:28.0535764Z   ...
2026-10-08T17:05:28.0536292Z # Subtest: Chrome onAdded event cannot erase actual approved status during raced refresh
2026-10-08T17:05:28.0537329Z ok 208 - Chrome onAdded event cannot erase actual approved status during raced refresh
2026-10-08T17:05:28.0537992Z   ---
2026-10-08T17:05:28.0538296Z   duration_ms: 0.98416
2026-10-08T17:05:28.0538610Z   type: 'test'
2026-10-08T17:05:28.0538823Z   ...
2026-10-08T17:05:28.0539291Z # Subtest: core API status is separately queried; it never grants applications automatically
2026-10-08T17:05:28.0539977Z ok 209 - core API status is separately queried; it never grants applications automatically
2026-10-08T17:05:28.0540395Z   ---
2026-10-08T17:05:28.0540603Z   duration_ms: 0.602836
2026-10-08T17:05:28.0540833Z   type: 'test'
2026-10-08T17:05:28.0541032Z   ...
2026-10-08T17:05:28.0541473Z # Subtest: developer site controls remain nested in the original three-tab workbench
2026-10-08T17:05:28.0542105Z ok 210 - developer site controls remain nested in the original three-tab workbench
2026-10-08T17:05:28.0542494Z   ---
2026-10-08T17:05:28.0542686Z   duration_ms: 9.792502
2026-10-08T17:05:28.0542917Z   type: 'test'
2026-10-08T17:05:28.0543116Z   ...
2026-10-08T17:05:28.0543668Z # Subtest: package hashes and closed schema reject forged status, altered source, extra permissions and invalid params
2026-10-08T17:05:28.0544542Z ok 211 - package hashes and closed schema reject forged status, altered source, extra permissions and invalid params
2026-10-08T17:05:28.0545273Z   ---
2026-10-08T17:05:28.0545475Z   duration_ms: 13.247535
2026-10-08T17:05:28.0545723Z   type: 'test'
2026-10-08T17:05:28.0545923Z   ...
2026-10-08T17:05:28.0546482Z # Subtest: candidate cannot install without matching trustworthy native run, then exact Available version can install
2026-10-08T17:05:28.0547346Z ok 212 - candidate cannot install without matching trustworthy native run, then exact Available version can install
2026-10-08T17:05:28.0547847Z   ---
2026-10-08T17:05:28.0548047Z   duration_ms: 17.363184
2026-10-08T17:05:28.0548281Z   type: 'test'
2026-10-08T17:05:28.0548480Z   ...
2026-10-08T17:05:28.0548864Z # Subtest: same task version cannot replace even a correctly hashed package
2026-10-08T17:05:28.0549423Z ok 213 - same task version cannot replace even a correctly hashed package
2026-10-08T17:05:28.0549794Z   ---
2026-10-08T17:05:28.0549988Z   duration_ms: 6.010586
2026-10-08T17:05:28.0550210Z   type: 'test'
2026-10-08T17:05:28.0550414Z   ...
2026-10-08T17:05:28.0550877Z # Subtest: the checked-in sample is an authentic v1 package with exact manifest and source hashes
2026-10-08T17:05:28.0551588Z ok 214 - the checked-in sample is an authentic v1 package with exact manifest and source hashes
2026-10-08T17:05:28.0552018Z   ---
2026-10-08T17:05:28.0552212Z   duration_ms: 3.368224
2026-10-08T17:05:28.0552463Z   type: 'test'
2026-10-08T17:05:28.0552848Z   ...
2026-10-08T17:05:28.0553364Z # Subtest: formal verification refuses altered admission identity, failed effects and mismatched receipts
2026-10-08T17:05:28.0554171Z ok 215 - formal verification refuses altered admission identity, failed effects and mismatched receipts
2026-10-08T17:05:28.0554874Z   ---
2026-10-08T17:05:28.0555136Z   duration_ms: 23.129582
2026-10-08T17:05:28.0555374Z   type: 'test'
2026-10-08T17:05:28.0555574Z   ...
2026-10-08T17:05:28.0556028Z # Subtest: invalid task schema and origin return typed errors instead of generic exceptions
2026-10-08T17:05:28.0556699Z ok 216 - invalid task schema and origin return typed errors instead of generic exceptions
2026-10-08T17:05:28.0557109Z   ---
2026-10-08T17:05:28.0557473Z   duration_ms: 4.531913
2026-10-08T17:05:28.0557703Z   type: 'test'
2026-10-08T17:05:28.0557901Z   ...
2026-10-08T17:05:28.0558479Z # Subtest: entering Sidebar task views reads external installations without executing and preserves unchanged form inputs
2026-10-08T17:05:28.0559388Z ok 217 - entering Sidebar task views reads external installations without executing and preserves unchanged form inputs
2026-10-08T17:05:28.0559899Z   ---
2026-10-08T17:05:28.0560100Z   duration_ms: 26.836866
2026-10-08T17:05:28.0560325Z   type: 'test'
2026-10-08T17:05:28.0560518Z   ...
2026-10-08T17:05:28.0561031Z # Subtest: installed tasks default page, render schema form and freeze the exact saved version/params/target
2026-10-08T17:05:28.0561870Z ok 218 - installed tasks default page, render schema form and freeze the exact saved version/params/target
2026-10-08T17:05:28.0562390Z   ---
2026-10-08T17:05:28.0562596Z   duration_ms: 18.422085
2026-10-08T17:05:28.0562832Z   type: 'test'
2026-10-08T17:05:28.0563043Z   ...
2026-10-08T17:05:28.0563510Z # Subtest: installed task can be explicitly forked into an independent unsaved editor draft
2026-10-08T17:05:28.0564189Z ok 219 - installed task can be explicitly forked into an independent unsaved editor draft
2026-10-08T17:05:28.0564785Z   ---
2026-10-08T17:05:28.0564991Z   duration_ms: 5.081699
2026-10-08T17:05:28.0565229Z   type: 'test'
2026-10-08T17:05:28.0565436Z   ...
2026-10-08T17:05:28.0565925Z # Subtest: task Stop cannot cancel another view's in-flight draft; parameter form never navigates
2026-10-08T17:05:28.0566630Z ok 220 - task Stop cannot cancel another view's in-flight draft; parameter form never navigates
2026-10-08T17:05:28.0567056Z   ---
2026-10-08T17:05:28.0567263Z   duration_ms: 7.097981
2026-10-08T17:05:28.0567488Z   type: 'test'
2026-10-08T17:05:28.0567686Z   ...
2026-10-08T17:05:28.0568116Z # Subtest: installed task refuses stale target after async installed-version lookup
2026-10-08T17:05:28.0568749Z ok 221 - installed task refuses stale target after async installed-version lookup
2026-10-08T17:05:28.0569139Z   ---
2026-10-08T17:05:28.0569337Z   duration_ms: 8.505546
2026-10-08T17:05:28.0569559Z   type: 'test'
2026-10-08T17:05:28.0569758Z   ...
2026-10-08T17:05:28.0570188Z # Subtest: task cards retain readable selection and do not surface raw IDs as the main UI
2026-10-08T17:05:28.0570846Z ok 222 - task cards retain readable selection and do not surface raw IDs as the main UI
2026-10-08T17:05:28.0571250Z   ---
2026-10-08T17:05:28.0571443Z   duration_ms: 3.374874
2026-10-08T17:05:28.0571671Z   type: 'test'
2026-10-08T17:05:28.0571868Z   ...
2026-10-08T17:05:28.0572407Z # Subtest: Sidebar Discover searches installed tasks only and selects a task without running or opening the catalog
2026-10-08T17:05:28.0573253Z ok 223 - Sidebar Discover searches installed tasks only and selects a task without running or opening the catalog
2026-10-08T17:05:28.0573740Z   ---
2026-10-08T17:05:28.0573933Z   duration_ms: 8.399938
2026-10-08T17:05:28.0574155Z   type: 'test'
2026-10-08T17:05:28.0574355Z   ...
2026-10-08T17:05:28.0574988Z # Subtest: Discover filter controls are real view filters and cannot start another run
2026-10-08T17:05:28.0575635Z ok 224 - Discover filter controls are real view filters and cannot start another run
2026-10-08T17:05:28.0576191Z   ---
2026-10-08T17:05:28.0576390Z   duration_ms: 13.491467
2026-10-08T17:05:28.0576623Z   type: 'test'
2026-10-08T17:05:28.0576829Z   ...
2026-10-08T17:05:28.0577274Z # Subtest: opening the separate full-size catalog preserves its import and management view
2026-10-08T17:05:28.0577951Z ok 225 - opening the separate full-size catalog preserves its import and management view
2026-10-08T17:05:28.0578368Z   ---
2026-10-08T17:05:28.0578570Z   duration_ms: 3.017456
2026-10-08T17:05:28.0578797Z   type: 'test'
2026-10-08T17:05:28.0579001Z   ...
2026-10-08T17:05:28.0579526Z # Subtest: full-size catalog keeps its own reader after real install and re-reads the single Task Catalog state
2026-10-08T17:05:28.0580450Z ok 226 - full-size catalog keeps its own reader after real install and re-reads the single Task Catalog state
2026-10-08T17:05:28.0580933Z   ---
2026-10-08T17:05:28.0581131Z   duration_ms: 6.154993
2026-10-08T17:05:28.0581353Z   type: 'test'
2026-10-08T17:05:28.0581551Z   ...
2026-10-08T17:05:28.0582048Z # Subtest: idle Discover has no fixed footer and inline import still opens the authenticated catalog
2026-10-08T17:05:28.0582770Z ok 227 - idle Discover has no fixed footer and inline import still opens the authenticated catalog
2026-10-08T17:05:28.0583201Z   ---
2026-10-08T17:05:28.0583402Z   duration_ms: 11.54667
2026-10-08T17:05:28.0583629Z   type: 'test'
2026-10-08T17:05:28.0583823Z   ...
2026-10-08T17:05:28.0584180Z # Subtest: R5 result/history stay out of sight until a task has runs
2026-10-08T17:05:28.0584881Z ok 228 - R5 result/history stay out of sight until a task has runs
2026-10-08T17:05:28.0585224Z   ---
2026-10-08T17:05:28.0585433Z   duration_ms: 9.336156
2026-10-08T17:05:28.0585658Z   type: 'test'
2026-10-08T17:05:28.0585868Z   ...
2026-10-08T17:05:28.0586366Z # Subtest: card view retains original action identities, history and parameter form across tab changes
2026-10-08T17:05:28.0587114Z ok 229 - card view retains original action identities, history and parameter form across tab changes
2026-10-08T17:05:28.0587566Z   ---
2026-10-08T17:05:28.0587765Z   duration_ms: 9.559262
2026-10-08T17:05:28.0587991Z   type: 'test'
2026-10-08T17:05:28.0588191Z   ...
2026-10-08T17:05:28.0588673Z # Subtest: switching between two installed tasks preserves each independent unsaved parameter input
2026-10-08T17:05:28.0589417Z ok 230 - switching between two installed tasks preserves each independent unsaved parameter input
2026-10-08T17:05:28.0589858Z   ---
2026-10-08T17:05:28.0590056Z   duration_ms: 2.704406
2026-10-08T17:05:28.0590287Z   type: 'test'
2026-10-08T17:05:28.0590483Z   ...
2026-10-08T17:05:28.0590824Z # Subtest: R6 accessible roving tabs support Arrow and Home/End
2026-10-08T17:05:28.0591299Z ok 231 - R6 accessible roving tabs support Arrow and Home/End
2026-10-08T17:05:28.0591627Z   ---
2026-10-08T17:05:28.0591824Z   duration_ms: 8.589492
2026-10-08T17:05:28.0592043Z   type: 'test'
2026-10-08T17:05:28.0592255Z   ...
2026-10-08T17:05:28.0592667Z # Subtest: R6 task card refresh, keyboard selection and Discover handoff restore focus
2026-10-08T17:05:28.0593291Z ok 232 - R6 task card refresh, keyboard selection and Discover handoff restore focus
2026-10-08T17:05:28.0593687Z   ---
2026-10-08T17:05:28.0593887Z   duration_ms: 6.001352
2026-10-08T17:05:28.0594109Z   type: 'test'
2026-10-08T17:05:28.0594310Z   ...
2026-10-08T17:05:28.0594875Z # Subtest: R6 late run start/result cannot become the newly selected task status
2026-10-08T17:05:28.0595457Z ok 233 - R6 late run start/result cannot become the newly selected task status
2026-10-08T17:05:28.0595827Z   ---
2026-10-08T17:05:28.0596032Z   duration_ms: 12.691665
2026-10-08T17:05:28.0596269Z   type: 'test'
2026-10-08T17:05:28.0596465Z   ...
2026-10-08T17:05:28.0596897Z # Subtest: R6 previous-version notices and results do not leak after installed upgrade
2026-10-08T17:05:28.0597525Z ok 234 - R6 previous-version notices and results do not leak after installed upgrade
2026-10-08T17:05:28.0597928Z   ---
2026-10-08T17:05:28.0598139Z   duration_ms: 11.159246
2026-10-08T17:05:28.0598561Z   type: 'test'
2026-10-08T17:05:28.0598761Z   ...
2026-10-08T17:05:28.0599261Z # Subtest: two extension documents share only a refresh hint and re-read authoritative installed state
2026-10-08T17:05:28.0600017Z ok 235 - two extension documents share only a refresh hint and re-read authoritative installed state
2026-10-08T17:05:28.0600457Z   ---
2026-10-08T17:05:28.0600655Z   duration_ms: 43.077541
2026-10-08T17:05:28.0600890Z   type: 'test'
2026-10-08T17:05:28.0601090Z   ...
2026-10-08T17:05:28.0601567Z # Subtest: catalog installation stays in the complete directory and directs running back to Sidebar
2026-10-08T17:05:28.0602416Z ok 236 - catalog installation stays in the complete directory and directs running back to Sidebar
2026-10-08T17:05:28.0602873Z   ---
2026-10-08T17:05:28.0603074Z   duration_ms: 6.187011
2026-10-08T17:05:28.0603305Z   type: 'test'
2026-10-08T17:05:28.0603505Z   ...
2026-10-08T17:05:28.0603969Z # Subtest: catalog JS import hands source to Sidebar and never enters a view with a hidden runner
2026-10-08T17:05:28.0604832Z ok 237 - catalog JS import hands source to Sidebar and never enters a view with a hidden runner
2026-10-08T17:05:28.0605318Z   ---
2026-10-08T17:05:28.0605584Z   duration_ms: 8.502312
2026-10-08T17:05:28.0605807Z   type: 'test'
2026-10-08T17:05:28.0606010Z   ...
2026-10-08T17:05:28.0606481Z # Subtest: missing Sidebar refuses import with an actionable message, without losing the directory
2026-10-08T17:05:28.0607189Z ok 238 - missing Sidebar refuses import with an actionable message, without losing the directory
2026-10-08T17:05:28.0607620Z   ---
2026-10-08T17:05:28.0607816Z   duration_ms: 10.245983
2026-10-08T17:05:28.0608041Z   type: 'test'
2026-10-08T17:05:28.0608242Z   ...
2026-10-08T17:05:28.0608732Z # Subtest: catalog draft transport errors retain their cause instead of claiming Sidebar is missing
2026-10-08T17:05:28.0609453Z ok 239 - catalog draft transport errors retain their cause instead of claiming Sidebar is missing
2026-10-08T17:05:28.0609899Z   ---
2026-10-08T17:05:28.0610090Z   duration_ms: 8.226507
2026-10-08T17:05:28.0610308Z   type: 'test'
2026-10-08T17:05:28.0610497Z   ...
2026-10-08T17:05:28.0610946Z # Subtest: receiving a source-only import selects Sidebar Developer without creating a run
2026-10-08T17:05:28.0611611Z ok 240 - receiving a source-only import selects Sidebar Developer without creating a run
2026-10-08T17:05:28.0612017Z   ---
2026-10-08T17:05:28.0612220Z   duration_ms: 4.894308
2026-10-08T17:05:28.0612441Z   type: 'test'
2026-10-08T17:05:28.0612636Z   ...
2026-10-08T17:05:28.0613058Z # Subtest: R6.1 task-owned Stop is the sole cross-view action and names the launching task
2026-10-08T17:05:28.0613677Z ok 241 - R6.1 task-owned Stop is the sole cross-view action and names the launching task
2026-10-08T17:05:28.0614066Z   ---
2026-10-08T17:05:28.0614269Z   duration_ms: 19.701449
2026-10-08T17:05:28.0614499Z   type: 'test'
2026-10-08T17:05:28.0614900Z   ...
2026-10-08T17:05:28.0615314Z # Subtest: R6.1 a draft-owned run exposes only its Stop when viewing Tasks or Discover
2026-10-08T17:05:28.0615932Z ok 242 - R6.1 a draft-owned run exposes only its Stop when viewing Tasks or Discover
2026-10-08T17:05:28.0616313Z   ---
2026-10-08T17:05:28.0616512Z   duration_ms: 2.90032
2026-10-08T17:05:28.0616748Z   type: 'test'
2026-10-08T17:05:28.0616939Z   ...
2026-10-08T17:05:28.0617333Z # Subtest: R6.1 stop-only footer CSS hides all non-owner actions without hiding Stop
2026-10-08T17:05:28.0617930Z ok 243 - R6.1 stop-only footer CSS hides all non-owner actions without hiding Stop
2026-10-08T17:05:28.0618311Z   ---
2026-10-08T17:05:28.0618502Z   duration_ms: 1.199894
2026-10-08T17:05:28.0618731Z   type: 'test'
2026-10-08T17:05:28.0618924Z   ...
2026-10-08T17:05:28.0619853Z # Subtest: real manager → approval → preview executes two ordered sources, reuses draft locks offline, and rechecks new GM grants
2026-10-08T17:05:28.0620918Z ok 244 - real manager → approval → preview executes two ordered sources, reuses draft locks offline, and rechecks new GM grants
2026-10-08T17:05:28.0621627Z   ---
2026-10-08T17:05:28.0621830Z   duration_ms: 87.645889
2026-10-08T17:05:28.0622064Z   type: 'test'
2026-10-08T17:05:28.0622273Z   ...
2026-10-08T17:05:28.0622871Z # Subtest: classic top-level const runs repeatedly in fresh worlds; trailing comments and ASI do not consume the next source
2026-10-08T17:05:28.0623780Z ok 245 - classic top-level const runs repeatedly in fresh worlds; trailing comments and ASI do not consume the next source
2026-10-08T17:05:28.0624295Z   ---
2026-10-08T17:05:28.0624496Z   duration_ms: 23.738597
2026-10-08T17:05:28.0624980Z   type: 'test'
2026-10-08T17:05:28.0625194Z   ...
2026-10-08T17:05:28.0625830Z # Subtest: a synchronous dependency failure prevents later libraries and the consumer from executing
2026-10-08T17:05:28.0626592Z ok 246 - a synchronous dependency failure prevents later libraries and the consumer from executing
2026-10-08T17:05:28.0627045Z   ---
2026-10-08T17:05:28.0627247Z   duration_ms: 30.687785
2026-10-08T17:05:28.0627479Z   type: 'test'
2026-10-08T17:05:28.0627685Z   ...
2026-10-08T17:05:28.0628194Z # Subtest: an absent user main cannot fall back to a dependency global main or an async-main-looking comment
2026-10-08T17:05:28.0628959Z ok 247 - an absent user main cannot fall back to a dependency global main or an async-main-looking comment
2026-10-08T17:05:28.0629419Z   ---
2026-10-08T17:05:28.0629616Z   duration_ms: 23.308351
2026-10-08T17:05:28.0629842Z   type: 'test'
2026-10-08T17:05:28.0630037Z   ...
2026-10-08T17:05:28.0630646Z # Subtest: simulated Chromium named-world exhaustion falls back to default, fails the isolation probe, and injects no user code
2026-10-08T17:05:28.0631584Z ok 248 - simulated Chromium named-world exhaustion falls back to default, fails the isolation probe, and injects no user code
2026-10-08T17:05:28.0632106Z   ---
2026-10-08T17:05:28.0632311Z   duration_ms: 16.165268
2026-10-08T17:05:28.0632538Z   type: 'test'
2026-10-08T17:05:28.0632731Z   ...
2026-10-08T17:05:28.0633391Z # Subtest: document budget survives service restart and navigation cleanup; closing a tab releases the ledger even when the API is disabled
2026-10-08T17:05:28.0634406Z ok 249 - document budget survives service restart and navigation cleanup; closing a tab releases the ledger even when the API is disabled
2026-10-08T17:05:28.0635163Z   ---
2026-10-08T17:05:28.0635374Z   duration_ms: 68.182633
2026-10-08T17:05:28.0635605Z   type: 'test'
2026-10-08T17:05:28.0635808Z   ...
2026-10-08T17:05:28.0636003Z 1..249
2026-10-08T17:05:28.0636204Z # tests 249
2026-10-08T17:05:28.0636406Z # suites 0
2026-10-08T17:05:28.0636602Z # pass 245
2026-10-08T17:05:28.0636807Z # fail 0
2026-10-08T17:05:28.0637011Z # cancelled 0
2026-10-08T17:05:28.0637218Z # skipped 4
2026-10-08T17:05:28.0637436Z # todo 0
2026-10-08T17:05:28.0637653Z # duration_ms 4727.270283
2026-10-08T17:05:28.0734286Z Post job cleanup.
2026-10-08T17:05:28.1943130Z (node:4218) [DEP0040] DeprecationWarning: The `punycode` module is deprecated. Please use a userland alternative instead.
2026-10-08T17:05:28.1944011Z (Use `node --trace-deprecation ...` to show where the warning was created)
2026-10-08T17:05:28.1946988Z Cache hit occurred on the primary key node-cache-Linux-x64-npm-b8ba1b1e75b534e8b18fa308aa4c06e83b4d486ff426239c6fd9007055bc4cce, not saving cache.
2026-10-08T17:05:28.2112557Z Post job cleanup.
2026-10-08T17:05:28.2951823Z [command]/usr/bin/git version
2026-10-08T17:05:28.2997030Z git version 2.55.0
2026-10-08T17:05:28.3038015Z Temporarily overriding HOME='/home/runner/work/_temp/f64ef5c7-d18e-48e1-ad39-d445a09caaa7' before making global git config changes
2026-10-08T17:05:28.3039456Z Adding repository directory to the temporary git global config as a safe directory
2026-10-08T17:05:28.3043634Z [command]/usr/bin/git config --global --add safe.directory /home/runner/work/opendesk-browser/opendesk-browser
2026-10-08T17:05:28.3084487Z [command]/usr/bin/git config --local --name-only --get-regexp core\.sshCommand
2026-10-08T17:05:28.3119560Z [command]/usr/bin/git submodule foreach --recursive sh -c "git config --local --name-only --get-regexp 'core\.sshCommand' && git config --local --unset-all 'core.sshCommand' || :"
2026-10-08T17:05:28.3387005Z [command]/usr/bin/git config --local --name-only --get-regexp http\.https\:\/\/github\.com\/\.extraheader
2026-10-08T17:05:28.3414360Z http.https://github.com/.extraheader
2026-10-08T17:05:28.3441188Z [command]/usr/bin/git config --local --unset-all http.https://github.com/.extraheader
2026-10-08T17:05:28.3478850Z [command]/usr/bin/git submodule foreach --recursive sh -c "git config --local --name-only --get-regexp 'http\.https\:\/\/github\.com\/\.extraheader' && git config --local --unset-all 'http.https://github.com/.extraheader' || :"
2026-10-08T17:05:28.3773864Z [command]/usr/bin/git config --local --name-only --get-regexp ^includeIf\.gitdir:
2026-10-08T17:05:28.3837316Z [command]/usr/bin/git submodule foreach --recursive git config --local --show-origin --name-only --get-regexp remote.origin.url
2026-10-08T17:05:28.4353989Z Cleaning up orphan processes
2026-10-08T17:05:28.4676086Z ##[warning]Node.js 20 is deprecated. The following actions target Node.js 20 but are being forced to run on Node.js 24: actions/checkout@v4, actions/setup-node@v4. For more information see: https://github.blog/changelog/2025-09-19-deprecation-of-node-20-on-github-actions-runners/

