2026-10-08T17:38:26.1103130Z Current runner version: '2.337.0'
2026-10-08T17:38:26.1121349Z ##[group]Runner Image Provisioner
2026-10-08T17:38:26.1121901Z Hosted Compute Agent
2026-10-08T17:38:26.1122221Z Version: 20261002.596
2026-10-08T17:38:26.1122625Z Commit: c3d12f3313a95f25162a1503be624f3b0617f8c0
2026-10-08T17:38:26.1123037Z Build Date: 2026-10-02T22:28:27Z
2026-10-08T17:38:26.1123478Z Worker ID: {195f2bf0-6c8d-4a8b-81aa-3a9248baca9e}
2026-10-08T17:38:26.1123885Z Region: centralus
2026-10-08T17:38:26.1124202Z Cloud: Azure
2026-10-08T17:38:26.1124545Z ##[endgroup]
2026-10-08T17:38:26.1125255Z ##[group]Operating System
2026-10-08T17:38:26.1125617Z Ubuntu
2026-10-08T17:38:26.1125994Z 24.04.5
2026-10-08T17:38:26.1126293Z LTS
2026-10-08T17:38:26.1126621Z ##[endgroup]
2026-10-08T17:38:26.1126939Z ##[group]Runner Image
2026-10-08T17:38:26.1127314Z Image: ubuntu-24.04
2026-10-08T17:38:26.1127681Z Version: 20261004.327.1
2026-10-08T17:38:26.1128389Z Included Software: https://github.com/actions/runner-images/blob/ubuntu24/20261004.327/images/ubuntu/Ubuntu2404-Readme.md
2026-10-08T17:38:26.1129482Z Image Release: https://github.com/actions/runner-images/releases/tag/ubuntu24%2F20261004.327
2026-10-08T17:38:26.1130032Z ##[endgroup]
2026-10-08T17:38:26.1130716Z ##[group]GITHUB_TOKEN Permissions
2026-10-08T17:38:26.1131903Z Contents: read
2026-10-08T17:38:26.1132288Z Metadata: read
2026-10-08T17:38:26.1132658Z ##[endgroup]
2026-10-08T17:38:26.1134003Z Secret source: Actions
2026-10-08T17:38:26.1134542Z Cache mode: write
2026-10-08T17:38:26.1134964Z Prepare workflow directory
2026-10-08T17:38:26.2105814Z Prepare all required actions
2026-10-08T17:38:26.2148077Z Getting action download info
2026-10-08T17:38:26.4310649Z Download action repository 'actions/checkout@v4' (SHA:11d5960a326750d5838078e36cf38b85af677262)
2026-10-08T17:38:26.7537028Z Download action repository 'actions/setup-node@v4' (SHA:49933ea5288caeca8642d1e84afbd3f7d6820020)
2026-10-08T17:38:27.1159668Z Complete job name: bridge-components
2026-10-08T17:38:27.1851065Z ##[group]Run actions/checkout@v4
2026-10-08T17:38:27.1851555Z with:
2026-10-08T17:38:27.1851827Z   repository: shopable-ai/opendesk-browser
2026-10-08T17:38:27.1854111Z   token: ***
2026-10-08T17:38:27.1854353Z   ssh-strict: true
2026-10-08T17:38:27.1854603Z   ssh-user: git
2026-10-08T17:38:27.1854856Z   persist-credentials: true
2026-10-08T17:38:27.1855131Z   clean: true
2026-10-08T17:38:27.1855397Z   sparse-checkout-cone-mode: true
2026-10-08T17:38:27.1855688Z   fetch-depth: 1
2026-10-08T17:38:27.1855935Z   fetch-tags: false
2026-10-08T17:38:27.1856193Z   show-progress: true
2026-10-08T17:38:27.1856443Z   lfs: false
2026-10-08T17:38:27.1856689Z   submodules: false
2026-10-08T17:38:27.1856958Z   set-safe-directory: true
2026-10-08T17:38:27.1857240Z   allow-unsafe-pr-checkout: false
2026-10-08T17:38:27.1857601Z ##[endgroup]
2026-10-08T17:38:27.2524263Z Syncing repository: shopable-ai/opendesk-browser
2026-10-08T17:38:27.2525839Z ##[group]Getting Git version info
2026-10-08T17:38:27.2526649Z Working directory is '/home/runner/work/opendesk-browser/opendesk-browser'
2026-10-08T17:38:27.2527731Z [command]/usr/bin/git version
2026-10-08T17:38:27.2867012Z git version 2.55.0
2026-10-08T17:38:27.2875204Z ##[endgroup]
2026-10-08T17:38:27.2892790Z Temporarily overriding HOME='/home/runner/work/_temp/07d463f8-ad33-438c-86ed-742c423bd2b9' before making global git config changes
2026-10-08T17:38:27.2894029Z Adding repository directory to the temporary git global config as a safe directory
2026-10-08T17:38:27.2896892Z [command]/usr/bin/git config --global --add safe.directory /home/runner/work/opendesk-browser/opendesk-browser
2026-10-08T17:38:27.3090953Z Deleting the contents of '/home/runner/work/opendesk-browser/opendesk-browser'
2026-10-08T17:38:27.3094862Z ##[group]Initializing the repository
2026-10-08T17:38:27.3099876Z [command]/usr/bin/git init /home/runner/work/opendesk-browser/opendesk-browser
2026-10-08T17:38:27.3491604Z hint: Using 'master' as the name for the initial branch. This default branch name
2026-10-08T17:38:27.3492909Z hint: will change to "main" in Git 3.0. To configure the initial branch name
2026-10-08T17:38:27.3493855Z hint: to use in all of your new repositories, which will suppress this warning,
2026-10-08T17:38:27.3494488Z hint: call:
2026-10-08T17:38:27.3495491Z hint:
2026-10-08T17:38:27.3496095Z hint: 	git config --global init.defaultBranch <name>
2026-10-08T17:38:27.3496640Z hint:
2026-10-08T17:38:27.3497055Z hint: Names commonly chosen instead of 'master' are 'main', 'trunk' and
2026-10-08T17:38:27.3497567Z hint: 'development'. The just-created branch can be renamed via this command:
2026-10-08T17:38:27.3497969Z hint:
2026-10-08T17:38:27.3498214Z hint: 	git branch -m <name>
2026-10-08T17:38:27.3498478Z hint:
2026-10-08T17:38:27.3499043Z hint: Disable this message with "git config set advice.defaultBranchName false"
2026-10-08T17:38:27.3499788Z Initialized empty Git repository in /home/runner/work/opendesk-browser/opendesk-browser/.git/
2026-10-08T17:38:27.3501308Z [command]/usr/bin/git remote add origin https://github.com/shopable-ai/opendesk-browser
2026-10-08T17:38:27.3584780Z ##[endgroup]
2026-10-08T17:38:27.3585592Z ##[group]Disabling automatic garbage collection
2026-10-08T17:38:27.3596889Z [command]/usr/bin/git config --local gc.auto 0
2026-10-08T17:38:27.3687333Z ##[endgroup]
2026-10-08T17:38:27.3688109Z ##[group]Setting up auth
2026-10-08T17:38:27.3692992Z [command]/usr/bin/git config --local --name-only --get-regexp core\.sshCommand
2026-10-08T17:38:27.3726376Z [command]/usr/bin/git submodule foreach --recursive sh -c "git config --local --name-only --get-regexp 'core\.sshCommand' && git config --local --unset-all 'core.sshCommand' || :"
2026-10-08T17:38:27.4051298Z [command]/usr/bin/git config --local --name-only --get-regexp http\.https\:\/\/github\.com\/\.extraheader
2026-10-08T17:38:27.4094677Z [command]/usr/bin/git submodule foreach --recursive sh -c "git config --local --name-only --get-regexp 'http\.https\:\/\/github\.com\/\.extraheader' && git config --local --unset-all 'http.https://github.com/.extraheader' || :"
2026-10-08T17:38:27.4255955Z [command]/usr/bin/git config --local --name-only --get-regexp ^includeIf\.gitdir:
2026-10-08T17:38:27.4284169Z [command]/usr/bin/git submodule foreach --recursive git config --local --show-origin --name-only --get-regexp remote.origin.url
2026-10-08T17:38:27.4451358Z [command]/usr/bin/git config --local http.https://github.com/.extraheader AUTHORIZATION: basic ***
2026-10-08T17:38:27.5478425Z ##[endgroup]
2026-10-08T17:38:27.5479361Z ##[group]Fetching the repository
2026-10-08T17:38:27.5487272Z [command]/usr/bin/git -c protocol.version=2 fetch --no-tags --prune --no-recurse-submodules --depth=1 origin +f1ca724a52e3190447c9be93ed9b00b8a97b52fd:refs/remotes/origin/agent/native-agent-bridge-r1-20261008
2026-10-08T17:38:29.9830417Z From https://github.com/shopable-ai/opendesk-browser
2026-10-08T17:38:29.9830977Z  * [new ref]         f1ca724a52e3190447c9be93ed9b00b8a97b52fd -> origin/agent/native-agent-bridge-r1-20261008
2026-10-08T17:38:29.9833663Z ##[endgroup]
2026-10-08T17:38:29.9834178Z ##[group]Determining the checkout info
2026-10-08T17:38:29.9835731Z ##[endgroup]
2026-10-08T17:38:29.9841347Z [command]/usr/bin/git sparse-checkout disable
2026-10-08T17:38:29.9885953Z [command]/usr/bin/git config --local --unset-all extensions.worktreeConfig
2026-10-08T17:38:29.9911544Z ##[group]Checking out the ref
2026-10-08T17:38:29.9914780Z [command]/usr/bin/git checkout --progress --force -B agent/native-agent-bridge-r1-20261008 refs/remotes/origin/agent/native-agent-bridge-r1-20261008
2026-10-08T17:38:31.0071854Z Updating files:  95% (12423/12960)
2026-10-08T17:38:31.0525998Z Updating files:  96% (12442/12960)
2026-10-08T17:38:31.0929349Z Updating files:  97% (12572/12960)
2026-10-08T17:38:31.1450445Z Updating files:  98% (12701/12960)
2026-10-08T17:38:31.1698520Z Updating files:  99% (12831/12960)
2026-10-08T17:38:31.1699366Z Updating files: 100% (12960/12960)
2026-10-08T17:38:31.1699714Z Updating files: 100% (12960/12960), done.
2026-10-08T17:38:31.1801991Z Switched to a new branch 'agent/native-agent-bridge-r1-20261008'
2026-10-08T17:38:31.1807084Z branch 'agent/native-agent-bridge-r1-20261008' set up to track 'origin/agent/native-agent-bridge-r1-20261008'.
2026-10-08T17:38:31.1864487Z ##[endgroup]
2026-10-08T17:38:31.1904237Z [command]/usr/bin/git log -1 --format=%H
2026-10-08T17:38:31.1926138Z f1ca724a52e3190447c9be93ed9b00b8a97b52fd
2026-10-08T17:38:31.2180601Z ##[group]Run actions/setup-node@v4
2026-10-08T17:38:31.2180874Z with:
2026-10-08T17:38:31.2181052Z   node-version: 22
2026-10-08T17:38:31.2181227Z   cache: npm
2026-10-08T17:38:31.2181410Z   always-auth: false
2026-10-08T17:38:31.2181601Z   check-latest: false
2026-10-08T17:38:31.2184299Z   token: ***
2026-10-08T17:38:31.2184490Z ##[endgroup]
2026-10-08T17:38:31.3077387Z Found in cache @ /opt/hostedtoolcache/node/22.23.3/x64
2026-10-08T17:38:31.3080690Z (node:2076) [DEP0040] DeprecationWarning: The `punycode` module is deprecated. Please use a userland alternative instead.
2026-10-08T17:38:31.3081144Z (Use `node --trace-deprecation ...` to show where the warning was created)
2026-10-08T17:38:31.3082693Z ##[group]Environment details
2026-10-08T17:38:31.5852244Z node: v22.23.3
2026-10-08T17:38:31.5852535Z npm: 10.9.9
2026-10-08T17:38:31.5852644Z yarn: 1.22.22
2026-10-08T17:38:31.5853178Z ##[endgroup]
2026-10-08T17:38:31.5880531Z [command]/opt/hostedtoolcache/node/22.23.3/x64/bin/npm config get cache
2026-10-08T17:38:31.6667123Z /home/runner/.npm
2026-10-08T17:38:31.8467329Z Cache hit for: node-cache-Linux-x64-npm-b8ba1b1e75b534e8b18fa308aa4c06e83b4d486ff426239c6fd9007055bc4cce
2026-10-08T17:38:31.8535938Z (node:2076) [DEP0169] DeprecationWarning: `url.parse()` behavior is not standardized and prone to errors that have security implications. Use the WHATWG URL API instead. CVEs are not issued for `url.parse()` vulnerabilities.
2026-10-08T17:38:32.5572185Z Received 15714701 of 15714701 (100.0%), 26.5 MBs/sec
2026-10-08T17:38:32.5572479Z Cache Size: ~15 MB (15714701 B)
2026-10-08T17:38:32.5587644Z [command]/usr/bin/tar -xf /home/runner/work/_temp/111ee683-eeae-419d-a273-3c3e57d5071f/cache.tzst -P -C /home/runner/work/opendesk-browser/opendesk-browser --use-compress-program unzstd
2026-10-08T17:38:32.6080753Z Cache restored successfully
2026-10-08T17:38:32.6090192Z Cache restored from key: node-cache-Linux-x64-npm-b8ba1b1e75b534e8b18fa308aa4c06e83b4d486ff426239c6fd9007055bc4cce
2026-10-08T17:38:32.6222292Z ##[group]Run npm ci --ignore-scripts --no-audit --no-fund
2026-10-08T17:38:32.6222557Z [36;1mnpm ci --ignore-scripts --no-audit --no-fund[0m
2026-10-08T17:38:32.6435936Z shell: /usr/bin/bash -e {0}
2026-10-08T17:38:32.6436133Z ##[endgroup]
2026-10-08T17:38:34.2414032Z 
2026-10-08T17:38:34.2419092Z added 240 packages in 2s
2026-10-08T17:38:34.2808278Z ##[group]Run node --test tests/environment/native-agent-wire.test.mjs tests/environment/native-agent-host.test.mjs tests/environment/native-agent-bridge.test.mjs tests/environment/native-agent-native-host.test.mjs tests/environment/native-agent-package.test.mjs tests/environment/compact-schema.test.mjs tests/environment/agent-to-task-fixtures.test.mjs
2026-10-08T17:38:34.2811750Z [36;1mnode --test tests/environment/native-agent-wire.test.mjs tests/environment/native-agent-host.test.mjs tests/environment/native-agent-bridge.test.mjs tests/environment/native-agent-native-host.test.mjs tests/environment/native-agent-package.test.mjs tests/environment/compact-schema.test.mjs tests/environment/agent-to-task-fixtures.test.mjs[0m
2026-10-08T17:38:34.2862169Z shell: /usr/bin/bash -e {0}
2026-10-08T17:38:34.2862314Z ##[endgroup]
2026-10-08T17:38:34.3270932Z TAP version 13
2026-10-08T17:38:34.3652104Z # Subtest: read-only Agent observation draft retains the main R6.2 bounded snapshot contract
2026-10-08T17:38:34.3655045Z ok 1 - read-only Agent observation draft retains the main R6.2 bounded snapshot contract
2026-10-08T17:38:34.3655460Z   ---
2026-10-08T17:38:34.3655848Z   duration_ms: 4.782738
2026-10-08T17:38:34.3656192Z   type: 'test'
2026-10-08T17:38:34.3656398Z   ...
2026-10-08T17:38:34.3723652Z # Subtest: modern Locator Task candidate is exact and immutable, never pre-verified
2026-10-08T17:38:34.3724220Z ok 2 - modern Locator Task candidate is exact and immutable, never pre-verified
2026-10-08T17:38:34.3724748Z   ---
2026-10-08T17:38:34.3725343Z   duration_ms: 7.123302
2026-10-08T17:38:34.3725722Z   type: 'test'
2026-10-08T17:38:34.3726061Z   ...
2026-10-08T17:38:34.4236079Z # Subtest: fixed production protocol Schema uses variable-width LZW and decodes byte-for-byte to the audited object
2026-10-08T17:38:34.4236891Z ok 3 - fixed production protocol Schema uses variable-width LZW and decodes byte-for-byte to the audited object
2026-10-08T17:38:34.4237327Z   ---
2026-10-08T17:38:34.4237546Z   duration_ms: 64.186421
2026-10-08T17:38:34.4237746Z   type: 'test'
2026-10-08T17:38:34.4237937Z   ...
2026-10-08T17:38:34.4238435Z # Subtest: small and non-ASCII schemas still round-trip through existing smaller-of-two-formats selection
2026-10-08T17:38:34.4239477Z ok 4 - small and non-ASCII schemas still round-trip through existing smaller-of-two-formats selection
2026-10-08T17:38:34.4239881Z   ---
2026-10-08T17:38:34.4240051Z   duration_ms: 0.930245
2026-10-08T17:38:34.4240246Z   type: 'test'
2026-10-08T17:38:34.4240416Z   ...
2026-10-08T17:38:34.4338480Z # Subtest: startup permission check cannot reconnect after permission-removed
2026-10-08T17:38:34.4357142Z ok 5 - startup permission check cannot reconnect after permission-removed
2026-10-08T17:38:34.4363165Z   ---
2026-10-08T17:38:34.4363737Z   duration_ms: 6.036865
2026-10-08T17:38:34.4364115Z   type: 'test'
2026-10-08T17:38:34.4364440Z   ...
2026-10-08T17:38:34.4364935Z # Subtest: startup permission check cannot reconnect after dispose
2026-10-08T17:38:34.4365572Z ok 6 - startup permission check cannot reconnect after dispose
2026-10-08T17:38:34.4366023Z   ---
2026-10-08T17:38:34.4366339Z   duration_ms: 1.758509
2026-10-08T17:38:34.4366688Z   type: 'test'
2026-10-08T17:38:34.4367897Z   ...
2026-10-08T17:38:34.4372614Z # Subtest: reserved mutation never dispatches across disable
2026-10-08T17:38:34.4373373Z ok 7 - reserved mutation never dispatches across disable
2026-10-08T17:38:34.4373786Z   ---
2026-10-08T17:38:34.4374106Z   duration_ms: 8.103676
2026-10-08T17:38:34.4374444Z   type: 'test'
2026-10-08T17:38:34.4374750Z   ...
2026-10-08T17:38:34.4375218Z # Subtest: reserved mutation never dispatches across permission-removed
2026-10-08T17:38:34.4375846Z ok 8 - reserved mutation never dispatches across permission-removed
2026-10-08T17:38:34.4376274Z   ---
2026-10-08T17:38:34.4376578Z   duration_ms: 6.2251
2026-10-08T17:38:34.4376905Z   type: 'test'
2026-10-08T17:38:34.4377218Z   ...
2026-10-08T17:38:34.4378156Z # Subtest: reserved mutation never dispatches across disconnect-reconnect
2026-10-08T17:38:34.4379038Z ok 9 - reserved mutation never dispatches across disconnect-reconnect
2026-10-08T17:38:34.4379502Z   ---
2026-10-08T17:38:34.4379816Z   duration_ms: 7.281406
2026-10-08T17:38:34.4380149Z   type: 'test'
2026-10-08T17:38:34.4380456Z   ...
2026-10-08T17:38:34.4380919Z # Subtest: reserved mutation never dispatches across disable-enable
2026-10-08T17:38:34.4381510Z ok 10 - reserved mutation never dispatches across disable-enable
2026-10-08T17:38:34.4381941Z   ---
2026-10-08T17:38:34.4382250Z   duration_ms: 5.943761
2026-10-08T17:38:34.4382662Z   type: 'test'
2026-10-08T17:38:34.4382969Z   ...
2026-10-08T17:38:34.4383398Z # Subtest: reserved mutation never dispatches across dispose
2026-10-08T17:38:34.4383940Z ok 11 - reserved mutation never dispatches across dispose
2026-10-08T17:38:34.4384352Z   ---
2026-10-08T17:38:34.4384659Z   duration_ms: 5.946848
2026-10-08T17:38:34.4385045Z   type: 'test'
2026-10-08T17:38:34.4385349Z   ...
2026-10-08T17:38:34.4385852Z # Subtest: Native permission is rechecked immediately before dispatch
2026-10-08T17:38:34.4386451Z ok 12 - Native permission is rechecked immediately before dispatch
2026-10-08T17:38:34.4386886Z   ---
2026-10-08T17:38:34.4387193Z   duration_ms: 4.968106
2026-10-08T17:38:34.4387522Z   type: 'test'
2026-10-08T17:38:34.4388007Z   ...
2026-10-08T17:38:34.4388538Z # Subtest: a late disconnect from an old Native port cannot cancel a new connection request
2026-10-08T17:38:34.4389541Z ok 13 - a late disconnect from an old Native port cannot cancel a new connection request
2026-10-08T17:38:34.4390031Z   ---
2026-10-08T17:38:34.4390341Z   duration_ms: 10.898491
2026-10-08T17:38:34.4390676Z   type: 'test'
2026-10-08T17:38:34.4391032Z   ...
2026-10-08T17:38:34.4391574Z # Subtest: a pending enable permission check cannot overwrite disable
2026-10-08T17:38:34.4392163Z ok 14 - a pending enable permission check cannot overwrite disable
2026-10-08T17:38:34.4392598Z   ---
2026-10-08T17:38:34.4392909Z   duration_ms: 2.309792
2026-10-08T17:38:34.4393242Z   type: 'test'
2026-10-08T17:38:34.4393554Z   ...
2026-10-08T17:38:34.4394050Z # Subtest: a pending enable permission check cannot overwrite permission-removed
2026-10-08T17:38:34.4394724Z ok 15 - a pending enable permission check cannot overwrite permission-removed
2026-10-08T17:38:34.4395208Z   ---
2026-10-08T17:38:34.4395512Z   duration_ms: 1.770793
2026-10-08T17:38:34.4395843Z   type: 'test'
2026-10-08T17:38:34.4396150Z   ...
2026-10-08T17:38:34.4396624Z # Subtest: a pending enable storage write cannot persist over a newer disable
2026-10-08T17:38:34.4397260Z ok 16 - a pending enable storage write cannot persist over a newer disable
2026-10-08T17:38:34.4397858Z   ---
2026-10-08T17:38:34.4398199Z   duration_ms: 2.11682
2026-10-08T17:38:34.4398530Z   type: 'test'
2026-10-08T17:38:34.4398988Z   ...
2026-10-08T17:38:34.4399522Z # Subtest: an old Host ACK cannot match a new connection read with the same external requestId
2026-10-08T17:38:34.4400254Z ok 17 - an old Host ACK cannot match a new connection read with the same external requestId
2026-10-08T17:38:34.4400749Z   ---
2026-10-08T17:38:34.4401057Z   duration_ms: 16.455987
2026-10-08T17:38:34.4401397Z   type: 'test'
2026-10-08T17:38:34.4401704Z   ...
2026-10-08T17:38:34.4402201Z # Subtest: enabled Native handshake sends version and correct extension identity
2026-10-08T17:38:34.4402880Z ok 18 - enabled Native handshake sends version and correct extension identity
2026-10-08T17:38:34.4403345Z   ---
2026-10-08T17:38:34.4403646Z   duration_ms: 1.988374
2026-10-08T17:38:34.4403981Z   type: 'test'
2026-10-08T17:38:34.4404287Z   ...
2026-10-08T17:38:34.4404896Z # Subtest: default-off requires a packaged Settings sender and real granted Native permission
2026-10-08T17:38:34.4405666Z ok 19 - default-off requires a packaged Settings sender and real granted Native permission
2026-10-08T17:38:34.4406444Z   ---
2026-10-08T17:38:34.4406761Z   duration_ms: 0.392408
2026-10-08T17:38:34.4407092Z   type: 'test'
2026-10-08T17:38:34.4407606Z   ...
2026-10-08T17:38:34.4485230Z # Subtest: request hash journal deduplicates after real Host admission; conflicting bytes fail
2026-10-08T17:38:34.4487178Z ok 20 - request hash journal deduplicates after real Host admission; conflicting bytes fail
2026-10-08T17:38:34.4487779Z   ---
2026-10-08T17:38:34.4488121Z   duration_ms: 10.92313
2026-10-08T17:38:34.4488484Z   type: 'test'
2026-10-08T17:38:34.4488946Z   ...
2026-10-08T17:38:34.4563966Z # Subtest: dispatched but unanswered calls are never retried, even if same id reappears
2026-10-08T17:38:34.4578304Z ok 21 - dispatched but unanswered calls are never retried, even if same id reappears
2026-10-08T17:38:34.4579284Z   ---
2026-10-08T17:38:34.4579652Z   duration_ms: 9.763209
2026-10-08T17:38:34.4580010Z   type: 'test'
2026-10-08T17:38:34.4580336Z   ...
2026-10-08T17:38:34.4580851Z # Subtest: no live registered Host means no run reservation or Worker execution
2026-10-08T17:38:34.4581563Z ok 22 - no live registered Host means no run reservation or Worker execution
2026-10-08T17:38:34.4582045Z   ---
2026-10-08T17:38:34.4582366Z   duration_ms: 1.155362
2026-10-08T17:38:34.4582706Z   type: 'test'
2026-10-08T17:38:34.4583021Z   ...
2026-10-08T17:38:34.4597458Z # Subtest: run.get and run.stop cannot inspect arbitrary Sidebar-owned Run records
2026-10-08T17:38:34.4598202Z ok 23 - run.get and run.stop cannot inspect arbitrary Sidebar-owned Run records
2026-10-08T17:38:34.4599141Z   ---
2026-10-08T17:38:34.4599469Z   duration_ms: 1.736235
2026-10-08T17:38:34.4599807Z   type: 'test'
2026-10-08T17:38:34.4600120Z   ...
2026-10-08T17:38:34.4853630Z # Subtest: ACK journal write failure after Host action remains OUTCOME_UNKNOWN and never replays
2026-10-08T17:38:34.4869938Z ok 24 - ACK journal write failure after Host action remains OUTCOME_UNKNOWN and never replays
2026-10-08T17:38:34.4870681Z   ---
2026-10-08T17:38:34.4871028Z   duration_ms: 18.74594
2026-10-08T17:38:34.4871390Z   type: 'test'
2026-10-08T17:38:34.4871850Z   ...
2026-10-08T17:38:34.5023021Z # Subtest: run.get and run.stop remain pinned to the original authenticated Host registration
2026-10-08T17:38:34.5028134Z ok 25 - run.get and run.stop remain pinned to the original authenticated Host registration
2026-10-08T17:38:34.5029012Z   ---
2026-10-08T17:38:34.5029410Z   duration_ms: 21.271299
2026-10-08T17:38:34.5029767Z   type: 'test'
2026-10-08T17:38:34.5030098Z   ...
2026-10-08T17:38:34.5103252Z # Subtest: current target is live Sidebar snapshot, not active tab chosen by CLI
2026-10-08T17:38:34.5104160Z ok 26 - current target is live Sidebar snapshot, not active tab chosen by CLI
2026-10-08T17:38:34.5104825Z   ---
2026-10-08T17:38:34.5105196Z   duration_ms: 1.75909
2026-10-08T17:38:34.5105687Z   type: 'test'
2026-10-08T17:38:34.5106018Z   ...
2026-10-08T17:38:34.5106733Z # Subtest: external draft uses exact RunHost with frozen borrowed target and controller requestId
2026-10-08T17:38:34.5107730Z ok 27 - external draft uses exact RunHost with frozen borrowed target and controller requestId
2026-10-08T17:38:34.5108392Z   ---
2026-10-08T17:38:34.5108724Z   duration_ms: 0.558137
2026-10-08T17:38:34.5109274Z   type: 'test'
2026-10-08T17:38:34.5109653Z   ...
2026-10-08T17:38:34.5110339Z # Subtest: Host ACK correlation preserves the external Controller admission requestId
2026-10-08T17:38:34.5111086Z ok 28 - Host ACK correlation preserves the external Controller admission requestId
2026-10-08T17:38:34.5111510Z   ---
2026-10-08T17:38:34.5111741Z   duration_ms: 0.380846
2026-10-08T17:38:34.5111989Z   type: 'test'
2026-10-08T17:38:34.5112291Z   ...
2026-10-08T17:38:34.5112639Z # Subtest: permissions and document id fail before admission (no Chrome prompt)
2026-10-08T17:38:34.5113154Z ok 29 - permissions and document id fail before admission (no Chrome prompt)
2026-10-08T17:38:34.5113472Z   ---
2026-10-08T17:38:34.5113784Z   duration_ms: 1.598411
2026-10-08T17:38:34.5114024Z   type: 'test'
2026-10-08T17:38:34.5114250Z   ...
2026-10-08T17:38:34.5114650Z # Subtest: saved requires pinned exact revision and source hash
2026-10-08T17:38:34.5115423Z ok 30 - saved requires pinned exact revision and source hash
2026-10-08T17:38:34.5115713Z   ---
2026-10-08T17:38:34.5116019Z   duration_ms: 0.592074
2026-10-08T17:38:34.5116259Z   type: 'test'
2026-10-08T17:38:34.5116485Z   ...
2026-10-08T17:38:34.5116931Z # Subtest: run.get removes unrelated Sidebar run history from Controller snapshot projection
2026-10-08T17:38:34.5117495Z ok 31 - run.get removes unrelated Sidebar run history from Controller snapshot projection
2026-10-08T17:38:34.5117834Z   ---
2026-10-08T17:38:34.5118060Z   duration_ms: 0.251719
2026-10-08T17:38:34.5118362Z   type: 'test'
2026-10-08T17:38:34.5118586Z   ...
2026-10-08T17:38:34.5928168Z # Subtest: identity is pinned; invalid origin cannot launch a server
2026-10-08T17:38:34.5938345Z ok 32 - identity is pinned; invalid origin cannot launch a server
2026-10-08T17:38:34.5939209Z   ---
2026-10-08T17:38:34.5939414Z   duration_ms: 1.208427
2026-10-08T17:38:34.5939705Z   type: 'test'
2026-10-08T17:38:34.5939880Z   ...
2026-10-08T17:38:34.5940282Z # Subtest: framed Chrome welcome, authenticated local IPC, request and exact response
2026-10-08T17:38:34.5940632Z ok 33 - framed Chrome welcome, authenticated local IPC, request and exact response
2026-10-08T17:38:34.5940842Z   ---
2026-10-08T17:38:34.5940959Z   duration_ms: 7.710317
2026-10-08T17:38:34.5941422Z   type: 'test'
2026-10-08T17:38:34.5941583Z   ...
2026-10-08T17:38:34.5941905Z # Subtest: duplicate inflight request ID is rejected, not dispatched again
2026-10-08T17:38:34.5942411Z ok 34 - duplicate inflight request ID is rejected, not dispatched again
2026-10-08T17:38:34.5942725Z   ---
2026-10-08T17:38:34.5942889Z   duration_ms: 3.035652
2026-10-08T17:38:34.5943083Z   type: 'test'
2026-10-08T17:38:34.5943249Z   ...
2026-10-08T17:38:34.5943636Z # Subtest: unacknowledged dispatched effects become unknown on native shutdown
2026-10-08T17:38:34.5944281Z ok 35 - unacknowledged dispatched effects become unknown on native shutdown
2026-10-08T17:38:34.5944594Z   ---
2026-10-08T17:38:34.5944776Z   duration_ms: 9.703911
2026-10-08T17:38:34.5944963Z   type: 'test'
2026-10-08T17:38:34.5945148Z   ...
2026-10-08T17:38:34.5945448Z # Subtest: wrong credential is rejected without local API access
2026-10-08T17:38:34.5945850Z ok 36 - wrong credential is rejected without local API access
2026-10-08T17:38:34.5946136Z   ---
2026-10-08T17:38:34.5946303Z   duration_ms: 3.330797
2026-10-08T17:38:34.5946491Z   type: 'test'
2026-10-08T17:38:34.5946809Z   ...
2026-10-08T17:38:34.5947136Z # Subtest: handshake timeout closes the private socket without stale reuse
2026-10-08T17:38:34.5947642Z ok 37 - handshake timeout closes the private socket without stale reuse
2026-10-08T17:38:34.5947947Z   ---
2026-10-08T17:38:34.5948115Z   duration_ms: 101.770223
2026-10-08T17:38:34.5948319Z   type: 'test'
2026-10-08T17:38:34.5948489Z   ...
2026-10-08T17:38:34.6364828Z # Subtest: native response timeout preserves unknown-effect outcome
2026-10-08T17:38:34.6365350Z ok 38 - native response timeout preserves unknown-effect outcome
2026-10-08T17:38:34.6365543Z   ---
2026-10-08T17:38:34.6365663Z   duration_ms: 43.202307
2026-10-08T17:38:34.6365796Z   type: 'test'
2026-10-08T17:38:34.6365906Z   ...
2026-10-08T17:38:34.6366140Z # Subtest: existing socket is never unlinked or replaced by a second host
2026-10-08T17:38:34.6369577Z ok 39 - existing socket is never unlinked or replaced by a second host
2026-10-08T17:38:34.6369863Z   ---
2026-10-08T17:38:34.6369985Z   duration_ms: 0.965686
2026-10-08T17:38:34.6370118Z   type: 'test'
2026-10-08T17:38:34.6370228Z   ...
2026-10-08T17:38:34.6416277Z # Subtest: Native remains optional after merging the current permission catalog
2026-10-08T17:38:34.6418418Z ok 40 - Native remains optional after merging the current permission catalog
2026-10-08T17:38:34.6418890Z   ---
2026-10-08T17:38:34.6419069Z   duration_ms: 10.164751
2026-10-08T17:38:34.6419269Z   type: 'test'
2026-10-08T17:38:34.6419436Z   ...
2026-10-08T17:38:34.6420061Z # Subtest: strict production SW budget and fixed packaged Native transport entry
2026-10-08T17:38:34.6420381Z ok 41 - strict production SW budget and fixed packaged Native transport entry
2026-10-08T17:38:34.6420583Z   ---
2026-10-08T17:38:34.6420697Z   duration_ms: 0.167593
2026-10-08T17:38:34.6420821Z   type: 'test'
2026-10-08T17:38:34.6420930Z   ...
2026-10-08T17:38:34.6421127Z # Subtest: single exact same-extension static import allowed in SW only
2026-10-08T17:38:34.6421417Z ok 42 - single exact same-extension static import allowed in SW only
2026-10-08T17:38:34.6421600Z   ---
2026-10-08T17:38:34.6421705Z   duration_ms: 4.149642
2026-10-08T17:38:34.6421828Z   type: 'test'
2026-10-08T17:38:34.6421935Z   ...
2026-10-08T17:38:34.6422187Z # Subtest: fixed transport registers listeners on the original SW APIs; default-off does not connect
2026-10-08T17:38:34.6422570Z ok 43 - fixed transport registers listeners on the original SW APIs; default-off does not connect
2026-10-08T17:38:34.6422801Z   ---
2026-10-08T17:38:34.6422905Z   duration_ms: 0.414943
2026-10-08T17:38:34.6423030Z   type: 'test'
2026-10-08T17:38:34.6423136Z   ...
2026-10-08T17:38:34.6423392Z # Subtest: native framing uses UTF-8 byte length and handles split multibyte boundaries
2026-10-08T17:38:34.6423733Z ok 44 - native framing uses UTF-8 byte length and handles split multibyte boundaries
2026-10-08T17:38:34.6423938Z   ---
2026-10-08T17:38:34.6424147Z   duration_ms: 1.456339
2026-10-08T17:38:34.6424265Z   type: 'test'
2026-10-08T17:38:34.6424373Z   ...
2026-10-08T17:38:34.6429376Z # Subtest: private CLI line framing has bounded buffer and independent messages
2026-10-08T17:38:34.6439392Z ok 45 - private CLI line framing has bounded buffer and independent messages
2026-10-08T17:38:34.6439732Z   ---
2026-10-08T17:38:34.6439906Z   duration_ms: 1.592198
2026-10-08T17:38:34.6440097Z   type: 'test'
2026-10-08T17:38:34.6440267Z   ...
2026-10-08T17:38:34.6441982Z # Subtest: reject unsupported transport operations and malformed browser requests
2026-10-08T17:38:34.6442474Z ok 46 - reject unsupported transport operations and malformed browser requests
2026-10-08T17:38:34.6442677Z   ---
2026-10-08T17:38:34.6442782Z   duration_ms: 0.391897
2026-10-08T17:38:34.6442900Z   type: 'test'
2026-10-08T17:38:34.6443010Z   ...
2026-10-08T17:38:34.6443241Z # Subtest: stable digest pins equivalent JSON key order and rejects prototype pollution
2026-10-08T17:38:34.6443579Z ok 47 - stable digest pins equivalent JSON key order and rejects prototype pollution
2026-10-08T17:38:34.6443789Z   ---
2026-10-08T17:38:34.6443895Z   duration_ms: 4.332545
2026-10-08T17:38:34.6444014Z   type: 'test'
2026-10-08T17:38:34.6444119Z   ...
2026-10-08T17:38:34.6444222Z 1..47
2026-10-08T17:38:34.6444324Z # tests 47
2026-10-08T17:38:34.6444427Z # suites 0
2026-10-08T17:38:34.6444534Z # pass 47
2026-10-08T17:38:34.6444636Z # fail 0
2026-10-08T17:38:34.6444740Z # cancelled 0
2026-10-08T17:38:34.6444849Z # skipped 0
2026-10-08T17:38:34.6444955Z # todo 0
2026-10-08T17:38:34.6445068Z # duration_ms 328.855367
2026-10-08T17:38:34.6489208Z ##[group]Run node --test tests/environment/script-editor.test.mjs tests/environment/sidebar-draft-runhost.test.mjs tests/environment/task-workbench.test.mjs tests/environment/sidebar-product-contract.test.mjs
2026-10-08T17:38:34.6489979Z [36;1mnode --test tests/environment/script-editor.test.mjs tests/environment/sidebar-draft-runhost.test.mjs tests/environment/task-workbench.test.mjs tests/environment/sidebar-product-contract.test.mjs[0m
2026-10-08T17:38:34.6572813Z shell: /usr/bin/bash -e {0}
2026-10-08T17:38:34.6572964Z ##[endgroup]
2026-10-08T17:38:34.7050061Z TAP version 13
2026-10-08T17:38:34.8202524Z # Subtest: importing a JS draft leaves saved versions and running source independent
2026-10-08T17:38:34.8219401Z ok 1 - importing a JS draft leaves saved versions and running source independent
2026-10-08T17:38:34.8221220Z   ---
2026-10-08T17:38:34.8221716Z   duration_ms: 17.906569
2026-10-08T17:38:34.8221877Z   type: 'test'
2026-10-08T17:38:34.8221998Z   ...
2026-10-08T17:38:34.8280850Z # Subtest: draft import rejects empty/oversized sources and active saves without overwriting the editor
2026-10-08T17:38:34.8283003Z ok 2 - draft import rejects empty/oversized sources and active saves without overwriting the editor
2026-10-08T17:38:34.8283641Z   ---
2026-10-08T17:38:34.8284104Z   duration_ms: 8.069569
2026-10-08T17:38:34.8284615Z   type: 'test'
2026-10-08T17:38:34.8284818Z   ...
2026-10-08T17:38:34.8346439Z # Subtest: catalog draft import updates dependency review from the new source without saving or running
2026-10-08T17:38:34.8348423Z ok 3 - catalog draft import updates dependency review from the new source without saving or running
2026-10-08T17:38:34.8348884Z   ---
2026-10-08T17:38:34.8349080Z   duration_ms: 8.104108
2026-10-08T17:38:34.8350334Z   type: 'test'
2026-10-08T17:38:34.8350891Z   ...
2026-10-08T17:38:34.8415236Z # Subtest: Save persists revision/hash without requesting permission, creating a Run, or executing code
2026-10-08T17:38:34.8416207Z ok 4 - Save persists revision/hash without requesting permission, creating a Run, or executing code
2026-10-08T17:38:34.8417656Z   ---
2026-10-08T17:38:34.8417968Z   duration_ms: 5.659768
2026-10-08T17:38:34.8418506Z   type: 'test'
2026-10-08T17:38:34.8418618Z   ...
2026-10-08T17:38:34.8479485Z # Subtest: reopened editor lists saved scripts without running and loads the selected latest head explicitly
2026-10-08T17:38:34.8482350Z ok 5 - reopened editor lists saved scripts without running and loads the selected latest head explicitly
2026-10-08T17:38:34.8482724Z   ---
2026-10-08T17:38:34.8482907Z   duration_ms: 7.226362
2026-10-08T17:38:34.8483113Z   type: 'test'
2026-10-08T17:38:34.8483288Z   ...
2026-10-08T17:38:34.8541708Z # Subtest: loading a historical revision does not turn it into the latest Save CAS head
2026-10-08T17:38:34.8543923Z ok 6 - loading a historical revision does not turn it into the latest Save CAS head
2026-10-08T17:38:34.8544367Z   ---
2026-10-08T17:38:34.8544624Z   duration_ms: 5.524454
2026-10-08T17:38:34.8544940Z   type: 'test'
2026-10-08T17:38:34.8545253Z   ...
2026-10-08T17:38:34.8627961Z # Subtest: Delete tombstones the latest head and refreshes the saved-script selector
2026-10-08T17:38:34.8628734Z ok 7 - Delete tombstones the latest head and refreshes the saved-script selector
2026-10-08T17:38:34.8630662Z   ---
2026-10-08T17:38:34.8630862Z   duration_ms: 7.888482
2026-10-08T17:38:34.8631123Z   type: 'test'
2026-10-08T17:38:34.8631300Z   ...
2026-10-08T17:38:34.8798592Z # Subtest: saved A stays immutable; Run freezes unsaved B/params/page A; editing C and Save do not replace B
2026-10-08T17:38:34.8813303Z ok 8 - saved A stays immutable; Run freezes unsaved B/params/page A; editing C and Save do not replace B
2026-10-08T17:38:34.8814012Z   ---
2026-10-08T17:38:34.8816105Z   duration_ms: 11.202087
2026-10-08T17:38:34.8816516Z   type: 'test'
2026-10-08T17:38:34.8816904Z   ...
2026-10-08T17:38:34.8861071Z # Subtest: a brand-new unsaved draft runs with an empty script ID and never creates a saved revision
2026-10-08T17:38:34.8865952Z ok 9 - a brand-new unsaved draft runs with an empty script ID and never creates a saved revision
2026-10-08T17:38:34.8866200Z   ---
2026-10-08T17:38:34.8866322Z   duration_ms: 12.203842
2026-10-08T17:38:34.8866458Z   type: 'test'
2026-10-08T17:38:34.8866573Z   ...
2026-10-08T17:38:34.8998180Z # Subtest: permission preparation rejects a switched page; closing the editor during permission never admits a run
2026-10-08T17:38:34.8999417Z ok 10 - permission preparation rejects a switched page; closing the editor during permission never admits a run
2026-10-08T17:38:34.9000105Z   ---
2026-10-08T17:38:34.9000474Z   duration_ms: 14.365273
2026-10-08T17:38:34.9000843Z   type: 'test'
2026-10-08T17:38:34.9001154Z   ...
2026-10-08T17:38:34.9043015Z # Subtest: Stop uses the formal RunHost abort/retirement path and persists stopped with the original pin
2026-10-08T17:38:34.9043602Z ok 11 - Stop uses the formal RunHost abort/retirement path and persists stopped with the original pin
2026-10-08T17:38:34.9044087Z   ---
2026-10-08T17:38:34.9044365Z   duration_ms: 5.590948
2026-10-08T17:38:34.9044567Z   type: 'test'
2026-10-08T17:38:34.9044739Z   ...
2026-10-08T17:38:34.9101901Z # Subtest: pagehide invokes RunHost host-close; reopened editor only reads the durable interrupted Result
2026-10-08T17:38:34.9102833Z ok 12 - pagehide invokes RunHost host-close; reopened editor only reads the durable interrupted Result
2026-10-08T17:38:34.9103488Z   ---
2026-10-08T17:38:34.9103849Z   duration_ms: 5.640037
2026-10-08T17:38:34.9104017Z   type: 'test'
2026-10-08T17:38:34.9104135Z   ...
2026-10-08T17:38:34.9155683Z # Subtest: late Save/Load replies do not overwrite another script selection or edits made during loading
2026-10-08T17:38:34.9156322Z ok 13 - late Save/Load replies do not overwrite another script selection or edits made during loading
2026-10-08T17:38:34.9156683Z   ---
2026-10-08T17:38:34.9156858Z   duration_ms: 5.297071
2026-10-08T17:38:34.9157043Z   type: 'test'
2026-10-08T17:38:34.9157208Z   ...
2026-10-08T17:38:34.9205579Z # Subtest: late saved-script selector load cannot overwrite edits made during loading
2026-10-08T17:38:34.9206158Z ok 14 - late saved-script selector load cannot overwrite edits made during loading
2026-10-08T17:38:34.9206500Z   ---
2026-10-08T17:38:34.9206675Z   duration_ms: 5.207691
2026-10-08T17:38:34.9206874Z   type: 'test'
2026-10-08T17:38:34.9207048Z   ...
2026-10-08T17:38:34.9302882Z # Subtest: an older snapshot reply cannot disable Run after a newer durable observation
2026-10-08T17:38:34.9307738Z ok 15 - an older snapshot reply cannot disable Run after a newer durable observation
2026-10-08T17:38:34.9308113Z   ---
2026-10-08T17:38:34.9308501Z   duration_ms: 7.303379
2026-10-08T17:38:34.9309023Z   type: 'test'
2026-10-08T17:38:34.9309374Z   ...
2026-10-08T17:38:34.9332212Z # Subtest: an older snapshot error cannot overwrite a newer successful durable view
2026-10-08T17:38:34.9332809Z ok 16 - an older snapshot error cannot overwrite a newer successful durable view
2026-10-08T17:38:34.9333226Z   ---
2026-10-08T17:38:34.9333404Z   duration_ms: 4.843748
2026-10-08T17:38:34.9333540Z   type: 'test'
2026-10-08T17:38:34.9333651Z   ...
2026-10-08T17:38:34.9386071Z # Subtest: the permission request remains synchronous in the click fixture; denied permission and invalid params execute nothing
2026-10-08T17:38:34.9387039Z ok 17 - the permission request remains synchronous in the click fixture; denied permission and invalid params execute nothing
2026-10-08T17:38:34.9387590Z   ---
2026-10-08T17:38:34.9387831Z   duration_ms: 5.604684
2026-10-08T17:38:34.9388089Z   type: 'test'
2026-10-08T17:38:34.9388295Z   ...
2026-10-08T17:38:34.9430046Z # Subtest: DOM preview binds frozen source, dependency choice and exact current document from trusted click
2026-10-08T17:38:34.9431104Z ok 18 - DOM preview binds frozen source, dependency choice and exact current document from trusted click
2026-10-08T17:38:34.9431556Z   ---
2026-10-08T17:38:34.9436780Z   duration_ms: 4.451683
2026-10-08T17:38:34.9437314Z   type: 'test'
2026-10-08T17:38:34.9437497Z   ...
2026-10-08T17:38:34.9481198Z # Subtest: DOM preview refuses to inject when the active document changes while permission is pending
2026-10-08T17:38:34.9482066Z ok 19 - DOM preview refuses to inject when the active document changes while permission is pending
2026-10-08T17:38:34.9482564Z   ---
2026-10-08T17:38:34.9482753Z   duration_ms: 5.156896
2026-10-08T17:38:34.9483046Z   type: 'test'
2026-10-08T17:38:34.9483236Z   ...
2026-10-08T17:38:34.9519769Z # Subtest: Developer Stop cannot cancel the formal Task or another view using the shared RunHost
2026-10-08T17:38:34.9520499Z ok 20 - Developer Stop cannot cancel the formal Task or another view using the shared RunHost
2026-10-08T17:38:34.9520778Z   ---
2026-10-08T17:38:34.9520909Z   duration_ms: 3.213005
2026-10-08T17:38:34.9521046Z   type: 'test'
2026-10-08T17:38:34.9521185Z   ...
2026-10-08T17:38:34.9610207Z # Subtest: project import displays source while Save and Run freeze compiled bytes and the original hash
2026-10-08T17:38:34.9610755Z ok 21 - project import displays source while Save and Run freeze compiled bytes and the original hash
2026-10-08T17:38:34.9611017Z   ---
2026-10-08T17:38:34.9611141Z   duration_ms: 9.13378
2026-10-08T17:38:34.9611278Z   type: 'test'
2026-10-08T17:38:34.9611400Z   ...
2026-10-08T17:38:34.9633057Z # Subtest: invalid project envelope leaves the previous editor source and no execution or saved revision
2026-10-08T17:38:34.9634018Z ok 22 - invalid project envelope leaves the previous editor source and no execution or saved revision
2026-10-08T17:38:34.9634469Z   ---
2026-10-08T17:38:34.9634658Z   duration_ms: 2.822352
2026-10-08T17:38:34.9634898Z   type: 'test'
2026-10-08T17:38:34.9635086Z   ...
2026-10-08T17:38:34.9734988Z # Subtest: RunHost freezes a draft source variant and parameters before awaiting the host connection
2026-10-08T17:38:34.9735820Z ok 23 - RunHost freezes a draft source variant and parameters before awaiting the host connection
2026-10-08T17:38:34.9736250Z   ---
2026-10-08T17:38:34.9736490Z   duration_ms: 3.18581
2026-10-08T17:38:34.9736715Z   type: 'test'
2026-10-08T17:38:34.9736907Z   ...
2026-10-08T17:38:34.9751155Z # Subtest: saved script API retains explicit scriptId/revision/contentHash admission
2026-10-08T17:38:34.9751769Z ok 24 - saved script API retains explicit scriptId/revision/contentHash admission
2026-10-08T17:38:34.9752131Z   ---
2026-10-08T17:38:34.9752773Z   duration_ms: 0.410604
2026-10-08T17:38:34.9752971Z   type: 'test'
2026-10-08T17:38:34.9753153Z   ...
2026-10-08T17:38:34.9753497Z # Subtest: manifest exposes tool.html as a global Chrome Side Panel
2026-10-08T17:38:34.9753954Z ok 25 - manifest exposes tool.html as a global Chrome Side Panel
2026-10-08T17:38:34.9754263Z   ---
2026-10-08T17:38:34.9754441Z   duration_ms: 9.405189
2026-10-08T17:38:34.9754640Z   type: 'test'
2026-10-08T17:38:34.9754815Z   ...
2026-10-08T17:38:34.9755072Z # Subtest: product shell has no popup-window fallback
2026-10-08T17:38:34.9755447Z ok 26 - product shell has no popup-window fallback
2026-10-08T17:38:34.9755720Z   ---
2026-10-08T17:38:34.9755903Z   duration_ms: 1.70365
2026-10-08T17:38:34.9756104Z   type: 'test'
2026-10-08T17:38:34.9756283Z   ...
2026-10-08T17:38:34.9756686Z # Subtest: default Run freezes Current Page then revalidates before existing RunHost
2026-10-08T17:38:34.9757267Z ok 27 - default Run freezes Current Page then revalidates before existing RunHost
2026-10-08T17:38:34.9757632Z   ---
2026-10-08T17:38:34.9757825Z   duration_ms: 2.683855
2026-10-08T17:38:34.9758029Z   type: 'test'
2026-10-08T17:38:34.9758208Z   ...
2026-10-08T17:38:34.9758649Z # Subtest: trusted Side Panel run sends the exact unsaved draft to the original Controller authority
2026-10-08T17:38:34.9759424Z ok 28 - trusted Side Panel run sends the exact unsaved draft to the original Controller authority
2026-10-08T17:38:34.9759682Z   ---
2026-10-08T17:38:34.9759792Z   duration_ms: 3.120716
2026-10-08T17:38:34.9759918Z   type: 'test'
2026-10-08T17:38:34.9760030Z   ...
2026-10-08T17:38:34.9760481Z # Subtest: R6 uses valid tab roles with labelled content panels
2026-10-08T17:38:34.9760746Z ok 29 - R6 uses valid tab roles with labelled content panels
2026-10-08T17:38:34.9760919Z   ---
2026-10-08T17:38:34.9761029Z   duration_ms: 0.698927
2026-10-08T17:38:34.9761157Z   type: 'test'
2026-10-08T17:38:34.9761265Z   ...
2026-10-08T17:38:34.9761505Z # Subtest: R4 Sidebar sections preserve consumer controls and keep engineering tools folded
2026-10-08T17:38:34.9761871Z ok 30 - R4 Sidebar sections preserve consumer controls and keep engineering tools folded
2026-10-08T17:38:34.9762095Z   ---
2026-10-08T17:38:34.9762201Z   duration_ms: 2.168087
2026-10-08T17:38:34.9762326Z   type: 'test'
2026-10-08T17:38:34.9762436Z   ...
2026-10-08T17:38:34.9762663Z # Subtest: Sidebar starts at its three tabs without repeating Chrome extension identity
2026-10-08T17:38:34.9763000Z ok 31 - Sidebar starts at its three tabs without repeating Chrome extension identity
2026-10-08T17:38:34.9763213Z   ---
2026-10-08T17:38:34.9763325Z   duration_ms: 1.314778
2026-10-08T17:38:34.9763447Z   type: 'test'
2026-10-08T17:38:34.9763560Z   ...
2026-10-08T17:38:34.9779802Z # Subtest: entering Sidebar task views reads external installations without executing and preserves unchanged form inputs
2026-10-08T17:38:34.9790231Z ok 32 - entering Sidebar task views reads external installations without executing and preserves unchanged form inputs
2026-10-08T17:38:34.9790626Z   ---
2026-10-08T17:38:34.9790752Z   duration_ms: 26.590251
2026-10-08T17:38:34.9790888Z   type: 'test'
2026-10-08T17:38:34.9790998Z   ...
2026-10-08T17:38:34.9791292Z # Subtest: installed tasks default page, render schema form and freeze the exact saved version/params/target
2026-10-08T17:38:34.9791729Z ok 33 - installed tasks default page, render schema form and freeze the exact saved version/params/target
2026-10-08T17:38:34.9791975Z   ---
2026-10-08T17:38:34.9792091Z   duration_ms: 22.653095
2026-10-08T17:38:34.9792225Z   type: 'test'
2026-10-08T17:38:34.9792337Z   ...
2026-10-08T17:38:34.9792586Z # Subtest: installed task can be explicitly forked into an independent unsaved editor draft
2026-10-08T17:38:34.9792944Z ok 34 - installed task can be explicitly forked into an independent unsaved editor draft
2026-10-08T17:38:34.9793164Z   ---
2026-10-08T17:38:34.9793405Z   duration_ms: 4.930207
2026-10-08T17:38:34.9793697Z   type: 'test'
2026-10-08T17:38:34.9794127Z   ...
2026-10-08T17:38:34.9794550Z # Subtest: task Stop cannot cancel another view's in-flight draft; parameter form never navigates
2026-10-08T17:38:34.9794998Z ok 35 - task Stop cannot cancel another view's in-flight draft; parameter form never navigates
2026-10-08T17:38:34.9795227Z   ---
2026-10-08T17:38:34.9795333Z   duration_ms: 5.000973
2026-10-08T17:38:34.9795458Z   type: 'test'
2026-10-08T17:38:34.9795569Z   ...
2026-10-08T17:38:34.9795796Z # Subtest: installed task refuses stale target after async installed-version lookup
2026-10-08T17:38:34.9796134Z ok 36 - installed task refuses stale target after async installed-version lookup
2026-10-08T17:38:34.9796346Z   ---
2026-10-08T17:38:34.9796453Z   duration_ms: 6.664254
2026-10-08T17:38:34.9796578Z   type: 'test'
2026-10-08T17:38:34.9796697Z   ...
2026-10-08T17:38:34.9796934Z # Subtest: task cards retain readable selection and do not surface raw IDs as the main UI
2026-10-08T17:38:34.9797280Z ok 37 - task cards retain readable selection and do not surface raw IDs as the main UI
2026-10-08T17:38:34.9797505Z   ---
2026-10-08T17:38:34.9797611Z   duration_ms: 3.071223
2026-10-08T17:38:34.9797737Z   type: 'test'
2026-10-08T17:38:34.9797844Z   ...
2026-10-08T17:38:34.9798136Z # Subtest: Sidebar Discover searches installed tasks only and selects a task without running or opening the catalog
2026-10-08T17:38:34.9798581Z ok 38 - Sidebar Discover searches installed tasks only and selects a task without running or opening the catalog
2026-10-08T17:38:34.9799052Z   ---
2026-10-08T17:38:34.9799189Z   duration_ms: 7.628484
2026-10-08T17:38:34.9799316Z   type: 'test'
2026-10-08T17:38:34.9799535Z   ...
2026-10-08T17:38:34.9799762Z # Subtest: Discover filter controls are real view filters and cannot start another run
2026-10-08T17:38:34.9800097Z ok 39 - Discover filter controls are real view filters and cannot start another run
2026-10-08T17:38:34.9800307Z   ---
2026-10-08T17:38:34.9800417Z   duration_ms: 10.298573
2026-10-08T17:38:34.9800544Z   type: 'test'
2026-10-08T17:38:34.9800658Z   ...
2026-10-08T17:38:34.9800897Z # Subtest: opening the separate full-size catalog preserves its import and management view
2026-10-08T17:38:34.9801251Z ok 40 - opening the separate full-size catalog preserves its import and management view
2026-10-08T17:38:34.9801475Z   ---
2026-10-08T17:38:34.9801582Z   duration_ms: 2.733068
2026-10-08T17:38:34.9801703Z   type: 'test'
2026-10-08T17:38:34.9801813Z   ...
2026-10-08T17:38:34.9802091Z # Subtest: full-size catalog keeps its own reader after real install and re-reads the single Task Catalog state
2026-10-08T17:38:34.9802527Z ok 41 - full-size catalog keeps its own reader after real install and re-reads the single Task Catalog state
2026-10-08T17:38:34.9802778Z   ---
2026-10-08T17:38:34.9802883Z   duration_ms: 5.005525
2026-10-08T17:38:34.9803012Z   type: 'test'
2026-10-08T17:38:34.9803122Z   ...
2026-10-08T17:38:34.9909653Z # Subtest: idle Discover has no fixed footer and inline import still opens the authenticated catalog
2026-10-08T17:38:34.9910095Z ok 42 - idle Discover has no fixed footer and inline import still opens the authenticated catalog
2026-10-08T17:38:34.9910342Z   ---
2026-10-08T17:38:34.9910473Z   duration_ms: 11.813269
2026-10-08T17:38:34.9910611Z   type: 'test'
2026-10-08T17:38:34.9910726Z   ...
2026-10-08T17:38:34.9952858Z # Subtest: R5 result/history stay out of sight until a task has runs
2026-10-08T17:38:34.9953724Z ok 43 - R5 result/history stay out of sight until a task has runs
2026-10-08T17:38:34.9954026Z   ---
2026-10-08T17:38:34.9954228Z   duration_ms: 6.497978
2026-10-08T17:38:34.9954431Z   type: 'test'
2026-10-08T17:38:34.9954607Z   ...
2026-10-08T17:38:35.0036555Z # Subtest: card view retains original action identities, history and parameter form across tab changes
2026-10-08T17:38:35.0037040Z ok 44 - card view retains original action identities, history and parameter form across tab changes
2026-10-08T17:38:35.0037298Z   ---
2026-10-08T17:38:35.0037425Z   duration_ms: 8.369699
2026-10-08T17:38:35.0037560Z   type: 'test'
2026-10-08T17:38:35.0037868Z   ...
2026-10-08T17:38:35.0075877Z # Subtest: switching between two installed tasks preserves each independent unsaved parameter input
2026-10-08T17:38:35.0076412Z ok 45 - switching between two installed tasks preserves each independent unsaved parameter input
2026-10-08T17:38:35.0076656Z   ---
2026-10-08T17:38:35.0076772Z   duration_ms: 4.011807
2026-10-08T17:38:35.0076900Z   type: 'test'
2026-10-08T17:38:35.0077038Z   ...
2026-10-08T17:38:35.0110106Z # Subtest: R6 accessible roving tabs support Arrow and Home/End
2026-10-08T17:38:35.0110742Z ok 46 - R6 accessible roving tabs support Arrow and Home/End
2026-10-08T17:38:35.0111343Z   ---
2026-10-08T17:38:35.0111539Z   duration_ms: 2.995951
2026-10-08T17:38:35.0111685Z   type: 'test'
2026-10-08T17:38:35.0111800Z   ...
2026-10-08T17:38:35.0155204Z # Subtest: R6 task card refresh, keyboard selection and Discover handoff restore focus
2026-10-08T17:38:35.0155830Z ok 47 - R6 task card refresh, keyboard selection and Discover handoff restore focus
2026-10-08T17:38:35.0156171Z   ---
2026-10-08T17:38:35.0156367Z   duration_ms: 4.628668
2026-10-08T17:38:35.0156597Z   type: 'test'
2026-10-08T17:38:35.0156848Z   ...
2026-10-08T17:38:35.0264247Z # Subtest: R6 late run start/result cannot become the newly selected task status
2026-10-08T17:38:35.0265731Z ok 48 - R6 late run start/result cannot become the newly selected task status
2026-10-08T17:38:35.0266138Z   ---
2026-10-08T17:38:35.0266287Z   duration_ms: 11.011563
2026-10-08T17:38:35.0266468Z   type: 'test'
2026-10-08T17:38:35.0266591Z   ...
2026-10-08T17:38:35.0361797Z # Subtest: R6 previous-version notices and results do not leak after installed upgrade
2026-10-08T17:38:35.0362419Z ok 49 - R6 previous-version notices and results do not leak after installed upgrade
2026-10-08T17:38:35.0362742Z   ---
2026-10-08T17:38:35.0362932Z   duration_ms: 9.600217
2026-10-08T17:38:35.0363128Z   type: 'test'
2026-10-08T17:38:35.0363323Z   ...
2026-10-08T17:38:35.1289715Z # Subtest: two extension documents share only a refresh hint and re-read authoritative installed state
2026-10-08T17:38:35.1296942Z ok 50 - two extension documents share only a refresh hint and re-read authoritative installed state
2026-10-08T17:38:35.1297261Z   ---
2026-10-08T17:38:35.1297425Z   duration_ms: 92.442964
2026-10-08T17:38:35.1297564Z   type: 'test'
2026-10-08T17:38:35.1297680Z   ...
2026-10-08T17:38:35.1527040Z # Subtest: catalog installation stays in the complete directory and directs running back to Sidebar
2026-10-08T17:38:35.1527647Z ok 51 - catalog installation stays in the complete directory and directs running back to Sidebar
2026-10-08T17:38:35.1527962Z   ---
2026-10-08T17:38:35.1528086Z   duration_ms: 23.953055
2026-10-08T17:38:35.1528227Z   type: 'test'
2026-10-08T17:38:35.1528341Z   ...
2026-10-08T17:38:35.1580855Z # Subtest: catalog JS import hands source to Sidebar and never enters a view with a hidden runner
2026-10-08T17:38:35.1581700Z ok 52 - catalog JS import hands source to Sidebar and never enters a view with a hidden runner
2026-10-08T17:38:35.1582257Z   ---
2026-10-08T17:38:35.1582665Z   duration_ms: 5.204707
2026-10-08T17:38:35.1582902Z   type: 'test'
2026-10-08T17:38:35.1583092Z   ...
2026-10-08T17:38:35.1649513Z # Subtest: missing Sidebar refuses import with an actionable message, without losing the directory
2026-10-08T17:38:35.1654886Z ok 53 - missing Sidebar refuses import with an actionable message, without losing the directory
2026-10-08T17:38:35.1655267Z   ---
2026-10-08T17:38:35.1655445Z   duration_ms: 5.223345
2026-10-08T17:38:35.1655641Z   type: 'test'
2026-10-08T17:38:35.1655784Z   ...
2026-10-08T17:38:35.1693078Z # Subtest: catalog draft transport errors retain their cause instead of claiming Sidebar is missing
2026-10-08T17:38:35.1694110Z ok 54 - catalog draft transport errors retain their cause instead of claiming Sidebar is missing
2026-10-08T17:38:35.1694774Z   ---
2026-10-08T17:38:35.1695164Z   duration_ms: 5.872574
2026-10-08T17:38:35.1695403Z   type: 'test'
2026-10-08T17:38:35.1695589Z   ...
2026-10-08T17:38:35.1711696Z # Subtest: receiving a source-only import selects Sidebar Developer without creating a run
2026-10-08T17:38:35.1712383Z ok 55 - receiving a source-only import selects Sidebar Developer without creating a run
2026-10-08T17:38:35.1713002Z   ---
2026-10-08T17:38:35.1713327Z   duration_ms: 2.030034
2026-10-08T17:38:35.1713627Z   type: 'test'
2026-10-08T17:38:35.1713882Z   ...
2026-10-08T17:38:35.1861963Z # Subtest: R6.1 task-owned Stop is the sole cross-view action and names the launching task
2026-10-08T17:38:35.1862619Z ok 56 - R6.1 task-owned Stop is the sole cross-view action and names the launching task
2026-10-08T17:38:35.1862968Z   ---
2026-10-08T17:38:35.1863162Z   duration_ms: 14.832551
2026-10-08T17:38:35.1863369Z   type: 'test'
2026-10-08T17:38:35.1863545Z   ...
2026-10-08T17:38:35.1876431Z # Subtest: R6.1 a draft-owned run exposes only its Stop when viewing Tasks or Discover
2026-10-08T17:38:35.1877161Z ok 57 - R6.1 a draft-owned run exposes only its Stop when viewing Tasks or Discover
2026-10-08T17:38:35.1877617Z   ---
2026-10-08T17:38:35.1877976Z   duration_ms: 1.902268
2026-10-08T17:38:35.1878145Z   type: 'test'
2026-10-08T17:38:35.1878262Z   ...
2026-10-08T17:38:35.1899839Z # Subtest: R6.1 stop-only footer CSS hides all non-owner actions without hiding Stop
2026-10-08T17:38:35.1900553Z ok 58 - R6.1 stop-only footer CSS hides all non-owner actions without hiding Stop
2026-10-08T17:38:35.1901140Z   ---
2026-10-08T17:38:35.1901540Z   duration_ms: 2.348765
2026-10-08T17:38:35.1901773Z   type: 'test'
2026-10-08T17:38:35.1901953Z   ...
2026-10-08T17:38:35.2000741Z 1..58
2026-10-08T17:38:35.2019924Z # tests 58
2026-10-08T17:38:35.2029714Z # suites 0
2026-10-08T17:38:35.2030055Z # pass 58
2026-10-08T17:38:35.2030431Z # fail 0
2026-10-08T17:38:35.2030707Z # cancelled 0
2026-10-08T17:38:35.2031000Z # skipped 0
2026-10-08T17:38:35.2031274Z # todo 0
2026-10-08T17:38:35.2031588Z # duration_ms 507.939562
2026-10-08T17:38:35.2090015Z ##[group]Run npm run check
2026-10-08T17:38:35.2090198Z [36;1mnpm run check[0m
2026-10-08T17:38:35.2142794Z shell: /usr/bin/bash -e {0}
2026-10-08T17:38:35.2142935Z ##[endgroup]
2026-10-08T17:38:35.2773735Z 
2026-10-08T17:38:35.2774246Z > opendesk-browser@0.1.0 check
2026-10-08T17:38:35.2774529Z > node scripts/check-source.mjs
2026-10-08T17:38:35.2774630Z 
2026-10-08T17:38:37.9868116Z Syntax checked 160 source/test/build files; scripts/build-contract.mjs entries, fixed SDK/control entries, strict CSP and original MIT checked
2026-10-08T17:38:38.0008336Z ##[group]Run npm run build
2026-10-08T17:38:38.0008628Z [36;1mnpm run build[0m
2026-10-08T17:38:38.0076807Z shell: /usr/bin/bash -e {0}
2026-10-08T17:38:38.0077056Z ##[endgroup]
2026-10-08T17:38:38.0730475Z 
2026-10-08T17:38:38.0731033Z > opendesk-browser@0.1.0 build
2026-10-08T17:38:38.0731438Z > node scripts/build.mjs production
2026-10-08T17:38:38.0731628Z 
2026-10-08T17:38:38.4069410Z [log] 
2026-10-08T17:38:38.4069667Z WXT 0.21.4
2026-10-08T17:38:38.5867844Z [info] Generating types...
2026-10-08T17:38:38.6899536Z [success] Finished in 283 ms
2026-10-08T17:38:38.9718556Z [log] 
2026-10-08T17:38:38.9718901Z WXT 0.21.4
2026-10-08T17:38:39.0438272Z [info] Building chrome-mv3 for production with Vite 7.3.6
2026-10-08T17:38:39.1239955Z [?25l
2026-10-08T17:38:39.1274489Z ⠋ Preparing...[K
2026-10-08T17:38:39.6345456Z ⠋ [1/13] sw[K
2026-10-08T17:38:39.7395467Z ⠙ [1/13] sw[K
2026-10-08T17:38:39.8410289Z ⠹ [1/13] sw[K
2026-10-08T17:38:40.2591476Z ⠸ [1/13] sw[K
2026-10-08T17:38:40.3401972Z ⠼ [1/13] sw[K
2026-10-08T17:38:40.4211065Z ⠴ [1/13] sw[K
2026-10-08T17:38:40.5009419Z ⠦ [1/13] sw[K
2026-10-08T17:38:40.5841762Z ⠧ [1/13] sw[K
2026-10-08T17:38:40.6616445Z ⠇ [1/13] sw[K
2026-10-08T17:38:40.7419629Z ⠏ [1/13] sw[K
2026-10-08T17:38:40.8231679Z ⠋ [1/13] sw[K
2026-10-08T17:38:40.9025108Z ⠙ [1/13] sw[K
2026-10-08T17:38:40.9832076Z ⠹ [1/13] sw[K
2026-10-08T17:38:41.0635636Z ⠸ [1/13] sw[K
2026-10-08T17:38:41.1452694Z ⠼ [1/13] sw[K
2026-10-08T17:38:41.2235562Z ⠴ [1/13] sw[K
2026-10-08T17:38:41.3038306Z ⠦ [1/13] sw[K
2026-10-08T17:38:41.3841670Z ⠧ [1/13] sw[K
2026-10-08T17:38:41.4634191Z ⠇ [1/13] sw[K
2026-10-08T17:38:41.5436257Z ⠏ [1/13] sw[K
2026-10-08T17:38:41.6239130Z ⠋ [1/13] sw[K
2026-10-08T17:38:41.7039962Z ⠙ [1/13] sw[K
2026-10-08T17:38:41.7841844Z ⠹ [1/13] sw[K
2026-10-08T17:38:41.8644389Z ⠸ [1/13] sw[K
2026-10-08T17:38:41.9456453Z ⠼ [1/13] sw[K
2026-10-08T17:38:42.0259518Z ⠴ [1/13] sw[K
2026-10-08T17:38:42.1062237Z ⠦ [1/13] sw[K
2026-10-08T17:38:42.1864955Z ⠧ [1/13] sw[K
2026-10-08T17:38:42.2670779Z ⠇ [1/13] sw[K
2026-10-08T17:38:42.3470256Z ⠏ [1/13] sw[K
2026-10-08T17:38:42.4272618Z ⠋ [1/13] sw[K
2026-10-08T17:38:42.5074953Z ⠙ [1/13] sw[K
2026-10-08T17:38:42.5834025Z ⠹ [1/13] sw[K
2026-10-08T17:38:42.5870698Z ⠹ [2/13] bootstrap[K
2026-10-08T17:38:42.6675460Z ⠸ [2/13] bootstrap[K
2026-10-08T17:38:42.7140201Z ⠼ [2/13] bootstrap[K
2026-10-08T17:38:42.7477682Z ⠼ [3/13] health[K
2026-10-08T17:38:42.8087662Z ⠴ [3/13] health[K
2026-10-08T17:38:42.8345927Z ⠴ [4/13] page-agent[K
2026-10-08T17:38:42.9152158Z ⠦ [4/13] page-agent[K
2026-10-08T17:38:42.9961248Z ⠧ [4/13] page-agent[K
2026-10-08T17:38:43.0761776Z ⠇ [4/13] page-agent[K
2026-10-08T17:38:43.1277108Z ⠏ [4/13] page-agent[K
2026-10-08T17:38:43.1567921Z ⠏ [5/13] page-relay[K
2026-10-08T17:38:43.2372006Z ⠋ [5/13] page-relay[K
2026-10-08T17:38:43.3200744Z ⠙ [5/13] page-relay[K
2026-10-08T17:38:43.4040285Z ⠹ [5/13] page-relay[K
2026-10-08T17:38:43.4365580Z ⠸ [5/13] page-relay[K
2026-10-08T17:38:43.4995315Z ⠸ [6/13] page-session[K
2026-10-08T17:38:43.5840343Z ⠼ [6/13] page-session[K
2026-10-08T17:38:43.6660334Z ⠴ [6/13] page-session[K
2026-10-08T17:38:43.7433881Z ⠦ [6/13] page-session[K
2026-10-08T17:38:43.8250758Z ⠧ [6/13] page-session[K
2026-10-08T17:38:43.9044573Z ⠇ [6/13] page-session[K
2026-10-08T17:38:43.9652627Z ⠏ [6/13] page-session[K
2026-10-08T17:38:43.9844108Z ⠏ [7/13] sandbox[K
2026-10-08T17:38:44.0658941Z ⠋ [7/13] sandbox[K
2026-10-08T17:38:44.1305103Z ⠙ [7/13] sandbox[K
2026-10-08T17:38:44.1480762Z ⠙ [8/13] sdk-main[K
2026-10-08T17:38:44.2279177Z ⠹ [8/13] sdk-main[K
2026-10-08T17:38:44.3088119Z ⠸ [8/13] sdk-main[K
2026-10-08T17:38:44.3890785Z ⠼ [8/13] sdk-main[K
2026-10-08T17:38:44.4683078Z ⠴ [8/13] sdk-main[K
2026-10-08T17:38:44.5485758Z ⠦ [8/13] sdk-main[K
2026-10-08T17:38:44.5956860Z ⠧ [8/13] sdk-main[K
2026-10-08T17:38:44.6284189Z ⠧ [9/13] selection-entry[K
2026-10-08T17:38:44.6778700Z ⠇ [9/13] selection-entry[K
2026-10-08T17:38:44.7090756Z ⠇ [10/13] settings[K
2026-10-08T17:38:44.7889787Z ⠏ [10/13] settings[K
2026-10-08T17:38:44.8187787Z ⠋ [10/13] settings[K
2026-10-08T17:38:44.8700289Z ⠋ [11/13] tool-shell[K
2026-10-08T17:38:45.0318026Z ⠙ [11/13] tool-shell[K
2026-10-08T17:38:45.1129283Z ⠹ [11/13] tool-shell[K
2026-10-08T17:38:45.1919692Z ⠸ [11/13] tool-shell[K
2026-10-08T17:38:45.2790388Z ⠼ [11/13] tool-shell[K
2026-10-08T17:38:45.3537334Z ⠴ [11/13] tool-shell[K
2026-10-08T17:38:45.4342315Z ⠦ [11/13] tool-shell[K
2026-10-08T17:38:45.5151101Z ⠧ [11/13] tool-shell[K
2026-10-08T17:38:45.5962813Z ⠇ [11/13] tool-shell[K
2026-10-08T17:38:45.6752230Z ⠏ [11/13] tool-shell[K
2026-10-08T17:38:45.7555655Z ⠋ [11/13] tool-shell[K
2026-10-08T17:38:45.8357994Z ⠙ [11/13] tool-shell[K
2026-10-08T17:38:45.9166362Z ⠹ [11/13] tool-shell[K
2026-10-08T17:38:45.9970715Z ⠸ [11/13] tool-shell[K
2026-10-08T17:38:46.0771697Z ⠼ [11/13] tool-shell[K
2026-10-08T17:38:46.1584878Z ⠴ [11/13] tool-shell[K
2026-10-08T17:38:46.2410820Z ⠦ [11/13] tool-shell[K
2026-10-08T17:38:46.3078383Z ⠧ [11/13] tool-shell[K
2026-10-08T17:38:46.3214195Z ⠧ [12/13] transport[K
2026-10-08T17:38:46.4031147Z ⠇ [12/13] transport[K
2026-10-08T17:38:46.4850338Z ⠏ [12/13] transport[K
2026-10-08T17:38:46.5645370Z ⠋ [12/13] transport[K
2026-10-08T17:38:46.5666908Z ⠙ [12/13] transport[K
2026-10-08T17:38:46.6451393Z ⠙ [13/13] worker-runtime[K
2026-10-08T17:38:46.7300157Z ⠹ [13/13] worker-runtime[K
2026-10-08T17:38:46.8120344Z ⠸ [13/13] worker-runtime[K
2026-10-08T17:38:46.8862583Z ⠼ [13/13] worker-runtime[K
2026-10-08T17:38:46.9664377Z ⠴ [13/13] worker-runtime[K
2026-10-08T17:38:47.0474115Z ⠦ [13/13] worker-runtime[K
2026-10-08T17:38:47.1265722Z ⠧ [13/13] worker-runtime[K
2026-10-08T17:38:47.2062524Z ⠇ [13/13] worker-runtime[K
2026-10-08T17:38:47.2864759Z ⠏ [13/13] worker-runtime[K
2026-10-08T17:38:47.2958650Z ⠋ [13/13] worker-runtime[K
2026-10-08T17:38:47.2959345Z [K[?25h
2026-10-08T17:38:47.2972335Z [K[?25h[success] Built extension in 8.252 s
2026-10-08T17:38:47.2972940Z   ├─ dist/production/manifest.json                        1.20 kB  
2026-10-08T17:38:47.2973504Z   ├─ dist/production/native-agent/settings.html           1.83 kB  
2026-10-08T17:38:47.2974097Z   ├─ dist/production/scripting/sandbox/sandbox.html       385 B    
2026-10-08T17:38:47.2974580Z   ├─ dist/production/ui/target-bootstrap.html             200 B    
2026-10-08T17:38:47.2975039Z   ├─ dist/production/ui/tool.html                         21.23 kB 
2026-10-08T17:38:47.2975490Z   ├─ dist/production/agents/bootstrap.js                  21.47 kB 
2026-10-08T17:38:47.2975951Z   ├─ dist/production/agents/health.js                     828 B    
2026-10-08T17:38:47.2976388Z   ├─ dist/production/agents/page-agent.js                 34.35 kB 
2026-10-08T17:38:47.2976809Z   ├─ dist/production/agents/page-relay.js                 35.28 kB 
2026-10-08T17:38:47.2977080Z   ├─ dist/production/agents/selection-entry.js            383 B    
2026-10-08T17:38:47.2977351Z   ├─ dist/production/framework/sdk-main.js                49.54 kB 
2026-10-08T17:38:47.2977622Z   ├─ dist/production/native-agent/settings.js             22.16 kB 
2026-10-08T17:38:47.2977891Z   ├─ dist/production/native-agent/transport.js            29.30 kB 
2026-10-08T17:38:47.2978169Z   ├─ dist/production/scripting/packaged/page-session.js   55.08 kB 
2026-10-08T17:38:47.2978445Z   ├─ dist/production/scripting/sandbox/sandbox.js         4.01 kB  
2026-10-08T17:38:47.2978728Z   ├─ dist/production/scripting/sandbox/worker-runtime.js  49.68 kB 
2026-10-08T17:38:47.2979102Z   ├─ dist/production/sw.js                                324.98 kB
2026-10-08T17:38:47.2979363Z   ├─ dist/production/ui/tool-shell.js                     177.72 kB
2026-10-08T17:38:47.2979629Z   ├─ dist/production/vendor/jquery-3.7.1.min.js           87.53 kB 
2026-10-08T17:38:47.2979910Z   ├─ dist/production/ui/tool-shell.css                    19.09 kB 
2026-10-08T17:38:47.2980191Z   ├─ dist/production/icons/notification.png               595 B    
2026-10-08T17:38:47.2980713Z   ├─ dist/production/licenses/jquery-MIT.txt              1.10 kB  
2026-10-08T17:38:47.2981003Z   └─ dist/production/licenses/todo-user-vue-MIT.txt       1.10 kB  
2026-10-08T17:38:47.2981316Z Σ Total size: 939.02 kB                                 
2026-10-08T17:38:47.2981524Z [success] Finished in 8.326 s
2026-10-08T17:38:47.8761170Z {"mode":"production","builder":"wxt","status":"passed","packageHash":"3972c99cbd4367a6e5b1bdb653741c892612408da8bde7aac72d75a25130f3de","assets":24}
2026-10-08T17:38:47.9957556Z ##[group]Run npm run build:dev
2026-10-08T17:38:47.9957823Z [36;1mnpm run build:dev[0m
2026-10-08T17:38:48.0015033Z shell: /usr/bin/bash -e {0}
2026-10-08T17:38:48.0015188Z ##[endgroup]
2026-10-08T17:38:48.1756263Z 
2026-10-08T17:38:48.1756848Z > opendesk-browser@0.1.0 build:dev
2026-10-08T17:38:48.1757270Z > node scripts/build.mjs development
2026-10-08T17:38:48.1757456Z 
2026-10-08T17:38:48.5732715Z [log] 
2026-10-08T17:38:48.5732903Z WXT 0.21.4
2026-10-08T17:38:48.6497852Z [info] Generating types...
2026-10-08T17:38:48.7383914Z [success] Finished in 166 ms
2026-10-08T17:38:48.9982857Z [log] 
2026-10-08T17:38:48.9983037Z WXT 0.21.4
2026-10-08T17:38:49.0708179Z [info] Building chrome-mv3 for development with Vite 7.3.6
2026-10-08T17:38:49.1549643Z [?25l
2026-10-08T17:38:49.1585229Z ⠋ Preparing...[K
2026-10-08T17:38:49.2369034Z ⠋ [1/13] sw[K
2026-10-08T17:38:49.3411974Z ⠙ [1/13] sw[K
2026-10-08T17:38:49.4291388Z ⠹ [1/13] sw[K
2026-10-08T17:38:49.7791624Z ⠸ [1/13] sw[K
2026-10-08T17:38:49.8593896Z ⠼ [1/13] sw[K
2026-10-08T17:38:49.9396697Z ⠴ [1/13] sw[K
2026-10-08T17:38:50.0230249Z ⠦ [1/13] sw[K
2026-10-08T17:38:50.0992936Z ⠧ [1/13] sw[K
2026-10-08T17:38:50.1796448Z ⠇ [1/13] sw[K
2026-10-08T17:38:50.2620101Z ⠏ [1/13] sw[K
2026-10-08T17:38:50.3412113Z ⠋ [1/13] sw[K
2026-10-08T17:38:50.4215218Z ⠙ [1/13] sw[K
2026-10-08T17:38:50.5017539Z ⠹ [1/13] sw[K
2026-10-08T17:38:50.5830295Z ⠸ [1/13] sw[K
2026-10-08T17:38:50.6625457Z ⠼ [1/13] sw[K
2026-10-08T17:38:50.7427803Z ⠴ [1/13] sw[K
2026-10-08T17:38:50.8238618Z ⠦ [1/13] sw[K
2026-10-08T17:38:50.9050203Z ⠧ [1/13] sw[K
2026-10-08T17:38:50.9834546Z ⠇ [1/13] sw[K
2026-10-08T17:38:51.0637607Z ⠏ [1/13] sw[K
2026-10-08T17:38:51.1440148Z ⠋ [1/13] sw[K
2026-10-08T17:38:51.2234227Z ⠙ [1/13] sw[K
2026-10-08T17:38:51.3037840Z ⠹ [1/13] sw[K
2026-10-08T17:38:51.3840090Z ⠸ [1/13] sw[K
2026-10-08T17:38:51.4642299Z ⠼ [1/13] sw[K
2026-10-08T17:38:51.5445185Z ⠴ [1/13] sw[K
2026-10-08T17:38:51.6247533Z ⠦ [1/13] sw[K
2026-10-08T17:38:51.7050326Z ⠧ [1/13] sw[K
2026-10-08T17:38:51.7852492Z ⠇ [1/13] sw[K
2026-10-08T17:38:51.8670757Z ⠏ [1/13] sw[K
2026-10-08T17:38:51.9457533Z ⠋ [1/13] sw[K
2026-10-08T17:38:52.0259990Z ⠙ [1/13] sw[K
2026-10-08T17:38:52.1413519Z ⠹ [1/13] sw[K
2026-10-08T17:38:52.1431466Z ⠸ [1/13] sw[K
2026-10-08T17:38:52.2222207Z ⠸ [2/13] bootstrap[K
2026-10-08T17:38:52.2718569Z ⠼ [2/13] bootstrap[K
2026-10-08T17:38:52.3031475Z ⠼ [3/13] health[K
2026-10-08T17:38:52.3728034Z ⠴ [3/13] health[K
2026-10-08T17:38:52.3843262Z ⠴ [4/13] page-agent[K
2026-10-08T17:38:52.4639372Z ⠦ [4/13] page-agent[K
2026-10-08T17:38:52.5440045Z ⠧ [4/13] page-agent[K
2026-10-08T17:38:52.6241658Z ⠇ [4/13] page-agent[K
2026-10-08T17:38:52.7080477Z ⠏ [4/13] page-agent[K
2026-10-08T17:38:52.7330870Z ⠋ [4/13] page-agent[K
2026-10-08T17:38:52.7868397Z ⠋ [5/13] page-relay[K
2026-10-08T17:38:52.8690702Z ⠙ [5/13] page-relay[K
2026-10-08T17:38:52.9480387Z ⠹ [5/13] page-relay[K
2026-10-08T17:38:53.0269348Z ⠸ [5/13] page-relay[K
2026-10-08T17:38:53.0295076Z ⠸ [6/13] page-session[K
2026-10-08T17:38:53.1110672Z ⠼ [6/13] page-session[K
2026-10-08T17:38:53.1920338Z ⠴ [6/13] page-session[K
2026-10-08T17:38:53.2720188Z ⠦ [6/13] page-session[K
2026-10-08T17:38:53.3530284Z ⠧ [6/13] page-session[K
2026-10-08T17:38:53.4332128Z ⠇ [6/13] page-session[K
2026-10-08T17:38:53.5135234Z ⠏ [6/13] page-session[K
2026-10-08T17:38:53.5730519Z ⠋ [6/13] page-session[K
2026-10-08T17:38:53.5933938Z ⠋ [7/13] sandbox[K
2026-10-08T17:38:53.6736739Z ⠙ [7/13] sandbox[K
2026-10-08T17:38:53.7296622Z ⠹ [7/13] sandbox[K
2026-10-08T17:38:53.7540017Z ⠹ [8/13] sdk-main[K
2026-10-08T17:38:53.8336561Z ⠸ [8/13] sdk-main[K
2026-10-08T17:38:53.9139162Z ⠼ [8/13] sdk-main[K
2026-10-08T17:38:53.9974148Z ⠴ [8/13] sdk-main[K
2026-10-08T17:38:54.0776490Z ⠦ [8/13] sdk-main[K
2026-10-08T17:38:54.1579005Z ⠧ [8/13] sdk-main[K
2026-10-08T17:38:54.1948225Z ⠇ [8/13] sdk-main[K
2026-10-08T17:38:54.2374711Z ⠇ [9/13] selection-entry[K
2026-10-08T17:38:54.2771131Z ⠏ [9/13] selection-entry[K
2026-10-08T17:38:54.3173330Z ⠏ [10/13] settings[K
2026-10-08T17:38:54.3975611Z ⠋ [10/13] settings[K
2026-10-08T17:38:54.4179153Z ⠙ [10/13] settings[K
2026-10-08T17:38:54.4775792Z ⠙ [11/13] tool-shell[K
2026-10-08T17:38:54.6316999Z ⠹ [11/13] tool-shell[K
2026-10-08T17:38:54.7113602Z ⠸ [11/13] tool-shell[K
2026-10-08T17:38:54.7940232Z ⠼ [11/13] tool-shell[K
2026-10-08T17:38:54.8750853Z ⠴ [11/13] tool-shell[K
2026-10-08T17:38:54.9572491Z ⠦ [11/13] tool-shell[K
2026-10-08T17:38:55.0374576Z ⠧ [11/13] tool-shell[K
2026-10-08T17:38:55.1177058Z ⠇ [11/13] tool-shell[K
2026-10-08T17:38:55.1979066Z ⠏ [11/13] tool-shell[K
2026-10-08T17:38:55.2782628Z ⠋ [11/13] tool-shell[K
2026-10-08T17:38:55.3584803Z ⠙ [11/13] tool-shell[K
2026-10-08T17:38:55.4387442Z ⠹ [11/13] tool-shell[K
2026-10-08T17:38:55.5190299Z ⠸ [11/13] tool-shell[K
2026-10-08T17:38:55.5982847Z ⠼ [11/13] tool-shell[K
2026-10-08T17:38:55.6785454Z ⠴ [11/13] tool-shell[K
2026-10-08T17:38:55.7734059Z ⠦ [11/13] tool-shell[K
2026-10-08T17:38:55.7771397Z ⠧ [11/13] tool-shell[K
2026-10-08T17:38:55.8533926Z ⠧ [12/13] transport[K
2026-10-08T17:38:55.9360257Z ⠇ [12/13] transport[K
2026-10-08T17:38:56.0032367Z ⠏ [12/13] transport[K
2026-10-08T17:38:56.0151237Z ⠏ [13/13] worker-runtime[K
2026-10-08T17:38:56.0961268Z ⠋ [13/13] worker-runtime[K
2026-10-08T17:38:56.1763840Z ⠙ [13/13] worker-runtime[K
2026-10-08T17:38:56.2576812Z ⠹ [13/13] worker-runtime[K
2026-10-08T17:38:56.3393001Z ⠸ [13/13] worker-runtime[K
2026-10-08T17:38:56.4164925Z ⠼ [13/13] worker-runtime[K
2026-10-08T17:38:56.4574039Z ⠴ [13/13] worker-runtime[K
2026-10-08T17:38:56.4574377Z [K[?25h
2026-10-08T17:38:56.4590040Z [K[?25h[success] Built extension in 7.387 s
2026-10-08T17:38:56.4590391Z   ├─ dist/development/manifest.json                            1.52 kB  
2026-10-08T17:38:56.4590800Z   ├─ dist/development/native-agent/settings.html               1.83 kB  
2026-10-08T17:38:56.4591098Z   ├─ dist/development/scripting/sandbox/sandbox.html           385 B    
2026-10-08T17:38:56.4591436Z   ├─ dist/development/ui/target-bootstrap.html                 200 B    
2026-10-08T17:38:56.4591738Z   ├─ dist/development/ui/tool.html                             21.23 kB 
2026-10-08T17:38:56.4592018Z   ├─ dist/development/agents/bootstrap.js                      21.70 kB 
2026-10-08T17:38:56.4592328Z   ├─ dist/development/agents/bootstrap.js.map                  65.33 kB 
2026-10-08T17:38:56.4592607Z   ├─ dist/development/agents/health.js                         1.06 kB  
2026-10-08T17:38:56.4592884Z   ├─ dist/development/agents/health.js.map                     15.04 kB 
2026-10-08T17:38:56.4593165Z   ├─ dist/development/agents/page-agent.js                     34.59 kB 
2026-10-08T17:38:56.4593446Z   ├─ dist/development/agents/page-agent.js.map                 95.31 kB 
2026-10-08T17:38:56.4593729Z   ├─ dist/development/agents/page-relay.js                     35.52 kB 
2026-10-08T17:38:56.4594013Z   ├─ dist/development/agents/page-relay.js.map                 113.01 kB
2026-10-08T17:38:56.4594300Z   ├─ dist/development/agents/selection-entry.js                638 B    
2026-10-08T17:38:56.4594597Z   ├─ dist/development/agents/selection-entry.js.map            968 B    
2026-10-08T17:38:56.4594879Z   ├─ dist/development/framework/sdk-main.js                    49.77 kB 
2026-10-08T17:38:56.4595159Z   ├─ dist/development/framework/sdk-main.js.map                152.75 kB
2026-10-08T17:38:56.4595447Z   ├─ dist/development/native-agent/settings.js                 22.39 kB 
2026-10-08T17:38:56.4595730Z   ├─ dist/development/native-agent/settings.js.map             58.37 kB 
2026-10-08T17:38:56.4596012Z   ├─ dist/development/native-agent/transport.js                29.53 kB 
2026-10-08T17:38:56.4596299Z   ├─ dist/development/native-agent/transport.js.map            89.73 kB 
2026-10-08T17:38:56.4596599Z   ├─ dist/development/scripting/packaged/page-session.js       55.33 kB 
2026-10-08T17:38:56.4596893Z   ├─ dist/development/scripting/packaged/page-session.js.map   174.29 kB
2026-10-08T17:38:56.4597382Z   ├─ dist/development/scripting/sandbox/sandbox.js             4.24 kB  
2026-10-08T17:38:56.4597678Z   ├─ dist/development/scripting/sandbox/sandbox.js.map         11.64 kB 
2026-10-08T17:38:56.4597968Z   ├─ dist/development/scripting/sandbox/worker-runtime.js      49.94 kB 
2026-10-08T17:38:56.4598262Z   ├─ dist/development/scripting/sandbox/worker-runtime.js.map  156.91 kB
2026-10-08T17:38:56.4598545Z   ├─ dist/development/sw.js                                    325.15 kB
2026-10-08T17:38:56.4598980Z   ├─ dist/development/sw.js.map                                963.02 kB
2026-10-08T17:38:56.4599262Z   ├─ dist/development/ui/tool-shell.js                         177.96 kB
2026-10-08T17:38:56.4599545Z   ├─ dist/development/ui/tool-shell.js.map                     529.24 kB
2026-10-08T17:38:56.4599833Z   ├─ dist/development/vendor/jquery-3.7.1.min.js               87.53 kB 
2026-10-08T17:38:56.4600115Z   ├─ dist/development/ui/tool-shell.css                        19.09 kB 
2026-10-08T17:38:56.4600408Z   ├─ dist/development/icons/notification.png                   595 B    
2026-10-08T17:38:56.4600821Z   ├─ dist/development/licenses/jquery-MIT.txt                  1.10 kB  
2026-10-08T17:38:56.4601110Z   └─ dist/development/licenses/todo-user-vue-MIT.txt           1.10 kB  
2026-10-08T17:38:56.4601418Z Σ Total size: 3.37 MB                                        
2026-10-08T17:38:56.4601619Z [success] Finished in 7.461 s
2026-10-08T17:38:56.9123872Z {"mode":"development","builder":"wxt","status":"passed","packageHash":"8de76f8b99610f306951973a400004fab6a10044deb172ac4e378d9f6070566d","assets":37}
2026-10-08T17:38:56.9299703Z ##[group]Run npm run verify
2026-10-08T17:38:56.9299899Z [36;1mnpm run verify[0m
2026-10-08T17:38:56.9351042Z shell: /usr/bin/bash -e {0}
2026-10-08T17:38:56.9351191Z ##[endgroup]
2026-10-08T17:38:57.0004685Z 
2026-10-08T17:38:57.0005058Z > opendesk-browser@0.1.0 verify
2026-10-08T17:38:57.0005612Z > node scripts/verify-package.mjs dist/production && node scripts/verify-package.mjs dist/development
2026-10-08T17:38:57.0005958Z 
2026-10-08T17:38:57.3681790Z {"status":"passed","manifestVersion":3,"classicEntries":["agents/bootstrap.js","agents/health.js","agents/page-agent.js","agents/page-relay.js","agents/selection-entry.js","framework/sdk-main.js","native-agent/settings.js","native-agent/transport.js","scripting/packaged/page-session.js","scripting/sandbox/sandbox.js","scripting/sandbox/worker-runtime.js","sw.js","ui/tool-shell.js","vendor/jquery-3.7.1.min.js"],"htmlChecked":["ui/tool.html","native-agent/settings.html","ui/target-bootstrap.html","scripting/sandbox/sandbox.html"],"assetsChecked":["icons/notification.png","licenses/todo-user-vue-MIT.txt","licenses/jquery-MIT.txt","framework/sdk-resources.json"],"sdkResources":{"schemaVersion":1,"resources":[{"path":"framework/sdk-main.js","bytes":49539,"sha256":"432c30ab8c60086a05335616f5f48014377a2b4cb6e0df197a1477d15df31fee"},{"path":"agents/page-relay.js","bytes":35276,"sha256":"cd61d0935d4670b6f593540c0a75b900e18c37db93a124dfd2a29f7826c5125a"}]},"sdkEntries":{"MAIN":"framework/sdk-main.js","ISOLATED":"agents/page-relay.js"},"privilegedDynamicExecutionFound":false,"approvedDynamicExecution":[{"file":"scripting/sandbox/worker-runtime.js","approvedAsyncBodyConstructors":1,"execution":"Host fetches fixed bytes; Blob classic Worker only inside opaque sandbox"}],"sandbox":{"pages":["scripting/sandbox/sandbox.html"],"csp":"sandbox allow-scripts; default-src 'none'; script-src 'self' 'unsafe-eval'; worker-src blob:; connect-src 'none'; child-src 'none'; img-src 'none'; style-src 'none'; base-uri 'none'; form-action 'none'"},"packageHash":"3972c99cbd4367a6e5b1bdb653741c892612408da8bde7aac72d75a25130f3de","hashRecipe":"SHA256 UTF-8 JSON.stringify(path-sorted [{path,bytes,sha256}]); exact file bytes","files":[{"path":"agents/bootstrap.js","bytes":21466,"sha256":"1b1b17378eb90a7f1d2e10b071e226648974975e56cbe12c6b1dbd5bf715c79c"},{"path":"agents/health.js","bytes":828,"sha256":"48b43e028694d4fcc376d32539ab2d55ebd58359fce01219cff250fd4b5a6f65"},{"path":"agents/page-agent.js","bytes":34347,"sha256":"35a38017342eff0fc2726e834d435e33cc60ae3452cfca0b8a5b72093b3a2c4c"},{"path":"agents/page-relay.js","bytes":35276,"sha256":"cd61d0935d4670b6f593540c0a75b900e18c37db93a124dfd2a29f7826c5125a"},{"path":"agents/selection-entry.js","bytes":383,"sha256":"0265146d80cd448c28ecd1231574d0bd6ba9f20d6991b09250478decc3e89fbb"},{"path":"framework/sdk-main.js","bytes":49539,"sha256":"432c30ab8c60086a05335616f5f48014377a2b4cb6e0df197a1477d15df31fee"},{"path":"framework/sdk-resources.json","bytes":359,"sha256":"747353949442c7bdf588f73a9e2a048d9471dc71aaa86adedf11ae0fd221cf8b"},{"path":"icons/notification.png","bytes":595,"sha256":"efb5caddc95697204e98f9e7319119095ea195fa02448904bc985e90e96d4de6"},{"path":"licenses/jquery-MIT.txt","bytes":1097,"sha256":"d4db9ebe6f29f5168eac45ad713f055623ac5d0dcd5ba92da23d650ae012020d"},{"path":"licenses/todo-user-vue-MIT.txt","bytes":1096,"sha256":"e301f131f52747f87193c4a41d3d5c09e6c021cc664a6a3101a2213635f03f29"},{"path":"manifest.json","bytes":1201,"sha256":"e1efc8ec08a08961b7d48304439ae802d3b9d60afa44034b8a8a5054d53f0034"},{"path":"native-agent/settings.html","bytes":1826,"sha256":"8763896451244519f856a7a9f5c2284348bc3b8adbd0aaa3a674932e95d5fecf"},{"path":"native-agent/settings.js","bytes":22157,"sha256":"7018e9e3e7a0dcf7392e270f8512b4d4b815d8db5940da26587ad938d13b971d"},{"path":"native-agent/transport.js","bytes":29297,"sha256":"112dff86a490ece497668e4420053ce0d48121e2de12360da177add825b30421"},{"path":"scripting/packaged/page-session.js","bytes":55082,"sha256":"bd346556fa4a137b804a6255fefc6617ce1bcd01719dd0637bb6a54e9b90b377"},{"path":"scripting/sandbox/sandbox.html","bytes":385,"sha256":"aa7362ce87a270f45005dde0e9cf14bf1d86bd4bd15fce37f14515638ef3b536"},{"path":"scripting/sandbox/sandbox.js","bytes":4010,"sha256":"4b735c3d8d6d6059a549b59122d4d1d56811c121c6ad1b7eeadca6cf3e15640e"},{"path":"scripting/sandbox/worker-runtime.js","bytes":49683,"sha256":"406de1f7b5ebffc7ce4a67696d5e35d24e27e9bae3b93cacec10cae6100c19f1"},{"path":"sw.js","bytes":324976,"sha256":"2c5145ba65ce9d41f1a03c7abcb10eba6f3cb2110a30965d6a2069d7799ea214"},{"path":"ui/target-bootstrap.html","bytes":200,"sha256":"b52748e3bf14e6931924843c0b8bc626ad8929b3b1bb6b63524b39238dc5d13c"},{"path":"ui/tool-shell.css","bytes":19090,"sha256":"cd3f89c5025b325830d114135ad47885d13a4a5f17d36d9e63038423c837976c"},{"path":"ui/tool-shell.js","bytes":177721,"sha256":"3bdcb693b3aaab75140d134dc6225e7e0ee35e24889a82592d9dca3845c6c79d"},{"path":"ui/tool.html","bytes":21232,"sha256":"c27502c481bdc9029331aa1dda32bc06985dabe1edbacb3a64ddde1536722ac9"},{"path":"vendor/jquery-3.7.1.min.js","bytes":87533,"sha256":"fc9a93dd241f6b045cbff0481cf4e1901becd0e12fb45166a8f17f95823f0b1a"}]}
2026-10-08T17:38:57.7691649Z {"status":"passed","manifestVersion":3,"classicEntries":["agents/bootstrap.js","agents/health.js","agents/page-agent.js","agents/page-relay.js","agents/selection-entry.js","framework/sdk-main.js","native-agent/settings.js","native-agent/transport.js","scripting/packaged/page-session.js","scripting/sandbox/sandbox.js","scripting/sandbox/worker-runtime.js","sw.js","ui/tool-shell.js","vendor/jquery-3.7.1.min.js"],"htmlChecked":["ui/tool.html","native-agent/settings.html","ui/target-bootstrap.html","scripting/sandbox/sandbox.html"],"assetsChecked":["icons/notification.png","licenses/todo-user-vue-MIT.txt","licenses/jquery-MIT.txt","framework/sdk-resources.json"],"sdkResources":{"schemaVersion":1,"resources":[{"path":"framework/sdk-main.js","bytes":49773,"sha256":"903bb9d0bbd1a48a92db218934aa730fd817dc8c211017d61b65b8a27ac25bb8"},{"path":"agents/page-relay.js","bytes":35516,"sha256":"1e75308cd25090fa6ab1b33823ad4844ddab51e172166a3fd028a0a983854e65"}]},"sdkEntries":{"MAIN":"framework/sdk-main.js","ISOLATED":"agents/page-relay.js"},"privilegedDynamicExecutionFound":false,"approvedDynamicExecution":[{"file":"scripting/sandbox/worker-runtime.js","approvedAsyncBodyConstructors":1,"execution":"Host fetches fixed bytes; Blob classic Worker only inside opaque sandbox"}],"sandbox":{"pages":["scripting/sandbox/sandbox.html"],"csp":"sandbox allow-scripts; default-src 'none'; script-src 'self' 'unsafe-eval'; worker-src blob:; connect-src 'none'; child-src 'none'; img-src 'none'; style-src 'none'; base-uri 'none'; form-action 'none'"},"packageHash":"8de76f8b99610f306951973a400004fab6a10044deb172ac4e378d9f6070566d","hashRecipe":"SHA256 UTF-8 JSON.stringify(path-sorted [{path,bytes,sha256}]); exact file bytes","files":[{"path":"agents/bootstrap.js","bytes":21703,"sha256":"9556baeec50d2c2fbd4c5391e34bab41c3d9aa9d6d416a4a89b205809542beb5"},{"path":"agents/bootstrap.js.map","bytes":65334,"sha256":"72024fdb0695ffff3a2296cfda4ddb2f96c6f5da8a260d2098c5516f2421b840"},{"path":"agents/health.js","bytes":1056,"sha256":"0fdbd009c25751599b50a9ff902d5c1a71fafb15a526ee64e5a1082b86ed7e7d"},{"path":"agents/health.js.map","bytes":15038,"sha256":"13ab8c72f5d5a8d82b65a38c7c455d8abf1ea4ab6c8878443a316fde59414b51"},{"path":"agents/page-agent.js","bytes":34587,"sha256":"23929816fb4342e44814992a820651ce5b0e5de8b827c32fa2498caccfc01283"},{"path":"agents/page-agent.js.map","bytes":95306,"sha256":"ec0f23bd47621fb6cf855b2c1999b4746ab13cb31b1add032787cde50a8db72e"},{"path":"agents/page-relay.js","bytes":35516,"sha256":"1e75308cd25090fa6ab1b33823ad4844ddab51e172166a3fd028a0a983854e65"},{"path":"agents/page-relay.js.map","bytes":113008,"sha256":"e399a9d2068b239aa9389f4616a4012ded4240d909d18df443769d3ed3df9348"},{"path":"agents/selection-entry.js","bytes":638,"sha256":"b86047d8de3434afe4161d07376ca71a4ea18bc870663be9a606b62c19a42d80"},{"path":"agents/selection-entry.js.map","bytes":968,"sha256":"f2ee1d5e62016c3f1854811589f17382f0f0e69ea9a3635484fe02734b7eb0f4"},{"path":"framework/sdk-main.js","bytes":49773,"sha256":"903bb9d0bbd1a48a92db218934aa730fd817dc8c211017d61b65b8a27ac25bb8"},{"path":"framework/sdk-main.js.map","bytes":152746,"sha256":"a3ac2c7cfa6a0cc3d74f8bee60a8e7b3bf35f4fea4316b599b3b4d35b2a52b03"},{"path":"framework/sdk-resources.json","bytes":359,"sha256":"6f6597ecccf98b85cf1889e8c413a64b712f6cf44976b8ab778d836e14a5f5a6"},{"path":"icons/notification.png","bytes":595,"sha256":"efb5caddc95697204e98f9e7319119095ea195fa02448904bc985e90e96d4de6"},{"path":"licenses/jquery-MIT.txt","bytes":1097,"sha256":"d4db9ebe6f29f5168eac45ad713f055623ac5d0dcd5ba92da23d650ae012020d"},{"path":"licenses/todo-user-vue-MIT.txt","bytes":1096,"sha256":"e301f131f52747f87193c4a41d3d5c09e6c021cc664a6a3101a2213635f03f29"},{"path":"manifest.json","bytes":1523,"sha256":"e6670098b865f36a8529c648f8e85ad5c3b36239c4b1880a296680a638cf0da8"},{"path":"native-agent/settings.html","bytes":1826,"sha256":"8763896451244519f856a7a9f5c2284348bc3b8adbd0aaa3a674932e95d5fecf"},{"path":"native-agent/settings.js","bytes":22391,"sha256":"606318ea6d225e92a72dc13e700f015dbd9a6d148f896eea09114205024fedd6"},{"path":"native-agent/settings.js.map","bytes":58367,"sha256":"4aef7296f6663d8a5d72a623f7f604ae7e9d0eb1d28f881b0a88ce748c2fb58e"},{"path":"native-agent/transport.js","bytes":29534,"sha256":"9541f51d2800df30bd69f7c6ac94e33cf496aea4b0287bf7d5989aacd50e6706"},{"path":"native-agent/transport.js.map","bytes":89731,"sha256":"bd60a744b5bf89e94ad2b485b9f19aff9a73e9daab184a5092ac4094459c1838"},{"path":"scripting/packaged/page-session.js","bytes":55328,"sha256":"fbc94b97dde28dd1a5ac99db3ecf861aa9b6374c85474b05e1d722f6520f3343"},{"path":"scripting/packaged/page-session.js.map","bytes":174289,"sha256":"954210c4f3cf3aeefc1422e4ff51980b3d2b3643485c7d55ae80dfce25d0f5f5"},{"path":"scripting/sandbox/sandbox.html","bytes":385,"sha256":"aa7362ce87a270f45005dde0e9cf14bf1d86bd4bd15fce37f14515638ef3b536"},{"path":"scripting/sandbox/sandbox.js","bytes":4241,"sha256":"e5e5069e25a85673c3880d555a42ecaea414e7c6dabacccd4589874bad7e8631"},{"path":"scripting/sandbox/sandbox.js.map","bytes":11636,"sha256":"2b3be0c1d212193b207fc20165a11866806b1c31cc2653ebac5036a9ea3374d6"},{"path":"scripting/sandbox/worker-runtime.js","bytes":49935,"sha256":"91865c2b35e45a17f18866368c7fa0d2cffcddc86a5deaefef8a746747a5d889"},{"path":"scripting/sandbox/worker-runtime.js.map","bytes":156913,"sha256":"2477b61c175dac272fe8f9afa65fe42d28959bf1b7b5d1c434fe936e3439d270"},{"path":"sw.js","bytes":325148,"sha256":"4fd630a423ff96f91c69823f1e650986739d13da7cc74fe47e1b550df1631104"},{"path":"sw.js.map","bytes":963024,"sha256":"a8500335913be166399f573b5fef8ae95de1884c3af960be2cd7dbcc048ff1ff"},{"path":"ui/target-bootstrap.html","bytes":200,"sha256":"b52748e3bf14e6931924843c0b8bc626ad8929b3b1bb6b63524b39238dc5d13c"},{"path":"ui/tool-shell.css","bytes":19090,"sha256":"cd3f89c5025b325830d114135ad47885d13a4a5f17d36d9e63038423c837976c"},{"path":"ui/tool-shell.js","bytes":177961,"sha256":"d6485561d2b435ba50794dd6460af955aed80b399e53d8dc96d7c69b704a1204"},{"path":"ui/tool-shell.js.map","bytes":529238,"sha256":"0e0e6269596da3b4d871a50facdcbe8d671de8c5cf573cf4c784c89323fca9ee"},{"path":"ui/tool.html","bytes":21232,"sha256":"c27502c481bdc9029331aa1dda32bc06985dabe1edbacb3a64ddde1536722ac9"},{"path":"vendor/jquery-3.7.1.min.js","bytes":87533,"sha256":"fc9a93dd241f6b045cbff0481cf4e1901becd0e12fb45166a8f17f95823f0b1a"}]}
2026-10-08T17:38:57.7872268Z ##[group]Run npm test
2026-10-08T17:38:57.7872441Z [36;1mnpm test[0m
2026-10-08T17:38:57.7924471Z shell: /usr/bin/bash -e {0}
2026-10-08T17:38:57.7924763Z ##[endgroup]
2026-10-08T17:38:57.8711637Z 
2026-10-08T17:38:57.8712140Z > opendesk-browser@0.1.0 test
2026-10-08T17:38:57.8712511Z > node --test tests/environment/*.test.mjs
2026-10-08T17:38:57.8712643Z 
2026-10-08T17:38:57.9093576Z TAP version 13
2026-10-08T17:38:57.9515704Z # Subtest: AI-to-Task sample is a valid immutable Task v1 Candidate with exact checked-in source
2026-10-08T17:38:57.9517175Z ok 1 - AI-to-Task sample is a valid immutable Task v1 Candidate with exact checked-in source
2026-10-08T17:38:57.9517691Z   ---
2026-10-08T17:38:57.9518049Z   duration_ms: 10.551559
2026-10-08T17:38:57.9539366Z   type: 'test'
2026-10-08T17:38:57.9539733Z   ...
2026-10-08T17:38:57.9540407Z # Subtest: tampering cannot grant publication state or replace the source hash
2026-10-08T17:38:57.9541189Z ok 2 - tampering cannot grant publication state or replace the source hash
2026-10-08T17:38:57.9541687Z   ---
2026-10-08T17:38:57.9541991Z   duration_ms: 3.80815
2026-10-08T17:38:57.9542318Z   type: 'test'
2026-10-08T17:38:57.9542617Z   ...
2026-10-08T17:38:57.9545485Z # Subtest: modern candidate only uses implemented Locator actions with an explicit business-result wait
2026-10-08T17:38:57.9559554Z ok 3 - modern candidate only uses implemented Locator actions with an explicit business-result wait
2026-10-08T17:38:57.9560232Z   ---
2026-10-08T17:38:57.9560590Z   duration_ms: 1.307959
2026-10-08T17:38:57.9560958Z   type: 'test'
2026-10-08T17:38:57.9561292Z   ...
2026-10-08T17:38:57.9567086Z # Subtest: observation draft is bounded, read-only and valid Controller async main
2026-10-08T17:38:57.9570853Z ok 4 - observation draft is bounded, read-only and valid Controller async main
2026-10-08T17:38:57.9571387Z   ---
2026-10-08T17:38:57.9571705Z   duration_ms: 2.14371
2026-10-08T17:38:57.9572096Z   type: 'test'
2026-10-08T17:38:57.9572416Z   ...
2026-10-08T17:38:57.9580211Z # Subtest: AI-to-Task samples target the original HTML fixture rather than inventing a second page
2026-10-08T17:38:57.9582807Z ok 5 - AI-to-Task samples target the original HTML fixture rather than inventing a second page
2026-10-08T17:38:57.9583448Z   ---
2026-10-08T17:38:57.9583772Z   duration_ms: 0.908279
2026-10-08T17:38:57.9584110Z   type: 'test'
2026-10-08T17:38:57.9584425Z   ...
2026-10-08T17:38:57.9688535Z # Subtest: read-only Agent observation draft retains the main R6.2 bounded snapshot contract
2026-10-08T17:38:57.9689983Z ok 6 - read-only Agent observation draft retains the main R6.2 bounded snapshot contract
2026-10-08T17:38:57.9690582Z   ---
2026-10-08T17:38:57.9690967Z   duration_ms: 3.383989
2026-10-08T17:38:57.9691326Z   type: 'test'
2026-10-08T17:38:57.9691656Z   ...
2026-10-08T17:38:57.9692217Z # Subtest: modern Locator Task candidate is exact and immutable, never pre-verified
2026-10-08T17:38:57.9692974Z ok 7 - modern Locator Task candidate is exact and immutable, never pre-verified
2026-10-08T17:38:57.9693485Z   ---
2026-10-08T17:38:57.9693814Z   duration_ms: 6.744931
2026-10-08T17:38:57.9694161Z   type: 'test'
2026-10-08T17:38:57.9694492Z   ...
2026-10-08T17:38:57.9919894Z # Subtest: real loopback HTTP server serves static JSON, HTML and true 404/non-JSON
2026-10-08T17:38:57.9928441Z ok 8 - real loopback HTTP server serves static JSON, HTML and true 404/non-JSON
2026-10-08T17:38:57.9928916Z   ---
2026-10-08T17:38:57.9953891Z   duration_ms: 34.833392
2026-10-08T17:38:57.9968915Z   type: 'test'
2026-10-08T17:38:57.9984793Z   ...
2026-10-08T17:38:58.1723685Z # Subtest: real loopback HTTP server emits status/POST body and delayed responses
2026-10-08T17:38:58.1725182Z ok 9 - real loopback HTTP server emits status/POST body and delayed responses
2026-10-08T17:38:58.1725755Z   ---
2026-10-08T17:38:58.1726161Z   duration_ms: 182.161509
2026-10-08T17:38:58.1726589Z   type: 'test'
2026-10-08T17:38:58.1738213Z   ...
2026-10-08T17:38:59.5241027Z # Subtest: one ordinary HTML page exposes unique, stable automation targets
2026-10-08T17:38:59.5279705Z ok 10 - one ordinary HTML page exposes unique, stable automation targets
2026-10-08T17:38:59.5307994Z   ---
2026-10-08T17:38:59.5339476Z   duration_ms: 7.581814
2026-10-08T17:38:59.5359455Z   type: 'test'
2026-10-08T17:38:59.5381556Z   ...
2026-10-08T17:38:59.5400114Z # Subtest: the unchanged signed v1 task still targets \#name → \#submit → \#done
2026-10-08T17:38:59.5409912Z ok 11 - the unchanged signed v1 task still targets \#name → \#submit → \#done
2026-10-08T17:38:59.5410469Z   ---
2026-10-08T17:38:59.5410807Z   duration_ms: 2.361244
2026-10-08T17:38:59.5411147Z   type: 'test'
2026-10-08T17:38:59.5411461Z   ...
2026-10-08T17:38:59.5412083Z # Subtest: modern search retains an initially filled field and deliberately replaces its submit button
2026-10-08T17:38:59.5412912Z ok 12 - modern search retains an initially filled field and deliberately replaces its submit button
2026-10-08T17:38:59.5413442Z   ---
2026-10-08T17:38:59.5413773Z   duration_ms: 1.009013
2026-10-08T17:38:59.5414142Z   type: 'test'
2026-10-08T17:38:59.5414437Z   ...
2026-10-08T17:38:59.5414974Z # Subtest: async scene sends only local fetches and distinguishes loading, 404, abort and timeout
2026-10-08T17:38:59.5415616Z ok 13 - async scene sends only local fetches and distinguishes loading, 404, abort and timeout
2026-10-08T17:38:59.5415994Z   ---
2026-10-08T17:38:59.5416167Z   duration_ms: 3.213752
2026-10-08T17:38:59.5416301Z   type: 'test'
2026-10-08T17:38:59.5416416Z   ...
2026-10-08T17:38:59.5416693Z # Subtest: explicit HTTP GET controls expose safe semantics and preserve offline-first operation
2026-10-08T17:38:59.5417095Z ok 14 - explicit HTTP GET controls expose safe semantics and preserve offline-first operation
2026-10-08T17:38:59.5417334Z   ---
2026-10-08T17:38:59.5417451Z   duration_ms: 1.826384
2026-10-08T17:38:59.5417580Z   type: 'test'
2026-10-08T17:38:59.5417693Z   ...
2026-10-08T17:38:59.5417959Z # Subtest: the single canonical page exposes seven navigable groups and honest Locator fixtures
2026-10-08T17:38:59.5418344Z ok 15 - the single canonical page exposes seven navigable groups and honest Locator fixtures
2026-10-08T17:38:59.5418582Z   ---
2026-10-08T17:38:59.5418694Z   duration_ms: 1.45601
2026-10-08T17:38:59.5419007Z   type: 'test'
2026-10-08T17:38:59.5419121Z   ...
2026-10-08T17:38:59.5419359Z # Subtest: Locator fixture actions, late insertion, and reset mutate only observable DOM
2026-10-08T17:38:59.5419717Z ok 16 - Locator fixture actions, late insertion, and reset mutate only observable DOM
2026-10-08T17:38:59.5419940Z   ---
2026-10-08T17:38:59.5420055Z   duration_ms: 1524.759712
2026-10-08T17:38:59.5420192Z   type: 'test'
2026-10-08T17:38:59.5420304Z   ...
2026-10-08T17:38:59.5469537Z # Subtest: HTTP panel sends no request until click and shows real status/content without HTML injection
2026-10-08T17:38:59.5470678Z ok 17 - HTTP panel sends no request until click and shows real status/content without HTML injection
2026-10-08T17:38:59.5471101Z   ---
2026-10-08T17:38:59.5471290Z   duration_ms: 23.421352
2026-10-08T17:38:59.5471504Z   type: 'test'
2026-10-08T17:38:59.5471692Z   ...
2026-10-08T17:38:59.5554605Z # Subtest: HTTP panel preserves actual 404 and abort/reset cannot resurrect late replies
2026-10-08T17:38:59.5576353Z ok 18 - HTTP panel preserves actual 404 and abort/reset cannot resurrect late replies
2026-10-08T17:38:59.5578726Z   ---
2026-10-08T17:38:59.5579597Z   duration_ms: 8.501682
2026-10-08T17:38:59.5579961Z   type: 'test'
2026-10-08T17:38:59.5580312Z   ...
2026-10-08T17:38:59.5594024Z # Subtest: minimal HTTP UI rejects invalid URLs without sending requests
2026-10-08T17:38:59.5594805Z ok 19 - minimal HTTP UI rejects invalid URLs without sending requests
2026-10-08T17:38:59.5595360Z   ---
2026-10-08T17:38:59.5595699Z   duration_ms: 3.896132
2026-10-08T17:38:59.5596064Z   type: 'test'
2026-10-08T17:38:59.5596391Z   ...
2026-10-08T17:38:59.5605210Z # Subtest: inline JavaScript parses without a third-party runtime or external resources
2026-10-08T17:38:59.5608177Z ok 20 - inline JavaScript parses without a third-party runtime or external resources
2026-10-08T17:38:59.5608945Z   ---
2026-10-08T17:38:59.5609432Z   duration_ms: 1.059404
2026-10-08T17:38:59.5609793Z   type: 'test'
2026-10-08T17:38:59.5610114Z   ...
2026-10-08T17:38:59.5618097Z # Subtest: manual browser testing has exactly one canonical HTML and no obsolete advertised URL
2026-10-08T17:38:59.5642276Z ok 21 - manual browser testing has exactly one canonical HTML and no obsolete advertised URL
2026-10-08T17:38:59.5643535Z   ---
2026-10-08T17:38:59.5643949Z   duration_ms: 1.77414
2026-10-08T17:38:59.5644302Z   type: 'test'
2026-10-08T17:38:59.5644630Z   ...
2026-10-08T17:38:59.5804343Z # Subtest: product shell configures the Chrome Side Panel action and never creates a popup
2026-10-08T17:38:59.5850621Z ok 22 - product shell configures the Chrome Side Panel action and never creates a popup
2026-10-08T17:38:59.5858365Z   ---
2026-10-08T17:38:59.5858942Z   duration_ms: 0.994909
2026-10-08T17:38:59.5891470Z   type: 'test'
2026-10-08T17:38:59.5893066Z   ...
2026-10-08T17:38:59.5896031Z # Subtest: tool sender accepts top-level Side Panel documents and rejects foreign or nested senders
2026-10-08T17:38:59.5913861Z ok 23 - tool sender accepts top-level Side Panel documents and rejects foreign or nested senders
2026-10-08T17:38:59.5914396Z   ---
2026-10-08T17:38:59.5914734Z   duration_ms: 0.29473
2026-10-08T17:38:59.5915114Z   type: 'test'
2026-10-08T17:38:59.5915438Z   ...
2026-10-08T17:38:59.5916030Z # Subtest: URL policy rejects restricted/file/credentials and preserves exact origin including port
2026-10-08T17:38:59.5916842Z ok 24 - URL policy rejects restricted/file/credentials and preserves exact origin including port
2026-10-08T17:38:59.5917382Z   ---
2026-10-08T17:38:59.5917694Z   duration_ms: 0.279946
2026-10-08T17:38:59.5918033Z   type: 'test'
2026-10-08T17:38:59.5918347Z   ...
2026-10-08T17:38:59.5919133Z # Subtest: health waits for sender readiness and binds Chrome document metadata, not file result
2026-10-08T17:38:59.5919917Z ok 25 - health waits for sender readiness and binds Chrome document metadata, not file result
2026-10-08T17:38:59.5920441Z   ---
2026-10-08T17:38:59.5920763Z   duration_ms: 4.323048
2026-10-08T17:38:59.5921098Z   type: 'test'
2026-10-08T17:38:59.5921410Z   ...
2026-10-08T17:38:59.5921869Z # Subtest: revoked permission blocks even previously installed agent
2026-10-08T17:38:59.5922475Z ok 26 - revoked permission blocks even previously installed agent
2026-10-08T17:38:59.5922940Z   ---
2026-10-08T17:38:59.5923247Z   duration_ms: 1.116488
2026-10-08T17:38:59.5923580Z   type: 'test'
2026-10-08T17:38:59.5923900Z   ...
2026-10-08T17:38:59.5924476Z # Subtest: reload, cross-origin and closed tab reject bound target without automatic reinjection
2026-10-08T17:38:59.5925250Z ok 27 - reload, cross-origin and closed tab reject bound target without automatic reinjection
2026-10-08T17:38:59.5925766Z   ---
2026-10-08T17:38:59.5926068Z   duration_ms: 4.860133
2026-10-08T17:38:59.5926416Z   type: 'test'
2026-10-08T17:38:59.5926724Z   ...
2026-10-08T17:38:59.5927195Z # Subtest: forged health nonce and fake sender cannot satisfy exact target
2026-10-08T17:38:59.5927836Z ok 28 - forged health nonce and fake sender cannot satisfy exact target
2026-10-08T17:38:59.5928287Z   ---
2026-10-08T17:38:59.5928596Z   duration_ms: 1.78103
2026-10-08T17:38:59.5929036Z   type: 'test'
2026-10-08T17:38:59.5929347Z   ...
2026-10-08T17:38:59.5929850Z # Subtest: missing module has no capabilities or runner and can be mounted/disposed
2026-10-08T17:38:59.5930540Z ok 29 - missing module has no capabilities or runner and can be mounted/disposed
2026-10-08T17:38:59.5931014Z   ---
2026-10-08T17:38:59.5931313Z   duration_ms: 0.33168
2026-10-08T17:38:59.5931649Z   type: 'test'
2026-10-08T17:38:59.5931957Z   ...
2026-10-08T17:38:59.5932461Z # Subtest: Side Panel configuration failure is surfaced without a popup fallback
2026-10-08T17:38:59.5933470Z ok 30 - Side Panel configuration failure is surfaced without a popup fallback
2026-10-08T17:38:59.5933948Z   ---
2026-10-08T17:38:59.5934259Z   duration_ms: 0.246561
2026-10-08T17:38:59.5934600Z   type: 'test'
2026-10-08T17:38:59.5935726Z   ...
2026-10-08T17:38:59.5936474Z # Subtest: unknown authorization mode is rejected before another injection
2026-10-08T17:38:59.5937121Z ok 31 - unknown authorization mode is rejected before another injection
2026-10-08T17:38:59.5937573Z   ---
2026-10-08T17:38:59.5937877Z   duration_ms: 2.35868
2026-10-08T17:38:59.5938215Z   type: 'test'
2026-10-08T17:38:59.5938525Z   ...
2026-10-08T17:38:59.5939150Z # Subtest: permission revoke reports permission failure even when Chrome hides tab URL
2026-10-08T17:38:59.5939885Z ok 32 - permission revoke reports permission failure even when Chrome hides tab URL
2026-10-08T17:38:59.5940378Z   ---
2026-10-08T17:38:59.5940686Z   duration_ms: 1.779998
2026-10-08T17:38:59.5941030Z   type: 'test'
2026-10-08T17:38:59.5941402Z   ...
2026-10-08T17:38:59.5941961Z # Subtest: permission revoked during tabs.get is diagnosed before inspecting its hidden URL
2026-10-08T17:38:59.5942723Z ok 33 - permission revoked during tabs.get is diagnosed before inspecting its hidden URL
2026-10-08T17:38:59.5943244Z   ---
2026-10-08T17:38:59.5943558Z   duration_ms: 1.750721
2026-10-08T17:38:59.5943896Z   type: 'test'
2026-10-08T17:38:59.5944204Z   ...
2026-10-08T17:38:59.5944746Z # Subtest: repeated agent ready preserves optional authorization and cannot bypass revoke
2026-10-08T17:38:59.5945490Z ok 34 - repeated agent ready preserves optional authorization and cannot bypass revoke
2026-10-08T17:38:59.5946087Z   ---
2026-10-08T17:38:59.5946415Z   duration_ms: 1.75709
2026-10-08T17:38:59.5946752Z   type: 'test'
2026-10-08T17:38:59.5947062Z   ...
2026-10-08T17:38:59.5947550Z # Subtest: same-document concurrent binding resolves all readiness waiters
2026-10-08T17:38:59.5948185Z ok 35 - same-document concurrent binding resolves all readiness waiters
2026-10-08T17:38:59.5948641Z   ---
2026-10-08T17:38:59.5949049Z   duration_ms: 0.686908
2026-10-08T17:38:59.5949395Z   type: 'test'
2026-10-08T17:38:59.5949703Z   ...
2026-10-08T17:38:59.5950244Z # Subtest: document invalidation and revoke while awaiting reply reject late health success
2026-10-08T17:38:59.5951002Z ok 36 - document invalidation and revoke while awaiting reply reject late health success
2026-10-08T17:38:59.5951510Z   ---
2026-10-08T17:38:59.5951819Z   duration_ms: 0.906236
2026-10-08T17:38:59.5952159Z   type: 'test'
2026-10-08T17:38:59.5952462Z   ...
2026-10-08T17:38:59.5953011Z # Subtest: missing Side Panel sender documentId resolves only unique native instance context
2026-10-08T17:38:59.5953746Z ok 37 - missing Side Panel sender documentId resolves only unique native instance context
2026-10-08T17:38:59.5954249Z   ---
2026-10-08T17:38:59.5954560Z   duration_ms: 1.454438
2026-10-08T17:38:59.5954895Z   type: 'test'
2026-10-08T17:38:59.5955207Z   ...
2026-10-08T17:38:59.5955939Z # Subtest: fixed production protocol Schema uses variable-width LZW and decodes byte-for-byte to the audited object
2026-10-08T17:38:59.5956907Z ok 38 - fixed production protocol Schema uses variable-width LZW and decodes byte-for-byte to the audited object
2026-10-08T17:38:59.5957506Z   ---
2026-10-08T17:38:59.5957897Z   duration_ms: 38.215188
2026-10-08T17:38:59.5958351Z   type: 'test'
2026-10-08T17:38:59.5958663Z   ...
2026-10-08T17:38:59.5959438Z # Subtest: small and non-ASCII schemas still round-trip through existing smaller-of-two-formats selection
2026-10-08T17:38:59.5960278Z ok 39 - small and non-ASCII schemas still round-trip through existing smaller-of-two-formats selection
2026-10-08T17:38:59.5960828Z   ---
2026-10-08T17:38:59.5961135Z   duration_ms: 0.557227
2026-10-08T17:38:59.5961467Z   type: 'test'
2026-10-08T17:38:59.5961782Z   ...
2026-10-08T17:38:59.5962280Z # Subtest: async main receives page/params lexically without platform arguments
2026-10-08T17:38:59.5962945Z ok 40 - async main receives page/params lexically without platform arguments
2026-10-08T17:38:59.5963401Z   ---
2026-10-08T17:38:59.5963876Z   duration_ms: 0.876377
2026-10-08T17:38:59.5964214Z   type: 'test'
2026-10-08T17:38:59.5965515Z   ...
2026-10-08T17:38:59.5965964Z # Subtest: main return preserves falsy values including undefined
2026-10-08T17:38:59.5966794Z ok 41 - main return preserves falsy values including undefined
2026-10-08T17:38:59.5967229Z   ---
2026-10-08T17:38:59.5967535Z   duration_ms: 0.174524
2026-10-08T17:38:59.5967880Z   type: 'test'
2026-10-08T17:38:59.5968196Z   ...
2026-10-08T17:38:59.5968652Z # Subtest: prior async-body scripts still execute and return correctly
2026-10-08T17:38:59.5969358Z ok 42 - prior async-body scripts still execute and return correctly
2026-10-08T17:38:59.5969801Z   ---
2026-10-08T17:38:59.5970114Z   duration_ms: 0.099412
2026-10-08T17:38:59.5970456Z   type: 'test'
2026-10-08T17:38:59.5970769Z   ...
2026-10-08T17:38:59.5971219Z # Subtest: main faults are errors rather than silent empty results
2026-10-08T17:38:59.5971795Z ok 43 - main faults are errors rather than silent empty results
2026-10-08T17:38:59.5972218Z   ---
2026-10-08T17:38:59.5972527Z   duration_ms: 0.335136
2026-10-08T17:38:59.5972860Z   type: 'test'
2026-10-08T17:38:59.5973167Z   ...
2026-10-08T17:38:59.5973729Z # Subtest: worker fault preserves a bounded raw generated stack without claiming a source mapping
2026-10-08T17:38:59.5974518Z ok 44 - worker fault preserves a bounded raw generated stack without claiming a source mapping
2026-10-08T17:38:59.5975033Z   ---
2026-10-08T17:38:59.5975342Z   duration_ms: 15.646503
2026-10-08T17:38:59.5975681Z   type: 'test'
2026-10-08T17:38:59.5975986Z   ...
2026-10-08T17:38:59.5976642Z # Subtest: navigation starts invalidate the visible old document before tabs updates and recover after failure or commit
2026-10-08T17:38:59.5977680Z ok 45 - navigation starts invalidate the visible old document before tabs updates and recover after failure or commit
2026-10-08T17:38:59.5978306Z   ---
2026-10-08T17:38:59.5978615Z   duration_ms: 5.213528
2026-10-08T17:38:59.5979040Z   type: 'test'
2026-10-08T17:38:59.5979356Z   ...
2026-10-08T17:38:59.5979948Z # Subtest: loading and unloaded tabs never expose their still-visible old document as a runnable candidate
2026-10-08T17:38:59.5980762Z ok 46 - loading and unloaded tabs never expose their still-visible old document as a runnable candidate
2026-10-08T17:38:59.5981297Z   ---
2026-10-08T17:38:59.5981623Z   duration_ms: 0.562546
2026-10-08T17:38:59.5981876Z   type: 'test'
2026-10-08T17:38:59.5982121Z   ...
2026-10-08T17:38:59.5982500Z # Subtest: a tab becoming loading after frame observation fails the final candidate confirmation
2026-10-08T17:38:59.5983101Z ok 47 - a tab becoming loading after frame observation fails the final candidate confirmation
2026-10-08T17:38:59.5983805Z   ---
2026-10-08T17:38:59.5984121Z   duration_ms: 0.157907
2026-10-08T17:38:59.5984467Z   type: 'test'
2026-10-08T17:38:59.5984780Z   ...
2026-10-08T17:38:59.5985344Z # Subtest: Sidebar binds to its own browser window and exposes only the active HTTP(S) main document
2026-10-08T17:38:59.5987177Z ok 48 - Sidebar binds to its own browser window and exposes only the active HTTP(S) main document
2026-10-08T17:38:59.5987971Z   ---
2026-10-08T17:38:59.5988302Z   duration_ms: 0.960484
2026-10-08T17:38:59.5988885Z   type: 'test'
2026-10-08T17:38:59.5989207Z   ...
2026-10-08T17:38:59.5989735Z # Subtest: same-URL tab switch cannot replace the captured run candidate
2026-10-08T17:38:59.5990381Z ok 49 - same-URL tab switch cannot replace the captured run candidate
2026-10-08T17:38:59.5990844Z   ---
2026-10-08T17:38:59.5991159Z   duration_ms: 0.218977
2026-10-08T17:38:59.5991502Z   type: 'test'
2026-10-08T17:38:59.5991819Z   ...
2026-10-08T17:38:59.5992347Z # Subtest: SPA URL change before admission is stale even when documentId is unchanged
2026-10-08T17:38:59.5993071Z ok 50 - SPA URL change before admission is stale even when documentId is unchanged
2026-10-08T17:38:59.5993580Z   ---
2026-10-08T17:38:59.5993893Z   duration_ms: 0.183278
2026-10-08T17:38:59.5994238Z   type: 'test'
2026-10-08T17:38:59.5994732Z   ...
2026-10-08T17:38:59.5995294Z # Subtest: reload/full navigation invalidates the old candidate instead of matching by URL
2026-10-08T17:38:59.5996071Z ok 51 - reload/full navigation invalidates the old candidate instead of matching by URL
2026-10-08T17:38:59.5996722Z   ---
2026-10-08T17:38:59.5997039Z   duration_ms: 0.167403
2026-10-08T17:38:59.5997380Z   type: 'test'
2026-10-08T17:38:59.5997696Z   ...
2026-10-08T17:38:59.5998271Z # Subtest: Current Page follows activation events but never falls back to a previous valid page
2026-10-08T17:38:59.5999165Z ok 52 - Current Page follows activation events but never falls back to a previous valid page
2026-10-08T17:38:59.5999698Z   ---
2026-10-08T17:38:59.6000017Z   duration_ms: 1.498099
2026-10-08T17:38:59.6000357Z   type: 'test'
2026-10-08T17:38:59.6000742Z   ...
2026-10-08T17:38:59.6001288Z # Subtest: two Sidebar instances bind independently to their containing browser windows
2026-10-08T17:38:59.6002041Z ok 53 - two Sidebar instances bind independently to their containing browser windows
2026-10-08T17:38:59.6002549Z   ---
2026-10-08T17:38:59.6002908Z   duration_ms: 0.533439
2026-10-08T17:38:59.6003252Z   type: 'test'
2026-10-08T17:38:59.6003573Z   ...
2026-10-08T17:38:59.6003997Z # Subtest: dispose releases all browser event subscriptions
2026-10-08T17:38:59.6004547Z ok 54 - dispose releases all browser event subscriptions
2026-10-08T17:38:59.6004966Z   ---
2026-10-08T17:38:59.6005283Z   duration_ms: 0.408475
2026-10-08T17:38:59.6005624Z   type: 'test'
2026-10-08T17:38:59.6005930Z   ...
2026-10-08T17:38:59.6006456Z # Subtest: a late revalidation cannot overwrite a newer Current Page observation
2026-10-08T17:38:59.6007155Z ok 55 - a late revalidation cannot overwrite a newer Current Page observation
2026-10-08T17:38:59.6007637Z   ---
2026-10-08T17:38:59.6007955Z   duration_ms: 1.290521
2026-10-08T17:38:59.6008299Z   type: 'test'
2026-10-08T17:38:59.6008618Z   ...
2026-10-08T17:38:59.6009368Z # Subtest: a disposed Sidebar cannot capture or finish an in-flight candidate validation
2026-10-08T17:38:59.6010165Z ok 56 - a disposed Sidebar cannot capture or finish an in-flight candidate validation
2026-10-08T17:38:59.6010678Z   ---
2026-10-08T17:38:59.6011002Z   duration_ms: 1.52907
2026-10-08T17:38:59.6011346Z   type: 'test'
2026-10-08T17:38:59.6011666Z   ...
2026-10-08T17:38:59.6012399Z # Subtest: inspection only parses and lists download permissions; explicit actions and post-download hash review are separate
2026-10-08T17:38:59.6013455Z ok 57 - inspection only parses and lists download permissions; explicit actions and post-download hash review are separate
2026-10-08T17:38:59.6014167Z   ---
2026-10-08T17:38:59.6014500Z   duration_ms: 23.546676
2026-10-08T17:38:59.6014863Z   type: 'test'
2026-10-08T17:38:59.6015198Z   ...
2026-10-08T17:38:59.6015888Z # Subtest: packaged jQuery and a second ordinary library use ordered generic assets; source provenance is explicit
2026-10-08T17:38:59.6016885Z ok 58 - packaged jQuery and a second ordinary library use ordered generic assets; source provenance is explicit
2026-10-08T17:38:59.6017497Z   ---
2026-10-08T17:38:59.6017817Z   duration_ms: 7.88075
2026-10-08T17:38:59.6018161Z   type: 'test'
2026-10-08T17:38:59.6018486Z   ...
2026-10-08T17:38:59.6019231Z # Subtest: approved locks run offline after a new manager instance and draft edits; source/mode changes require a new lock
2026-10-08T17:38:59.6020183Z ok 59 - approved locks run offline after a new manager instance and draft edits; source/mode changes require a new lock
2026-10-08T17:38:59.6020783Z   ---
2026-10-08T17:38:59.6021110Z   duration_ms: 3.262171
2026-10-08T17:38:59.6021467Z   type: 'test'
2026-10-08T17:38:59.6021779Z   ...
2026-10-08T17:38:59.6022754Z # Subtest: duplicate declarations preserve execution order, shared bytes do not share another namespace approval
2026-10-08T17:38:59.6023841Z ok 60 - duplicate declarations preserve execution order, shared bytes do not share another namespace approval
2026-10-08T17:38:59.6024439Z   ---
2026-10-08T17:38:59.6024935Z   duration_ms: 4.217807
2026-10-08T17:38:59.6025869Z   type: 'test'
2026-10-08T17:38:59.6026187Z   ...
2026-10-08T17:38:59.6026854Z # Subtest: a local file adapter preserves declared URL and original file bytes without claiming a network download
2026-10-08T17:38:59.6028084Z ok 61 - a local file adapter preserves declared URL and original file bytes without claiming a network download
2026-10-08T17:38:59.6028683Z   ---
2026-10-08T17:38:59.6029130Z   duration_ms: 4.402347
2026-10-08T17:38:59.6029478Z   type: 'test'
2026-10-08T17:38:59.6029796Z   ...
2026-10-08T17:38:59.6030674Z # Subtest: same URL updates produce new immutable locks; selecting approved old bytes stays offline and deterministic
2026-10-08T17:38:59.6031832Z ok 62 - same URL updates produce new immutable locks; selecting approved old bytes stays offline and deterministic
2026-10-08T17:38:59.6032439Z   ---
2026-10-08T17:38:59.6032939Z   duration_ms: 10.415788
2026-10-08T17:38:59.6033300Z   type: 'test'
2026-10-08T17:38:59.6034708Z   ...
2026-10-08T17:38:59.6035367Z # Subtest: SRI validates original bytes with SHA-256/384/512 and does not silently approve a mismatch
2026-10-08T17:38:59.6036458Z ok 63 - SRI validates original bytes with SHA-256/384/512 and does not silently approve a mismatch
2026-10-08T17:38:59.6037029Z   ---
2026-10-08T17:38:59.6037355Z   duration_ms: 8.681194
2026-10-08T17:38:59.6038030Z   type: 'test'
2026-10-08T17:38:59.6038363Z   ...
2026-10-08T17:38:59.6039224Z # Subtest: downloader rejects redirects, HTML/JSON, malformed UTF-8, private IPs and excess streaming bytes
2026-10-08T17:38:59.6040258Z ok 64 - downloader rejects redirects, HTML/JSON, malformed UTF-8, private IPs and excess streaming bytes
2026-10-08T17:38:59.6040995Z   ---
2026-10-08T17:38:59.6041329Z   duration_ms: 4.46269
2026-10-08T17:38:59.6041680Z   type: 'test'
2026-10-08T17:38:59.6042002Z   ...
2026-10-08T17:38:59.6042662Z # Subtest: permission revocation and stale host during network/hash work never commit an approvable review or lock
2026-10-08T17:38:59.6043612Z ok 65 - permission revocation and stale host during network/hash work never commit an approvable review or lock
2026-10-08T17:38:59.6044383Z   ---
2026-10-08T17:38:59.6044712Z   duration_ms: 5.169246
2026-10-08T17:38:59.6045066Z   type: 'test'
2026-10-08T17:38:59.6045873Z   ...
2026-10-08T17:38:59.6046571Z # Subtest: asset, review provenance and lock tampering fail closed; quota failure atomically rolls back prepared assets
2026-10-08T17:38:59.6047549Z ok 66 - asset, review provenance and lock tampering fail closed; quota failure atomically rolls back prepared assets
2026-10-08T17:38:59.6048150Z   ---
2026-10-08T17:38:59.6048470Z   duration_ms: 6.950696
2026-10-08T17:38:59.6048947Z   type: 'test'
2026-10-08T17:38:59.6049363Z   ...
2026-10-08T17:38:59.6050105Z # Subtest: ordinary JS and metadata-looking strings remain source; real BOM/blank-prefixed CRLF header is preserved
2026-10-08T17:38:59.6051063Z ok 67 - ordinary JS and metadata-looking strings remain source; real BOM/blank-prefixed CRLF header is preserved
2026-10-08T17:38:59.6051746Z   ---
2026-10-08T17:38:59.6052064Z   duration_ms: 2.76342
2026-10-08T17:38:59.6052406Z   type: 'test'
2026-10-08T17:38:59.6052730Z   ...
2026-10-08T17:38:59.6053391Z # Subtest: leading copyright comments do not hide real dependencies or privileges; malformed markers fail closed
2026-10-08T17:38:59.6054322Z ok 68 - leading copyright comments do not hide real dependencies or privileges; malformed markers fail closed
2026-10-08T17:38:59.6054908Z   ---
2026-10-08T17:38:59.6055225Z   duration_ms: 1.97797
2026-10-08T17:38:59.6055571Z   type: 'test'
2026-10-08T17:38:59.6055888Z   ...
2026-10-08T17:38:59.6056504Z # Subtest: standard unpinned @require is importable and reviewable, including duplicate execution order
2026-10-08T17:38:59.6057371Z ok 69 - standard unpinned @require is importable and reviewable, including duplicate execution order
2026-10-08T17:38:59.6057929Z   ---
2026-10-08T17:38:59.6058245Z   duration_ms: 0.582558
2026-10-08T17:38:59.6058588Z   type: 'test'
2026-10-08T17:38:59.6059176Z   ...
2026-10-08T17:38:59.6059902Z # Subtest: TM hex/Base64, SRI tokens, percent-encoded fragments and multiple strong hashes canonicalize without losing plus signs
2026-10-08T17:38:59.6061093Z ok 70 - TM hex/Base64, SRI tokens, percent-encoded fragments and multiple strong hashes canonicalize without losing plus signs
2026-10-08T17:38:59.6061737Z   ---
2026-10-08T17:38:59.6062052Z   duration_ms: 1.726852
2026-10-08T17:38:59.6062421Z   type: 'test'
2026-10-08T17:38:59.6062736Z   ...
2026-10-08T17:38:59.6063319Z # Subtest: malformed or conflicting integrity is preserved for diagnosis and cannot be admitted
2026-10-08T17:38:59.6064140Z ok 71 - malformed or conflicting integrity is preserved for diagnosis and cannot be admitted
2026-10-08T17:38:59.6064685Z   ---
2026-10-08T17:38:59.6065006Z   duration_ms: 0.76152
2026-10-08T17:38:59.6065349Z   type: 'test'
2026-10-08T17:38:59.6065669Z   ...
2026-10-08T17:38:59.6066292Z # Subtest: weak integrity does not masquerade as verified SRI; mixed declarations keep strong requirements
2026-10-08T17:38:59.6067163Z ok 72 - weak integrity does not masquerade as verified SRI; mixed declarations keep strong requirements
2026-10-08T17:38:59.6067720Z   ---
2026-10-08T17:38:59.6068048Z   duration_ms: 0.512775
2026-10-08T17:38:59.6068448Z   type: 'test'
2026-10-08T17:38:59.6068887Z   ...
2026-10-08T17:38:59.6069570Z # Subtest: relative dependencies use actual importer provenance, never a page URL or @downloadURL
2026-10-08T17:38:59.6070394Z ok 73 - relative dependencies use actual importer provenance, never a page URL or @downloadURL
2026-10-08T17:38:59.6071180Z   ---
2026-10-08T17:38:59.6071514Z   duration_ms: 0.903181
2026-10-08T17:38:59.6071855Z   type: 'test'
2026-10-08T17:38:59.6072169Z   ...
2026-10-08T17:38:59.6072908Z # Subtest: unsupported grants/resources/directives do not prevent import or hide later dependencies
2026-10-08T17:38:59.6073927Z ok 74 - unsupported grants/resources/directives do not prevent import or hide later dependencies
2026-10-08T17:38:59.6074485Z   ---
2026-10-08T17:38:59.6074816Z   duration_ms: 0.409507
2026-10-08T17:38:59.6075157Z   type: 'test'
2026-10-08T17:38:59.6075587Z   ...
2026-10-08T17:38:59.6076162Z # Subtest: entry modes remain explicit and native match/frame/timing mappings are inspectable
2026-10-08T17:38:59.6076951Z ok 75 - entry modes remain explicit and native match/frame/timing mappings are inspectable
2026-10-08T17:38:59.6077467Z   ---
2026-10-08T17:38:59.6077783Z   duration_ms: 1.03776
2026-10-08T17:38:59.6078133Z   type: 'test'
2026-10-08T17:38:59.6078450Z   ...
2026-10-08T17:38:59.6079390Z # Subtest: large valid headers no longer fail at 64 lines or 8 dependencies; real bounds fail closed with import diagnostics
2026-10-08T17:38:59.6080364Z ok 76 - large valid headers no longer fail at 64 lines or 8 dependencies; real bounds fail closed with import diagnostics
2026-10-08T17:38:59.6081349Z   ---
2026-10-08T17:38:59.6081663Z   duration_ms: 3.399554
2026-10-08T17:38:59.6082013Z   type: 'test'
2026-10-08T17:38:59.6082327Z   ...
2026-10-08T17:38:59.6082894Z # Subtest: daily development profile is deterministic per worktree, not fresh every invocation
2026-10-08T17:38:59.6083677Z ok 77 - daily development profile is deterministic per worktree, not fresh every invocation
2026-10-08T17:38:59.6084213Z   ---
2026-10-08T17:38:59.6084528Z   duration_ms: 0.874343
2026-10-08T17:38:59.6085278Z   type: 'test'
2026-10-08T17:38:59.6085636Z   ...
2026-10-08T17:38:59.6086109Z # Subtest: profile path rejects relative, unsafe or ambiguous names
2026-10-08T17:38:59.6086682Z ok 78 - profile path rejects relative, unsafe or ambiguous names
2026-10-08T17:38:59.6087107Z   ---
2026-10-08T17:38:59.6087405Z   duration_ms: 0.307651
2026-10-08T17:38:59.6087726Z   type: 'test'
2026-10-08T17:38:59.6088030Z   ...
2026-10-08T17:38:59.6088607Z # Subtest: interactive CFT flags preserve a single stable profile and extension location without bypasses
2026-10-08T17:38:59.6089794Z ok 79 - interactive CFT flags preserve a single stable profile and extension location without bypasses
2026-10-08T17:38:59.6090398Z   ---
2026-10-08T17:38:59.6090706Z   duration_ms: 0.609092
2026-10-08T17:38:59.6091035Z   type: 'test'
2026-10-08T17:38:59.6091479Z   ...
2026-10-08T17:38:59.6091937Z # Subtest: the formal native launcher remains isolated and unmodified
2026-10-08T17:38:59.6092540Z ok 80 - the formal native launcher remains isolated and unmodified
2026-10-08T17:38:59.6093001Z   ---
2026-10-08T17:38:59.6093323Z   duration_ms: 3.371048
2026-10-08T17:38:59.6093679Z   type: 'test'
2026-10-08T17:38:59.6094001Z   ...
2026-10-08T17:38:59.6094521Z # Subtest: startup permission check cannot reconnect after permission-removed
2026-10-08T17:38:59.6095226Z ok 81 - startup permission check cannot reconnect after permission-removed
2026-10-08T17:38:59.6095743Z   ---
2026-10-08T17:38:59.6096065Z   duration_ms: 4.140051
2026-10-08T17:38:59.6096415Z   type: 'test'
2026-10-08T17:38:59.6096736Z   ...
2026-10-08T17:38:59.6097200Z # Subtest: startup permission check cannot reconnect after dispose
2026-10-08T17:38:59.6097823Z ok 82 - startup permission check cannot reconnect after dispose
2026-10-08T17:38:59.6098272Z   ---
2026-10-08T17:38:59.6098594Z   duration_ms: 0.522822
2026-10-08T17:38:59.6099170Z   type: 'test'
2026-10-08T17:38:59.6099496Z   ...
2026-10-08T17:38:59.6099944Z # Subtest: reserved mutation never dispatches across disable
2026-10-08T17:38:59.6100833Z ok 83 - reserved mutation never dispatches across disable
2026-10-08T17:38:59.6101277Z   ---
2026-10-08T17:38:59.6101590Z   duration_ms: 7.293274
2026-10-08T17:38:59.6101929Z   type: 'test'
2026-10-08T17:38:59.6102251Z   ...
2026-10-08T17:38:59.6102896Z # Subtest: reserved mutation never dispatches across permission-removed
2026-10-08T17:38:59.6103557Z ok 84 - reserved mutation never dispatches across permission-removed
2026-10-08T17:38:59.6104025Z   ---
2026-10-08T17:38:59.6104344Z   duration_ms: 5.92703
2026-10-08T17:38:59.6104694Z   type: 'test'
2026-10-08T17:38:59.6105016Z   ...
2026-10-08T17:38:59.6105516Z # Subtest: reserved mutation never dispatches across disconnect-reconnect
2026-10-08T17:38:59.6106182Z ok 85 - reserved mutation never dispatches across disconnect-reconnect
2026-10-08T17:38:59.6106660Z   ---
2026-10-08T17:38:59.6106984Z   duration_ms: 5.895599
2026-10-08T17:38:59.6107334Z   type: 'test'
2026-10-08T17:38:59.6107658Z   ...
2026-10-08T17:38:59.6108130Z # Subtest: reserved mutation never dispatches across disable-enable
2026-10-08T17:38:59.6108873Z ok 86 - reserved mutation never dispatches across disable-enable
2026-10-08T17:38:59.6109331Z   ---
2026-10-08T17:38:59.6109653Z   duration_ms: 5.664312
2026-10-08T17:38:59.6110002Z   type: 'test'
2026-10-08T17:38:59.6110320Z   ...
2026-10-08T17:38:59.6110774Z # Subtest: reserved mutation never dispatches across dispose
2026-10-08T17:38:59.6111349Z ok 87 - reserved mutation never dispatches across dispose
2026-10-08T17:38:59.6111785Z   ---
2026-10-08T17:38:59.6112103Z   duration_ms: 5.654646
2026-10-08T17:38:59.6112453Z   type: 'test'
2026-10-08T17:38:59.6112780Z   ...
2026-10-08T17:38:59.6113309Z # Subtest: Native permission is rechecked immediately before dispatch
2026-10-08T17:38:59.6113945Z ok 88 - Native permission is rechecked immediately before dispatch
2026-10-08T17:38:59.6114410Z   ---
2026-10-08T17:38:59.6114823Z   duration_ms: 5.708354
2026-10-08T17:38:59.6115221Z   type: 'test'
2026-10-08T17:38:59.6115574Z   ...
2026-10-08T17:38:59.6116104Z # Subtest: a late disconnect from an old Native port cannot cancel a new connection request
2026-10-08T17:38:59.6116804Z ok 89 - a late disconnect from an old Native port cannot cancel a new connection request
2026-10-08T17:38:59.6117316Z   ---
2026-10-08T17:38:59.6117634Z   duration_ms: 11.482274
2026-10-08T17:38:59.6117981Z   type: 'test'
2026-10-08T17:38:59.6118288Z   ...
2026-10-08T17:38:59.6118744Z # Subtest: a pending enable permission check cannot overwrite disable
2026-10-08T17:38:59.6119477Z ok 90 - a pending enable permission check cannot overwrite disable
2026-10-08T17:38:59.6119938Z   ---
2026-10-08T17:38:59.6120437Z   duration_ms: 1.077665
2026-10-08T17:38:59.6120791Z   type: 'test'
2026-10-08T17:38:59.6121103Z   ...
2026-10-08T17:38:59.6121639Z # Subtest: a pending enable permission check cannot overwrite permission-removed
2026-10-08T17:38:59.6122501Z ok 91 - a pending enable permission check cannot overwrite permission-removed
2026-10-08T17:38:59.6122993Z   ---
2026-10-08T17:38:59.6123323Z   duration_ms: 1.582657
2026-10-08T17:38:59.6123679Z   type: 'test'
2026-10-08T17:38:59.6124009Z   ...
2026-10-08T17:38:59.6124499Z # Subtest: a pending enable storage write cannot persist over a newer disable
2026-10-08T17:38:59.6125167Z ok 92 - a pending enable storage write cannot persist over a newer disable
2026-10-08T17:38:59.6125642Z   ---
2026-10-08T17:38:59.6125962Z   duration_ms: 1.660674
2026-10-08T17:38:59.6126320Z   type: 'test'
2026-10-08T17:38:59.6126652Z   ...
2026-10-08T17:38:59.6127232Z # Subtest: an old Host ACK cannot match a new connection read with the same external requestId
2026-10-08T17:38:59.6128008Z ok 93 - an old Host ACK cannot match a new connection read with the same external requestId
2026-10-08T17:38:59.6128543Z   ---
2026-10-08T17:38:59.6129067Z   duration_ms: 15.80947
2026-10-08T17:38:59.6129424Z   type: 'test'
2026-10-08T17:38:59.6129740Z   ...
2026-10-08T17:38:59.6130261Z # Subtest: enabled Native handshake sends version and correct extension identity
2026-10-08T17:38:59.6130962Z ok 94 - enabled Native handshake sends version and correct extension identity
2026-10-08T17:38:59.6131453Z   ---
2026-10-08T17:38:59.6131772Z   duration_ms: 1.589368
2026-10-08T17:38:59.6132128Z   type: 'test'
2026-10-08T17:38:59.6132453Z   ...
2026-10-08T17:38:59.6133023Z # Subtest: default-off requires a packaged Settings sender and real granted Native permission
2026-10-08T17:38:59.6133829Z ok 95 - default-off requires a packaged Settings sender and real granted Native permission
2026-10-08T17:38:59.6134364Z   ---
2026-10-08T17:38:59.6134677Z   duration_ms: 0.284814
2026-10-08T17:38:59.6135026Z   type: 'test'
2026-10-08T17:38:59.6135362Z   ...
2026-10-08T17:38:59.6135960Z # Subtest: request hash journal deduplicates after real Host admission; conflicting bytes fail
2026-10-08T17:38:59.6136789Z ok 96 - request hash journal deduplicates after real Host admission; conflicting bytes fail
2026-10-08T17:38:59.6137356Z   ---
2026-10-08T17:38:59.6137671Z   duration_ms: 8.965817
2026-10-08T17:38:59.6138018Z   type: 'test'
2026-10-08T17:38:59.6138347Z   ...
2026-10-08T17:38:59.6160028Z # Subtest: dispatched but unanswered calls are never retried, even if same id reappears
2026-10-08T17:38:59.6163384Z ok 97 - dispatched but unanswered calls are never retried, even if same id reappears
2026-10-08T17:38:59.6180524Z   ---
2026-10-08T17:38:59.6182319Z   duration_ms: 8.192538
2026-10-08T17:38:59.6184688Z   type: 'test'
2026-10-08T17:38:59.6229140Z   ...
2026-10-08T17:38:59.6229799Z # Subtest: no live registered Host means no run reservation or Worker execution
2026-10-08T17:38:59.6259557Z ok 98 - no live registered Host means no run reservation or Worker execution
2026-10-08T17:38:59.6267636Z   ---
2026-10-08T17:38:59.6268030Z   duration_ms: 0.551779
2026-10-08T17:38:59.6268380Z   type: 'test'
2026-10-08T17:38:59.6268704Z   ...
2026-10-08T17:38:59.6269373Z # Subtest: run.get and run.stop cannot inspect arbitrary Sidebar-owned Run records
2026-10-08T17:38:59.6270076Z ok 99 - run.get and run.stop cannot inspect arbitrary Sidebar-owned Run records
2026-10-08T17:38:59.6270552Z   ---
2026-10-08T17:38:59.6270857Z   duration_ms: 1.543513
2026-10-08T17:38:59.6271187Z   type: 'test'
2026-10-08T17:38:59.6271498Z   ...
2026-10-08T17:38:59.6272077Z # Subtest: ACK journal write failure after Host action remains OUTCOME_UNKNOWN and never replays
2026-10-08T17:38:59.6272892Z ok 100 - ACK journal write failure after Host action remains OUTCOME_UNKNOWN and never replays
2026-10-08T17:38:59.6273410Z   ---
2026-10-08T17:38:59.6273787Z   duration_ms: 16.248574
2026-10-08T17:38:59.6274128Z   type: 'test'
2026-10-08T17:38:59.6274428Z   ...
2026-10-08T17:38:59.6275337Z # Subtest: run.get and run.stop remain pinned to the original authenticated Host registration
2026-10-08T17:38:59.6276109Z ok 101 - run.get and run.stop remain pinned to the original authenticated Host registration
2026-10-08T17:38:59.6276811Z   ---
2026-10-08T17:38:59.6277112Z   duration_ms: 20.378217
2026-10-08T17:38:59.6277439Z   type: 'test'
2026-10-08T17:38:59.6277744Z   ...
2026-10-08T17:38:59.6278295Z # Subtest: real macOS Chrome: packaged extension, trusted Options click and Native CLI handshake
2026-10-08T17:38:59.6279269Z ok 102 - real macOS Chrome: packaged extension, trusted Options click and Native CLI handshake # SKIP
2026-10-08T17:38:59.6279842Z   ---
2026-10-08T17:38:59.6280145Z   duration_ms: 0.409287
2026-10-08T17:38:59.6280469Z   type: 'test'
2026-10-08T17:38:59.6280776Z   ...
2026-10-08T17:38:59.6281275Z # Subtest: current target is live Sidebar snapshot, not active tab chosen by CLI
2026-10-08T17:38:59.6281961Z ok 103 - current target is live Sidebar snapshot, not active tab chosen by CLI
2026-10-08T17:38:59.6282444Z   ---
2026-10-08T17:38:59.6282743Z   duration_ms: 1.887884
2026-10-08T17:38:59.6283077Z   type: 'test'
2026-10-08T17:38:59.6283384Z   ...
2026-10-08T17:38:59.6283967Z # Subtest: external draft uses exact RunHost with frozen borrowed target and controller requestId
2026-10-08T17:38:59.6284770Z ok 104 - external draft uses exact RunHost with frozen borrowed target and controller requestId
2026-10-08T17:38:59.6285301Z   ---
2026-10-08T17:38:59.6285602Z   duration_ms: 0.662138
2026-10-08T17:38:59.6285920Z   type: 'test'
2026-10-08T17:38:59.6286215Z   ...
2026-10-08T17:38:59.6286728Z # Subtest: Host ACK correlation preserves the external Controller admission requestId
2026-10-08T17:38:59.6287463Z ok 105 - Host ACK correlation preserves the external Controller admission requestId
2026-10-08T17:38:59.6287959Z   ---
2026-10-08T17:38:59.6288265Z   duration_ms: 0.44228
2026-10-08T17:38:59.6288606Z   type: 'test'
2026-10-08T17:38:59.6289021Z   ...
2026-10-08T17:38:59.6289498Z # Subtest: permissions and document id fail before admission (no Chrome prompt)
2026-10-08T17:38:59.6298215Z ok 106 - permissions and document id fail before admission (no Chrome prompt)
2026-10-08T17:38:59.6298726Z   ---
2026-10-08T17:38:59.6310105Z   duration_ms: 1.830279
2026-10-08T17:38:59.6310624Z   type: 'test'
2026-10-08T17:38:59.6310996Z   ...
2026-10-08T17:38:59.6311520Z # Subtest: saved requires pinned exact revision and source hash
2026-10-08T17:38:59.6339480Z ok 107 - saved requires pinned exact revision and source hash
2026-10-08T17:38:59.6339820Z   ---
2026-10-08T17:38:59.6340012Z   duration_ms: 0.728146
2026-10-08T17:38:59.6340217Z   type: 'test'
2026-10-08T17:38:59.6340393Z   ...
2026-10-08T17:38:59.6340882Z # Subtest: run.get removes unrelated Sidebar run history from Controller snapshot projection
2026-10-08T17:38:59.6341764Z ok 108 - run.get removes unrelated Sidebar run history from Controller snapshot projection
2026-10-08T17:38:59.6342238Z   ---
2026-10-08T17:38:59.6356078Z   duration_ms: 0.328895
2026-10-08T17:38:59.6356329Z   type: 'test'
2026-10-08T17:38:59.6356522Z   ...
2026-10-08T17:38:59.6357017Z # Subtest: macOS isolated Native Host install, private socket, real wrapper and authenticated CLI IPC
2026-10-08T17:38:59.6357805Z ok 109 - macOS isolated Native Host install, private socket, real wrapper and authenticated CLI IPC # SKIP
2026-10-08T17:38:59.6358268Z   ---
2026-10-08T17:38:59.6358453Z   duration_ms: 1.252819
2026-10-08T17:38:59.6358664Z   type: 'test'
2026-10-08T17:38:59.6358973Z   ...
2026-10-08T17:38:59.6359422Z # Subtest: macOS Chrome for Testing uses its own manifest and cannot replace Google Chrome registration
2026-10-08T17:38:59.6360151Z ok 110 - macOS Chrome for Testing uses its own manifest and cannot replace Google Chrome registration # SKIP
2026-10-08T17:38:59.6360594Z   ---
2026-10-08T17:38:59.6360770Z   duration_ms: 0.162044
2026-10-08T17:38:59.6360974Z   type: 'test'
2026-10-08T17:38:59.6361155Z   ...
2026-10-08T17:38:59.6361942Z # Subtest: macOS Chrome for Testing manifest is isolated from regular Chrome and launches the real native host
2026-10-08T17:38:59.6362747Z ok 111 - macOS Chrome for Testing manifest is isolated from regular Chrome and launches the real native host # SKIP
2026-10-08T17:38:59.6363379Z   ---
2026-10-08T17:38:59.6363562Z   duration_ms: 0.121417
2026-10-08T17:38:59.6363779Z   type: 'test'
2026-10-08T17:38:59.6363964Z   ...
2026-10-08T17:38:59.6364319Z # Subtest: identity is pinned; invalid origin cannot launch a server
2026-10-08T17:38:59.6364824Z ok 112 - identity is pinned; invalid origin cannot launch a server
2026-10-08T17:38:59.6365154Z   ---
2026-10-08T17:38:59.6365340Z   duration_ms: 1.48667
2026-10-08T17:38:59.6365552Z   type: 'test'
2026-10-08T17:38:59.6365737Z   ...
2026-10-08T17:38:59.6366156Z # Subtest: framed Chrome welcome, authenticated local IPC, request and exact response
2026-10-08T17:38:59.6366794Z ok 113 - framed Chrome welcome, authenticated local IPC, request and exact response
2026-10-08T17:38:59.6367182Z   ---
2026-10-08T17:38:59.6367498Z   duration_ms: 10.52109
2026-10-08T17:38:59.6367717Z   type: 'test'
2026-10-08T17:38:59.6367900Z   ...
2026-10-08T17:38:59.6368250Z # Subtest: duplicate inflight request ID is rejected, not dispatched again
2026-10-08T17:38:59.6409463Z ok 114 - duplicate inflight request ID is rejected, not dispatched again
2026-10-08T17:38:59.6409934Z   ---
2026-10-08T17:38:59.6410139Z   duration_ms: 3.079463
2026-10-08T17:38:59.6410365Z   type: 'test'
2026-10-08T17:38:59.6410551Z   ...
2026-10-08T17:38:59.6411033Z # Subtest: unacknowledged dispatched effects become unknown on native shutdown
2026-10-08T17:38:59.6411629Z ok 115 - unacknowledged dispatched effects become unknown on native shutdown
2026-10-08T17:38:59.6411995Z   ---
2026-10-08T17:38:59.6412185Z   duration_ms: 2.749757
2026-10-08T17:38:59.6412401Z   type: 'test'
2026-10-08T17:38:59.6412590Z   ...
2026-10-08T17:38:59.6412914Z # Subtest: wrong credential is rejected without local API access
2026-10-08T17:38:59.6413398Z ok 116 - wrong credential is rejected without local API access
2026-10-08T17:38:59.6413709Z   ---
2026-10-08T17:38:59.6413895Z   duration_ms: 3.419197
2026-10-08T17:38:59.6414108Z   type: 'test'
2026-10-08T17:38:59.6414305Z   ...
2026-10-08T17:38:59.6414673Z # Subtest: handshake timeout closes the private socket without stale reuse
2026-10-08T17:38:59.6415210Z ok 117 - handshake timeout closes the private socket without stale reuse
2026-10-08T17:38:59.6415554Z   ---
2026-10-08T17:38:59.6415741Z   duration_ms: 100.840126
2026-10-08T17:38:59.6415962Z   type: 'test'
2026-10-08T17:38:59.6416145Z   ...
2026-10-08T17:38:59.6416476Z # Subtest: native response timeout preserves unknown-effect outcome
2026-10-08T17:38:59.6416941Z ok 118 - native response timeout preserves unknown-effect outcome
2026-10-08T17:38:59.6417263Z   ---
2026-10-08T17:38:59.6417452Z   duration_ms: 42.797309
2026-10-08T17:38:59.6417663Z   type: 'test'
2026-10-08T17:38:59.6417842Z   ...
2026-10-08T17:38:59.6418182Z # Subtest: existing socket is never unlinked or replaced by a second host
2026-10-08T17:38:59.6418687Z ok 119 - existing socket is never unlinked or replaced by a second host
2026-10-08T17:38:59.6419250Z   ---
2026-10-08T17:38:59.6419427Z   duration_ms: 1.105153
2026-10-08T17:38:59.6419635Z   type: 'test'
2026-10-08T17:38:59.6419808Z   ...
2026-10-08T17:38:59.6420183Z # Subtest: Native remains optional after merging the current permission catalog
2026-10-08T17:38:59.6420737Z ok 120 - Native remains optional after merging the current permission catalog
2026-10-08T17:38:59.6421078Z   ---
2026-10-08T17:38:59.6421250Z   duration_ms: 4.338523
2026-10-08T17:38:59.6421460Z   type: 'test'
2026-10-08T17:38:59.6421633Z   ...
2026-10-08T17:38:59.6422001Z # Subtest: strict production SW budget and fixed packaged Native transport entry
2026-10-08T17:38:59.6422552Z ok 121 - strict production SW budget and fixed packaged Native transport entry
2026-10-08T17:38:59.6422912Z   ---
2026-10-08T17:38:59.6423089Z   duration_ms: 0.236274
2026-10-08T17:38:59.6423295Z   type: 'test'
2026-10-08T17:38:59.6423782Z   ...
2026-10-08T17:38:59.6424117Z # Subtest: single exact same-extension static import allowed in SW only
2026-10-08T17:38:59.6424590Z ok 122 - single exact same-extension static import allowed in SW only
2026-10-08T17:38:59.6425053Z   ---
2026-10-08T17:38:59.6425228Z   duration_ms: 5.368971
2026-10-08T17:38:59.6425430Z   type: 'test'
2026-10-08T17:38:59.6425607Z   ...
2026-10-08T17:38:59.6426072Z # Subtest: fixed transport registers listeners on the original SW APIs; default-off does not connect
2026-10-08T17:38:59.6426761Z ok 123 - fixed transport registers listeners on the original SW APIs; default-off does not connect
2026-10-08T17:38:59.6427166Z   ---
2026-10-08T17:38:59.6427345Z   duration_ms: 0.415817
2026-10-08T17:38:59.6427544Z   type: 'test'
2026-10-08T17:38:59.6427722Z   ...
2026-10-08T17:38:59.6428120Z # Subtest: native framing uses UTF-8 byte length and handles split multibyte boundaries
2026-10-08T17:38:59.6428731Z ok 124 - native framing uses UTF-8 byte length and handles split multibyte boundaries
2026-10-08T17:38:59.6429240Z   ---
2026-10-08T17:38:59.6429425Z   duration_ms: 0.889118
2026-10-08T17:38:59.6429625Z   type: 'test'
2026-10-08T17:38:59.6429801Z   ...
2026-10-08T17:38:59.6430176Z # Subtest: private CLI line framing has bounded buffer and independent messages
2026-10-08T17:38:59.6430720Z ok 125 - private CLI line framing has bounded buffer and independent messages
2026-10-08T17:38:59.6431073Z   ---
2026-10-08T17:38:59.6431245Z   duration_ms: 1.131602
2026-10-08T17:38:59.6431446Z   type: 'test'
2026-10-08T17:38:59.6431627Z   ...
2026-10-08T17:38:59.6432012Z # Subtest: reject unsupported transport operations and malformed browser requests
2026-10-08T17:38:59.6432594Z ok 126 - reject unsupported transport operations and malformed browser requests
2026-10-08T17:38:59.6432945Z   ---
2026-10-08T17:38:59.6433119Z   duration_ms: 0.235884
2026-10-08T17:38:59.6433322Z   type: 'test'
2026-10-08T17:38:59.6433500Z   ...
2026-10-08T17:38:59.6433922Z # Subtest: stable digest pins equivalent JSON key order and rejects prototype pollution
2026-10-08T17:38:59.6434566Z ok 127 - stable digest pins equivalent JSON key order and rejects prototype pollution
2026-10-08T17:38:59.6434940Z   ---
2026-10-08T17:38:59.6435117Z   duration_ms: 3.955119
2026-10-08T17:38:59.6435317Z   type: 'test'
2026-10-08T17:38:59.6435498Z   ...
2026-10-08T17:38:59.6436268Z # {"kind":"historical-package-mutation","expectedPattern":"Dynamic execution reference","actualError":"Dynamic execution reference in agents/health.js: eval"}
2026-10-08T17:38:59.6437438Z # {"kind":"historical-package-mutation","expectedPattern":"Dynamic execution reference","actualError":"Dynamic execution reference in agents/health.js: Function"}
2026-10-08T17:38:59.6438327Z # Subtest: final classic scanner rejects eval alias and function-constructor references
2026-10-08T17:38:59.6445209Z ok 128 - final classic scanner rejects eval alias and function-constructor references
2026-10-08T17:38:59.6445615Z   ---
2026-10-08T17:38:59.6445796Z   duration_ms: 798.395926
2026-10-08T17:38:59.6446026Z   type: 'test'
2026-10-08T17:38:59.6446200Z   ...
2026-10-08T17:38:59.9742441Z # {"kind":"historical-package-mutation","expectedPattern":"ENOENT|Missing","actualError":"Missing required resource: ui/tool-shell.css"}
2026-10-08T17:38:59.9776544Z # Subtest: final package cannot omit a referenced local asset
2026-10-08T17:38:59.9777522Z ok 129 - final package cannot omit a referenced local asset
2026-10-08T17:38:59.9778053Z   ---
2026-10-08T17:38:59.9778512Z   duration_ms: 359.51086
2026-10-08T17:38:59.9779559Z   type: 'test'
2026-10-08T17:38:59.9779900Z   ...
2026-10-08T17:39:00.6297084Z # {"kind":"historical-package-mutation","expectedPattern":"Unsafe HTML","actualError":"Unsafe HTML resources in ui/tool.html"}
2026-10-08T17:39:00.9222936Z # {"kind":"historical-package-mutation","expectedPattern":"Unexpected JS","actualError":"Unexpected JS/chunks: agents/bootstrap.js,agents/health.js,agents/page-agent.js,agents/page-relay.js,agents/selection-entry.js,chunk.js,framework/sdk-main.js,native-agent/settings.js,native-agent/transport.js,scripting/packaged/page-session.js,scripting/sandbox/sandbox.js,scripting/sandbox/worker-runtime.js,sw.js,ui/tool-shell.js,vendor/jquery-3.7.1.min.js"}
2026-10-08T17:39:00.9244103Z # Subtest: remote script and unexpected lazy chunk fail final package verification
2026-10-08T17:39:00.9246239Z ok 130 - remote script and unexpected lazy chunk fail final package verification
2026-10-08T17:39:00.9247274Z   ---
2026-10-08T17:39:00.9248191Z   duration_ms: 946.785145
2026-10-08T17:39:00.9249275Z   type: 'test'
2026-10-08T17:39:00.9250130Z   ...
2026-10-08T17:39:01.2187014Z # {"kind":"historical-package-mutation","expectedPattern":"Missing|required|ENOENT","actualError":"Missing required resource: ui/tool.html"}
2026-10-08T17:39:01.4721521Z # {"kind":"historical-package-mutation","expectedPattern":"worker|entry|Missing","actualError":"Unexpected or missing worker entry"}
2026-10-08T17:39:01.4737699Z # Subtest: final package requires tool HTML/CSS and manifest worker references
2026-10-08T17:39:01.4738090Z ok 131 - final package requires tool HTML/CSS and manifest worker references
2026-10-08T17:39:01.4738333Z   ---
2026-10-08T17:39:01.4738479Z   duration_ms: 549.573208
2026-10-08T17:39:01.4738616Z   type: 'test'
2026-10-08T17:39:01.4738734Z   ...
2026-10-08T17:39:01.4899430Z # Subtest: pasting @require only inspects; trusted acquisition requests permission synchronously and full-hash approval unlocks unsaved edits
2026-10-08T17:39:01.4900513Z ok 132 - pasting @require only inspects; trusted acquisition requests permission synchronously and full-hash approval unlocks unsaved edits
2026-10-08T17:39:01.4901076Z   ---
2026-10-08T17:39:01.4901244Z   duration_ms: 20.18285
2026-10-08T17:39:01.4901446Z   type: 'test'
2026-10-08T17:39:01.4901625Z   ...
2026-10-08T17:39:01.4902152Z # Subtest: changing declarations clears an old lock and a late old review cannot replace the current source or become approvable
2026-10-08T17:39:01.4903058Z ok 133 - changing declarations clears an old lock and a late old review cannot replace the current source or become approvable
2026-10-08T17:39:01.4903549Z   ---
2026-10-08T17:39:01.4903727Z   duration_ms: 4.449566
2026-10-08T17:39:01.4903945Z   type: 'test'
2026-10-08T17:39:01.4904124Z   ...
2026-10-08T17:39:01.4904637Z # Subtest: approved cached bytes can be locked for explicitly selected classic mode without a CDN permission prompt
2026-10-08T17:39:01.4905439Z ok 134 - approved cached bytes can be locked for explicitly selected classic mode without a CDN permission prompt
2026-10-08T17:39:01.4905900Z   ---
2026-10-08T17:39:01.4906075Z   duration_ms: 3.842271
2026-10-08T17:39:01.4906284Z   type: 'test'
2026-10-08T17:39:01.4906463Z   ...
2026-10-08T17:39:01.4906984Z # Subtest: permission refusal stops acquisition and local files preserve their original bytes without a CDN request
2026-10-08T17:39:01.4907809Z ok 135 - permission refusal stops acquisition and local files preserve their original bytes without a CDN request
2026-10-08T17:39:01.4908272Z   ---
2026-10-08T17:39:01.4908456Z   duration_ms: 3.610753
2026-10-08T17:39:01.4908660Z   type: 'test'
2026-10-08T17:39:01.4908952Z   ...
2026-10-08T17:39:01.4909503Z # Subtest: add dependency edits only the true metadata block, leaves examples intact and refuses to hide an incomplete header
2026-10-08T17:39:01.4910398Z ok 136 - add dependency edits only the true metadata block, leaves examples intact and refuses to hide an incomplete header
2026-10-08T17:39:01.4910892Z   ---
2026-10-08T17:39:01.4911071Z   duration_ms: 2.298097
2026-10-08T17:39:01.4911273Z   type: 'test'
2026-10-08T17:39:01.4911454Z   ...
2026-10-08T17:39:01.4912050Z # Subtest: closing or changing source while permission/file reading is pending cancels acquisition and old approval handlers
2026-10-08T17:39:01.4912937Z ok 137 - closing or changing source while permission/file reading is pending cancels acquisition and old approval handlers
2026-10-08T17:39:01.4913425Z   ---
2026-10-08T17:39:01.4913602Z   duration_ms: 5.286214
2026-10-08T17:39:01.4914143Z   type: 'test'
2026-10-08T17:39:01.4914323Z   ...
2026-10-08T17:39:01.4914796Z # Subtest: review freezes dependency source selectors and lock status does not claim cache verification
2026-10-08T17:39:01.4915692Z ok 138 - review freezes dependency source selectors and lock status does not claim cache verification
2026-10-08T17:39:01.4916120Z   ---
2026-10-08T17:39:01.4916295Z   duration_ms: 1.8143
2026-10-08T17:39:01.4916504Z   type: 'test'
2026-10-08T17:39:01.4916680Z   ...
2026-10-08T17:39:01.4917201Z # Subtest: a late dependency inspection cannot replace the admission of current metadata with the old source policy
2026-10-08T17:39:01.4918012Z ok 139 - a late dependency inspection cannot replace the admission of current metadata with the old source policy
2026-10-08T17:39:01.4918477Z   ---
2026-10-08T17:39:01.4918654Z   duration_ms: 4.842906
2026-10-08T17:39:01.4918977Z   type: 'test'
2026-10-08T17:39:01.4919153Z   ...
2026-10-08T17:39:01.4919649Z # Subtest: repairing metadata during inspection uses current admission and retains a dependency-only lock
2026-10-08T17:39:01.4920406Z ok 140 - repairing metadata during inspection uses current admission and retains a dependency-only lock
2026-10-08T17:39:01.4920848Z   ---
2026-10-08T17:39:01.4921021Z   duration_ms: 2.031758
2026-10-08T17:39:01.4921222Z   type: 'test'
2026-10-08T17:39:01.4921403Z   ...
2026-10-08T17:39:01.4921949Z # Subtest: a newly unsupported policy cancels acquisition after the permission await even when dependencies are unchanged
2026-10-08T17:39:01.4922809Z ok 141 - a newly unsupported policy cancels acquisition after the permission await even when dependencies are unchanged
2026-10-08T17:39:01.4923291Z   ---
2026-10-08T17:39:01.4923465Z   duration_ms: 6.452679
2026-10-08T17:39:01.4923668Z   type: 'test'
2026-10-08T17:39:01.4923847Z   ...
2026-10-08T17:39:01.4924311Z # Subtest: approval revalidates current source even when an importer did not dispatch an input event
2026-10-08T17:39:01.4925036Z ok 142 - approval revalidates current source even when an importer did not dispatch an input event
2026-10-08T17:39:01.4925454Z   ---
2026-10-08T17:39:01.4925630Z   duration_ms: 5.175008
2026-10-08T17:39:01.4925834Z   type: 'test'
2026-10-08T17:39:01.4926015Z   ...
2026-10-08T17:39:01.4926512Z # Subtest: declared antifeatures remain visible as untrusted plain text through inspection and source edits
2026-10-08T17:39:01.4927290Z ok 143 - declared antifeatures remain visible as untrusted plain text through inspection and source edits
2026-10-08T17:39:01.4927728Z   ---
2026-10-08T17:39:01.4927901Z   duration_ms: 1.420788
2026-10-08T17:39:01.4928109Z   type: 'test'
2026-10-08T17:39:01.4928293Z   ...
2026-10-08T17:39:01.4928667Z # Subtest: explicit legacy adapter preserves R3 frozen USER_SCRIPT descriptors
2026-10-08T17:39:01.4929273Z ok 144 - explicit legacy adapter preserves R3 frozen USER_SCRIPT descriptors
2026-10-08T17:39:01.4929602Z   ---
2026-10-08T17:39:01.4929770Z   duration_ms: 4.893002
2026-10-08T17:39:01.4929967Z   type: 'test'
2026-10-08T17:39:01.4930142Z   ...
2026-10-08T17:39:01.4930503Z # Subtest: new pinned revision obtains different world and old revision unchanged
2026-10-08T17:39:01.4931041Z ok 145 - new pinned revision obtains different world and old revision unchanged
2026-10-08T17:39:01.4931378Z   ---
2026-10-08T17:39:01.4931546Z   duration_ms: 1.28942
2026-10-08T17:39:01.4931741Z   type: 'test'
2026-10-08T17:39:01.4931912Z   ...
2026-10-08T17:39:01.4932353Z # Subtest: fails closed without existing broker Available+install grant or with altered script hash
2026-10-08T17:39:01.4933002Z ok 146 - fails closed without existing broker Available+install grant or with altered script hash
2026-10-08T17:39:01.4933390Z   ---
2026-10-08T17:39:01.4933566Z   duration_ms: 1.545045
2026-10-08T17:39:01.4933755Z   type: 'test'
2026-10-08T17:39:01.4933924Z   ...
2026-10-08T17:39:01.4934299Z # Subtest: dependency version/sha/world lock enforced, library failure blocks injection
2026-10-08T17:39:01.4935085Z ok 147 - dependency version/sha/world lock enforced, library failure blocks injection
2026-10-08T17:39:01.4935457Z   ---
2026-10-08T17:39:01.4935632Z   duration_ms: 1.518224
2026-10-08T17:39:01.4935826Z   type: 'test'
2026-10-08T17:39:01.4936140Z   ...
2026-10-08T17:39:01.4936640Z # Subtest: D1 Page contract consumes actual manager locks and preserves generic classic globals without a wrapper
2026-10-08T17:39:01.4937404Z ok 148 - D1 Page contract consumes actual manager locks and preserves generic classic globals without a wrapper
2026-10-08T17:39:01.4937837Z   ---
2026-10-08T17:39:01.4938010Z   duration_ms: 33.767139
2026-10-08T17:39:01.4938216Z   type: 'test'
2026-10-08T17:39:01.4938388Z   ...
2026-10-08T17:39:01.4939007Z # Subtest: async-main Page revisions share immutable dependencies while registration identities remain isolated
2026-10-08T17:39:01.4939768Z ok 149 - async-main Page revisions share immutable dependencies while registration identities remain isolated
2026-10-08T17:39:01.4940212Z   ---
2026-10-08T17:39:01.4940386Z   duration_ms: 17.429045
2026-10-08T17:39:01.4940598Z   type: 'test'
2026-10-08T17:39:01.4940772Z   ...
2026-10-08T17:39:01.4941271Z # Subtest: full Page authority proof binds kind, entry, revision, dependency identity and every rule, not only matches
2026-10-08T17:39:01.4942074Z ok 150 - full Page authority proof binds kind, entry, revision, dependency identity and every rule, not only matches
2026-10-08T17:39:01.4942522Z   ---
2026-10-08T17:39:01.4942694Z   duration_ms: 22.269308
2026-10-08T17:39:01.4942895Z   type: 'test'
2026-10-08T17:39:01.4943070Z   ...
2026-10-08T17:39:01.4943570Z # Subtest: Page source/metadata/asset tampering is blocked and old Controller/R3 formats require an explicit path
2026-10-08T17:39:01.4944340Z ok 151 - Page source/metadata/asset tampering is blocked and old Controller/R3 formats require an explicit path
2026-10-08T17:39:01.4944783Z   ---
2026-10-08T17:39:01.4944951Z   duration_ms: 24.970433
2026-10-08T17:39:01.4945152Z   type: 'test'
2026-10-08T17:39:01.4945330Z   ...
2026-10-08T17:39:01.4945817Z # Subtest: named async main() evaluates in exact USER_SCRIPT main document without durable Task or registration
2026-10-08T17:39:01.4946546Z ok 152 - named async main() evaluates in exact USER_SCRIPT main document without durable Task or registration
2026-10-08T17:39:01.4946983Z   ---
2026-10-08T17:39:01.4947152Z   duration_ms: 7.899867
2026-10-08T17:39:01.4947377Z   type: 'test'
2026-10-08T17:39:01.4947550Z   ...
2026-10-08T17:39:01.4948030Z # Subtest: no injection after document change, permission revoke, Controller slot, invalid sender or API opt-in
2026-10-08T17:39:01.4949527Z ok 153 - no injection after document change, permission revoke, Controller slot, invalid sender or API opt-in
2026-10-08T17:39:01.4949976Z   ---
2026-10-08T17:39:01.4950147Z   duration_ms: 6.087389
2026-10-08T17:39:01.4950406Z   type: 'test'
2026-10-08T17:39:01.4950599Z   ...
2026-10-08T17:39:01.4951056Z # Subtest: incorrect browser document receipt and native script errors cannot claim success
2026-10-08T17:39:01.4951706Z ok 154 - incorrect browser document receipt and native script errors cannot claim success
2026-10-08T17:39:01.4952112Z   ---
2026-10-08T17:39:01.4952286Z   duration_ms: 6.495403
2026-10-08T17:39:01.4952483Z   type: 'test'
2026-10-08T17:39:01.4952654Z   ...
2026-10-08T17:39:01.4953094Z # Subtest: source, site and requested execution world cannot be forged through preview protocol
2026-10-08T17:39:01.4953796Z ok 155 - source, site and requested execution world cannot be forged through preview protocol
2026-10-08T17:39:01.4954211Z   ---
2026-10-08T17:39:01.4954386Z   duration_ms: 0.733905
2026-10-08T17:39:01.4954576Z   type: 'test'
2026-10-08T17:39:01.4954747Z   ...
2026-10-08T17:39:01.4955168Z # Subtest: verified pinned jQuery bytes precede preview main, without Service Worker evaluation
2026-10-08T17:39:01.4955824Z ok 156 - verified pinned jQuery bytes precede preview main, without Service Worker evaluation
2026-10-08T17:39:01.4956210Z   ---
2026-10-08T17:39:01.4956379Z   duration_ms: 7.135998
2026-10-08T17:39:01.4956744Z   type: 'test'
2026-10-08T17:39:01.4956917Z   ...
2026-10-08T17:39:01.4957366Z # Subtest: manifest and build verifier accept broad required sites and a finite API permission catalog
2026-10-08T17:39:01.4958191Z ok 157 - manifest and build verifier accept broad required sites and a finite API permission catalog
2026-10-08T17:39:01.4958599Z   ---
2026-10-08T17:39:01.4958881Z   duration_ms: 4.55206
2026-10-08T17:39:01.4959083Z   type: 'test'
2026-10-08T17:39:01.4959252Z   ...
2026-10-08T17:39:01.4959689Z # Subtest: declared optional plugin permission requests reject unknown, required and duplicate names
2026-10-08T17:39:01.4960373Z ok 158 - declared optional plugin permission requests reject unknown, required and duplicate names
2026-10-08T17:39:01.4960774Z   ---
2026-10-08T17:39:01.4960939Z   duration_ms: 0.39254
2026-10-08T17:39:01.4961131Z   type: 'test'
2026-10-08T17:39:01.4961303Z   ...
2026-10-08T17:39:01.4961728Z # Subtest: API grant starts synchronously inside trusted UI click and verifies the native state
2026-10-08T17:39:01.4962362Z ok 159 - API grant starts synchronously inside trusted UI click and verifies the native state
2026-10-08T17:39:01.4962745Z   ---
2026-10-08T17:39:01.4962915Z   duration_ms: 0.525791
2026-10-08T17:39:01.4963107Z   type: 'test'
2026-10-08T17:39:01.4963278Z   ...
2026-10-08T17:39:01.4963656Z # Subtest: a plugin cannot silently escalate permissions on deny or an untrusted event
2026-10-08T17:39:01.4964226Z ok 160 - a plugin cannot silently escalate permissions on deny or an untrusted event
2026-10-08T17:39:01.4964578Z   ---
2026-10-08T17:39:01.4964746Z   duration_ms: 0.247292
2026-10-08T17:39:01.4964938Z   type: 'test'
2026-10-08T17:39:01.4965106Z   ...
2026-10-08T17:39:01.4965579Z # Subtest: three-file ESM Page project becomes one locally hashed JS consumed by existing USER_SCRIPT compiler
2026-10-08T17:39:01.4966318Z ok 161 - three-file ESM Page project becomes one locally hashed JS consumed by existing USER_SCRIPT compiler
2026-10-08T17:39:01.4966734Z   ---
2026-10-08T17:39:01.4966915Z   duration_ms: 611.378961
2026-10-08T17:39:01.4967118Z   type: 'test'
2026-10-08T17:39:01.4967290Z   ...
2026-10-08T17:39:01.4967823Z # Subtest: Controller ESM project produces the existing genuine Task v1 Candidate import format, not an Available claim
2026-10-08T17:39:01.4968648Z ok 162 - Controller ESM project produces the existing genuine Task v1 Candidate import format, not an Available claim
2026-10-08T17:39:01.4969196Z   ---
2026-10-08T17:39:01.4969373Z   duration_ms: 155.644475
2026-10-08T17:39:01.4969572Z   type: 'test'
2026-10-08T17:39:01.4969733Z   ...
2026-10-08T17:39:01.4970259Z # Subtest: development mode emits readable program JS, draft metadata and a separate local source map only
2026-10-08T17:39:01.4970931Z ok 163 - development mode emits readable program JS, draft metadata and a separate local source map only
2026-10-08T17:39:01.4971323Z   ---
2026-10-08T17:39:01.4971494Z   duration_ms: 74.459309
2026-10-08T17:39:01.4971688Z   type: 'test'
2026-10-08T17:39:01.4971854Z   ...
2026-10-08T17:39:01.4972291Z # Subtest: development source map maps final generated throw position back to local authoring module
2026-10-08T17:39:01.4972956Z ok 164 - development source map maps final generated throw position back to local authoring module
2026-10-08T17:39:01.4973347Z   ---
2026-10-08T17:39:01.4973510Z   duration_ms: 30.721125
2026-10-08T17:39:01.4973717Z   type: 'test'
2026-10-08T17:39:01.4973882Z   ...
2026-10-08T17:39:01.4974281Z # Subtest: an unbundled asset is rejected rather than included in a supposedly complete project
2026-10-08T17:39:01.4974884Z ok 165 - an unbundled asset is rejected rather than included in a supposedly complete project
2026-10-08T17:39:01.4975259Z   ---
2026-10-08T17:39:01.4975431Z   duration_ms: 7.893327
2026-10-08T17:39:01.4975628Z   type: 'test'
2026-10-08T17:39:01.4975798Z   ...
2026-10-08T17:39:01.4976201Z # Subtest: webpack dependency failures report project, phase and importing source location
2026-10-08T17:39:01.4976998Z ok 166 - webpack dependency failures report project, phase and importing source location
2026-10-08T17:39:01.4977370Z   ---
2026-10-08T17:39:01.4977532Z   duration_ms: 118.730591
2026-10-08T17:39:01.4977724Z   type: 'test'
2026-10-08T17:39:01.4977994Z   ...
2026-10-08T17:39:01.4978308Z # Subtest: untrusted remote and dynamic ESM imports are rejected before Webpack
2026-10-08T17:39:01.4978952Z ok 167 - untrusted remote and dynamic ESM imports are rejected before Webpack
2026-10-08T17:39:01.4979271Z   ---
2026-10-08T17:39:01.4979429Z   duration_ms: 5.033595
2026-10-08T17:39:01.4979612Z   type: 'test'
2026-10-08T17:39:01.4979778Z   ...
2026-10-08T17:39:01.4980160Z # Subtest: a frozen output directory rejects replacement without quietly publishing new bytes
2026-10-08T17:39:01.4980732Z ok 168 - a frozen output directory rejects replacement without quietly publishing new bytes
2026-10-08T17:39:01.4981082Z   ---
2026-10-08T17:39:01.4981235Z   duration_ms: 240.356484
2026-10-08T17:39:01.4981417Z   type: 'test'
2026-10-08T17:39:01.4981580Z   ...
2026-10-08T17:39:01.4981979Z # Subtest: matching archive reuses only recorded component scope and retains untested/failed cases
2026-10-08T17:39:01.4982681Z ok 169 - matching archive reuses only recorded component scope and retains untested/failed cases
2026-10-08T17:39:01.4983079Z   ---
2026-10-08T17:39:01.4983266Z   duration_ms: 86.45945
2026-10-08T17:39:01.4983474Z   type: 'test'
2026-10-08T17:39:01.4983656Z   ...
2026-10-08T17:39:01.4984047Z # Subtest: documentation and observer changes alone do not invalidate product inputs
2026-10-08T17:39:01.4984636Z ok 170 - documentation and observer changes alone do not invalidate product inputs
2026-10-08T17:39:01.4985025Z   ---
2026-10-08T17:39:01.4985192Z   duration_ms: 72.62673
2026-10-08T17:39:01.4985398Z   type: 'test'
2026-10-08T17:39:01.4985579Z   ...
2026-10-08T17:39:01.4986015Z # Subtest: changed source, dependency, manifest and fixture are reported without rewriting old PASS
2026-10-08T17:39:01.4986699Z ok 171 - changed source, dependency, manifest and fixture are reported without rewriting old PASS
2026-10-08T17:39:01.4987115Z   ---
2026-10-08T17:39:01.4987277Z   duration_ms: 76.663939
2026-10-08T17:39:01.4987493Z   type: 'test'
2026-10-08T17:39:01.4987661Z   ...
2026-10-08T17:39:01.4987997Z # Subtest: unknown or different package identity cannot authorize reuse
2026-10-08T17:39:01.4988491Z ok 172 - unknown or different package identity cannot authorize reuse
2026-10-08T17:39:01.4988919Z   ---
2026-10-08T17:39:01.4989104Z   duration_ms: 80.027746
2026-10-08T17:39:01.4989299Z   type: 'test'
2026-10-08T17:39:01.4989454Z   ...
2026-10-08T17:39:01.4989729Z # Subtest: trusted index hash rejects edited index
2026-10-08T17:39:01.4990052Z ok 173 - trusted index hash rejects edited index
2026-10-08T17:39:01.4990344Z   ---
2026-10-08T17:39:01.4990504Z   duration_ms: 36.780939
2026-10-08T17:39:01.4990742Z   type: 'test'
2026-10-08T17:39:01.4990932Z   ...
2026-10-08T17:39:01.4991261Z # Subtest: missing, changed and duplicate raw evidence prevents reuse
2026-10-08T17:39:01.4991770Z ok 174 - missing, changed and duplicate raw evidence prevents reuse
2026-10-08T17:39:01.4992082Z   ---
2026-10-08T17:39:01.4992260Z   duration_ms: 104.128035
2026-10-08T17:39:01.4992456Z   type: 'test'
2026-10-08T17:39:01.4992638Z   ...
2026-10-08T17:39:01.4992940Z # Subtest: archive paths reject traversal and symlink escape
2026-10-08T17:39:01.4993372Z ok 175 - archive paths reject traversal and symlink escape
2026-10-08T17:39:01.4993659Z   ---
2026-10-08T17:39:01.4993843Z   duration_ms: 113.019524
2026-10-08T17:39:01.4994035Z   type: 'test'
2026-10-08T17:39:01.4994219Z   ...
2026-10-08T17:39:01.4994719Z # Subtest: service results, wrong revision/document and incomplete retirement cannot replace controller result
2026-10-08T17:39:01.4995490Z ok 176 - service results, wrong revision/document and incomplete retirement cannot replace controller result
2026-10-08T17:39:01.4995938Z   ---
2026-10-08T17:39:01.4996147Z   duration_ms: 135.918719
2026-10-08T17:39:01.4996385Z   type: 'test'
2026-10-08T17:39:01.4996706Z   ...
2026-10-08T17:39:01.4997025Z # Subtest: the observed package must match the indexed package
2026-10-08T17:39:01.4997468Z ok 177 - the observed package must match the indexed package
2026-10-08T17:39:01.4997867Z   ---
2026-10-08T17:39:01.4998053Z   duration_ms: 44.774426
2026-10-08T17:39:01.4998262Z   type: 'test'
2026-10-08T17:39:01.4998424Z   ...
2026-10-08T17:39:01.4998904Z # Subtest: Page preview reuse requires its indexed exact-document native receipt
2026-10-08T17:39:01.4999454Z ok 178 - Page preview reuse requires its indexed exact-document native receipt
2026-10-08T17:39:01.4999813Z   ---
2026-10-08T17:39:01.4999999Z   duration_ms: 93.930566
2026-10-08T17:39:01.5000231Z   type: 'test'
2026-10-08T17:39:01.5000398Z   ...
2026-10-08T17:39:01.5000704Z # Subtest: saved revision identity must match complete source bytes
2026-10-08T17:39:01.5001152Z ok 179 - saved revision identity must match complete source bytes
2026-10-08T17:39:01.5001445Z   ---
2026-10-08T17:39:01.5001604Z   duration_ms: 66.660317
2026-10-08T17:39:01.5001821Z   type: 'test'
2026-10-08T17:39:01.5002011Z   ...
2026-10-08T17:39:01.5002398Z # Subtest: same bytes cannot hide a changed product file mode or symbolic-link target closure
2026-10-08T17:39:01.5002997Z ok 180 - same bytes cannot hide a changed product file mode or symbolic-link target closure
2026-10-08T17:39:01.5003355Z   ---
2026-10-08T17:39:01.5003512Z   duration_ms: 108.033061
2026-10-08T17:39:01.5003714Z   type: 'test'
2026-10-08T17:39:01.5003896Z   ...
2026-10-08T17:39:01.5004260Z # Subtest: contradictory or missing success outcome is rejected; explicit expected errors retain their scope
2026-10-08T17:39:01.5004707Z ok 181 - contradictory or missing success outcome is rejected; explicit expected errors retain their scope
2026-10-08T17:39:01.5004969Z   ---
2026-10-08T17:39:01.5005091Z   duration_ms: 85.663746
2026-10-08T17:39:01.5005211Z   type: 'test'
2026-10-08T17:39:01.5005316Z   ...
2026-10-08T17:39:01.5005620Z # Subtest: multi-file ESM authoring project is a source contract, not an installed program
2026-10-08T17:39:01.5006276Z ok 182 - multi-file ESM authoring project is a source contract, not an installed program
2026-10-08T17:39:01.5006656Z   ---
2026-10-08T17:39:01.5006820Z   duration_ms: 18.500968
2026-10-08T17:39:01.5007005Z   type: 'test'
2026-10-08T17:39:01.5007166Z   ...
2026-10-08T17:39:01.5007517Z # Subtest: imports cannot escape project or load remote modules at browser runtime
2026-10-08T17:39:01.5008022Z ok 183 - imports cannot escape project or load remote modules at browser runtime
2026-10-08T17:39:01.5008349Z   ---
2026-10-08T17:39:01.5008505Z   duration_ms: 7.466735
2026-10-08T17:39:01.5008698Z   type: 'test'
2026-10-08T17:39:01.5008989Z   ...
2026-10-08T17:39:01.5009381Z # Subtest: entry diagnostics distinguish missing and non-function defaults with source location
2026-10-08T17:39:01.5010027Z ok 184 - entry diagnostics distinguish missing and non-function defaults with source location
2026-10-08T17:39:01.5010390Z   ---
2026-10-08T17:39:01.5010553Z   duration_ms: 7.794589
2026-10-08T17:39:01.5010742Z   type: 'test'
2026-10-08T17:39:01.5010904Z   ...
2026-10-08T17:39:01.5011239Z # Subtest: dynamic import is not quietly kept as an unlocked runtime dependency
2026-10-08T17:39:01.5011732Z ok 185 - dynamic import is not quietly kept as an unlocked runtime dependency
2026-10-08T17:39:01.5012034Z   ---
2026-10-08T17:39:01.5012191Z   duration_ms: 4.028761
2026-10-08T17:39:01.5012375Z   type: 'test'
2026-10-08T17:39:01.5012542Z   ...
2026-10-08T17:39:01.5012905Z # Subtest: npm imports require declared dependencies and a committed matching npm lock
2026-10-08T17:39:01.5013460Z ok 186 - npm imports require declared dependencies and a committed matching npm lock
2026-10-08T17:39:01.5013815Z   ---
2026-10-08T17:39:01.5013974Z   duration_ms: 7.051961
2026-10-08T17:39:01.5014155Z   type: 'test'
2026-10-08T17:39:01.5014318Z   ...
2026-10-08T17:39:01.5014685Z # Subtest: Page/Controller source contracts remain discriminated without changing Task v1
2026-10-08T17:39:01.5015399Z ok 187 - Page/Controller source contracts remain discriminated without changing Task v1
2026-10-08T17:39:01.5015750Z   ---
2026-10-08T17:39:01.5015910Z   duration_ms: 7.630512
2026-10-08T17:39:01.5016201Z   type: 'test'
2026-10-08T17:39:01.5016365Z   ...
2026-10-08T17:39:01.5016675Z # Subtest: assets can be listed and hashed but never silently injected
2026-10-08T17:39:01.5017114Z ok 188 - assets can be listed and hashed but never silently injected
2026-10-08T17:39:01.5017401Z   ---
2026-10-08T17:39:01.5017567Z   duration_ms: 17.112259
2026-10-08T17:39:01.5017759Z   type: 'test'
2026-10-08T17:39:01.5017924Z   ...
2026-10-08T17:39:01.5018302Z # Subtest: source snapshots and executable hashes are independently checked before import
2026-10-08T17:39:01.5019087Z ok 189 - source snapshots and executable hashes are independently checked before import
2026-10-08T17:39:01.5019435Z   ---
2026-10-08T17:39:01.5019596Z   duration_ms: 8.458177
2026-10-08T17:39:01.5019780Z   type: 'test'
2026-10-08T17:39:01.5019947Z   ...
2026-10-08T17:39:01.5020370Z # Subtest: project file selection only changes the read-only viewer; execution uses exact frozen build
2026-10-08T17:39:01.5021018Z ok 190 - project file selection only changes the read-only viewer; execution uses exact frozen build
2026-10-08T17:39:01.5021398Z   ---
2026-10-08T17:39:01.5021559Z   duration_ms: 1.977185
2026-10-08T17:39:01.5021754Z   type: 'test'
2026-10-08T17:39:01.5021919Z   ...
2026-10-08T17:39:01.5022333Z # Subtest: R8 catalog has 188 single-owner capabilities, 40 complete tasks and an acyclic phased plan
2026-10-08T17:39:01.5022964Z ok 191 - R8 catalog has 188 single-owner capabilities, 40 complete tasks and an acyclic phased plan
2026-10-08T17:39:01.5023334Z   ---
2026-10-08T17:39:01.5023494Z   duration_ms: 4.734534
2026-10-08T17:39:01.5023682Z   type: 'test'
2026-10-08T17:39:01.5023879Z   ...
2026-10-08T17:39:01.5024354Z # Subtest: omitted deferred capability, duplicate primary ownership and invented capability fail the coverage gate
2026-10-08T17:39:01.5025103Z ok 192 - omitted deferred capability, duplicate primary ownership and invented capability fail the coverage gate
2026-10-08T17:39:01.5025533Z   ---
2026-10-08T17:39:01.5025694Z   duration_ms: 4.253921
2026-10-08T17:39:01.5025877Z   type: 'test'
2026-10-08T17:39:01.5026038Z   ...
2026-10-08T17:39:01.5026441Z # Subtest: invalid prerequisite, circular work ordering and duplicate catalog identity are rejected
2026-10-08T17:39:01.5027056Z ok 193 - invalid prerequisite, circular work ordering and duplicate catalog identity are rejected
2026-10-08T17:39:01.5027423Z   ---
2026-10-08T17:39:01.5027581Z   duration_ms: 9.412513
2026-10-08T17:39:01.5027764Z   type: 'test'
2026-10-08T17:39:01.5027934Z   ...
2026-10-08T17:39:01.5028286Z # Subtest: importing a JS draft leaves saved versions and running source independent
2026-10-08T17:39:01.5028934Z ok 194 - importing a JS draft leaves saved versions and running source independent
2026-10-08T17:39:01.5029268Z   ---
2026-10-08T17:39:01.5029428Z   duration_ms: 17.13292
2026-10-08T17:39:01.5029618Z   type: 'test'
2026-10-08T17:39:01.5029782Z   ...
2026-10-08T17:39:01.5030210Z # Subtest: draft import rejects empty/oversized sources and active saves without overwriting the editor
2026-10-08T17:39:01.5030871Z ok 195 - draft import rejects empty/oversized sources and active saves without overwriting the editor
2026-10-08T17:39:01.5031280Z   ---
2026-10-08T17:39:01.5031443Z   duration_ms: 4.176004
2026-10-08T17:39:01.5031627Z   type: 'test'
2026-10-08T17:39:01.5031812Z   ...
2026-10-08T17:39:01.5032229Z # Subtest: catalog draft import updates dependency review from the new source without saving or running
2026-10-08T17:39:01.5032794Z ok 196 - catalog draft import updates dependency review from the new source without saving or running
2026-10-08T17:39:01.5033027Z   ---
2026-10-08T17:39:01.5033131Z   duration_ms: 5.970634
2026-10-08T17:39:01.5033250Z   type: 'test'
2026-10-08T17:39:01.5033354Z   ...
2026-10-08T17:39:01.5033724Z # Subtest: Save persists revision/hash without requesting permission, creating a Run, or executing code
2026-10-08T17:39:01.5034117Z ok 197 - Save persists revision/hash without requesting permission, creating a Run, or executing code
2026-10-08T17:39:01.5034428Z   ---
2026-10-08T17:39:01.5034529Z   duration_ms: 5.005822
2026-10-08T17:39:01.5034648Z   type: 'test'
2026-10-08T17:39:01.5034754Z   ...
2026-10-08T17:39:01.5035023Z # Subtest: reopened editor lists saved scripts without running and loads the selected latest head explicitly
2026-10-08T17:39:01.5035441Z ok 198 - reopened editor lists saved scripts without running and loads the selected latest head explicitly
2026-10-08T17:39:01.5035682Z   ---
2026-10-08T17:39:01.5035783Z   duration_ms: 3.914269
2026-10-08T17:39:01.5035903Z   type: 'test'
2026-10-08T17:39:01.5036009Z   ...
2026-10-08T17:39:01.5036228Z # Subtest: loading a historical revision does not turn it into the latest Save CAS head
2026-10-08T17:39:01.5036561Z ok 199 - loading a historical revision does not turn it into the latest Save CAS head
2026-10-08T17:39:01.5036772Z   ---
2026-10-08T17:39:01.5036875Z   duration_ms: 5.144751
2026-10-08T17:39:01.5036995Z   type: 'test'
2026-10-08T17:39:01.5037103Z   ...
2026-10-08T17:39:01.5037319Z # Subtest: Delete tombstones the latest head and refreshes the saved-script selector
2026-10-08T17:39:01.5037640Z ok 200 - Delete tombstones the latest head and refreshes the saved-script selector
2026-10-08T17:39:01.5037844Z   ---
2026-10-08T17:39:01.5037947Z   duration_ms: 4.670123
2026-10-08T17:39:01.5038063Z   type: 'test'
2026-10-08T17:39:01.5038170Z   ...
2026-10-08T17:39:01.5038437Z # Subtest: saved A stays immutable; Run freezes unsaved B/params/page A; editing C and Save do not replace B
2026-10-08T17:39:01.5039010Z ok 201 - saved A stays immutable; Run freezes unsaved B/params/page A; editing C and Save do not replace B
2026-10-08T17:39:01.5039255Z   ---
2026-10-08T17:39:01.5039356Z   duration_ms: 6.894554
2026-10-08T17:39:01.5039473Z   type: 'test'
2026-10-08T17:39:01.5039580Z   ...
2026-10-08T17:39:01.5039829Z # Subtest: a brand-new unsaved draft runs with an empty script ID and never creates a saved revision
2026-10-08T17:39:01.5040199Z ok 202 - a brand-new unsaved draft runs with an empty script ID and never creates a saved revision
2026-10-08T17:39:01.5040428Z   ---
2026-10-08T17:39:01.5040533Z   duration_ms: 7.134575
2026-10-08T17:39:01.5040660Z   type: 'test'
2026-10-08T17:39:01.5040766Z   ...
2026-10-08T17:39:01.5041053Z # Subtest: permission preparation rejects a switched page; closing the editor during permission never admits a run
2026-10-08T17:39:01.5041492Z ok 203 - permission preparation rejects a switched page; closing the editor during permission never admits a run
2026-10-08T17:39:01.5041747Z   ---
2026-10-08T17:39:01.5041851Z   duration_ms: 14.88694
2026-10-08T17:39:01.5041969Z   type: 'test'
2026-10-08T17:39:01.5042075Z   ...
2026-10-08T17:39:01.5042335Z # Subtest: Stop uses the formal RunHost abort/retirement path and persists stopped with the original pin
2026-10-08T17:39:01.5042731Z ok 204 - Stop uses the formal RunHost abort/retirement path and persists stopped with the original pin
2026-10-08T17:39:01.5042967Z   ---
2026-10-08T17:39:01.5043070Z   duration_ms: 6.926332
2026-10-08T17:39:01.5043407Z   type: 'test'
2026-10-08T17:39:01.5043623Z   ...
2026-10-08T17:39:01.5043948Z # Subtest: pagehide invokes RunHost host-close; reopened editor only reads the durable interrupted Result
2026-10-08T17:39:01.5044464Z ok 205 - pagehide invokes RunHost host-close; reopened editor only reads the durable interrupted Result
2026-10-08T17:39:01.5055515Z   ---
2026-10-08T17:39:01.5055680Z   duration_ms: 4.447352
2026-10-08T17:39:01.5055816Z   type: 'test'
2026-10-08T17:39:01.5055926Z   ...
2026-10-08T17:39:01.5056203Z # Subtest: late Save/Load replies do not overwrite another script selection or edits made during loading
2026-10-08T17:39:01.5056603Z ok 206 - late Save/Load replies do not overwrite another script selection or edits made during loading
2026-10-08T17:39:01.5056839Z   ---
2026-10-08T17:39:01.5057093Z   duration_ms: 6.026598
2026-10-08T17:39:01.5057219Z   type: 'test'
2026-10-08T17:39:01.5057330Z   ...
2026-10-08T17:39:01.5057559Z # Subtest: late saved-script selector load cannot overwrite edits made during loading
2026-10-08T17:39:01.5057979Z ok 207 - late saved-script selector load cannot overwrite edits made during loading
2026-10-08T17:39:01.5058191Z   ---
2026-10-08T17:39:01.5058303Z   duration_ms: 4.792211
2026-10-08T17:39:01.5058427Z   type: 'test'
2026-10-08T17:39:01.5058535Z   ...
2026-10-08T17:39:01.5058889Z # Subtest: an older snapshot reply cannot disable Run after a newer durable observation
2026-10-08T17:39:01.5059239Z ok 208 - an older snapshot reply cannot disable Run after a newer durable observation
2026-10-08T17:39:01.5059453Z   ---
2026-10-08T17:39:01.5059560Z   duration_ms: 7.072601
2026-10-08T17:39:01.5059686Z   type: 'test'
2026-10-08T17:39:01.5059794Z   ...
2026-10-08T17:39:01.5060009Z # Subtest: an older snapshot error cannot overwrite a newer successful durable view
2026-10-08T17:39:01.5060336Z ok 209 - an older snapshot error cannot overwrite a newer successful durable view
2026-10-08T17:39:01.5060541Z   ---
2026-10-08T17:39:01.5060651Z   duration_ms: 12.059696
2026-10-08T17:39:01.5060782Z   type: 'test'
2026-10-08T17:39:01.5060892Z   ...
2026-10-08T17:39:01.5061209Z # Subtest: the permission request remains synchronous in the click fixture; denied permission and invalid params execute nothing
2026-10-08T17:39:01.5061712Z ok 210 - the permission request remains synchronous in the click fixture; denied permission and invalid params execute nothing
2026-10-08T17:39:01.5061993Z   ---
2026-10-08T17:39:01.5062100Z   duration_ms: 6.674938
2026-10-08T17:39:01.5062223Z   type: 'test'
2026-10-08T17:39:01.5062337Z   ...
2026-10-08T17:39:01.5062605Z # Subtest: DOM preview binds frozen source, dependency choice and exact current document from trusted click
2026-10-08T17:39:01.5063017Z ok 211 - DOM preview binds frozen source, dependency choice and exact current document from trusted click
2026-10-08T17:39:01.5063264Z   ---
2026-10-08T17:39:01.5063371Z   duration_ms: 4.886863
2026-10-08T17:39:01.5063491Z   type: 'test'
2026-10-08T17:39:01.5063603Z   ...
2026-10-08T17:39:01.5063856Z # Subtest: DOM preview refuses to inject when the active document changes while permission is pending
2026-10-08T17:39:01.5064231Z ok 212 - DOM preview refuses to inject when the active document changes while permission is pending
2026-10-08T17:39:01.5064463Z   ---
2026-10-08T17:39:01.5064568Z   duration_ms: 4.834429
2026-10-08T17:39:01.5064689Z   type: 'test'
2026-10-08T17:39:01.5064796Z   ...
2026-10-08T17:39:01.5065044Z # Subtest: Developer Stop cannot cancel the formal Task or another view using the shared RunHost
2026-10-08T17:39:01.5065413Z ok 213 - Developer Stop cannot cancel the formal Task or another view using the shared RunHost
2026-10-08T17:39:01.5065639Z   ---
2026-10-08T17:39:01.5065748Z   duration_ms: 4.738209
2026-10-08T17:39:01.5065869Z   type: 'test'
2026-10-08T17:39:01.5065976Z   ...
2026-10-08T17:39:01.5066243Z # Subtest: project import displays source while Save and Run freeze compiled bytes and the original hash
2026-10-08T17:39:01.5066639Z ok 214 - project import displays source while Save and Run freeze compiled bytes and the original hash
2026-10-08T17:39:01.5066875Z   ---
2026-10-08T17:39:01.5066989Z   duration_ms: 13.009099
2026-10-08T17:39:01.5067114Z   type: 'test'
2026-10-08T17:39:01.5067221Z   ...
2026-10-08T17:39:01.5067480Z # Subtest: invalid project envelope leaves the previous editor source and no execution or saved revision
2026-10-08T17:39:01.5067879Z ok 215 - invalid project envelope leaves the previous editor source and no execution or saved revision
2026-10-08T17:39:01.5068117Z   ---
2026-10-08T17:39:01.5068221Z   duration_ms: 3.590393
2026-10-08T17:39:01.5068348Z   type: 'test'
2026-10-08T17:39:01.5068456Z   ...
2026-10-08T17:39:01.5068666Z # Subtest: same-window catalog hands off exact source without invoking a runner
2026-10-08T17:39:01.5069286Z ok 216 - same-window catalog hands off exact source without invoking a runner
2026-10-08T17:39:01.5069494Z   ---
2026-10-08T17:39:01.5069603Z   duration_ms: 1.391003
2026-10-08T17:39:01.5069731Z   type: 'test'
2026-10-08T17:39:01.5069918Z   ...
2026-10-08T17:39:01.5070187Z # Subtest: draft handoff refuses other windows, senders, content pages, private tabs and catalog recipients
2026-10-08T17:39:01.5070598Z ok 217 - draft handoff refuses other windows, senders, content pages, private tabs and catalog recipients
2026-10-08T17:39:01.5070836Z   ---
2026-10-08T17:39:01.5070941Z   duration_ms: 0.293502
2026-10-08T17:39:01.5071061Z   type: 'test'
2026-10-08T17:39:01.5071175Z   ...
2026-10-08T17:39:01.5071392Z # Subtest: editor rejection is returned explicitly without claiming import success
2026-10-08T17:39:01.5071711Z ok 218 - editor rejection is returned explicitly without claiming import success
2026-10-08T17:39:01.5071918Z   ---
2026-10-08T17:39:01.5072024Z   duration_ms: 0.174463
2026-10-08T17:39:01.5072145Z   type: 'test'
2026-10-08T17:39:01.5072259Z   ...
2026-10-08T17:39:01.5072509Z # Subtest: RunHost freezes a draft source variant and parameters before awaiting the host connection
2026-10-08T17:39:01.5072892Z ok 219 - RunHost freezes a draft source variant and parameters before awaiting the host connection
2026-10-08T17:39:01.5073129Z   ---
2026-10-08T17:39:01.5073233Z   duration_ms: 2.566212
2026-10-08T17:39:01.5073353Z   type: 'test'
2026-10-08T17:39:01.5073460Z   ...
2026-10-08T17:39:01.5073682Z # Subtest: saved script API retains explicit scriptId/revision/contentHash admission
2026-10-08T17:39:01.5074008Z ok 220 - saved script API retains explicit scriptId/revision/contentHash admission
2026-10-08T17:39:01.5074214Z   ---
2026-10-08T17:39:01.5074323Z   duration_ms: 0.366161
2026-10-08T17:39:01.5074443Z   type: 'test'
2026-10-08T17:39:01.5074554Z   ...
2026-10-08T17:39:01.5074745Z # Subtest: manifest exposes tool.html as a global Chrome Side Panel
2026-10-08T17:39:01.5075012Z ok 221 - manifest exposes tool.html as a global Chrome Side Panel
2026-10-08T17:39:01.5075190Z   ---
2026-10-08T17:39:01.5075297Z   duration_ms: 4.020189
2026-10-08T17:39:01.5075417Z   type: 'test'
2026-10-08T17:39:01.5075526Z   ...
2026-10-08T17:39:01.5075686Z # Subtest: product shell has no popup-window fallback
2026-10-08T17:39:01.5075901Z ok 222 - product shell has no popup-window fallback
2026-10-08T17:39:01.5076060Z   ---
2026-10-08T17:39:01.5076162Z   duration_ms: 2.820665
2026-10-08T17:39:01.5076280Z   type: 'test'
2026-10-08T17:39:01.5076386Z   ...
2026-10-08T17:39:01.5076603Z # Subtest: default Run freezes Current Page then revalidates before existing RunHost
2026-10-08T17:39:01.5076925Z ok 223 - default Run freezes Current Page then revalidates before existing RunHost
2026-10-08T17:39:01.5077125Z   ---
2026-10-08T17:39:01.5077235Z   duration_ms: 2.28617
2026-10-08T17:39:01.5077357Z   type: 'test'
2026-10-08T17:39:01.5077462Z   ...
2026-10-08T17:39:01.5077734Z # Subtest: trusted Side Panel run sends the exact unsaved draft to the original Controller authority
2026-10-08T17:39:01.5078110Z ok 224 - trusted Side Panel run sends the exact unsaved draft to the original Controller authority
2026-10-08T17:39:01.5078333Z   ---
2026-10-08T17:39:01.5078441Z   duration_ms: 1.740298
2026-10-08T17:39:01.5078559Z   type: 'test'
2026-10-08T17:39:01.5078667Z   ...
2026-10-08T17:39:01.5079011Z # Subtest: R6 uses valid tab roles with labelled content panels
2026-10-08T17:39:01.5079413Z ok 225 - R6 uses valid tab roles with labelled content panels
2026-10-08T17:39:01.5079583Z   ---
2026-10-08T17:39:01.5079686Z   duration_ms: 1.016159
2026-10-08T17:39:01.5079808Z   type: 'test'
2026-10-08T17:39:01.5079915Z   ...
2026-10-08T17:39:01.5080147Z # Subtest: R4 Sidebar sections preserve consumer controls and keep engineering tools folded
2026-10-08T17:39:01.5080495Z ok 226 - R4 Sidebar sections preserve consumer controls and keep engineering tools folded
2026-10-08T17:39:01.5080707Z   ---
2026-10-08T17:39:01.5080808Z   duration_ms: 2.324598
2026-10-08T17:39:01.5080928Z   type: 'test'
2026-10-08T17:39:01.5081131Z   ...
2026-10-08T17:39:01.5081348Z # Subtest: Sidebar starts at its three tabs without repeating Chrome extension identity
2026-10-08T17:39:01.5081672Z ok 227 - Sidebar starts at its three tabs without repeating Chrome extension identity
2026-10-08T17:39:01.5081959Z   ---
2026-10-08T17:39:01.5082060Z   duration_ms: 0.954486
2026-10-08T17:39:01.5082179Z   type: 'test'
2026-10-08T17:39:01.5082285Z   ...
2026-10-08T17:39:01.5082546Z # Subtest: R3 remains immutable reference; R4 preview keeps installed Discover and independent full catalog
2026-10-08T17:39:01.5082948Z ok 228 - R3 remains immutable reference; R4 preview keeps installed Discover and independent full catalog
2026-10-08T17:39:01.5083188Z   ---
2026-10-08T17:39:01.5083289Z   duration_ms: 3.79475
2026-10-08T17:39:01.5083406Z   type: 'test'
2026-10-08T17:39:01.5083510Z   ...
2026-10-08T17:39:01.5083782Z # Subtest: R5 official sidebar preserves three views, privileged controls, compact discovery and task history
2026-10-08T17:39:01.5084195Z ok 229 - R5 official sidebar preserves three views, privileged controls, compact discovery and task history
2026-10-08T17:39:01.5084439Z   ---
2026-10-08T17:39:01.5084548Z   duration_ms: 2.092969
2026-10-08T17:39:01.5084668Z   type: 'test'
2026-10-08T17:39:01.5084774Z   ...
2026-10-08T17:39:01.5085009Z # Subtest: R5 keeps one derived interactive prototype with installed-only compact discovery
2026-10-08T17:39:01.5085361Z ok 230 - R5 keeps one derived interactive prototype with installed-only compact discovery
2026-10-08T17:39:01.5085576Z   ---
2026-10-08T17:39:01.5085681Z   duration_ms: 1.205835
2026-10-08T17:39:01.5085802Z   type: 'test'
2026-10-08T17:39:01.5085923Z   ...
2026-10-08T17:39:01.5086180Z # Subtest: required all-url host is the single source of truth; no optional host prompts at startup
2026-10-08T17:39:01.5086554Z ok 231 - required all-url host is the single source of truth; no optional host prompts at startup
2026-10-08T17:39:01.5086793Z   ---
2026-10-08T17:39:01.5086906Z   duration_ms: 3.215138
2026-10-08T17:39:01.5087029Z   type: 'test'
2026-10-08T17:39:01.5087134Z   ...
2026-10-08T17:39:01.5087356Z # Subtest: a trusted click can re-request withheld required host access without options
2026-10-08T17:39:01.5087812Z ok 232 - a trusted click can re-request withheld required host access without options
2026-10-08T17:39:01.5088129Z   ---
2026-10-08T17:39:01.5088282Z   duration_ms: 0.660544
2026-10-08T17:39:01.5088466Z   type: 'test'
2026-10-08T17:39:01.5088631Z   ...
2026-10-08T17:39:01.5089118Z # Subtest: untrusted events cannot change permission; native denial never fabricates approval
2026-10-08T17:39:01.5089714Z ok 233 - untrusted events cannot change permission; native denial never fabricates approval
2026-10-08T17:39:01.5090065Z   ---
2026-10-08T17:39:01.5090232Z   duration_ms: 0.751271
2026-10-08T17:39:01.5090419Z   type: 'test'
2026-10-08T17:39:01.5090586Z   ...
2026-10-08T17:39:01.5090945Z # Subtest: Chrome site access restrictions invalidate status and never auto-regrant
2026-10-08T17:39:01.5091464Z ok 234 - Chrome site access restrictions invalidate status and never auto-regrant
2026-10-08T17:39:01.5091778Z   ---
2026-10-08T17:39:01.5091938Z   duration_ms: 0.326471
2026-10-08T17:39:01.5092130Z   type: 'test'
2026-10-08T17:39:01.5092267Z   ...
2026-10-08T17:39:01.5092491Z # Subtest: Chrome onAdded event cannot erase actual approved status during raced refresh
2026-10-08T17:39:01.5092831Z ok 235 - Chrome onAdded event cannot erase actual approved status during raced refresh
2026-10-08T17:39:01.5093045Z   ---
2026-10-08T17:39:01.5093150Z   duration_ms: 0.716658
2026-10-08T17:39:01.5093268Z   type: 'test'
2026-10-08T17:39:01.5093371Z   ...
2026-10-08T17:39:01.5093604Z # Subtest: core API status is separately queried; it never grants applications automatically
2026-10-08T17:39:01.5093959Z ok 236 - core API status is separately queried; it never grants applications automatically
2026-10-08T17:39:01.5094174Z   ---
2026-10-08T17:39:01.5094283Z   duration_ms: 0.490308
2026-10-08T17:39:01.5094503Z   type: 'test'
2026-10-08T17:39:01.5094611Z   ...
2026-10-08T17:39:01.5094830Z # Subtest: developer site controls remain nested in the original three-tab workbench
2026-10-08T17:39:01.5095234Z ok 237 - developer site controls remain nested in the original three-tab workbench
2026-10-08T17:39:01.5095439Z   ---
2026-10-08T17:39:01.5095544Z   duration_ms: 7.695509
2026-10-08T17:39:01.5095663Z   type: 'test'
2026-10-08T17:39:01.5095768Z   ...
2026-10-08T17:39:01.5096056Z # Subtest: package hashes and closed schema reject forged status, altered source, extra permissions and invalid params
2026-10-08T17:39:01.5096498Z ok 238 - package hashes and closed schema reject forged status, altered source, extra permissions and invalid params
2026-10-08T17:39:01.5096755Z   ---
2026-10-08T17:39:01.5096860Z   duration_ms: 10.673731
2026-10-08T17:39:01.5096985Z   type: 'test'
2026-10-08T17:39:01.5097091Z   ...
2026-10-08T17:39:01.5097384Z # Subtest: candidate cannot install without matching trustworthy native run, then exact Available version can install
2026-10-08T17:39:01.5097835Z ok 239 - candidate cannot install without matching trustworthy native run, then exact Available version can install
2026-10-08T17:39:01.5098102Z   ---
2026-10-08T17:39:01.5098203Z   duration_ms: 8.794662
2026-10-08T17:39:01.5098324Z   type: 'test'
2026-10-08T17:39:01.5098429Z   ...
2026-10-08T17:39:01.5098628Z # Subtest: same task version cannot replace even a correctly hashed package
2026-10-08T17:39:01.5099070Z ok 240 - same task version cannot replace even a correctly hashed package
2026-10-08T17:39:01.5099257Z   ---
2026-10-08T17:39:01.5099360Z   duration_ms: 1.93375
2026-10-08T17:39:01.5099478Z   type: 'test'
2026-10-08T17:39:01.5099583Z   ...
2026-10-08T17:39:01.5099826Z # Subtest: the checked-in sample is an authentic v1 package with exact manifest and source hashes
2026-10-08T17:39:01.5100194Z ok 241 - the checked-in sample is an authentic v1 package with exact manifest and source hashes
2026-10-08T17:39:01.5100422Z   ---
2026-10-08T17:39:01.5100526Z   duration_ms: 1.137902
2026-10-08T17:39:01.5100645Z   type: 'test'
2026-10-08T17:39:01.5100753Z   ...
2026-10-08T17:39:01.5101021Z # Subtest: formal verification refuses altered admission identity, failed effects and mismatched receipts
2026-10-08T17:39:01.5101443Z ok 242 - formal verification refuses altered admission identity, failed effects and mismatched receipts
2026-10-08T17:39:01.5101688Z   ---
2026-10-08T17:39:01.5101790Z   duration_ms: 8.062482
2026-10-08T17:39:01.5101909Z   type: 'test'
2026-10-08T17:39:01.5102014Z   ...
2026-10-08T17:39:01.5102248Z # Subtest: invalid task schema and origin return typed errors instead of generic exceptions
2026-10-08T17:39:01.5102591Z ok 243 - invalid task schema and origin return typed errors instead of generic exceptions
2026-10-08T17:39:01.5102805Z   ---
2026-10-08T17:39:01.5102913Z   duration_ms: 0.804651
2026-10-08T17:39:01.5103032Z   type: 'test'
2026-10-08T17:39:01.5103136Z   ...
2026-10-08T17:39:01.5103442Z # Subtest: entering Sidebar task views reads external installations without executing and preserves unchanged form inputs
2026-10-08T17:39:01.5103912Z ok 244 - entering Sidebar task views reads external installations without executing and preserves unchanged form inputs
2026-10-08T17:39:01.5104186Z   ---
2026-10-08T17:39:01.5104291Z   duration_ms: 17.588876
2026-10-08T17:39:01.5104413Z   type: 'test'
2026-10-08T17:39:01.5104518Z   ...
2026-10-08T17:39:01.5104788Z # Subtest: installed tasks default page, render schema form and freeze the exact saved version/params/target
2026-10-08T17:39:01.5105200Z ok 245 - installed tasks default page, render schema form and freeze the exact saved version/params/target
2026-10-08T17:39:01.5105441Z   ---
2026-10-08T17:39:01.5105545Z   duration_ms: 18.75488
2026-10-08T17:39:01.5105664Z   type: 'test'
2026-10-08T17:39:01.5105768Z   ...
2026-10-08T17:39:01.5106000Z # Subtest: installed task can be explicitly forked into an independent unsaved editor draft
2026-10-08T17:39:01.5106443Z ok 246 - installed task can be explicitly forked into an independent unsaved editor draft
2026-10-08T17:39:01.5106661Z   ---
2026-10-08T17:39:01.5106766Z   duration_ms: 5.470718
2026-10-08T17:39:01.5106884Z   type: 'test'
2026-10-08T17:39:01.5107069Z   ...
2026-10-08T17:39:01.5107317Z # Subtest: task Stop cannot cancel another view's in-flight draft; parameter form never navigates
2026-10-08T17:39:01.5107697Z ok 247 - task Stop cannot cancel another view's in-flight draft; parameter form never navigates
2026-10-08T17:39:01.5107922Z   ---
2026-10-08T17:39:01.5108026Z   duration_ms: 6.692931
2026-10-08T17:39:01.5108145Z   type: 'test'
2026-10-08T17:39:01.5108251Z   ...
2026-10-08T17:39:01.5108473Z # Subtest: installed task refuses stale target after async installed-version lookup
2026-10-08T17:39:01.5108927Z ok 248 - installed task refuses stale target after async installed-version lookup
2026-10-08T17:39:01.5109134Z   ---
2026-10-08T17:39:01.5109238Z   duration_ms: 8.122923
2026-10-08T17:39:01.5109357Z   type: 'test'
2026-10-08T17:39:01.5109462Z   ...
2026-10-08T17:39:01.5109690Z # Subtest: task cards retain readable selection and do not surface raw IDs as the main UI
2026-10-08T17:39:01.5110026Z ok 249 - task cards retain readable selection and do not surface raw IDs as the main UI
2026-10-08T17:39:01.5110243Z   ---
2026-10-08T17:39:01.5110346Z   duration_ms: 2.799747
2026-10-08T17:39:01.5110463Z   type: 'test'
2026-10-08T17:39:01.5110569Z   ...
2026-10-08T17:39:01.5110847Z # Subtest: Sidebar Discover searches installed tasks only and selects a task without running or opening the catalog
2026-10-08T17:39:01.5111280Z ok 250 - Sidebar Discover searches installed tasks only and selects a task without running or opening the catalog
2026-10-08T17:39:01.5111540Z   ---
2026-10-08T17:39:01.5111642Z   duration_ms: 8.220449
2026-10-08T17:39:01.5111760Z   type: 'test'
2026-10-08T17:39:01.5111869Z   ...
2026-10-08T17:39:01.5112086Z # Subtest: Discover filter controls are real view filters and cannot start another run
2026-10-08T17:39:01.5112419Z ok 251 - Discover filter controls are real view filters and cannot start another run
2026-10-08T17:39:01.5112628Z   ---
2026-10-08T17:39:01.5112731Z   duration_ms: 11.57316
2026-10-08T17:39:01.5112852Z   type: 'test'
2026-10-08T17:39:01.5112956Z   ...
2026-10-08T17:39:01.5113191Z # Subtest: opening the separate full-size catalog preserves its import and management view
2026-10-08T17:39:01.5113538Z ok 252 - opening the separate full-size catalog preserves its import and management view
2026-10-08T17:39:01.5113755Z   ---
2026-10-08T17:39:01.5113860Z   duration_ms: 3.441357
2026-10-08T17:39:01.5113979Z   type: 'test'
2026-10-08T17:39:01.5114084Z   ...
2026-10-08T17:39:01.5114358Z # Subtest: full-size catalog keeps its own reader after real install and re-reads the single Task Catalog state
2026-10-08T17:39:01.5114772Z ok 253 - full-size catalog keeps its own reader after real install and re-reads the single Task Catalog state
2026-10-08T17:39:01.5115016Z   ---
2026-10-08T17:39:01.5115124Z   duration_ms: 5.897574
2026-10-08T17:39:01.5115244Z   type: 'test'
2026-10-08T17:39:01.5115350Z   ...
2026-10-08T17:39:01.5115596Z # Subtest: idle Discover has no fixed footer and inline import still opens the authenticated catalog
2026-10-08T17:39:01.5116001Z ok 254 - idle Discover has no fixed footer and inline import still opens the authenticated catalog
2026-10-08T17:39:01.5116232Z   ---
2026-10-08T17:39:01.5116337Z   duration_ms: 17.363808
2026-10-08T17:39:01.5116462Z   type: 'test'
2026-10-08T17:39:01.5116568Z   ...
2026-10-08T17:39:01.5116751Z # Subtest: R5 result/history stay out of sight until a task has runs
2026-10-08T17:39:01.5117016Z ok 255 - R5 result/history stay out of sight until a task has runs
2026-10-08T17:39:01.5117193Z   ---
2026-10-08T17:39:01.5117297Z   duration_ms: 17.758982
2026-10-08T17:39:01.5117421Z   type: 'test'
2026-10-08T17:39:01.5117525Z   ...
2026-10-08T17:39:01.5117785Z # Subtest: card view retains original action identities, history and parameter form across tab changes
2026-10-08T17:39:01.5118269Z ok 256 - card view retains original action identities, history and parameter form across tab changes
2026-10-08T17:39:01.5118502Z   ---
2026-10-08T17:39:01.5118605Z   duration_ms: 10.538608
2026-10-08T17:39:01.5118949Z   type: 'test'
2026-10-08T17:39:01.5119116Z   ...
2026-10-08T17:39:01.5119433Z # Subtest: switching between two installed tasks preserves each independent unsaved parameter input
2026-10-08T17:39:01.5119814Z ok 257 - switching between two installed tasks preserves each independent unsaved parameter input
2026-10-08T17:39:01.5120047Z   ---
2026-10-08T17:39:01.5120149Z   duration_ms: 2.28564
2026-10-08T17:39:01.5120269Z   type: 'test'
2026-10-08T17:39:01.5120376Z   ...
2026-10-08T17:39:01.5120552Z # Subtest: R6 accessible roving tabs support Arrow and Home/End
2026-10-08T17:39:01.5120801Z ok 258 - R6 accessible roving tabs support Arrow and Home/End
2026-10-08T17:39:01.5120971Z   ---
2026-10-08T17:39:01.5121073Z   duration_ms: 2.385634
2026-10-08T17:39:01.5121192Z   type: 'test'
2026-10-08T17:39:01.5121299Z   ...
2026-10-08T17:39:01.5121522Z # Subtest: R6 task card refresh, keyboard selection and Discover handoff restore focus
2026-10-08T17:39:01.5121842Z ok 259 - R6 task card refresh, keyboard selection and Discover handoff restore focus
2026-10-08T17:39:01.5122051Z   ---
2026-10-08T17:39:01.5122155Z   duration_ms: 5.772245
2026-10-08T17:39:01.5122274Z   type: 'test'
2026-10-08T17:39:01.5122379Z   ...
2026-10-08T17:39:01.5122585Z # Subtest: R6 late run start/result cannot become the newly selected task status
2026-10-08T17:39:01.5122887Z ok 260 - R6 late run start/result cannot become the newly selected task status
2026-10-08T17:39:01.5123084Z   ---
2026-10-08T17:39:01.5123190Z   duration_ms: 12.792955
2026-10-08T17:39:01.5123316Z   type: 'test'
2026-10-08T17:39:01.5123424Z   ...
2026-10-08T17:39:01.5123645Z # Subtest: R6 previous-version notices and results do not leak after installed upgrade
2026-10-08T17:39:01.5123983Z ok 261 - R6 previous-version notices and results do not leak after installed upgrade
2026-10-08T17:39:01.5124193Z   ---
2026-10-08T17:39:01.5124297Z   duration_ms: 12.011193
2026-10-08T17:39:01.5124420Z   type: 'test'
2026-10-08T17:39:01.5124524Z   ...
2026-10-08T17:39:01.5124779Z # Subtest: two extension documents share only a refresh hint and re-read authoritative installed state
2026-10-08T17:39:01.5125170Z ok 262 - two extension documents share only a refresh hint and re-read authoritative installed state
2026-10-08T17:39:01.5125400Z   ---
2026-10-08T17:39:01.5125502Z   duration_ms: 23.226949
2026-10-08T17:39:01.5125623Z   type: 'test'
2026-10-08T17:39:01.5125732Z   ...
2026-10-08T17:39:01.5125979Z # Subtest: catalog installation stays in the complete directory and directs running back to Sidebar
2026-10-08T17:39:01.5126360Z ok 263 - catalog installation stays in the complete directory and directs running back to Sidebar
2026-10-08T17:39:01.5126594Z   ---
2026-10-08T17:39:01.5126697Z   duration_ms: 5.256039
2026-10-08T17:39:01.5126814Z   type: 'test'
2026-10-08T17:39:01.5126922Z   ...
2026-10-08T17:39:01.5127161Z # Subtest: catalog JS import hands source to Sidebar and never enters a view with a hidden runner
2026-10-08T17:39:01.5127521Z ok 264 - catalog JS import hands source to Sidebar and never enters a view with a hidden runner
2026-10-08T17:39:01.5127748Z   ---
2026-10-08T17:39:01.5127853Z   duration_ms: 4.446901
2026-10-08T17:39:01.5127971Z   type: 'test'
2026-10-08T17:39:01.5128078Z   ...
2026-10-08T17:39:01.5128323Z # Subtest: missing Sidebar refuses import with an actionable message, without losing the directory
2026-10-08T17:39:01.5128699Z ok 265 - missing Sidebar refuses import with an actionable message, without losing the directory
2026-10-08T17:39:01.5129066Z   ---
2026-10-08T17:39:01.5129170Z   duration_ms: 7.00479
2026-10-08T17:39:01.5129290Z   type: 'test'
2026-10-08T17:39:01.5129394Z   ...
2026-10-08T17:39:01.5129643Z # Subtest: catalog draft transport errors retain their cause instead of claiming Sidebar is missing
2026-10-08T17:39:01.5130112Z ok 266 - catalog draft transport errors retain their cause instead of claiming Sidebar is missing
2026-10-08T17:39:01.5130340Z   ---
2026-10-08T17:39:01.5130445Z   duration_ms: 6.651974
2026-10-08T17:39:01.5130641Z   type: 'test'
2026-10-08T17:39:01.5130746Z   ...
2026-10-08T17:39:01.5130980Z # Subtest: receiving a source-only import selects Sidebar Developer without creating a run
2026-10-08T17:39:01.5131326Z ok 267 - receiving a source-only import selects Sidebar Developer without creating a run
2026-10-08T17:39:01.5131545Z   ---
2026-10-08T17:39:01.5131648Z   duration_ms: 1.892938
2026-10-08T17:39:01.5131768Z   type: 'test'
2026-10-08T17:39:01.5131875Z   ...
2026-10-08T17:39:01.5132099Z # Subtest: R6.1 task-owned Stop is the sole cross-view action and names the launching task
2026-10-08T17:39:01.5132433Z ok 268 - R6.1 task-owned Stop is the sole cross-view action and names the launching task
2026-10-08T17:39:01.5132640Z   ---
2026-10-08T17:39:01.5132745Z   duration_ms: 13.819083
2026-10-08T17:39:01.5132869Z   type: 'test'
2026-10-08T17:39:01.5132976Z   ...
2026-10-08T17:39:01.5133191Z # Subtest: R6.1 a draft-owned run exposes only its Stop when viewing Tasks or Discover
2026-10-08T17:39:01.5133511Z ok 269 - R6.1 a draft-owned run exposes only its Stop when viewing Tasks or Discover
2026-10-08T17:39:01.5133715Z   ---
2026-10-08T17:39:01.5133816Z   duration_ms: 2.101912
2026-10-08T17:39:01.5133934Z   type: 'test'
2026-10-08T17:39:01.5134041Z   ...
2026-10-08T17:39:01.5134251Z # Subtest: R6.1 stop-only footer CSS hides all non-owner actions without hiding Stop
2026-10-08T17:39:01.5134564Z ok 270 - R6.1 stop-only footer CSS hides all non-owner actions without hiding Stop
2026-10-08T17:39:01.5134767Z   ---
2026-10-08T17:39:01.5134869Z   duration_ms: 1.671254
2026-10-08T17:39:01.5134986Z   type: 'test'
2026-10-08T17:39:01.5135091Z   ...
2026-10-08T17:39:01.5135680Z # Subtest: real manager → approval → preview executes two ordered sources, reuses draft locks offline, and rechecks new GM grants
2026-10-08T17:39:01.5136243Z ok 271 - real manager → approval → preview executes two ordered sources, reuses draft locks offline, and rechecks new GM grants
2026-10-08T17:39:01.5136523Z   ---
2026-10-08T17:39:01.5136629Z   duration_ms: 50.664695
2026-10-08T17:39:01.5136757Z   type: 'test'
2026-10-08T17:39:01.5136865Z   ...
2026-10-08T17:39:01.5137173Z # Subtest: classic top-level const runs repeatedly in fresh worlds; trailing comments and ASI do not consume the next source
2026-10-08T17:39:01.5137642Z ok 272 - classic top-level const runs repeatedly in fresh worlds; trailing comments and ASI do not consume the next source
2026-10-08T17:39:01.5137914Z   ---
2026-10-08T17:39:01.5138019Z   duration_ms: 11.019942
2026-10-08T17:39:01.5138140Z   type: 'test'
2026-10-08T17:39:01.5138246Z   ...
2026-10-08T17:39:01.5138502Z # Subtest: a synchronous dependency failure prevents later libraries and the consumer from executing
2026-10-08T17:39:01.5139084Z ok 273 - a synchronous dependency failure prevents later libraries and the consumer from executing
2026-10-08T17:39:01.5139377Z   ---
2026-10-08T17:39:01.5139483Z   duration_ms: 20.254426
2026-10-08T17:39:01.5139605Z   type: 'test'
2026-10-08T17:39:01.5139710Z   ...
2026-10-08T17:39:01.5139978Z # Subtest: an absent user main cannot fall back to a dependency global main or an async-main-looking comment
2026-10-08T17:39:01.5140386Z ok 274 - an absent user main cannot fall back to a dependency global main or an async-main-looking comment
2026-10-08T17:39:01.5140624Z   ---
2026-10-08T17:39:01.5140729Z   duration_ms: 15.140776
2026-10-08T17:39:01.5140848Z   type: 'test'
2026-10-08T17:39:01.5140953Z   ...
2026-10-08T17:39:01.5141263Z # Subtest: simulated Chromium named-world exhaustion falls back to default, fails the isolation probe, and injects no user code
2026-10-08T17:39:01.5141752Z ok 275 - simulated Chromium named-world exhaustion falls back to default, fails the isolation probe, and injects no user code
2026-10-08T17:39:01.5142027Z   ---
2026-10-08T17:39:01.5142131Z   duration_ms: 7.431623
2026-10-08T17:39:01.5142352Z   type: 'test'
2026-10-08T17:39:01.5142459Z   ...
2026-10-08T17:39:01.5142791Z # Subtest: document budget survives service restart and navigation cleanup; closing a tab releases the ledger even when the API is disabled
2026-10-08T17:39:01.5143399Z ok 276 - document budget survives service restart and navigation cleanup; closing a tab releases the ledger even when the API is disabled
2026-10-08T17:39:01.5143694Z   ---
2026-10-08T17:39:01.5143797Z   duration_ms: 32.781431
2026-10-08T17:39:01.5143920Z   type: 'test'
2026-10-08T17:39:01.5144026Z   ...
2026-10-08T17:39:01.5144125Z 1..276
2026-10-08T17:39:01.5144231Z # tests 276
2026-10-08T17:39:01.5144336Z # suites 0
2026-10-08T17:39:01.5144446Z # pass 272
2026-10-08T17:39:01.5144549Z # fail 0
2026-10-08T17:39:01.5144656Z # cancelled 0
2026-10-08T17:39:01.5144766Z # skipped 4
2026-10-08T17:39:01.5144869Z # todo 0
2026-10-08T17:39:01.5144985Z # duration_ms 3597.65498
2026-10-08T17:39:01.5205770Z Post job cleanup.
2026-10-08T17:39:01.5962828Z (node:4390) [DEP0040] DeprecationWarning: The `punycode` module is deprecated. Please use a userland alternative instead.
2026-10-08T17:39:01.5963279Z (Use `node --trace-deprecation ...` to show where the warning was created)
2026-10-08T17:39:01.5964546Z Cache hit occurred on the primary key node-cache-Linux-x64-npm-b8ba1b1e75b534e8b18fa308aa4c06e83b4d486ff426239c6fd9007055bc4cce, not saving cache.
2026-10-08T17:39:01.6101861Z Post job cleanup.
2026-10-08T17:39:01.6643393Z [command]/usr/bin/git version
2026-10-08T17:39:01.6674159Z git version 2.55.0
2026-10-08T17:39:01.6697292Z Temporarily overriding HOME='/home/runner/work/_temp/ba359eaa-8d7c-4655-8c7d-8f7823368054' before making global git config changes
2026-10-08T17:39:01.6698204Z Adding repository directory to the temporary git global config as a safe directory
2026-10-08T17:39:01.6700908Z [command]/usr/bin/git config --global --add safe.directory /home/runner/work/opendesk-browser/opendesk-browser
2026-10-08T17:39:01.6730353Z [command]/usr/bin/git config --local --name-only --get-regexp core\.sshCommand
2026-10-08T17:39:01.6757063Z [command]/usr/bin/git submodule foreach --recursive sh -c "git config --local --name-only --get-regexp 'core\.sshCommand' && git config --local --unset-all 'core.sshCommand' || :"
2026-10-08T17:39:01.6962675Z [command]/usr/bin/git config --local --name-only --get-regexp http\.https\:\/\/github\.com\/\.extraheader
2026-10-08T17:39:01.6986815Z http.https://github.com/.extraheader
2026-10-08T17:39:01.6996295Z [command]/usr/bin/git config --local --unset-all http.https://github.com/.extraheader
2026-10-08T17:39:01.7024306Z [command]/usr/bin/git submodule foreach --recursive sh -c "git config --local --name-only --get-regexp 'http\.https\:\/\/github\.com\/\.extraheader' && git config --local --unset-all 'http.https://github.com/.extraheader' || :"
2026-10-08T17:39:01.7220152Z [command]/usr/bin/git config --local --name-only --get-regexp ^includeIf\.gitdir:
2026-10-08T17:39:01.7250346Z [command]/usr/bin/git submodule foreach --recursive git config --local --show-origin --name-only --get-regexp remote.origin.url
2026-10-08T17:39:01.7552836Z Cleaning up orphan processes
2026-10-08T17:39:01.7760284Z ##[warning]Node.js 20 is deprecated. The following actions target Node.js 20 but are being forced to run on Node.js 24: actions/checkout@v4, actions/setup-node@v4. For more information see: https://github.blog/changelog/2025-09-19-deprecation-of-node-20-on-github-actions-runners/
