2026-10-08T17:59:52.4562805Z Current runner version: '2.337.0'
2026-10-08T17:59:52.4591247Z ##[group]Runner Image Provisioner
2026-10-08T17:59:52.4593049Z Hosted Compute Agent
2026-10-08T17:59:52.4594539Z Version: 20261002.596
2026-10-08T17:59:52.4595816Z Commit: c3d12f3313a95f25162a1503be624f3b0617f8c0
2026-10-08T17:59:52.4597257Z Build Date: 2026-10-02T22:28:27Z
2026-10-08T17:59:52.4598644Z Worker ID: {a469c70f-7760-4f4e-b0d0-9a0d37d03fb5}
2026-10-08T17:59:52.4599971Z Region: centralus
2026-10-08T17:59:52.4600931Z Cloud: Azure
2026-10-08T17:59:52.4602132Z ##[endgroup]
2026-10-08T17:59:52.4604751Z ##[group]Operating System
2026-10-08T17:59:52.4605992Z Ubuntu
2026-10-08T17:59:52.4607088Z 24.04.5
2026-10-08T17:59:52.4607961Z LTS
2026-10-08T17:59:52.4609030Z ##[endgroup]
2026-10-08T17:59:52.4610044Z ##[group]Runner Image
2026-10-08T17:59:52.4611344Z Image: ubuntu-24.04
2026-10-08T17:59:52.4612488Z Version: 20261004.327.1
2026-10-08T17:59:52.4615129Z Included Software: https://github.com/actions/runner-images/blob/ubuntu24/20261004.327/images/ubuntu/Ubuntu2404-Readme.md
2026-10-08T17:59:52.4617947Z Image Release: https://github.com/actions/runner-images/releases/tag/ubuntu24%2F20261004.327
2026-10-08T17:59:52.4620244Z ##[endgroup]
2026-10-08T17:59:52.4622383Z ##[group]GITHUB_TOKEN Permissions
2026-10-08T17:59:52.4625744Z Contents: read
2026-10-08T17:59:52.4626780Z Metadata: read
2026-10-08T17:59:52.4627792Z ##[endgroup]
2026-10-08T17:59:52.4630853Z Secret source: Actions
2026-10-08T17:59:52.4632473Z Cache mode: write
2026-10-08T17:59:52.4634333Z Prepare workflow directory
2026-10-08T17:59:52.5012382Z Prepare all required actions
2026-10-08T17:59:52.5065741Z Getting action download info
2026-10-08T17:59:52.7810230Z Download action repository 'actions/checkout@v4' (SHA:11d5960a326750d5838078e36cf38b85af677262)
2026-10-08T17:59:52.8732008Z Download action repository 'actions/setup-node@v4' (SHA:49933ea5288caeca8642d1e84afbd3f7d6820020)
2026-10-08T17:59:53.0743004Z Complete job name: bridge-components
2026-10-08T17:59:53.1543853Z ##[group]Run actions/checkout@v4
2026-10-08T17:59:53.1545138Z with:
2026-10-08T17:59:53.1545628Z   repository: shopable-ai/opendesk-browser
2026-10-08T17:59:53.1549345Z   token: ***
2026-10-08T17:59:53.1549782Z   ssh-strict: true
2026-10-08T17:59:53.1550218Z   ssh-user: git
2026-10-08T17:59:53.1550669Z   persist-credentials: true
2026-10-08T17:59:53.1551159Z   clean: true
2026-10-08T17:59:53.1551607Z   sparse-checkout-cone-mode: true
2026-10-08T17:59:53.1552129Z   fetch-depth: 1
2026-10-08T17:59:53.1552553Z   fetch-tags: false
2026-10-08T17:59:53.1552993Z   show-progress: true
2026-10-08T17:59:53.1553436Z   lfs: false
2026-10-08T17:59:53.1553848Z   submodules: false
2026-10-08T17:59:53.1554473Z   set-safe-directory: true
2026-10-08T17:59:53.1554970Z   allow-unsafe-pr-checkout: false
2026-10-08T17:59:53.1555893Z ##[endgroup]
2026-10-08T17:59:53.2579083Z Syncing repository: shopable-ai/opendesk-browser
2026-10-08T17:59:53.2582093Z ##[group]Getting Git version info
2026-10-08T17:59:53.2583639Z Working directory is '/home/runner/work/opendesk-browser/opendesk-browser'
2026-10-08T17:59:53.2586036Z [command]/usr/bin/git version
2026-10-08T17:59:53.2705280Z git version 2.55.0
2026-10-08T17:59:53.2726852Z ##[endgroup]
2026-10-08T17:59:53.2744964Z Temporarily overriding HOME='/home/runner/work/_temp/8c3007cb-d6a7-4868-9eb1-cbc720bf8ab8' before making global git config changes
2026-10-08T17:59:53.2748859Z Adding repository directory to the temporary git global config as a safe directory
2026-10-08T17:59:53.2758731Z [command]/usr/bin/git config --global --add safe.directory /home/runner/work/opendesk-browser/opendesk-browser
2026-10-08T17:59:53.2816729Z Deleting the contents of '/home/runner/work/opendesk-browser/opendesk-browser'
2026-10-08T17:59:53.2822603Z ##[group]Initializing the repository
2026-10-08T17:59:53.2828012Z [command]/usr/bin/git init /home/runner/work/opendesk-browser/opendesk-browser
2026-10-08T17:59:53.2928275Z hint: Using 'master' as the name for the initial branch. This default branch name
2026-10-08T17:59:53.2930391Z hint: will change to "main" in Git 3.0. To configure the initial branch name
2026-10-08T17:59:53.2932734Z hint: to use in all of your new repositories, which will suppress this warning,
2026-10-08T17:59:53.2934554Z hint: call:
2026-10-08T17:59:53.2935346Z hint:
2026-10-08T17:59:53.2936304Z hint: 	git config --global init.defaultBranch <name>
2026-10-08T17:59:53.2937407Z hint:
2026-10-08T17:59:53.2938503Z hint: Names commonly chosen instead of 'master' are 'main', 'trunk' and
2026-10-08T17:59:53.2940201Z hint: 'development'. The just-created branch can be renamed via this command:
2026-10-08T17:59:53.2941498Z hint:
2026-10-08T17:59:53.2942218Z hint: 	git branch -m <name>
2026-10-08T17:59:53.2943014Z hint:
2026-10-08T17:59:53.2944369Z hint: Disable this message with "git config set advice.defaultBranchName false"
2026-10-08T17:59:53.2946748Z Initialized empty Git repository in /home/runner/work/opendesk-browser/opendesk-browser/.git/
2026-10-08T17:59:53.2949972Z [command]/usr/bin/git remote add origin https://github.com/shopable-ai/opendesk-browser
2026-10-08T17:59:53.2999393Z ##[endgroup]
2026-10-08T17:59:53.3000727Z ##[group]Disabling automatic garbage collection
2026-10-08T17:59:53.3004748Z [command]/usr/bin/git config --local gc.auto 0
2026-10-08T17:59:53.3039334Z ##[endgroup]
2026-10-08T17:59:53.3040682Z ##[group]Setting up auth
2026-10-08T17:59:53.3048883Z [command]/usr/bin/git config --local --name-only --get-regexp core\.sshCommand
2026-10-08T17:59:53.3087761Z [command]/usr/bin/git submodule foreach --recursive sh -c "git config --local --name-only --get-regexp 'core\.sshCommand' && git config --local --unset-all 'core.sshCommand' || :"
2026-10-08T17:59:53.3474549Z [command]/usr/bin/git config --local --name-only --get-regexp http\.https\:\/\/github\.com\/\.extraheader
2026-10-08T17:59:53.3511577Z [command]/usr/bin/git submodule foreach --recursive sh -c "git config --local --name-only --get-regexp 'http\.https\:\/\/github\.com\/\.extraheader' && git config --local --unset-all 'http.https://github.com/.extraheader' || :"
2026-10-08T17:59:53.3738364Z [command]/usr/bin/git config --local --name-only --get-regexp ^includeIf\.gitdir:
2026-10-08T17:59:53.3775727Z [command]/usr/bin/git submodule foreach --recursive git config --local --show-origin --name-only --get-regexp remote.origin.url
2026-10-08T17:59:53.3999987Z [command]/usr/bin/git config --local http.https://github.com/.extraheader AUTHORIZATION: basic ***
2026-10-08T17:59:53.4041205Z ##[endgroup]
2026-10-08T17:59:53.4042495Z ##[group]Fetching the repository
2026-10-08T17:59:53.4051097Z [command]/usr/bin/git -c protocol.version=2 fetch --no-tags --prune --no-recurse-submodules --depth=1 origin +bd47d40c9cf88af6942fe35c7468a92c3042c2d1:refs/remotes/origin/main
2026-10-08T17:59:55.8162190Z From https://github.com/shopable-ai/opendesk-browser
2026-10-08T17:59:55.8165897Z  * [new ref]         bd47d40c9cf88af6942fe35c7468a92c3042c2d1 -> origin/main
2026-10-08T17:59:55.8172502Z ##[endgroup]
2026-10-08T17:59:55.8175555Z ##[group]Determining the checkout info
2026-10-08T17:59:55.8178167Z ##[endgroup]
2026-10-08T17:59:55.8179400Z [command]/usr/bin/git sparse-checkout disable
2026-10-08T17:59:55.8232216Z [command]/usr/bin/git config --local --unset-all extensions.worktreeConfig
2026-10-08T17:59:55.8268811Z ##[group]Checking out the ref
2026-10-08T17:59:55.8273083Z [command]/usr/bin/git checkout --progress --force -B main refs/remotes/origin/main
2026-10-08T17:59:56.8451333Z Updating files:  70% (9182/12981)
2026-10-08T17:59:56.8524717Z Updating files:  71% (9217/12981)
2026-10-08T17:59:56.8666392Z Updating files:  72% (9347/12981)
2026-10-08T17:59:56.8740304Z Updating files:  73% (9477/12981)
2026-10-08T17:59:56.8787710Z Updating files:  74% (9606/12981)
2026-10-08T17:59:56.8939518Z Updating files:  75% (9736/12981)
2026-10-08T17:59:56.9023571Z Updating files:  76% (9866/12981)
2026-10-08T17:59:56.9078964Z Updating files:  77% (9996/12981)
2026-10-08T17:59:56.9225523Z Updating files:  78% (10126/12981)
2026-10-08T17:59:56.9301749Z Updating files:  79% (10255/12981)
2026-10-08T17:59:56.9367269Z Updating files:  80% (10385/12981)
2026-10-08T17:59:56.9432658Z Updating files:  81% (10515/12981)
2026-10-08T17:59:56.9578936Z Updating files:  82% (10645/12981)
2026-10-08T17:59:56.9659695Z Updating files:  83% (10775/12981)
2026-10-08T17:59:56.9706495Z Updating files:  84% (10905/12981)
2026-10-08T17:59:56.9857227Z Updating files:  85% (11034/12981)
2026-10-08T17:59:56.9935182Z Updating files:  86% (11164/12981)
2026-10-08T17:59:57.0059876Z Updating files:  87% (11294/12981)
2026-10-08T17:59:57.0404493Z Updating files:  88% (11424/12981)
2026-10-08T17:59:57.0735324Z Updating files:  89% (11554/12981)
2026-10-08T17:59:57.0865847Z Updating files:  90% (11683/12981)
2026-10-08T17:59:57.0948495Z Updating files:  91% (11813/12981)
2026-10-08T17:59:57.1051024Z Updating files:  92% (11943/12981)
2026-10-08T17:59:57.1403338Z Updating files:  93% (12073/12981)
2026-10-08T17:59:57.2144776Z Updating files:  94% (12203/12981)
2026-10-08T17:59:57.2496865Z Updating files:  95% (12332/12981)
2026-10-08T17:59:57.3143954Z Updating files:  96% (12462/12981)
2026-10-08T17:59:57.3708920Z Updating files:  97% (12592/12981)
2026-10-08T17:59:57.4552768Z Updating files:  98% (12722/12981)
2026-10-08T17:59:57.4916348Z Updating files:  99% (12852/12981)
2026-10-08T17:59:57.4916948Z Updating files: 100% (12981/12981)
2026-10-08T17:59:57.4917316Z Updating files: 100% (12981/12981), done.
2026-10-08T17:59:57.5323949Z Switched to a new branch 'main'
2026-10-08T17:59:57.5329570Z branch 'main' set up to track 'origin/main'.
2026-10-08T17:59:57.5423788Z ##[endgroup]
2026-10-08T17:59:57.5474483Z [command]/usr/bin/git log -1 --format=%H
2026-10-08T17:59:57.5506154Z bd47d40c9cf88af6942fe35c7468a92c3042c2d1
2026-10-08T17:59:57.5781857Z ##[group]Run actions/setup-node@v4
2026-10-08T17:59:57.5782171Z with:
2026-10-08T17:59:57.5782384Z   node-version: 22
2026-10-08T17:59:57.5782597Z   cache: npm
2026-10-08T17:59:57.5782795Z   always-auth: false
2026-10-08T17:59:57.5783012Z   check-latest: false
2026-10-08T17:59:57.5785720Z   token: ***
2026-10-08T17:59:57.5785969Z ##[endgroup]
2026-10-08T17:59:57.7301978Z Found in cache @ /opt/hostedtoolcache/node/22.23.3/x64
2026-10-08T17:59:57.7307557Z (node:2264) [DEP0040] DeprecationWarning: The `punycode` module is deprecated. Please use a userland alternative instead.
2026-10-08T17:59:57.7308873Z (Use `node --trace-deprecation ...` to show where the warning was created)
2026-10-08T17:59:57.7311105Z ##[group]Environment details
2026-10-08T17:59:58.1008360Z node: v22.23.3
2026-10-08T17:59:58.1008798Z npm: 10.9.9
2026-10-08T17:59:58.1009089Z yarn: 1.22.22
2026-10-08T17:59:58.1010067Z ##[endgroup]
2026-10-08T17:59:58.1073696Z [command]/opt/hostedtoolcache/node/22.23.3/x64/bin/npm config get cache
2026-10-08T17:59:58.2170500Z /home/runner/.npm
2026-10-08T17:59:58.3901586Z Cache hit for: node-cache-Linux-x64-npm-b8ba1b1e75b534e8b18fa308aa4c06e83b4d486ff426239c6fd9007055bc4cce
2026-10-08T17:59:58.4046360Z (node:2264) [DEP0169] DeprecationWarning: `url.parse()` behavior is not standardized and prone to errors that have security implications. Use the WHATWG URL API instead. CVEs are not issued for `url.parse()` vulnerabilities.
2026-10-08T17:59:59.3091191Z Received 15714701 of 15714701 (100.0%), 20.5 MBs/sec
2026-10-08T17:59:59.3091799Z Cache Size: ~15 MB (15714701 B)
2026-10-08T17:59:59.3119564Z [command]/usr/bin/tar -xf /home/runner/work/_temp/d6c5bef9-4abe-406e-934c-55f7d7f99c7a/cache.tzst -P -C /home/runner/work/opendesk-browser/opendesk-browser --use-compress-program unzstd
2026-10-08T17:59:59.3849639Z Cache restored successfully
2026-10-08T17:59:59.3860732Z Cache restored from key: node-cache-Linux-x64-npm-b8ba1b1e75b534e8b18fa308aa4c06e83b4d486ff426239c6fd9007055bc4cce
2026-10-08T17:59:59.4016789Z ##[group]Run npm ci --ignore-scripts --no-audit --no-fund
2026-10-08T17:59:59.4017285Z [36;1mnpm ci --ignore-scripts --no-audit --no-fund[0m
2026-10-08T17:59:59.4283808Z shell: /usr/bin/bash -e {0}
2026-10-08T17:59:59.4284520Z ##[endgroup]
2026-10-08T18:00:01.8536396Z 
2026-10-08T18:00:01.8544641Z added 240 packages in 2s
2026-10-08T18:00:01.9060704Z ##[group]Run node --test tests/environment/native-agent-wire.test.mjs tests/environment/native-agent-host.test.mjs tests/environment/native-agent-bridge.test.mjs tests/environment/native-agent-native-host.test.mjs tests/environment/native-agent-package.test.mjs tests/environment/compact-schema.test.mjs tests/environment/agent-to-task-fixtures.test.mjs
2026-10-08T18:00:01.9063367Z [36;1mnode --test tests/environment/native-agent-wire.test.mjs tests/environment/native-agent-host.test.mjs tests/environment/native-agent-bridge.test.mjs tests/environment/native-agent-native-host.test.mjs tests/environment/native-agent-package.test.mjs tests/environment/compact-schema.test.mjs tests/environment/agent-to-task-fixtures.test.mjs[0m
2026-10-08T18:00:01.9131006Z shell: /usr/bin/bash -e {0}
2026-10-08T18:00:01.9131275Z ##[endgroup]
2026-10-08T18:00:01.9765505Z TAP version 13
2026-10-08T18:00:02.0320140Z # Subtest: read-only Agent observation draft retains the main R6.2 bounded snapshot contract
2026-10-08T18:00:02.0333948Z ok 1 - read-only Agent observation draft retains the main R6.2 bounded snapshot contract
2026-10-08T18:00:02.0335299Z   ---
2026-10-08T18:00:02.0335712Z   duration_ms: 8.421028
2026-10-08T18:00:02.0336130Z   type: 'test'
2026-10-08T18:00:02.0336354Z   ...
2026-10-08T18:00:02.0445234Z # Subtest: modern Locator Task candidate is exact and immutable, never pre-verified
2026-10-08T18:00:02.0455582Z ok 2 - modern Locator Task candidate is exact and immutable, never pre-verified
2026-10-08T18:00:02.0456832Z   ---
2026-10-08T18:00:02.0457456Z   duration_ms: 12.837868
2026-10-08T18:00:02.0458076Z   type: 'test'
2026-10-08T18:00:02.0458618Z   ...
2026-10-08T18:00:02.1505332Z # Subtest: fixed production protocol Schema uses variable-width LZW and decodes byte-for-byte to the audited object
2026-10-08T18:00:02.1533253Z ok 3 - fixed production protocol Schema uses variable-width LZW and decodes byte-for-byte to the audited object
2026-10-08T18:00:02.1539813Z   ---
2026-10-08T18:00:02.1546339Z   duration_ms: 116.724476
2026-10-08T18:00:02.1555116Z   type: 'test'
2026-10-08T18:00:02.1556110Z   ...
2026-10-08T18:00:02.1557356Z # Subtest: small and non-ASCII schemas still round-trip through existing smaller-of-two-formats selection
2026-10-08T18:00:02.1559229Z ok 4 - small and non-ASCII schemas still round-trip through existing smaller-of-two-formats selection
2026-10-08T18:00:02.1560247Z   ---
2026-10-08T18:00:02.1560751Z   duration_ms: 0.924347
2026-10-08T18:00:02.1561306Z   type: 'test'
2026-10-08T18:00:02.1561870Z   ...
2026-10-08T18:00:02.1746191Z # Subtest: startup permission check cannot reconnect after permission-removed
2026-10-08T18:00:02.1775602Z ok 5 - startup permission check cannot reconnect after permission-removed
2026-10-08T18:00:02.1784941Z   ---
2026-10-08T18:00:02.1812525Z   duration_ms: 10.846158
2026-10-08T18:00:02.1813170Z   type: 'test'
2026-10-08T18:00:02.1813521Z   ...
2026-10-08T18:00:02.1845333Z # Subtest: startup permission check cannot reconnect after dispose
2026-10-08T18:00:02.1855542Z ok 6 - startup permission check cannot reconnect after dispose
2026-10-08T18:00:02.1895867Z   ---
2026-10-08T18:00:02.1896548Z   duration_ms: 2.363995
2026-10-08T18:00:02.1897348Z   type: 'test'
2026-10-08T18:00:02.1898128Z   ...
2026-10-08T18:00:02.1899068Z # Subtest: reserved mutation never dispatches across disable
2026-10-08T18:00:02.1900306Z ok 7 - reserved mutation never dispatches across disable
2026-10-08T18:00:02.1901119Z   ---
2026-10-08T18:00:02.1901724Z   duration_ms: 13.189444
2026-10-08T18:00:02.1902357Z   type: 'test'
2026-10-08T18:00:02.1903243Z   ...
2026-10-08T18:00:02.1904502Z # Subtest: reserved mutation never dispatches across permission-removed
2026-10-08T18:00:02.1905896Z ok 8 - reserved mutation never dispatches across permission-removed
2026-10-08T18:00:02.1906837Z   ---
2026-10-08T18:00:02.1907429Z   duration_ms: 7.247747
2026-10-08T18:00:02.1908076Z   type: 'test'
2026-10-08T18:00:02.1908707Z   ...
2026-10-08T18:00:02.1910223Z # Subtest: reserved mutation never dispatches across disconnect-reconnect
2026-10-08T18:00:02.1911829Z ok 9 - reserved mutation never dispatches across disconnect-reconnect
2026-10-08T18:00:02.1912791Z   ---
2026-10-08T18:00:02.1913380Z   duration_ms: 7.639441
2026-10-08T18:00:02.1914011Z   type: 'test'
2026-10-08T18:00:02.1914950Z   ...
2026-10-08T18:00:02.1915911Z # Subtest: reserved mutation never dispatches across disable-enable
2026-10-08T18:00:02.1917216Z ok 10 - reserved mutation never dispatches across disable-enable
2026-10-08T18:00:02.1918161Z   ---
2026-10-08T18:00:02.1918764Z   duration_ms: 7.839582
2026-10-08T18:00:02.1919472Z   type: 'test'
2026-10-08T18:00:02.1934811Z   ...
2026-10-08T18:00:02.1955345Z # Subtest: reserved mutation never dispatches across dispose
2026-10-08T18:00:02.1956548Z ok 11 - reserved mutation never dispatches across dispose
2026-10-08T18:00:02.1957444Z   ---
2026-10-08T18:00:02.1957957Z   duration_ms: 7.091854
2026-10-08T18:00:02.1958474Z   type: 'test'
2026-10-08T18:00:02.1959025Z   ...
2026-10-08T18:00:02.1960010Z # Subtest: Native permission is rechecked immediately before dispatch
2026-10-08T18:00:02.1961210Z ok 12 - Native permission is rechecked immediately before dispatch
2026-10-08T18:00:02.1962072Z   ---
2026-10-08T18:00:02.1962643Z   duration_ms: 5.93746
2026-10-08T18:00:02.1963241Z   type: 'test'
2026-10-08T18:00:02.1963842Z   ...
2026-10-08T18:00:02.1965218Z # Subtest: a late disconnect from an old Native port cannot cancel a new connection request
2026-10-08T18:00:02.1966543Z ok 13 - a late disconnect from an old Native port cannot cancel a new connection request
2026-10-08T18:00:02.1967323Z   ---
2026-10-08T18:00:02.1967696Z   duration_ms: 12.318207
2026-10-08T18:00:02.1968151Z   type: 'test'
2026-10-08T18:00:02.1968512Z   ...
2026-10-08T18:00:02.1969201Z # Subtest: a pending enable permission check cannot overwrite disable
2026-10-08T18:00:02.1970179Z ok 14 - a pending enable permission check cannot overwrite disable
2026-10-08T18:00:02.1970984Z   ---
2026-10-08T18:00:02.1971375Z   duration_ms: 3.483486
2026-10-08T18:00:02.1971802Z   type: 'test'
2026-10-08T18:00:02.1972173Z   ...
2026-10-08T18:00:02.1972954Z # Subtest: a pending enable permission check cannot overwrite permission-removed
2026-10-08T18:00:02.1974377Z ok 15 - a pending enable permission check cannot overwrite permission-removed
2026-10-08T18:00:02.1975156Z   ---
2026-10-08T18:00:02.1975647Z   duration_ms: 1.864393
2026-10-08T18:00:02.1976117Z   type: 'test'
2026-10-08T18:00:02.1976473Z   ...
2026-10-08T18:00:02.1977230Z # Subtest: a pending enable storage write cannot persist over a newer disable
2026-10-08T18:00:02.1978296Z ok 16 - a pending enable storage write cannot persist over a newer disable
2026-10-08T18:00:02.1978950Z   ---
2026-10-08T18:00:02.1979288Z   duration_ms: 2.099893
2026-10-08T18:00:02.1979684Z   type: 'test'
2026-10-08T18:00:02.1980031Z   ...
2026-10-08T18:00:02.1980955Z # Subtest: an old Host ACK cannot match a new connection read with the same external requestId
2026-10-08T18:00:02.1982265Z ok 17 - an old Host ACK cannot match a new connection read with the same external requestId
2026-10-08T18:00:02.1983003Z   ---
2026-10-08T18:00:02.1983352Z   duration_ms: 18.862079
2026-10-08T18:00:02.1983785Z   type: 'test'
2026-10-08T18:00:02.1984406Z   ...
2026-10-08T18:00:02.1985179Z # Subtest: enabled Native handshake sends version and correct extension identity
2026-10-08T18:00:02.1986297Z ok 18 - enabled Native handshake sends version and correct extension identity
2026-10-08T18:00:02.1987020Z   ---
2026-10-08T18:00:02.1987385Z   duration_ms: 1.374898
2026-10-08T18:00:02.1987804Z   type: 'test'
2026-10-08T18:00:02.1988170Z   ...
2026-10-08T18:00:02.1989067Z # Subtest: default-off requires a packaged Settings sender and real granted Native permission
2026-10-08T18:00:02.1990420Z ok 19 - default-off requires a packaged Settings sender and real granted Native permission
2026-10-08T18:00:02.1991228Z   ---
2026-10-08T18:00:02.1991585Z   duration_ms: 4.565644
2026-10-08T18:00:02.1991990Z   type: 'test'
2026-10-08T18:00:02.1993054Z   ...
2026-10-08T18:00:02.1993992Z # Subtest: request hash journal deduplicates after real Host admission; conflicting bytes fail
2026-10-08T18:00:02.2028056Z ok 20 - request hash journal deduplicates after real Host admission; conflicting bytes fail
2026-10-08T18:00:02.2028882Z   ---
2026-10-08T18:00:02.2029225Z   duration_ms: 11.626528
2026-10-08T18:00:02.2029621Z   type: 'test'
2026-10-08T18:00:02.2029962Z   ...
2026-10-08T18:00:02.2030779Z # Subtest: dispatched but unanswered calls are never retried, even if same id reappears
2026-10-08T18:00:02.2032052Z ok 21 - dispatched but unanswered calls are never retried, even if same id reappears
2026-10-08T18:00:02.2032805Z   ---
2026-10-08T18:00:02.2033164Z   duration_ms: 12.397575
2026-10-08T18:00:02.2033593Z   type: 'test'
2026-10-08T18:00:02.2033951Z   ...
2026-10-08T18:00:02.2035008Z # Subtest: no live registered Host means no run reservation or Worker execution
2026-10-08T18:00:02.2036137Z ok 22 - no live registered Host means no run reservation or Worker execution
2026-10-08T18:00:02.2036827Z   ---
2026-10-08T18:00:02.2037191Z   duration_ms: 1.452503
2026-10-08T18:00:02.2037582Z   type: 'test'
2026-10-08T18:00:02.2037958Z   ...
2026-10-08T18:00:02.2038723Z # Subtest: run.get and run.stop cannot inspect arbitrary Sidebar-owned Run records
2026-10-08T18:00:02.2039898Z ok 23 - run.get and run.stop cannot inspect arbitrary Sidebar-owned Run records
2026-10-08T18:00:02.2040619Z   ---
2026-10-08T18:00:02.2040976Z   duration_ms: 2.361891
2026-10-08T18:00:02.2041375Z   type: 'test'
2026-10-08T18:00:02.2041702Z   ...
2026-10-08T18:00:02.2042556Z # Subtest: ACK journal write failure after Host action remains OUTCOME_UNKNOWN and never replays
2026-10-08T18:00:02.2043921Z ok 24 - ACK journal write failure after Host action remains OUTCOME_UNKNOWN and never replays
2026-10-08T18:00:02.2045100Z   ---
2026-10-08T18:00:02.2045500Z   duration_ms: 18.443575
2026-10-08T18:00:02.2045951Z   type: 'test'
2026-10-08T18:00:02.2046309Z   ...
2026-10-08T18:00:02.2047234Z # Subtest: run.get and run.stop remain pinned to the original authenticated Host registration
2026-10-08T18:00:02.2048606Z ok 25 - run.get and run.stop remain pinned to the original authenticated Host registration
2026-10-08T18:00:02.2049364Z   ---
2026-10-08T18:00:02.2049711Z   duration_ms: 22.118103
2026-10-08T18:00:02.2050063Z   type: 'test'
2026-10-08T18:00:02.2050430Z   ...
2026-10-08T18:00:02.2156148Z # Subtest: current target is live Sidebar snapshot, not active tab chosen by CLI
2026-10-08T18:00:02.2177076Z ok 26 - current target is live Sidebar snapshot, not active tab chosen by CLI
2026-10-08T18:00:02.2214807Z   ---
2026-10-08T18:00:02.2228310Z   duration_ms: 2.778811
2026-10-08T18:00:02.2235164Z   type: 'test'
2026-10-08T18:00:02.2235693Z   ...
2026-10-08T18:00:02.2236794Z # Subtest: external draft uses exact RunHost with frozen borrowed target and controller requestId
2026-10-08T18:00:02.2238320Z ok 27 - external draft uses exact RunHost with frozen borrowed target and controller requestId
2026-10-08T18:00:02.2239301Z   ---
2026-10-08T18:00:02.2239782Z   duration_ms: 1.356273
2026-10-08T18:00:02.2240318Z   type: 'test'
2026-10-08T18:00:02.2240777Z   ...
2026-10-08T18:00:02.2241702Z # Subtest: Host ACK correlation preserves the external Controller admission requestId
2026-10-08T18:00:02.2243037Z ok 28 - Host ACK correlation preserves the external Controller admission requestId
2026-10-08T18:00:02.2243901Z   ---
2026-10-08T18:00:02.2244599Z   duration_ms: 0.887228
2026-10-08T18:00:02.2245182Z   type: 'test'
2026-10-08T18:00:02.2245645Z   ...
2026-10-08T18:00:02.2246564Z # Subtest: permissions and document id fail before admission (no Chrome prompt)
2026-10-08T18:00:02.2247989Z ok 29 - permissions and document id fail before admission (no Chrome prompt)
2026-10-08T18:00:02.2248830Z   ---
2026-10-08T18:00:02.2249286Z   duration_ms: 3.0679
2026-10-08T18:00:02.2249812Z   type: 'test'
2026-10-08T18:00:02.2250273Z   ...
2026-10-08T18:00:02.2251091Z # Subtest: saved requires pinned exact revision and source hash
2026-10-08T18:00:02.2252755Z ok 30 - saved requires pinned exact revision and source hash
2026-10-08T18:00:02.2253507Z   ---
2026-10-08T18:00:02.2253979Z   duration_ms: 0.945515
2026-10-08T18:00:02.2254834Z   type: 'test'
2026-10-08T18:00:02.2255309Z   ...
2026-10-08T18:00:02.2256300Z # Subtest: run.get removes unrelated Sidebar run history from Controller snapshot projection
2026-10-08T18:00:02.2257728Z ok 31 - run.get removes unrelated Sidebar run history from Controller snapshot projection
2026-10-08T18:00:02.2258630Z   ---
2026-10-08T18:00:02.2259102Z   duration_ms: 0.612504
2026-10-08T18:00:02.2259643Z   type: 'test'
2026-10-08T18:00:02.2260099Z   ...
2026-10-08T18:00:02.2345499Z # Subtest: identity is pinned; invalid origin cannot launch a server
2026-10-08T18:00:02.2375089Z ok 32 - identity is pinned; invalid origin cannot launch a server
2026-10-08T18:00:02.2376156Z   ---
2026-10-08T18:00:02.2404944Z   duration_ms: 2.877504
2026-10-08T18:00:02.2435011Z   type: 'test'
2026-10-08T18:00:02.2481218Z   ...
2026-10-08T18:00:02.2482626Z # Subtest: framed Chrome welcome, authenticated local IPC, request and exact response
2026-10-08T18:00:02.2483980Z ok 33 - framed Chrome welcome, authenticated local IPC, request and exact response
2026-10-08T18:00:02.2485021Z   ---
2026-10-08T18:00:02.2485360Z   duration_ms: 21.618013
2026-10-08T18:00:02.2485749Z   type: 'test'
2026-10-08T18:00:02.2486091Z   ...
2026-10-08T18:00:02.2486775Z # Subtest: duplicate inflight request ID is rejected, not dispatched again
2026-10-08T18:00:02.2487839Z ok 34 - duplicate inflight request ID is rejected, not dispatched again
2026-10-08T18:00:02.2488487Z   ---
2026-10-08T18:00:02.2488822Z   duration_ms: 4.839128
2026-10-08T18:00:02.2489193Z   type: 'test'
2026-10-08T18:00:02.2489514Z   ...
2026-10-08T18:00:02.2490227Z # Subtest: unacknowledged dispatched effects become unknown on native shutdown
2026-10-08T18:00:02.2491353Z ok 35 - unacknowledged dispatched effects become unknown on native shutdown
2026-10-08T18:00:02.2505008Z   ---
2026-10-08T18:00:02.2535169Z   duration_ms: 3.910163
2026-10-08T18:00:02.2545159Z   type: 'test'
2026-10-08T18:00:02.2545706Z   ...
2026-10-08T18:00:02.2546556Z # Subtest: wrong credential is rejected without local API access
2026-10-08T18:00:02.2547633Z ok 36 - wrong credential is rejected without local API access
2026-10-08T18:00:02.2548385Z   ---
2026-10-08T18:00:02.2548857Z   duration_ms: 4.394528
2026-10-08T18:00:02.2549393Z   type: 'test'
2026-10-08T18:00:02.2549859Z   ...
2026-10-08T18:00:02.3547977Z # Subtest: handshake timeout closes the private socket without stale reuse
2026-10-08T18:00:02.3549447Z ok 37 - handshake timeout closes the private socket without stale reuse
2026-10-08T18:00:02.3550446Z   ---
2026-10-08T18:00:02.3551006Z   duration_ms: 102.229547
2026-10-08T18:00:02.3551539Z   type: 'test'
2026-10-08T18:00:02.3551816Z   ...
2026-10-08T18:00:02.3986495Z # Subtest: native response timeout preserves unknown-effect outcome
2026-10-08T18:00:02.3988249Z ok 38 - native response timeout preserves unknown-effect outcome
2026-10-08T18:00:02.3989252Z   ---
2026-10-08T18:00:02.3989792Z   duration_ms: 43.319829
2026-10-08T18:00:02.3990361Z   type: 'test'
2026-10-08T18:00:02.3990852Z   ...
2026-10-08T18:00:02.3991853Z # Subtest: existing socket is never unlinked or replaced by a second host
2026-10-08T18:00:02.3993359Z ok 39 - existing socket is never unlinked or replaced by a second host
2026-10-08T18:00:02.3994281Z   ---
2026-10-08T18:00:02.3994540Z   duration_ms: 1.245557
2026-10-08T18:00:02.3994829Z   type: 'test'
2026-10-08T18:00:02.3995081Z   ...
2026-10-08T18:00:02.4068858Z # Subtest: Native remains optional after merging the current permission catalog
2026-10-08T18:00:02.4069963Z ok 40 - Native remains optional after merging the current permission catalog
2026-10-08T18:00:02.4070629Z   ---
2026-10-08T18:00:02.4070958Z   duration_ms: 8.665685
2026-10-08T18:00:02.4071323Z   type: 'test'
2026-10-08T18:00:02.4071642Z   ...
2026-10-08T18:00:02.4072748Z # Subtest: strict production SW budget and fixed packaged Native transport entry
2026-10-08T18:00:02.4074344Z ok 41 - strict production SW budget and fixed packaged Native transport entry
2026-10-08T18:00:02.4075032Z   ---
2026-10-08T18:00:02.4075363Z   duration_ms: 0.399646
2026-10-08T18:00:02.4075732Z   type: 'test'
2026-10-08T18:00:02.4076057Z   ...
2026-10-08T18:00:02.4076623Z # Subtest: single exact same-extension static import allowed in SW only
2026-10-08T18:00:02.4077569Z ok 42 - single exact same-extension static import allowed in SW only
2026-10-08T18:00:02.4078147Z   ---
2026-10-08T18:00:02.4078476Z   duration_ms: 11.671579
2026-10-08T18:00:02.4078846Z   type: 'test'
2026-10-08T18:00:02.4079161Z   ...
2026-10-08T18:00:02.4080013Z # Subtest: fixed transport registers listeners on the original SW APIs; default-off does not connect
2026-10-08T18:00:02.4081324Z ok 43 - fixed transport registers listeners on the original SW APIs; default-off does not connect
2026-10-08T18:00:02.4082078Z   ---
2026-10-08T18:00:02.4082394Z   duration_ms: 1.109373
2026-10-08T18:00:02.4082777Z   type: 'test'
2026-10-08T18:00:02.4083099Z   ...
2026-10-08T18:00:02.4083872Z # Subtest: native framing uses UTF-8 byte length and handles split multibyte boundaries
2026-10-08T18:00:02.4085211Z ok 44 - native framing uses UTF-8 byte length and handles split multibyte boundaries
2026-10-08T18:00:02.4085890Z   ---
2026-10-08T18:00:02.4086199Z   duration_ms: 1.693603
2026-10-08T18:00:02.4086565Z   type: 'test'
2026-10-08T18:00:02.4086871Z   ...
2026-10-08T18:00:02.4087547Z # Subtest: private CLI line framing has bounded buffer and independent messages
2026-10-08T18:00:02.4088558Z ok 45 - private CLI line framing has bounded buffer and independent messages
2026-10-08T18:00:02.4089178Z   ---
2026-10-08T18:00:02.4089426Z   duration_ms: 1.315888
2026-10-08T18:00:02.4089660Z   type: 'test'
2026-10-08T18:00:02.4089861Z   ...
2026-10-08T18:00:02.4090292Z # Subtest: reject unsupported transport operations and malformed browser requests
2026-10-08T18:00:02.4090934Z ok 46 - reject unsupported transport operations and malformed browser requests
2026-10-08T18:00:02.4091330Z   ---
2026-10-08T18:00:02.4091518Z   duration_ms: 0.439351
2026-10-08T18:00:02.4091738Z   type: 'test'
2026-10-08T18:00:02.4091933Z   ...
2026-10-08T18:00:02.4092365Z # Subtest: stable digest pins equivalent JSON key order and rejects prototype pollution
2026-10-08T18:00:02.4093014Z ok 47 - stable digest pins equivalent JSON key order and rejects prototype pollution
2026-10-08T18:00:02.4093416Z   ---
2026-10-08T18:00:02.4093603Z   duration_ms: 7.951111
2026-10-08T18:00:02.4093814Z   type: 'test'
2026-10-08T18:00:02.4094003Z   ...
2026-10-08T18:00:02.4095671Z 1..47
2026-10-08T18:00:02.4095863Z # tests 47
2026-10-08T18:00:02.4096050Z # suites 0
2026-10-08T18:00:02.4096240Z # pass 47
2026-10-08T18:00:02.4096441Z # fail 0
2026-10-08T18:00:02.4096629Z # cancelled 0
2026-10-08T18:00:02.4096832Z # skipped 0
2026-10-08T18:00:02.4097021Z # todo 0
2026-10-08T18:00:02.4097229Z # duration_ms 454.408133
2026-10-08T18:00:02.4182094Z ##[group]Run node --test tests/environment/script-editor.test.mjs tests/environment/sidebar-draft-runhost.test.mjs tests/environment/task-workbench.test.mjs tests/environment/sidebar-product-contract.test.mjs
2026-10-08T18:00:02.4183649Z [36;1mnode --test tests/environment/script-editor.test.mjs tests/environment/sidebar-draft-runhost.test.mjs tests/environment/task-workbench.test.mjs tests/environment/sidebar-product-contract.test.mjs[0m
2026-10-08T18:00:02.4249995Z shell: /usr/bin/bash -e {0}
2026-10-08T18:00:02.4250284Z ##[endgroup]
2026-10-08T18:00:02.4859036Z TAP version 13
2026-10-08T18:00:02.5806028Z # Subtest: importing a JS draft leaves saved versions and running source independent
2026-10-08T18:00:02.5807368Z ok 1 - importing a JS draft leaves saved versions and running source independent
2026-10-08T18:00:02.5808114Z   ---
2026-10-08T18:00:02.5808490Z   duration_ms: 30.150574
2026-10-08T18:00:02.5808926Z   type: 'test'
2026-10-08T18:00:02.5809301Z   ...
2026-10-08T18:00:02.5842688Z # Subtest: draft import rejects empty/oversized sources and active saves without overwriting the editor
2026-10-08T18:00:02.5845092Z ok 2 - draft import rejects empty/oversized sources and active saves without overwriting the editor
2026-10-08T18:00:02.5846141Z   ---
2026-10-08T18:00:02.5846723Z   duration_ms: 5.29508
2026-10-08T18:00:02.5847222Z   type: 'test'
2026-10-08T18:00:02.5847689Z   ...
2026-10-08T18:00:02.5923688Z # Subtest: catalog draft import updates dependency review from the new source without saving or running
2026-10-08T18:00:02.5925416Z ok 3 - catalog draft import updates dependency review from the new source without saving or running
2026-10-08T18:00:02.5926122Z   ---
2026-10-08T18:00:02.5926469Z   duration_ms: 7.696675
2026-10-08T18:00:02.5948327Z   type: 'test'
2026-10-08T18:00:02.5948739Z   ...
2026-10-08T18:00:02.5981134Z # Subtest: Save persists revision/hash without requesting permission, creating a Run, or executing code
2026-10-08T18:00:02.5982966Z ok 4 - Save persists revision/hash without requesting permission, creating a Run, or executing code
2026-10-08T18:00:02.6034899Z   ---
2026-10-08T18:00:02.6035318Z   duration_ms: 4.714446
2026-10-08T18:00:02.6035730Z   type: 'test'
2026-10-08T18:00:02.6036013Z   ...
2026-10-08T18:00:02.6036601Z # Subtest: reopened editor lists saved scripts without running and loads the selected latest head explicitly
2026-10-08T18:00:02.6037493Z ok 5 - reopened editor lists saved scripts without running and loads the selected latest head explicitly
2026-10-08T18:00:02.6037992Z   ---
2026-10-08T18:00:02.6038199Z   duration_ms: 3.618849
2026-10-08T18:00:02.6038430Z   type: 'test'
2026-10-08T18:00:02.6038647Z   ...
2026-10-08T18:00:02.6072847Z # Subtest: loading a historical revision does not turn it into the latest Save CAS head
2026-10-08T18:00:02.6073703Z ok 6 - loading a historical revision does not turn it into the latest Save CAS head
2026-10-08T18:00:02.6074576Z   ---
2026-10-08T18:00:02.6074805Z   duration_ms: 6.567857
2026-10-08T18:00:02.6075077Z   type: 'test'
2026-10-08T18:00:02.6075309Z   ...
2026-10-08T18:00:02.6129527Z # Subtest: Delete tombstones the latest head and refreshes the saved-script selector
2026-10-08T18:00:02.6140711Z ok 7 - Delete tombstones the latest head and refreshes the saved-script selector
2026-10-08T18:00:02.6155197Z   ---
2026-10-08T18:00:02.6155571Z   duration_ms: 5.279962
2026-10-08T18:00:02.6155972Z   type: 'test'
2026-10-08T18:00:02.6156326Z   ...
2026-10-08T18:00:02.6259245Z # Subtest: saved A stays immutable; Run freezes unsaved B/params/page A; editing C and Save do not replace B
2026-10-08T18:00:02.6266804Z ok 8 - saved A stays immutable; Run freezes unsaved B/params/page A; editing C and Save do not replace B
2026-10-08T18:00:02.6267865Z   ---
2026-10-08T18:00:02.6268410Z   duration_ms: 10.014534
2026-10-08T18:00:02.6268971Z   type: 'test'
2026-10-08T18:00:02.6269497Z   ...
2026-10-08T18:00:02.6368710Z # Subtest: a brand-new unsaved draft runs with an empty script ID and never creates a saved revision
2026-10-08T18:00:02.6370980Z ok 9 - a brand-new unsaved draft runs with an empty script ID and never creates a saved revision
2026-10-08T18:00:02.6372111Z   ---
2026-10-08T18:00:02.6372745Z   duration_ms: 12.918338
2026-10-08T18:00:02.6373331Z   type: 'test'
2026-10-08T18:00:02.6373856Z   ...
2026-10-08T18:00:02.6530335Z # Subtest: permission preparation rejects a switched page; closing the editor during permission never admits a run
2026-10-08T18:00:02.6551529Z ok 10 - permission preparation rejects a switched page; closing the editor during permission never admits a run
2026-10-08T18:00:02.6552817Z   ---
2026-10-08T18:00:02.6553416Z   duration_ms: 15.409718
2026-10-08T18:00:02.6554032Z   type: 'test'
2026-10-08T18:00:02.6554921Z   ...
2026-10-08T18:00:02.6596676Z # Subtest: Stop uses the formal RunHost abort/retirement path and persists stopped with the original pin
2026-10-08T18:00:02.6605372Z ok 11 - Stop uses the formal RunHost abort/retirement path and persists stopped with the original pin
2026-10-08T18:00:02.6606494Z   ---
2026-10-08T18:00:02.6638180Z   duration_ms: 6.569009
2026-10-08T18:00:02.6638478Z   type: 'test'
2026-10-08T18:00:02.6638707Z   ...
2026-10-08T18:00:02.6691481Z # Subtest: pagehide invokes RunHost host-close; reopened editor only reads the durable interrupted Result
2026-10-08T18:00:02.6693614Z ok 12 - pagehide invokes RunHost host-close; reopened editor only reads the durable interrupted Result
2026-10-08T18:00:02.6695067Z   ---
2026-10-08T18:00:02.6695696Z   duration_ms: 7.122065
2026-10-08T18:00:02.6696309Z   type: 'test'
2026-10-08T18:00:02.6696966Z   ...
2026-10-08T18:00:02.6736476Z # Subtest: late Save/Load replies do not overwrite another script selection or edits made during loading
2026-10-08T18:00:02.6737946Z ok 13 - late Save/Load replies do not overwrite another script selection or edits made during loading
2026-10-08T18:00:02.6738748Z   ---
2026-10-08T18:00:02.6739091Z   duration_ms: 6.042907
2026-10-08T18:00:02.6739497Z   type: 'test'
2026-10-08T18:00:02.6739840Z   ...
2026-10-08T18:00:02.6775282Z # Subtest: late saved-script selector load cannot overwrite edits made during loading
2026-10-08T18:00:02.6776733Z ok 14 - late saved-script selector load cannot overwrite edits made during loading
2026-10-08T18:00:02.6777691Z   ---
2026-10-08T18:00:02.6778225Z   duration_ms: 4.880075
2026-10-08T18:00:02.6778819Z   type: 'test'
2026-10-08T18:00:02.6779332Z   ...
2026-10-08T18:00:02.7042624Z # Subtest: an older snapshot reply cannot disable Run after a newer durable observation
2026-10-08T18:00:02.7055326Z ok 15 - an older snapshot reply cannot disable Run after a newer durable observation
2026-10-08T18:00:02.7056309Z   ---
2026-10-08T18:00:02.7056865Z   duration_ms: 12.861742
2026-10-08T18:00:02.7057406Z   type: 'test'
2026-10-08T18:00:02.7057782Z   ...
2026-10-08T18:00:02.7125203Z # Subtest: an older snapshot error cannot overwrite a newer successful durable view
2026-10-08T18:00:02.7126875Z ok 16 - an older snapshot error cannot overwrite a newer successful durable view
2026-10-08T18:00:02.7127995Z   ---
2026-10-08T18:00:02.7128777Z   duration_ms: 19.673144
2026-10-08T18:00:02.7129236Z   type: 'test'
2026-10-08T18:00:02.7129597Z   ...
2026-10-08T18:00:02.7225616Z # Subtest: the permission request remains synchronous in the click fixture; denied permission and invalid params execute nothing
2026-10-08T18:00:02.7246014Z ok 17 - the permission request remains synchronous in the click fixture; denied permission and invalid params execute nothing
2026-10-08T18:00:02.7247327Z   ---
2026-10-08T18:00:02.7247813Z   duration_ms: 8.162656
2026-10-08T18:00:02.7248357Z   type: 'test'
2026-10-08T18:00:02.7248848Z   ...
2026-10-08T18:00:02.7292367Z # Subtest: DOM preview binds frozen source, dependency choice and exact current document from trusted click
2026-10-08T18:00:02.7295072Z ok 18 - DOM preview binds frozen source, dependency choice and exact current document from trusted click
2026-10-08T18:00:02.7296178Z   ---
2026-10-08T18:00:02.7296751Z   duration_ms: 11.022427
2026-10-08T18:00:02.7297762Z   type: 'test'
2026-10-08T18:00:02.7298352Z   ...
2026-10-08T18:00:02.7347594Z # Subtest: DOM preview refuses to inject when the active document changes while permission is pending
2026-10-08T18:00:02.7349326Z ok 19 - DOM preview refuses to inject when the active document changes while permission is pending
2026-10-08T18:00:02.7350411Z   ---
2026-10-08T18:00:02.7350952Z   duration_ms: 4.819301
2026-10-08T18:00:02.7351543Z   type: 'test'
2026-10-08T18:00:02.7352221Z   ...
2026-10-08T18:00:02.7402646Z # Subtest: Developer Stop cannot cancel the formal Task or another view using the shared RunHost
2026-10-08T18:00:02.7405126Z ok 20 - Developer Stop cannot cancel the formal Task or another view using the shared RunHost
2026-10-08T18:00:02.7406151Z   ---
2026-10-08T18:00:02.7406712Z   duration_ms: 5.07568
2026-10-08T18:00:02.7407294Z   type: 'test'
2026-10-08T18:00:02.7407808Z   ...
2026-10-08T18:00:02.7510062Z # Subtest: project import displays source while Save and Run freeze compiled bytes and the original hash
2026-10-08T18:00:02.7528458Z ok 21 - project import displays source while Save and Run freeze compiled bytes and the original hash
2026-10-08T18:00:02.7530173Z   ---
2026-10-08T18:00:02.7530779Z   duration_ms: 11.627457
2026-10-08T18:00:02.7531412Z   type: 'test'
2026-10-08T18:00:02.7531994Z   ...
2026-10-08T18:00:02.7562822Z # Subtest: invalid project envelope leaves the previous editor source and no execution or saved revision
2026-10-08T18:00:02.7565777Z ok 22 - invalid project envelope leaves the previous editor source and no execution or saved revision
2026-10-08T18:00:02.7566972Z   ---
2026-10-08T18:00:02.7567617Z   duration_ms: 6.115042
2026-10-08T18:00:02.7568291Z   type: 'test'
2026-10-08T18:00:02.7568987Z   ...
2026-10-08T18:00:02.7800910Z # Subtest: RunHost freezes a draft source variant and parameters before awaiting the host connection
2026-10-08T18:00:02.7804689Z ok 23 - RunHost freezes a draft source variant and parameters before awaiting the host connection
2026-10-08T18:00:02.7806380Z   ---
2026-10-08T18:00:02.7807007Z   duration_ms: 5.403914
2026-10-08T18:00:02.7808570Z   type: 'test'
2026-10-08T18:00:02.7809123Z   ...
2026-10-08T18:00:02.7810156Z # Subtest: saved script API retains explicit scriptId/revision/contentHash admission
2026-10-08T18:00:02.7811526Z ok 24 - saved script API retains explicit scriptId/revision/contentHash admission
2026-10-08T18:00:02.7813045Z   ---
2026-10-08T18:00:02.7825582Z   duration_ms: 1.044772
2026-10-08T18:00:02.7826225Z   type: 'test'
2026-10-08T18:00:02.7826774Z   ...
2026-10-08T18:00:02.7827656Z # Subtest: manifest exposes tool.html as a global Chrome Side Panel
2026-10-08T18:00:02.7828795Z ok 25 - manifest exposes tool.html as a global Chrome Side Panel
2026-10-08T18:00:02.7829599Z   ---
2026-10-08T18:00:02.7830130Z   duration_ms: 12.013639
2026-10-08T18:00:02.7830706Z   type: 'test'
2026-10-08T18:00:02.7831232Z   ...
2026-10-08T18:00:02.7831967Z # Subtest: product shell has no popup-window fallback
2026-10-08T18:00:02.7832911Z ok 26 - product shell has no popup-window fallback
2026-10-08T18:00:02.7833620Z   ---
2026-10-08T18:00:02.7834369Z   duration_ms: 1.79899
2026-10-08T18:00:02.7834982Z   type: 'test'
2026-10-08T18:00:02.7835542Z   ...
2026-10-08T18:00:02.7836488Z # Subtest: default Run freezes Current Page then revalidates before existing RunHost
2026-10-08T18:00:02.7837886Z ok 27 - default Run freezes Current Page then revalidates before existing RunHost
2026-10-08T18:00:02.7838758Z   ---
2026-10-08T18:00:02.7839275Z   duration_ms: 3.623137
2026-10-08T18:00:02.7839844Z   type: 'test'
2026-10-08T18:00:02.7840352Z   ...
2026-10-08T18:00:02.7841426Z # Subtest: trusted Side Panel run sends the exact unsaved draft to the original Controller authority
2026-10-08T18:00:02.7842953Z ok 28 - trusted Side Panel run sends the exact unsaved draft to the original Controller authority
2026-10-08T18:00:02.7843914Z   ---
2026-10-08T18:00:02.7844692Z   duration_ms: 2.100942
2026-10-08T18:00:02.7845268Z   type: 'test'
2026-10-08T18:00:02.7845757Z   ...
2026-10-08T18:00:02.7846868Z # Subtest: R6 uses valid tab roles with labelled content panels
2026-10-08T18:00:02.7848041Z ok 29 - R6 uses valid tab roles with labelled content panels
2026-10-08T18:00:02.7848849Z   ---
2026-10-08T18:00:02.7849373Z   duration_ms: 1.272306
2026-10-08T18:00:02.7849951Z   type: 'test'
2026-10-08T18:00:02.7850478Z   ...
2026-10-08T18:00:02.7851483Z # Subtest: R4 Sidebar sections preserve consumer controls and keep engineering tools folded
2026-10-08T18:00:02.7852418Z ok 30 - R4 Sidebar sections preserve consumer controls and keep engineering tools folded
2026-10-08T18:00:02.7852980Z   ---
2026-10-08T18:00:02.7853727Z   duration_ms: 3.183646
2026-10-08T18:00:02.7855843Z   type: 'test'
2026-10-08T18:00:02.7856531Z   ...
2026-10-08T18:00:02.7857489Z # Subtest: Sidebar starts at its three tabs without repeating Chrome extension identity
2026-10-08T18:00:02.7859020Z ok 31 - Sidebar starts at its three tabs without repeating Chrome extension identity
2026-10-08T18:00:02.7860534Z   ---
2026-10-08T18:00:02.7860971Z   duration_ms: 2.172057
2026-10-08T18:00:02.7861787Z   type: 'test'
2026-10-08T18:00:02.7862232Z   ...
2026-10-08T18:00:02.7982360Z # Subtest: entering Sidebar task views reads external installations without executing and preserves unchanged form inputs
2026-10-08T18:00:02.7985395Z ok 32 - entering Sidebar task views reads external installations without executing and preserves unchanged form inputs
2026-10-08T18:00:02.7986419Z   ---
2026-10-08T18:00:02.7986809Z   duration_ms: 34.397417
2026-10-08T18:00:02.7987239Z   type: 'test'
2026-10-08T18:00:02.7987591Z   ...
2026-10-08T18:00:02.7988622Z # Subtest: installed tasks default page, render schema form and freeze the exact saved version/params/target
2026-10-08T18:00:02.7990282Z ok 33 - installed tasks default page, render schema form and freeze the exact saved version/params/target
2026-10-08T18:00:02.7999447Z   ---
2026-10-08T18:00:02.7999915Z   duration_ms: 23.35545
2026-10-08T18:00:02.8000480Z   type: 'test'
2026-10-08T18:00:02.8000922Z   ...
2026-10-08T18:00:02.8001818Z # Subtest: installed task can be explicitly forked into an independent unsaved editor draft
2026-10-08T18:00:02.8002931Z ok 34 - installed task can be explicitly forked into an independent unsaved editor draft
2026-10-08T18:00:02.8003565Z   ---
2026-10-08T18:00:02.8004004Z   duration_ms: 7.337765
2026-10-08T18:00:02.8004739Z   type: 'test'
2026-10-08T18:00:02.8005214Z   ...
2026-10-08T18:00:02.8006098Z # Subtest: task Stop cannot cancel another view's in-flight draft; parameter form never navigates
2026-10-08T18:00:02.8007145Z ok 35 - task Stop cannot cancel another view's in-flight draft; parameter form never navigates
2026-10-08T18:00:02.8007760Z   ---
2026-10-08T18:00:02.8008203Z   duration_ms: 8.275356
2026-10-08T18:00:02.8008699Z   type: 'test'
2026-10-08T18:00:02.8009157Z   ...
2026-10-08T18:00:02.8055399Z # Subtest: installed task refuses stale target after async installed-version lookup
2026-10-08T18:00:02.8056665Z ok 36 - installed task refuses stale target after async installed-version lookup
2026-10-08T18:00:02.8057360Z   ---
2026-10-08T18:00:02.8057584Z   duration_ms: 8.990041
2026-10-08T18:00:02.8057827Z   type: 'test'
2026-10-08T18:00:02.8058029Z   ...
2026-10-08T18:00:02.8058489Z # Subtest: task cards retain readable selection and do not surface raw IDs as the main UI
2026-10-08T18:00:02.8059177Z ok 37 - task cards retain readable selection and do not surface raw IDs as the main UI
2026-10-08T18:00:02.8059591Z   ---
2026-10-08T18:00:02.8059787Z   duration_ms: 3.521567
2026-10-08T18:00:02.8060110Z   type: 'test'
2026-10-08T18:00:02.8060449Z   ...
2026-10-08T18:00:02.8061412Z # Subtest: Sidebar Discover searches installed tasks only and selects a task without running or opening the catalog
2026-10-08T18:00:02.8062963Z ok 38 - Sidebar Discover searches installed tasks only and selects a task without running or opening the catalog
2026-10-08T18:00:02.8063867Z   ---
2026-10-08T18:00:02.8064353Z   duration_ms: 8.916203
2026-10-08T18:00:02.8064709Z   type: 'test'
2026-10-08T18:00:02.8065404Z   ...
2026-10-08T18:00:02.8066242Z # Subtest: Discover filter controls are real view filters and cannot start another run
2026-10-08T18:00:02.8067414Z ok 39 - Discover filter controls are real view filters and cannot start another run
2026-10-08T18:00:02.8068107Z   ---
2026-10-08T18:00:02.8068433Z   duration_ms: 12.971638
2026-10-08T18:00:02.8068815Z   type: 'test'
2026-10-08T18:00:02.8069143Z   ...
2026-10-08T18:00:02.8069942Z # Subtest: opening the separate full-size catalog preserves its import and management view
2026-10-08T18:00:02.8071280Z ok 40 - opening the separate full-size catalog preserves its import and management view
2026-10-08T18:00:02.8072026Z   ---
2026-10-08T18:00:02.8072354Z   duration_ms: 3.877101
2026-10-08T18:00:02.8072724Z   type: 'test'
2026-10-08T18:00:02.8073069Z   ...
2026-10-08T18:00:02.8074287Z # Subtest: full-size catalog keeps its own reader after real install and re-reads the single Task Catalog state
2026-10-08T18:00:02.8075562Z ok 41 - full-size catalog keeps its own reader after real install and re-reads the single Task Catalog state
2026-10-08T18:00:02.8076263Z   ---
2026-10-08T18:00:02.8076458Z   duration_ms: 8.87163
2026-10-08T18:00:02.8076685Z   type: 'test'
2026-10-08T18:00:02.8076878Z   ...
2026-10-08T18:00:02.8077374Z # Subtest: idle Discover has no fixed footer and inline import still opens the authenticated catalog
2026-10-08T18:00:02.8078119Z ok 42 - idle Discover has no fixed footer and inline import still opens the authenticated catalog
2026-10-08T18:00:02.8078554Z   ---
2026-10-08T18:00:02.8078751Z   duration_ms: 23.108058
2026-10-08T18:00:02.8079128Z   type: 'test'
2026-10-08T18:00:02.8079493Z   ...
2026-10-08T18:00:02.8079991Z # Subtest: R5 result/history stay out of sight until a task has runs
2026-10-08T18:00:02.8080512Z ok 43 - R5 result/history stay out of sight until a task has runs
2026-10-08T18:00:02.8080845Z   ---
2026-10-08T18:00:02.8081041Z   duration_ms: 7.949016
2026-10-08T18:00:02.8081261Z   type: 'test'
2026-10-08T18:00:02.8081449Z   ...
2026-10-08T18:00:02.8158799Z # Subtest: card view retains original action identities, history and parameter form across tab changes
2026-10-08T18:00:02.8160721Z ok 44 - card view retains original action identities, history and parameter form across tab changes
2026-10-08T18:00:02.8161966Z   ---
2026-10-08T18:00:02.8162543Z   duration_ms: 11.515047
2026-10-08T18:00:02.8163110Z   type: 'test'
2026-10-08T18:00:02.8163610Z   ...
2026-10-08T18:00:02.8205015Z # Subtest: switching between two installed tasks preserves each independent unsaved parameter input
2026-10-08T18:00:02.8206490Z ok 45 - switching between two installed tasks preserves each independent unsaved parameter input
2026-10-08T18:00:02.8206992Z   ---
2026-10-08T18:00:02.8207204Z   duration_ms: 5.081273
2026-10-08T18:00:02.8207439Z   type: 'test'
2026-10-08T18:00:02.8207647Z   ...
2026-10-08T18:00:02.8252298Z # Subtest: R6 accessible roving tabs support Arrow and Home/End
2026-10-08T18:00:02.8253216Z ok 46 - R6 accessible roving tabs support Arrow and Home/End
2026-10-08T18:00:02.8253580Z   ---
2026-10-08T18:00:02.8253806Z   duration_ms: 3.983591
2026-10-08T18:00:02.8254321Z   type: 'test'
2026-10-08T18:00:02.8254548Z   ...
2026-10-08T18:00:02.8305613Z # Subtest: R6 task card refresh, keyboard selection and Discover handoff restore focus
2026-10-08T18:00:02.8306981Z ok 47 - R6 task card refresh, keyboard selection and Discover handoff restore focus
2026-10-08T18:00:02.8307866Z   ---
2026-10-08T18:00:02.8308345Z   duration_ms: 5.666944
2026-10-08T18:00:02.8308746Z   type: 'test'
2026-10-08T18:00:02.8309080Z   ...
2026-10-08T18:00:02.8429242Z # Subtest: R6 late run start/result cannot become the newly selected task status
2026-10-08T18:00:02.8430713Z ok 48 - R6 late run start/result cannot become the newly selected task status
2026-10-08T18:00:02.8431814Z   ---
2026-10-08T18:00:02.8432384Z   duration_ms: 12.50705
2026-10-08T18:00:02.8432777Z   type: 'test'
2026-10-08T18:00:02.8433114Z   ...
2026-10-08T18:00:02.8536547Z # Subtest: R6 previous-version notices and results do not leak after installed upgrade
2026-10-08T18:00:02.8538037Z ok 49 - R6 previous-version notices and results do not leak after installed upgrade
2026-10-08T18:00:02.8538685Z   ---
2026-10-08T18:00:02.8539036Z   duration_ms: 10.555225
2026-10-08T18:00:02.8539422Z   type: 'test'
2026-10-08T18:00:02.8539749Z   ...
2026-10-08T18:00:02.8910491Z # Subtest: two extension documents share only a refresh hint and re-read authoritative installed state
2026-10-08T18:00:02.8911998Z ok 50 - two extension documents share only a refresh hint and re-read authoritative installed state
2026-10-08T18:00:02.8912661Z   ---
2026-10-08T18:00:02.8913003Z   duration_ms: 36.931328
2026-10-08T18:00:02.8913364Z   type: 'test'
2026-10-08T18:00:02.8913696Z   ...
2026-10-08T18:00:02.9131286Z # Subtest: catalog installation stays in the complete directory and directs running back to Sidebar
2026-10-08T18:00:02.9133101Z ok 51 - catalog installation stays in the complete directory and directs running back to Sidebar
2026-10-08T18:00:02.9133794Z   ---
2026-10-08T18:00:02.9134667Z   duration_ms: 22.486611
2026-10-08T18:00:02.9134918Z   type: 'test'
2026-10-08T18:00:02.9135134Z   ...
2026-10-08T18:00:02.9195985Z # Subtest: catalog JS import hands source to Sidebar and never enters a view with a hidden runner
2026-10-08T18:00:02.9205379Z ok 52 - catalog JS import hands source to Sidebar and never enters a view with a hidden runner
2026-10-08T18:00:02.9224990Z   ---
2026-10-08T18:00:02.9255263Z   duration_ms: 5.044542
2026-10-08T18:00:02.9255874Z   type: 'test'
2026-10-08T18:00:02.9256352Z   ...
2026-10-08T18:00:02.9257476Z # Subtest: missing Sidebar refuses import with an actionable message, without losing the directory
2026-10-08T18:00:02.9258976Z ok 53 - missing Sidebar refuses import with an actionable message, without losing the directory
2026-10-08T18:00:02.9259887Z   ---
2026-10-08T18:00:02.9260334Z   duration_ms: 5.47192
2026-10-08T18:00:02.9260832Z   type: 'test'
2026-10-08T18:00:02.9261261Z   ...
2026-10-08T18:00:02.9292451Z # Subtest: catalog draft transport errors retain their cause instead of claiming Sidebar is missing
2026-10-08T18:00:02.9293886Z ok 54 - catalog draft transport errors retain their cause instead of claiming Sidebar is missing
2026-10-08T18:00:02.9294881Z   ---
2026-10-08T18:00:02.9295222Z   duration_ms: 5.560676
2026-10-08T18:00:02.9295599Z   type: 'test'
2026-10-08T18:00:02.9295919Z   ...
2026-10-08T18:00:02.9315263Z # Subtest: receiving a source-only import selects Sidebar Developer without creating a run
2026-10-08T18:00:02.9325418Z ok 55 - receiving a source-only import selects Sidebar Developer without creating a run
2026-10-08T18:00:02.9325923Z   ---
2026-10-08T18:00:02.9326135Z   duration_ms: 2.4202
2026-10-08T18:00:02.9326693Z   type: 'test'
2026-10-08T18:00:02.9327058Z   ...
2026-10-08T18:00:02.9476396Z # Subtest: R6.1 task-owned Stop is the sole cross-view action and names the launching task
2026-10-08T18:00:02.9477992Z ok 56 - R6.1 task-owned Stop is the sole cross-view action and names the launching task
2026-10-08T18:00:02.9478695Z   ---
2026-10-08T18:00:02.9479035Z   duration_ms: 15.632687
2026-10-08T18:00:02.9479418Z   type: 'test'
2026-10-08T18:00:02.9479761Z   ...
2026-10-08T18:00:02.9505443Z # Subtest: R6.1 a draft-owned run exposes only its Stop when viewing Tasks or Discover
2026-10-08T18:00:02.9507500Z ok 57 - R6.1 a draft-owned run exposes only its Stop when viewing Tasks or Discover
2026-10-08T18:00:02.9515381Z   ---
2026-10-08T18:00:02.9515989Z   duration_ms: 3.666598
2026-10-08T18:00:02.9516426Z   type: 'test'
2026-10-08T18:00:02.9516779Z   ...
2026-10-08T18:00:02.9541637Z # Subtest: R6.1 stop-only footer CSS hides all non-owner actions without hiding Stop
2026-10-08T18:00:02.9543175Z ok 58 - R6.1 stop-only footer CSS hides all non-owner actions without hiding Stop
2026-10-08T18:00:02.9544436Z   ---
2026-10-08T18:00:02.9545074Z   duration_ms: 3.647277
2026-10-08T18:00:02.9545745Z   type: 'test'
2026-10-08T18:00:02.9546359Z   ...
2026-10-08T18:00:02.9779700Z 1..58
2026-10-08T18:00:02.9780729Z # tests 58
2026-10-08T18:00:02.9781213Z # suites 0
2026-10-08T18:00:02.9781581Z # pass 58
2026-10-08T18:00:02.9781933Z # fail 0
2026-10-08T18:00:02.9782294Z # cancelled 0
2026-10-08T18:00:02.9782679Z # skipped 0
2026-10-08T18:00:02.9796101Z # todo 0
2026-10-08T18:00:02.9807066Z # duration_ms 514.761273
2026-10-08T18:00:02.9916777Z ##[group]Run npm run check
2026-10-08T18:00:02.9917079Z [36;1mnpm run check[0m
2026-10-08T18:00:02.9981461Z shell: /usr/bin/bash -e {0}
2026-10-08T18:00:02.9981748Z ##[endgroup]
2026-10-08T18:00:03.1067712Z 
2026-10-08T18:00:03.1068247Z > opendesk-browser@0.1.0 check
2026-10-08T18:00:03.1068724Z > node scripts/check-source.mjs
2026-10-08T18:00:03.1068962Z 
2026-10-08T18:00:07.1686629Z Syntax checked 161 source/test/build files; scripts/build-contract.mjs entries, fixed SDK/control entries, strict CSP and original MIT checked
2026-10-08T18:00:07.1850841Z ##[group]Run npm run build
2026-10-08T18:00:07.1851134Z [36;1mnpm run build[0m
2026-10-08T18:00:07.1912699Z shell: /usr/bin/bash -e {0}
2026-10-08T18:00:07.1912990Z ##[endgroup]
2026-10-08T18:00:07.2951250Z 
2026-10-08T18:00:07.2951961Z > opendesk-browser@0.1.0 build
2026-10-08T18:00:07.2952626Z > node scripts/build.mjs production
2026-10-08T18:00:07.2953129Z 
2026-10-08T18:00:07.7615538Z [log] 
2026-10-08T18:00:07.7616025Z WXT 0.21.4
2026-10-08T18:00:07.8886460Z [info] Generating types...
2026-10-08T18:00:08.0339924Z [success] Finished in 273 ms
2026-10-08T18:00:08.4935172Z [log] 
2026-10-08T18:00:08.4935628Z WXT 0.21.4
2026-10-08T18:00:08.6118195Z [info] Building chrome-mv3 for production with Vite 7.3.6
2026-10-08T18:00:08.7470268Z [?25l
2026-10-08T18:00:08.7529674Z ⠋ Preparing...[K
2026-10-08T18:00:08.8327196Z ⠋ [1/13] sw[K
2026-10-08T18:00:09.0225520Z ⠙ [1/13] sw[K
2026-10-08T18:00:09.1424548Z ⠹ [1/13] sw[K
2026-10-08T18:00:09.2236596Z ⠸ [1/13] sw[K
2026-10-08T18:00:09.7953675Z ⠼ [1/13] sw[K
2026-10-08T18:00:09.8753751Z ⠴ [1/13] sw[K
2026-10-08T18:00:09.9550993Z ⠦ [1/13] sw[K
2026-10-08T18:00:10.0355846Z ⠧ [1/13] sw[K
2026-10-08T18:00:10.1174431Z ⠇ [1/13] sw[K
2026-10-08T18:00:10.1975449Z ⠏ [1/13] sw[K
2026-10-08T18:00:10.2775549Z ⠋ [1/13] sw[K
2026-10-08T18:00:10.3569574Z ⠙ [1/13] sw[K
2026-10-08T18:00:10.4371876Z ⠹ [1/13] sw[K
2026-10-08T18:00:10.5256004Z ⠸ [1/13] sw[K
2026-10-08T18:00:10.6056842Z ⠼ [1/13] sw[K
2026-10-08T18:00:10.6886112Z ⠴ [1/13] sw[K
2026-10-08T18:00:10.7665272Z ⠦ [1/13] sw[K
2026-10-08T18:00:10.8464759Z ⠧ [1/13] sw[K
2026-10-08T18:00:10.9275420Z ⠇ [1/13] sw[K
2026-10-08T18:00:11.0095735Z ⠏ [1/13] sw[K
2026-10-08T18:00:11.0955523Z ⠋ [1/13] sw[K
2026-10-08T18:00:11.1730235Z ⠙ [1/13] sw[K
2026-10-08T18:00:11.2584009Z ⠹ [1/13] sw[K
2026-10-08T18:00:11.3385429Z ⠸ [1/13] sw[K
2026-10-08T18:00:11.4164377Z ⠼ [1/13] sw[K
2026-10-08T18:00:11.4967028Z ⠴ [1/13] sw[K
2026-10-08T18:00:11.5769674Z ⠦ [1/13] sw[K
2026-10-08T18:00:11.6635702Z ⠧ [1/13] sw[K
2026-10-08T18:00:11.7389450Z ⠇ [1/13] sw[K
2026-10-08T18:00:11.8204330Z ⠏ [1/13] sw[K
2026-10-08T18:00:11.8996641Z ⠋ [1/13] sw[K
2026-10-08T18:00:11.9789108Z ⠙ [1/13] sw[K
2026-10-08T18:00:12.0592254Z ⠹ [1/13] sw[K
2026-10-08T18:00:12.1403215Z ⠸ [1/13] sw[K
2026-10-08T18:00:12.2199802Z ⠼ [1/13] sw[K
2026-10-08T18:00:12.3001993Z ⠴ [1/13] sw[K
2026-10-08T18:00:12.3817583Z ⠦ [1/13] sw[K
2026-10-08T18:00:12.4620845Z ⠧ [1/13] sw[K
2026-10-08T18:00:12.5422874Z ⠇ [1/13] sw[K
2026-10-08T18:00:12.6255581Z ⠏ [1/13] sw[K
2026-10-08T18:00:12.7051401Z ⠋ [1/13] sw[K
2026-10-08T18:00:12.7855536Z ⠙ [1/13] sw[K
2026-10-08T18:00:12.8631434Z ⠹ [1/13] sw[K
2026-10-08T18:00:12.9434293Z ⠸ [1/13] sw[K
2026-10-08T18:00:13.0236509Z ⠼ [1/13] sw[K
2026-10-08T18:00:13.1028628Z ⠴ [1/13] sw[K
2026-10-08T18:00:13.1831725Z ⠦ [1/13] sw[K
2026-10-08T18:00:13.2634471Z ⠧ [1/13] sw[K
2026-10-08T18:00:13.3436872Z ⠇ [1/13] sw[K
2026-10-08T18:00:13.4235900Z ⠏ [1/13] sw[K
2026-10-08T18:00:13.5031827Z ⠋ [1/13] sw[K
2026-10-08T18:00:13.5865670Z ⠙ [1/13] sw[K
2026-10-08T18:00:13.6649694Z ⠹ [1/13] sw[K
2026-10-08T18:00:13.7454725Z ⠸ [1/13] sw[K
2026-10-08T18:00:13.7693731Z ⠼ [1/13] sw[K
2026-10-08T18:00:13.8249695Z ⠼ [2/13] bootstrap[K
2026-10-08T18:00:13.9053589Z ⠴ [2/13] bootstrap[K
2026-10-08T18:00:13.9885460Z ⠦ [2/13] bootstrap[K
2026-10-08T18:00:14.0395645Z ⠧ [2/13] bootstrap[K
2026-10-08T18:00:14.0665753Z ⠧ [3/13] health[K
2026-10-08T18:00:14.1462723Z ⠇ [3/13] health[K
2026-10-08T18:00:14.2165559Z ⠏ [3/13] health[K
2026-10-08T18:00:14.2260471Z ⠏ [4/13] page-agent[K
2026-10-08T18:00:14.3063406Z ⠋ [4/13] page-agent[K
2026-10-08T18:00:14.3866883Z ⠙ [4/13] page-agent[K
2026-10-08T18:00:14.4669927Z ⠹ [4/13] page-agent[K
2026-10-08T18:00:14.5515561Z ⠸ [4/13] page-agent[K
2026-10-08T18:00:14.6279987Z ⠼ [4/13] page-agent[K
2026-10-08T18:00:14.7135597Z ⠴ [4/13] page-agent[K
2026-10-08T18:00:14.7538311Z ⠦ [4/13] page-agent[K
2026-10-08T18:00:14.8206157Z ⠦ [5/13] page-relay[K
2026-10-08T18:00:14.9001455Z ⠧ [5/13] page-relay[K
2026-10-08T18:00:14.9803408Z ⠇ [5/13] page-relay[K
2026-10-08T18:00:15.0615873Z ⠏ [5/13] page-relay[K
2026-10-08T18:00:15.1400428Z ⠋ [5/13] page-relay[K
2026-10-08T18:00:15.2213305Z ⠙ [5/13] page-relay[K
2026-10-08T18:00:15.2642052Z ⠹ [5/13] page-relay[K
2026-10-08T18:00:15.3099840Z ⠹ [6/13] page-session[K
2026-10-08T18:00:15.3903217Z ⠸ [6/13] page-session[K
2026-10-08T18:00:15.4701983Z ⠼ [6/13] page-session[K
2026-10-08T18:00:15.5503441Z ⠴ [6/13] page-session[K
2026-10-08T18:00:15.6306450Z ⠦ [6/13] page-session[K
2026-10-08T18:00:15.7099418Z ⠧ [6/13] page-session[K
2026-10-08T18:00:15.7926050Z ⠇ [6/13] page-session[K
2026-10-08T18:00:15.8718331Z ⠏ [6/13] page-session[K
2026-10-08T18:00:15.9520636Z ⠋ [6/13] page-session[K
2026-10-08T18:00:16.0323241Z ⠙ [6/13] page-session[K
2026-10-08T18:00:16.1126156Z ⠹ [6/13] page-session[K
2026-10-08T18:00:16.1562777Z ⠸ [6/13] page-session[K
2026-10-08T18:00:16.1919573Z ⠸ [7/13] sandbox[K
2026-10-08T18:00:16.2726019Z ⠼ [7/13] sandbox[K
2026-10-08T18:00:16.3575522Z ⠴ [7/13] sandbox[K
2026-10-08T18:00:16.4326730Z ⠦ [7/13] sandbox[K
2026-10-08T18:00:16.4384937Z ⠦ [8/13] sdk-main[K
2026-10-08T18:00:16.5302123Z ⠧ [8/13] sdk-main[K
2026-10-08T18:00:16.6098882Z ⠇ [8/13] sdk-main[K
2026-10-08T18:00:16.6901941Z ⠏ [8/13] sdk-main[K
2026-10-08T18:00:16.7735537Z ⠋ [8/13] sdk-main[K
2026-10-08T18:00:16.8502723Z ⠙ [8/13] sdk-main[K
2026-10-08T18:00:16.9305252Z ⠹ [8/13] sdk-main[K
2026-10-08T18:00:17.0107576Z ⠸ [8/13] sdk-main[K
2026-10-08T18:00:17.0909687Z ⠼ [8/13] sdk-main[K
2026-10-08T18:00:17.1725634Z ⠴ [8/13] sdk-main[K
2026-10-08T18:00:17.2027830Z ⠦ [8/13] sdk-main[K
2026-10-08T18:00:17.2515634Z ⠦ [9/13] selection-entry[K
2026-10-08T18:00:17.3317564Z ⠧ [9/13] selection-entry[K
2026-10-08T18:00:17.3388402Z ⠇ [9/13] selection-entry[K
2026-10-08T18:00:17.4125613Z ⠇ [10/13] settings[K
2026-10-08T18:00:17.4918693Z ⠏ [10/13] settings[K
2026-10-08T18:00:17.5718154Z ⠋ [10/13] settings[K
2026-10-08T18:00:17.5723361Z ⠙ [10/13] settings[K
2026-10-08T18:00:17.6543782Z ⠙ [11/13] tool-shell[K
2026-10-08T18:00:17.9072055Z ⠹ [11/13] tool-shell[K
2026-10-08T18:00:17.9876431Z ⠸ [11/13] tool-shell[K
2026-10-08T18:00:18.0695576Z ⠼ [11/13] tool-shell[K
2026-10-08T18:00:18.1479733Z ⠴ [11/13] tool-shell[K
2026-10-08T18:00:18.2332733Z ⠦ [11/13] tool-shell[K
2026-10-08T18:00:18.3145180Z ⠧ [11/13] tool-shell[K
2026-10-08T18:00:18.3912607Z ⠇ [11/13] tool-shell[K
2026-10-08T18:00:18.4715466Z ⠏ [11/13] tool-shell[K
2026-10-08T18:00:18.5549043Z ⠋ [11/13] tool-shell[K
2026-10-08T18:00:18.6365706Z ⠙ [11/13] tool-shell[K
2026-10-08T18:00:18.7149837Z ⠹ [11/13] tool-shell[K
2026-10-08T18:00:18.7975536Z ⠸ [11/13] tool-shell[K
2026-10-08T18:00:18.8777471Z ⠼ [11/13] tool-shell[K
2026-10-08T18:00:18.9583473Z ⠴ [11/13] tool-shell[K
2026-10-08T18:00:19.0406134Z ⠦ [11/13] tool-shell[K
2026-10-08T18:00:19.1179728Z ⠧ [11/13] tool-shell[K
2026-10-08T18:00:19.1981461Z ⠇ [11/13] tool-shell[K
2026-10-08T18:00:19.2783500Z ⠏ [11/13] tool-shell[K
2026-10-08T18:00:19.3605808Z ⠋ [11/13] tool-shell[K
2026-10-08T18:00:19.4378512Z ⠙ [11/13] tool-shell[K
2026-10-08T18:00:19.5181452Z ⠹ [11/13] tool-shell[K
2026-10-08T18:00:19.5983806Z ⠸ [11/13] tool-shell[K
2026-10-08T18:00:19.6786915Z ⠼ [11/13] tool-shell[K
2026-10-08T18:00:19.7602964Z ⠴ [11/13] tool-shell[K
2026-10-08T18:00:19.8265428Z ⠦ [11/13] tool-shell[K
2026-10-08T18:00:19.8419192Z ⠦ [12/13] transport[K
2026-10-08T18:00:19.9222093Z ⠧ [12/13] transport[K
2026-10-08T18:00:20.0025116Z ⠇ [12/13] transport[K
2026-10-08T18:00:20.0827326Z ⠏ [12/13] transport[K
2026-10-08T18:00:20.1629601Z ⠋ [12/13] transport[K
2026-10-08T18:00:20.2320800Z ⠙ [12/13] transport[K
2026-10-08T18:00:20.2439370Z ⠙ [13/13] worker-runtime[K
2026-10-08T18:00:20.3258855Z ⠹ [13/13] worker-runtime[K
2026-10-08T18:00:20.4051517Z ⠸ [13/13] worker-runtime[K
2026-10-08T18:00:20.4853863Z ⠼ [13/13] worker-runtime[K
2026-10-08T18:00:20.5665874Z ⠴ [13/13] worker-runtime[K
2026-10-08T18:00:20.6464665Z ⠦ [13/13] worker-runtime[K
2026-10-08T18:00:20.7270328Z ⠧ [13/13] worker-runtime[K
2026-10-08T18:00:20.8069438Z ⠇ [13/13] worker-runtime[K
2026-10-08T18:00:20.8875536Z ⠏ [13/13] worker-runtime[K
2026-10-08T18:00:20.9670703Z ⠋ [13/13] worker-runtime[K
2026-10-08T18:00:21.0114402Z ⠙ [13/13] worker-runtime[K
2026-10-08T18:00:21.0114812Z [K[?25h
2026-10-08T18:00:21.0133814Z [K[?25h[success] Built extension in 12.4 s
2026-10-08T18:00:21.0134808Z   ├─ dist/production/manifest.json                        1.20 kB  
2026-10-08T18:00:21.0135425Z   ├─ dist/production/native-agent/settings.html           1.83 kB  
2026-10-08T18:00:21.0136020Z   ├─ dist/production/scripting/sandbox/sandbox.html       385 B    
2026-10-08T18:00:21.0136598Z   ├─ dist/production/ui/target-bootstrap.html             200 B    
2026-10-08T18:00:21.0137145Z   ├─ dist/production/ui/tool.html                         21.23 kB 
2026-10-08T18:00:21.0137739Z   ├─ dist/production/agents/bootstrap.js                  21.47 kB 
2026-10-08T18:00:21.0138388Z   ├─ dist/production/agents/health.js                     828 B    
2026-10-08T18:00:21.0138977Z   ├─ dist/production/agents/page-agent.js                 34.35 kB 
2026-10-08T18:00:21.0139582Z   ├─ dist/production/agents/page-relay.js                 35.28 kB 
2026-10-08T18:00:21.0140216Z   ├─ dist/production/agents/selection-entry.js            383 B    
2026-10-08T18:00:21.0140844Z   ├─ dist/production/framework/sdk-main.js                49.54 kB 
2026-10-08T18:00:21.0141453Z   ├─ dist/production/native-agent/settings.js             22.16 kB 
2026-10-08T18:00:21.0142055Z   ├─ dist/production/native-agent/transport.js            29.30 kB 
2026-10-08T18:00:21.0142688Z   ├─ dist/production/scripting/packaged/page-session.js   55.08 kB 
2026-10-08T18:00:21.0143313Z   ├─ dist/production/scripting/sandbox/sandbox.js         4.01 kB  
2026-10-08T18:00:21.0143916Z   ├─ dist/production/scripting/sandbox/worker-runtime.js  49.68 kB 
2026-10-08T18:00:21.0144994Z   ├─ dist/production/sw.js                                324.98 kB
2026-10-08T18:00:21.0145587Z   ├─ dist/production/ui/tool-shell.js                     177.72 kB
2026-10-08T18:00:21.0146201Z   ├─ dist/production/vendor/jquery-3.7.1.min.js           87.53 kB 
2026-10-08T18:00:21.0146804Z   ├─ dist/production/ui/tool-shell.css                    19.09 kB 
2026-10-08T18:00:21.0147435Z   ├─ dist/production/icons/notification.png               595 B    
2026-10-08T18:00:21.0148043Z   ├─ dist/production/licenses/jquery-MIT.txt              1.10 kB  
2026-10-08T18:00:21.0148653Z   └─ dist/production/licenses/todo-user-vue-MIT.txt       1.10 kB  
2026-10-08T18:00:21.0149256Z Σ Total size: 939.02 kB                                 
2026-10-08T18:00:21.0149660Z [success] Finished in 12.5 s
2026-10-08T18:00:21.7122267Z {"mode":"production","builder":"wxt","status":"passed","packageHash":"3972c99cbd4367a6e5b1bdb653741c892612408da8bde7aac72d75a25130f3de","assets":24}
2026-10-08T18:00:21.7320764Z ##[group]Run npm run build:dev
2026-10-08T18:00:21.7321074Z [36;1mnpm run build:dev[0m
2026-10-08T18:00:21.7382995Z shell: /usr/bin/bash -e {0}
2026-10-08T18:00:21.7383259Z ##[endgroup]
2026-10-08T18:00:21.8407837Z 
2026-10-08T18:00:21.8408634Z > opendesk-browser@0.1.0 build:dev
2026-10-08T18:00:21.8409220Z > node scripts/build.mjs development
2026-10-08T18:00:21.8409432Z 
2026-10-08T18:00:22.2798711Z [log] 
2026-10-08T18:00:22.2799201Z WXT 0.21.4
2026-10-08T18:00:22.4003393Z [info] Generating types...
2026-10-08T18:00:22.5375305Z [success] Finished in 259 ms
2026-10-08T18:00:22.9622098Z [log] 
2026-10-08T18:00:22.9622531Z WXT 0.21.4
2026-10-08T18:00:23.0921909Z [info] Building chrome-mv3 for development with Vite 7.3.6
2026-10-08T18:00:23.2256226Z [?25l
2026-10-08T18:00:23.2316468Z ⠋ Preparing...[K
2026-10-08T18:00:23.3060733Z ⠋ [1/13] sw[K
2026-10-08T18:00:23.4855634Z ⠙ [1/13] sw[K
2026-10-08T18:00:23.6102715Z ⠹ [1/13] sw[K
2026-10-08T18:00:23.6915351Z ⠸ [1/13] sw[K
2026-10-08T18:00:24.2654974Z ⠼ [1/13] sw[K
2026-10-08T18:00:24.3452888Z ⠴ [1/13] sw[K
2026-10-08T18:00:24.4255949Z ⠦ [1/13] sw[K
2026-10-08T18:00:24.5052316Z ⠧ [1/13] sw[K
2026-10-08T18:00:24.5855302Z ⠇ [1/13] sw[K
2026-10-08T18:00:24.6658006Z ⠏ [1/13] sw[K
2026-10-08T18:00:24.7460536Z ⠋ [1/13] sw[K
2026-10-08T18:00:24.8265424Z ⠙ [1/13] sw[K
2026-10-08T18:00:24.9058450Z ⠹ [1/13] sw[K
2026-10-08T18:00:24.9860477Z ⠸ [1/13] sw[K
2026-10-08T18:00:25.0678316Z ⠼ [1/13] sw[K
2026-10-08T18:00:25.1469157Z ⠴ [1/13] sw[K
2026-10-08T18:00:25.2270841Z ⠦ [1/13] sw[K
2026-10-08T18:00:25.3073844Z ⠧ [1/13] sw[K
2026-10-08T18:00:25.3876193Z ⠇ [1/13] sw[K
2026-10-08T18:00:25.4668875Z ⠏ [1/13] sw[K
2026-10-08T18:00:25.5471941Z ⠋ [1/13] sw[K
2026-10-08T18:00:25.6273975Z ⠙ [1/13] sw[K
2026-10-08T18:00:25.7076310Z ⠹ [1/13] sw[K
2026-10-08T18:00:25.7868930Z ⠸ [1/13] sw[K
2026-10-08T18:00:25.8671714Z ⠼ [1/13] sw[K
2026-10-08T18:00:25.9474437Z ⠴ [1/13] sw[K
2026-10-08T18:00:26.0276906Z ⠦ [1/13] sw[K
2026-10-08T18:00:26.1069212Z ⠧ [1/13] sw[K
2026-10-08T18:00:26.1872131Z ⠇ [1/13] sw[K
2026-10-08T18:00:26.2674027Z ⠏ [1/13] sw[K
2026-10-08T18:00:26.3472902Z ⠋ [1/13] sw[K
2026-10-08T18:00:26.4275507Z ⠙ [1/13] sw[K
2026-10-08T18:00:26.5068822Z ⠹ [1/13] sw[K
2026-10-08T18:00:26.5871066Z ⠸ [1/13] sw[K
2026-10-08T18:00:26.6673805Z ⠼ [1/13] sw[K
2026-10-08T18:00:26.7477078Z ⠴ [1/13] sw[K
2026-10-08T18:00:26.8305711Z ⠦ [1/13] sw[K
2026-10-08T18:00:26.9072344Z ⠧ [1/13] sw[K
2026-10-08T18:00:26.9875039Z ⠇ [1/13] sw[K
2026-10-08T18:00:27.0677537Z ⠏ [1/13] sw[K
2026-10-08T18:00:27.1479998Z ⠋ [1/13] sw[K
2026-10-08T18:00:27.2282728Z ⠙ [1/13] sw[K
2026-10-08T18:00:27.3086165Z ⠹ [1/13] sw[K
2026-10-08T18:00:27.3878443Z ⠸ [1/13] sw[K
2026-10-08T18:00:27.4681561Z ⠼ [1/13] sw[K
2026-10-08T18:00:27.5483844Z ⠴ [1/13] sw[K
2026-10-08T18:00:27.6286178Z ⠦ [1/13] sw[K
2026-10-08T18:00:27.7079031Z ⠧ [1/13] sw[K
2026-10-08T18:00:27.7881498Z ⠇ [1/13] sw[K
2026-10-08T18:00:28.0055556Z ⠏ [1/13] sw[K
2026-10-08T18:00:28.0087005Z ⠋ [1/13] sw[K
2026-10-08T18:00:28.0853737Z ⠋ [2/13] bootstrap[K
2026-10-08T18:00:28.1657814Z ⠙ [2/13] bootstrap[K
2026-10-08T18:00:28.2285977Z ⠹ [2/13] bootstrap[K
2026-10-08T18:00:28.2481832Z ⠹ [3/13] health[K
2026-10-08T18:00:28.3281564Z ⠸ [3/13] health[K
2026-10-08T18:00:28.3978029Z ⠼ [3/13] health[K
2026-10-08T18:00:28.4104888Z ⠼ [4/13] page-agent[K
2026-10-08T18:00:28.4902136Z ⠴ [4/13] page-agent[K
2026-10-08T18:00:28.5704603Z ⠦ [4/13] page-agent[K
2026-10-08T18:00:28.6545467Z ⠧ [4/13] page-agent[K
2026-10-08T18:00:28.7317423Z ⠇ [4/13] page-agent[K
2026-10-08T18:00:28.8135564Z ⠏ [4/13] page-agent[K
2026-10-08T18:00:28.8922427Z ⠋ [4/13] page-agent[K
2026-10-08T18:00:28.9379481Z ⠙ [4/13] page-agent[K
2026-10-08T18:00:28.9775473Z ⠙ [5/13] page-relay[K
2026-10-08T18:00:29.0576185Z ⠹ [5/13] page-relay[K
2026-10-08T18:00:29.1395935Z ⠸ [5/13] page-relay[K
2026-10-08T18:00:29.2179951Z ⠼ [5/13] page-relay[K
2026-10-08T18:00:29.2979919Z ⠴ [5/13] page-relay[K
2026-10-08T18:00:29.3786160Z ⠦ [5/13] page-relay[K
2026-10-08T18:00:29.4585189Z ⠧ [5/13] page-relay[K
2026-10-08T18:00:29.4696614Z ⠇ [5/13] page-relay[K
2026-10-08T18:00:29.5680246Z ⠇ [6/13] page-session[K
2026-10-08T18:00:29.6477754Z ⠏ [6/13] page-session[K
2026-10-08T18:00:29.7280541Z ⠋ [6/13] page-session[K
2026-10-08T18:00:29.8082975Z ⠙ [6/13] page-session[K
2026-10-08T18:00:29.8885283Z ⠹ [6/13] page-session[K
2026-10-08T18:00:29.9687894Z ⠸ [6/13] page-session[K
2026-10-08T18:00:30.0493061Z ⠼ [6/13] page-session[K
2026-10-08T18:00:30.1292843Z ⠴ [6/13] page-session[K
2026-10-08T18:00:30.2097388Z ⠦ [6/13] page-session[K
2026-10-08T18:00:30.2905691Z ⠧ [6/13] page-session[K
2026-10-08T18:00:30.3706898Z ⠇ [6/13] page-session[K
2026-10-08T18:00:30.4014417Z ⠏ [6/13] page-session[K
2026-10-08T18:00:30.4508548Z ⠏ [7/13] sandbox[K
2026-10-08T18:00:30.5316255Z ⠋ [7/13] sandbox[K
2026-10-08T18:00:30.6148195Z ⠙ [7/13] sandbox[K
2026-10-08T18:00:30.6940256Z ⠹ [7/13] sandbox[K
2026-10-08T18:00:30.7015536Z ⠸ [7/13] sandbox[K
2026-10-08T18:00:30.8038607Z ⠸ [8/13] sdk-main[K
2026-10-08T18:00:30.8838739Z ⠼ [8/13] sdk-main[K
2026-10-08T18:00:30.9649529Z ⠴ [8/13] sdk-main[K
2026-10-08T18:00:31.0444552Z ⠦ [8/13] sdk-main[K
2026-10-08T18:00:31.1247497Z ⠧ [8/13] sdk-main[K
2026-10-08T18:00:31.2057275Z ⠇ [8/13] sdk-main[K
2026-10-08T18:00:31.2885615Z ⠏ [8/13] sdk-main[K
2026-10-08T18:00:31.3687162Z ⠋ [8/13] sdk-main[K
2026-10-08T18:00:31.4489315Z ⠙ [8/13] sdk-main[K
2026-10-08T18:00:31.5188005Z ⠹ [8/13] sdk-main[K
2026-10-08T18:00:31.5308941Z ⠹ [9/13] selection-entry[K
2026-10-08T18:00:31.6110659Z ⠸ [9/13] selection-entry[K
2026-10-08T18:00:31.6618650Z ⠼ [9/13] selection-entry[K
2026-10-08T18:00:31.6956795Z ⠼ [10/13] settings[K
2026-10-08T18:00:31.7750327Z ⠴ [10/13] settings[K
2026-10-08T18:00:31.8552436Z ⠦ [10/13] settings[K
2026-10-08T18:00:31.9016961Z ⠧ [10/13] settings[K
2026-10-08T18:00:31.9408051Z ⠧ [11/13] tool-shell[K
2026-10-08T18:00:32.2233421Z ⠇ [11/13] tool-shell[K
2026-10-08T18:00:32.3029650Z ⠏ [11/13] tool-shell[K
2026-10-08T18:00:32.3875760Z ⠋ [11/13] tool-shell[K
2026-10-08T18:00:32.4659352Z ⠙ [11/13] tool-shell[K
2026-10-08T18:00:32.5487156Z ⠹ [11/13] tool-shell[K
2026-10-08T18:00:32.6298032Z ⠸ [11/13] tool-shell[K
2026-10-08T18:00:32.7092682Z ⠼ [11/13] tool-shell[K
2026-10-08T18:00:32.7895775Z ⠴ [11/13] tool-shell[K
2026-10-08T18:00:32.8725383Z ⠦ [11/13] tool-shell[K
2026-10-08T18:00:32.9520416Z ⠧ [11/13] tool-shell[K
2026-10-08T18:00:33.0336922Z ⠇ [11/13] tool-shell[K
2026-10-08T18:00:33.1139375Z ⠏ [11/13] tool-shell[K
2026-10-08T18:00:33.1965626Z ⠋ [11/13] tool-shell[K
2026-10-08T18:00:33.2744975Z ⠙ [11/13] tool-shell[K
2026-10-08T18:00:33.3566265Z ⠹ [11/13] tool-shell[K
2026-10-08T18:00:33.4349409Z ⠸ [11/13] tool-shell[K
2026-10-08T18:00:33.5157328Z ⠼ [11/13] tool-shell[K
2026-10-08T18:00:33.5959183Z ⠴ [11/13] tool-shell[K
2026-10-08T18:00:33.6762087Z ⠦ [11/13] tool-shell[K
2026-10-08T18:00:33.7564857Z ⠧ [11/13] tool-shell[K
2026-10-08T18:00:33.8366858Z ⠇ [11/13] tool-shell[K
2026-10-08T18:00:33.9169764Z ⠏ [11/13] tool-shell[K
2026-10-08T18:00:33.9971836Z ⠋ [11/13] tool-shell[K
2026-10-08T18:00:34.0797271Z ⠙ [11/13] tool-shell[K
2026-10-08T18:00:34.1599515Z ⠹ [11/13] tool-shell[K
2026-10-08T18:00:34.2058186Z ⠸ [11/13] tool-shell[K
2026-10-08T18:00:34.2509488Z ⠸ [12/13] transport[K
2026-10-08T18:00:34.3310382Z ⠼ [12/13] transport[K
2026-10-08T18:00:34.4113009Z ⠴ [12/13] transport[K
2026-10-08T18:00:34.4945580Z ⠦ [12/13] transport[K
2026-10-08T18:00:34.5755613Z ⠧ [12/13] transport[K
2026-10-08T18:00:34.6239028Z ⠇ [12/13] transport[K
2026-10-08T18:00:34.6542295Z ⠇ [13/13] worker-runtime[K
2026-10-08T18:00:34.7343884Z ⠏ [13/13] worker-runtime[K
2026-10-08T18:00:34.8144823Z ⠋ [13/13] worker-runtime[K
2026-10-08T18:00:34.8947482Z ⠙ [13/13] worker-runtime[K
2026-10-08T18:00:34.9785615Z ⠹ [13/13] worker-runtime[K
2026-10-08T18:00:35.0625567Z ⠸ [13/13] worker-runtime[K
2026-10-08T18:00:35.1415617Z ⠼ [13/13] worker-runtime[K
2026-10-08T18:00:35.2211846Z ⠴ [13/13] worker-runtime[K
2026-10-08T18:00:35.3014958Z ⠦ [13/13] worker-runtime[K
2026-10-08T18:00:35.3835891Z ⠧ [13/13] worker-runtime[K
2026-10-08T18:00:35.4156324Z ⠇ [13/13] worker-runtime[K
2026-10-08T18:00:35.4156712Z [K[?25h
2026-10-08T18:00:35.4183599Z [K[?25h[success] Built extension in 12.3 s
2026-10-08T18:00:35.4184766Z   ├─ dist/development/manifest.json                            1.52 kB  
2026-10-08T18:00:35.4185869Z   ├─ dist/development/native-agent/settings.html               1.83 kB  
2026-10-08T18:00:35.4186910Z   ├─ dist/development/scripting/sandbox/sandbox.html           385 B    
2026-10-08T18:00:35.4187730Z   ├─ dist/development/ui/target-bootstrap.html                 200 B    
2026-10-08T18:00:35.4188320Z   ├─ dist/development/ui/tool.html                             21.23 kB 
2026-10-08T18:00:35.4188880Z   ├─ dist/development/agents/bootstrap.js                      21.70 kB 
2026-10-08T18:00:35.4189432Z   ├─ dist/development/agents/bootstrap.js.map                  65.33 kB 
2026-10-08T18:00:35.4189999Z   ├─ dist/development/agents/health.js                         1.06 kB  
2026-10-08T18:00:35.4190535Z   ├─ dist/development/agents/health.js.map                     15.04 kB 
2026-10-08T18:00:35.4191070Z   ├─ dist/development/agents/page-agent.js                     34.59 kB 
2026-10-08T18:00:35.4191618Z   ├─ dist/development/agents/page-agent.js.map                 95.31 kB 
2026-10-08T18:00:35.4192404Z   ├─ dist/development/agents/page-relay.js                     35.52 kB 
2026-10-08T18:00:35.4192960Z   ├─ dist/development/agents/page-relay.js.map                 113.01 kB
2026-10-08T18:00:35.4193551Z   ├─ dist/development/agents/selection-entry.js                638 B    
2026-10-08T18:00:35.4194400Z   ├─ dist/development/agents/selection-entry.js.map            968 B    
2026-10-08T18:00:35.4195020Z   ├─ dist/development/framework/sdk-main.js                    49.77 kB 
2026-10-08T18:00:35.4195616Z   ├─ dist/development/framework/sdk-main.js.map                152.75 kB
2026-10-08T18:00:35.4196193Z   ├─ dist/development/native-agent/settings.js                 22.39 kB 
2026-10-08T18:00:35.4196751Z   ├─ dist/development/native-agent/settings.js.map             58.37 kB 
2026-10-08T18:00:35.4197305Z   ├─ dist/development/native-agent/transport.js                29.53 kB 
2026-10-08T18:00:35.4197856Z   ├─ dist/development/native-agent/transport.js.map            89.73 kB 
2026-10-08T18:00:35.4198428Z   ├─ dist/development/scripting/packaged/page-session.js       55.33 kB 
2026-10-08T18:00:35.4198993Z   ├─ dist/development/scripting/packaged/page-session.js.map   174.29 kB
2026-10-08T18:00:35.4199555Z   ├─ dist/development/scripting/sandbox/sandbox.js             4.24 kB  
2026-10-08T18:00:35.4200111Z   ├─ dist/development/scripting/sandbox/sandbox.js.map         11.64 kB 
2026-10-08T18:00:35.4200663Z   ├─ dist/development/scripting/sandbox/worker-runtime.js      49.94 kB 
2026-10-08T18:00:35.4201223Z   ├─ dist/development/scripting/sandbox/worker-runtime.js.map  156.91 kB
2026-10-08T18:00:35.4201775Z   ├─ dist/development/sw.js                                    325.15 kB
2026-10-08T18:00:35.4202308Z   ├─ dist/development/sw.js.map                                963.02 kB
2026-10-08T18:00:35.4202833Z   ├─ dist/development/ui/tool-shell.js                         177.96 kB
2026-10-08T18:00:35.4203374Z   ├─ dist/development/ui/tool-shell.js.map                     529.24 kB
2026-10-08T18:00:35.4203931Z   ├─ dist/development/vendor/jquery-3.7.1.min.js               87.53 kB 
2026-10-08T18:00:35.4204800Z   ├─ dist/development/ui/tool-shell.css                        19.09 kB 
2026-10-08T18:00:35.4205363Z   ├─ dist/development/icons/notification.png                   595 B    
2026-10-08T18:00:35.4205929Z   ├─ dist/development/licenses/jquery-MIT.txt                  1.10 kB  
2026-10-08T18:00:35.4206487Z   └─ dist/development/licenses/todo-user-vue-MIT.txt           1.10 kB  
2026-10-08T18:00:35.4207050Z Σ Total size: 3.37 MB                                        
2026-10-08T18:00:35.4207586Z [success] Finished in 12.5 s
2026-10-08T18:00:36.1453457Z {"mode":"development","builder":"wxt","status":"passed","packageHash":"8de76f8b99610f306951973a400004fab6a10044deb172ac4e378d9f6070566d","assets":37}
2026-10-08T18:00:36.1656074Z ##[group]Run npm run verify
2026-10-08T18:00:36.1656382Z [36;1mnpm run verify[0m
2026-10-08T18:00:36.1717823Z shell: /usr/bin/bash -e {0}
2026-10-08T18:00:36.1718113Z ##[endgroup]
2026-10-08T18:00:36.2745808Z 
2026-10-08T18:00:36.2746487Z > opendesk-browser@0.1.0 verify
2026-10-08T18:00:36.2747284Z > node scripts/verify-package.mjs dist/production && node scripts/verify-package.mjs dist/development
2026-10-08T18:00:36.2747781Z 
2026-10-08T18:00:36.9012137Z {"status":"passed","manifestVersion":3,"classicEntries":["agents/bootstrap.js","agents/health.js","agents/page-agent.js","agents/page-relay.js","agents/selection-entry.js","framework/sdk-main.js","native-agent/settings.js","native-agent/transport.js","scripting/packaged/page-session.js","scripting/sandbox/sandbox.js","scripting/sandbox/worker-runtime.js","sw.js","ui/tool-shell.js","vendor/jquery-3.7.1.min.js"],"htmlChecked":["ui/tool.html","native-agent/settings.html","ui/target-bootstrap.html","scripting/sandbox/sandbox.html"],"assetsChecked":["icons/notification.png","licenses/todo-user-vue-MIT.txt","licenses/jquery-MIT.txt","framework/sdk-resources.json"],"sdkResources":{"schemaVersion":1,"resources":[{"path":"framework/sdk-main.js","bytes":49539,"sha256":"432c30ab8c60086a05335616f5f48014377a2b4cb6e0df197a1477d15df31fee"},{"path":"agents/page-relay.js","bytes":35276,"sha256":"cd61d0935d4670b6f593540c0a75b900e18c37db93a124dfd2a29f7826c5125a"}]},"sdkEntries":{"MAIN":"framework/sdk-main.js","ISOLATED":"agents/page-relay.js"},"privilegedDynamicExecutionFound":false,"approvedDynamicExecution":[{"file":"scripting/sandbox/worker-runtime.js","approvedAsyncBodyConstructors":1,"execution":"Host fetches fixed bytes; Blob classic Worker only inside opaque sandbox"}],"sandbox":{"pages":["scripting/sandbox/sandbox.html"],"csp":"sandbox allow-scripts; default-src 'none'; script-src 'self' 'unsafe-eval'; worker-src blob:; connect-src 'none'; child-src 'none'; img-src 'none'; style-src 'none'; base-uri 'none'; form-action 'none'"},"packageHash":"3972c99cbd4367a6e5b1bdb653741c892612408da8bde7aac72d75a25130f3de","hashRecipe":"SHA256 UTF-8 JSON.stringify(path-sorted [{path,bytes,sha256}]); exact file bytes","files":[{"path":"agents/bootstrap.js","bytes":21466,"sha256":"1b1b17378eb90a7f1d2e10b071e226648974975e56cbe12c6b1dbd5bf715c79c"},{"path":"agents/health.js","bytes":828,"sha256":"48b43e028694d4fcc376d32539ab2d55ebd58359fce01219cff250fd4b5a6f65"},{"path":"agents/page-agent.js","bytes":34347,"sha256":"35a38017342eff0fc2726e834d435e33cc60ae3452cfca0b8a5b72093b3a2c4c"},{"path":"agents/page-relay.js","bytes":35276,"sha256":"cd61d0935d4670b6f593540c0a75b900e18c37db93a124dfd2a29f7826c5125a"},{"path":"agents/selection-entry.js","bytes":383,"sha256":"0265146d80cd448c28ecd1231574d0bd6ba9f20d6991b09250478decc3e89fbb"},{"path":"framework/sdk-main.js","bytes":49539,"sha256":"432c30ab8c60086a05335616f5f48014377a2b4cb6e0df197a1477d15df31fee"},{"path":"framework/sdk-resources.json","bytes":359,"sha256":"747353949442c7bdf588f73a9e2a048d9471dc71aaa86adedf11ae0fd221cf8b"},{"path":"icons/notification.png","bytes":595,"sha256":"efb5caddc95697204e98f9e7319119095ea195fa02448904bc985e90e96d4de6"},{"path":"licenses/jquery-MIT.txt","bytes":1097,"sha256":"d4db9ebe6f29f5168eac45ad713f055623ac5d0dcd5ba92da23d650ae012020d"},{"path":"licenses/todo-user-vue-MIT.txt","bytes":1096,"sha256":"e301f131f52747f87193c4a41d3d5c09e6c021cc664a6a3101a2213635f03f29"},{"path":"manifest.json","bytes":1201,"sha256":"e1efc8ec08a08961b7d48304439ae802d3b9d60afa44034b8a8a5054d53f0034"},{"path":"native-agent/settings.html","bytes":1826,"sha256":"8763896451244519f856a7a9f5c2284348bc3b8adbd0aaa3a674932e95d5fecf"},{"path":"native-agent/settings.js","bytes":22157,"sha256":"7018e9e3e7a0dcf7392e270f8512b4d4b815d8db5940da26587ad938d13b971d"},{"path":"native-agent/transport.js","bytes":29297,"sha256":"112dff86a490ece497668e4420053ce0d48121e2de12360da177add825b30421"},{"path":"scripting/packaged/page-session.js","bytes":55082,"sha256":"bd346556fa4a137b804a6255fefc6617ce1bcd01719dd0637bb6a54e9b90b377"},{"path":"scripting/sandbox/sandbox.html","bytes":385,"sha256":"aa7362ce87a270f45005dde0e9cf14bf1d86bd4bd15fce37f14515638ef3b536"},{"path":"scripting/sandbox/sandbox.js","bytes":4010,"sha256":"4b735c3d8d6d6059a549b59122d4d1d56811c121c6ad1b7eeadca6cf3e15640e"},{"path":"scripting/sandbox/worker-runtime.js","bytes":49683,"sha256":"406de1f7b5ebffc7ce4a67696d5e35d24e27e9bae3b93cacec10cae6100c19f1"},{"path":"sw.js","bytes":324976,"sha256":"2c5145ba65ce9d41f1a03c7abcb10eba6f3cb2110a30965d6a2069d7799ea214"},{"path":"ui/target-bootstrap.html","bytes":200,"sha256":"b52748e3bf14e6931924843c0b8bc626ad8929b3b1bb6b63524b39238dc5d13c"},{"path":"ui/tool-shell.css","bytes":19090,"sha256":"cd3f89c5025b325830d114135ad47885d13a4a5f17d36d9e63038423c837976c"},{"path":"ui/tool-shell.js","bytes":177721,"sha256":"3bdcb693b3aaab75140d134dc6225e7e0ee35e24889a82592d9dca3845c6c79d"},{"path":"ui/tool.html","bytes":21232,"sha256":"c27502c481bdc9029331aa1dda32bc06985dabe1edbacb3a64ddde1536722ac9"},{"path":"vendor/jquery-3.7.1.min.js","bytes":87533,"sha256":"fc9a93dd241f6b045cbff0481cf4e1901becd0e12fb45166a8f17f95823f0b1a"}]}
2026-10-08T18:00:37.5447460Z {"status":"passed","manifestVersion":3,"classicEntries":["agents/bootstrap.js","agents/health.js","agents/page-agent.js","agents/page-relay.js","agents/selection-entry.js","framework/sdk-main.js","native-agent/settings.js","native-agent/transport.js","scripting/packaged/page-session.js","scripting/sandbox/sandbox.js","scripting/sandbox/worker-runtime.js","sw.js","ui/tool-shell.js","vendor/jquery-3.7.1.min.js"],"htmlChecked":["ui/tool.html","native-agent/settings.html","ui/target-bootstrap.html","scripting/sandbox/sandbox.html"],"assetsChecked":["icons/notification.png","licenses/todo-user-vue-MIT.txt","licenses/jquery-MIT.txt","framework/sdk-resources.json"],"sdkResources":{"schemaVersion":1,"resources":[{"path":"framework/sdk-main.js","bytes":49773,"sha256":"903bb9d0bbd1a48a92db218934aa730fd817dc8c211017d61b65b8a27ac25bb8"},{"path":"agents/page-relay.js","bytes":35516,"sha256":"1e75308cd25090fa6ab1b33823ad4844ddab51e172166a3fd028a0a983854e65"}]},"sdkEntries":{"MAIN":"framework/sdk-main.js","ISOLATED":"agents/page-relay.js"},"privilegedDynamicExecutionFound":false,"approvedDynamicExecution":[{"file":"scripting/sandbox/worker-runtime.js","approvedAsyncBodyConstructors":1,"execution":"Host fetches fixed bytes; Blob classic Worker only inside opaque sandbox"}],"sandbox":{"pages":["scripting/sandbox/sandbox.html"],"csp":"sandbox allow-scripts; default-src 'none'; script-src 'self' 'unsafe-eval'; worker-src blob:; connect-src 'none'; child-src 'none'; img-src 'none'; style-src 'none'; base-uri 'none'; form-action 'none'"},"packageHash":"8de76f8b99610f306951973a400004fab6a10044deb172ac4e378d9f6070566d","hashRecipe":"SHA256 UTF-8 JSON.stringify(path-sorted [{path,bytes,sha256}]); exact file bytes","files":[{"path":"agents/bootstrap.js","bytes":21703,"sha256":"9556baeec50d2c2fbd4c5391e34bab41c3d9aa9d6d416a4a89b205809542beb5"},{"path":"agents/bootstrap.js.map","bytes":65334,"sha256":"72024fdb0695ffff3a2296cfda4ddb2f96c6f5da8a260d2098c5516f2421b840"},{"path":"agents/health.js","bytes":1056,"sha256":"0fdbd009c25751599b50a9ff902d5c1a71fafb15a526ee64e5a1082b86ed7e7d"},{"path":"agents/health.js.map","bytes":15038,"sha256":"13ab8c72f5d5a8d82b65a38c7c455d8abf1ea4ab6c8878443a316fde59414b51"},{"path":"agents/page-agent.js","bytes":34587,"sha256":"23929816fb4342e44814992a820651ce5b0e5de8b827c32fa2498caccfc01283"},{"path":"agents/page-agent.js.map","bytes":95306,"sha256":"ec0f23bd47621fb6cf855b2c1999b4746ab13cb31b1add032787cde50a8db72e"},{"path":"agents/page-relay.js","bytes":35516,"sha256":"1e75308cd25090fa6ab1b33823ad4844ddab51e172166a3fd028a0a983854e65"},{"path":"agents/page-relay.js.map","bytes":113008,"sha256":"e399a9d2068b239aa9389f4616a4012ded4240d909d18df443769d3ed3df9348"},{"path":"agents/selection-entry.js","bytes":638,"sha256":"b86047d8de3434afe4161d07376ca71a4ea18bc870663be9a606b62c19a42d80"},{"path":"agents/selection-entry.js.map","bytes":968,"sha256":"f2ee1d5e62016c3f1854811589f17382f0f0e69ea9a3635484fe02734b7eb0f4"},{"path":"framework/sdk-main.js","bytes":49773,"sha256":"903bb9d0bbd1a48a92db218934aa730fd817dc8c211017d61b65b8a27ac25bb8"},{"path":"framework/sdk-main.js.map","bytes":152746,"sha256":"a3ac2c7cfa6a0cc3d74f8bee60a8e7b3bf35f4fea4316b599b3b4d35b2a52b03"},{"path":"framework/sdk-resources.json","bytes":359,"sha256":"6f6597ecccf98b85cf1889e8c413a64b712f6cf44976b8ab778d836e14a5f5a6"},{"path":"icons/notification.png","bytes":595,"sha256":"efb5caddc95697204e98f9e7319119095ea195fa02448904bc985e90e96d4de6"},{"path":"licenses/jquery-MIT.txt","bytes":1097,"sha256":"d4db9ebe6f29f5168eac45ad713f055623ac5d0dcd5ba92da23d650ae012020d"},{"path":"licenses/todo-user-vue-MIT.txt","bytes":1096,"sha256":"e301f131f52747f87193c4a41d3d5c09e6c021cc664a6a3101a2213635f03f29"},{"path":"manifest.json","bytes":1523,"sha256":"e6670098b865f36a8529c648f8e85ad5c3b36239c4b1880a296680a638cf0da8"},{"path":"native-agent/settings.html","bytes":1826,"sha256":"8763896451244519f856a7a9f5c2284348bc3b8adbd0aaa3a674932e95d5fecf"},{"path":"native-agent/settings.js","bytes":22391,"sha256":"606318ea6d225e92a72dc13e700f015dbd9a6d148f896eea09114205024fedd6"},{"path":"native-agent/settings.js.map","bytes":58367,"sha256":"4aef7296f6663d8a5d72a623f7f604ae7e9d0eb1d28f881b0a88ce748c2fb58e"},{"path":"native-agent/transport.js","bytes":29534,"sha256":"9541f51d2800df30bd69f7c6ac94e33cf496aea4b0287bf7d5989aacd50e6706"},{"path":"native-agent/transport.js.map","bytes":89731,"sha256":"bd60a744b5bf89e94ad2b485b9f19aff9a73e9daab184a5092ac4094459c1838"},{"path":"scripting/packaged/page-session.js","bytes":55328,"sha256":"fbc94b97dde28dd1a5ac99db3ecf861aa9b6374c85474b05e1d722f6520f3343"},{"path":"scripting/packaged/page-session.js.map","bytes":174289,"sha256":"954210c4f3cf3aeefc1422e4ff51980b3d2b3643485c7d55ae80dfce25d0f5f5"},{"path":"scripting/sandbox/sandbox.html","bytes":385,"sha256":"aa7362ce87a270f45005dde0e9cf14bf1d86bd4bd15fce37f14515638ef3b536"},{"path":"scripting/sandbox/sandbox.js","bytes":4241,"sha256":"e5e5069e25a85673c3880d555a42ecaea414e7c6dabacccd4589874bad7e8631"},{"path":"scripting/sandbox/sandbox.js.map","bytes":11636,"sha256":"2b3be0c1d212193b207fc20165a11866806b1c31cc2653ebac5036a9ea3374d6"},{"path":"scripting/sandbox/worker-runtime.js","bytes":49935,"sha256":"91865c2b35e45a17f18866368c7fa0d2cffcddc86a5deaefef8a746747a5d889"},{"path":"scripting/sandbox/worker-runtime.js.map","bytes":156913,"sha256":"2477b61c175dac272fe8f9afa65fe42d28959bf1b7b5d1c434fe936e3439d270"},{"path":"sw.js","bytes":325148,"sha256":"4fd630a423ff96f91c69823f1e650986739d13da7cc74fe47e1b550df1631104"},{"path":"sw.js.map","bytes":963024,"sha256":"a8500335913be166399f573b5fef8ae95de1884c3af960be2cd7dbcc048ff1ff"},{"path":"ui/target-bootstrap.html","bytes":200,"sha256":"b52748e3bf14e6931924843c0b8bc626ad8929b3b1bb6b63524b39238dc5d13c"},{"path":"ui/tool-shell.css","bytes":19090,"sha256":"cd3f89c5025b325830d114135ad47885d13a4a5f17d36d9e63038423c837976c"},{"path":"ui/tool-shell.js","bytes":177961,"sha256":"d6485561d2b435ba50794dd6460af955aed80b399e53d8dc96d7c69b704a1204"},{"path":"ui/tool-shell.js.map","bytes":529238,"sha256":"0e0e6269596da3b4d871a50facdcbe8d671de8c5cf573cf4c784c89323fca9ee"},{"path":"ui/tool.html","bytes":21232,"sha256":"c27502c481bdc9029331aa1dda32bc06985dabe1edbacb3a64ddde1536722ac9"},{"path":"vendor/jquery-3.7.1.min.js","bytes":87533,"sha256":"fc9a93dd241f6b045cbff0481cf4e1901becd0e12fb45166a8f17f95823f0b1a"}]}
2026-10-08T18:00:37.5616814Z ##[group]Run npm test
2026-10-08T18:00:37.5617138Z [36;1mnpm test[0m
2026-10-08T18:00:37.5678393Z shell: /usr/bin/bash -e {0}
2026-10-08T18:00:37.5678703Z ##[endgroup]
2026-10-08T18:00:37.6741607Z 
2026-10-08T18:00:37.6742131Z > opendesk-browser@0.1.0 test
2026-10-08T18:00:37.6742633Z > node --test tests/environment/*.test.mjs
2026-10-08T18:00:37.6742902Z 
2026-10-08T18:00:37.7341393Z TAP version 13
2026-10-08T18:00:37.8055904Z # Subtest: AI-to-Task sample is a valid immutable Task v1 Candidate with exact checked-in source
2026-10-08T18:00:37.8057860Z ok 1 - AI-to-Task sample is a valid immutable Task v1 Candidate with exact checked-in source
2026-10-08T18:00:37.8071053Z   ---
2026-10-08T18:00:37.8071820Z   duration_ms: 19.929896
2026-10-08T18:00:37.8072590Z   type: 'test'
2026-10-08T18:00:37.8073270Z   ...
2026-10-08T18:00:37.8102789Z # Subtest: tampering cannot grant publication state or replace the source hash
2026-10-08T18:00:37.8127166Z ok 2 - tampering cannot grant publication state or replace the source hash
2026-10-08T18:00:37.8144904Z   ---
2026-10-08T18:00:37.8145919Z   duration_ms: 6.510612
2026-10-08T18:00:37.8146471Z   type: 'test'
2026-10-08T18:00:37.8146959Z   ...
2026-10-08T18:00:37.8147975Z # Subtest: modern candidate only uses implemented Locator actions with an explicit business-result wait
2026-10-08T18:00:37.8149486Z ok 3 - modern candidate only uses implemented Locator actions with an explicit business-result wait
2026-10-08T18:00:37.8150386Z   ---
2026-10-08T18:00:37.8150762Z   duration_ms: 1.490607
2026-10-08T18:00:37.8151162Z   type: 'test'
2026-10-08T18:00:37.8151525Z   ...
2026-10-08T18:00:37.8152341Z # Subtest: observation draft is bounded, read-only and valid Controller async main
2026-10-08T18:00:37.8153542Z ok 4 - observation draft is bounded, read-only and valid Controller async main
2026-10-08T18:00:37.8155052Z   ---
2026-10-08T18:00:37.8155405Z   duration_ms: 2.439284
2026-10-08T18:00:37.8155814Z   type: 'test'
2026-10-08T18:00:37.8156166Z   ...
2026-10-08T18:00:37.8157359Z # Subtest: AI-to-Task samples target the original HTML fixture rather than inventing a second page
2026-10-08T18:00:37.8158817Z ok 5 - AI-to-Task samples target the original HTML fixture rather than inventing a second page
2026-10-08T18:00:37.8170457Z   ---
2026-10-08T18:00:37.8185226Z   duration_ms: 1.533757
2026-10-08T18:00:37.8199451Z   type: 'test'
2026-10-08T18:00:37.8200025Z   ...
2026-10-08T18:00:37.8290975Z # Subtest: read-only Agent observation draft retains the main R6.2 bounded snapshot contract
2026-10-08T18:00:37.8302555Z ok 6 - read-only Agent observation draft retains the main R6.2 bounded snapshot contract
2026-10-08T18:00:37.8303662Z   ---
2026-10-08T18:00:37.8304298Z   duration_ms: 6.12512
2026-10-08T18:00:37.8305152Z   type: 'test'
2026-10-08T18:00:37.8305740Z   ...
2026-10-08T18:00:37.8306746Z # Subtest: modern Locator Task candidate is exact and immutable, never pre-verified
2026-10-08T18:00:37.8307896Z ok 7 - modern Locator Task candidate is exact and immutable, never pre-verified
2026-10-08T18:00:37.8308577Z   ---
2026-10-08T18:00:37.8308910Z   duration_ms: 12.576329
2026-10-08T18:00:37.8309299Z   type: 'test'
2026-10-08T18:00:37.8309623Z   ...
2026-10-08T18:00:37.8785721Z # Subtest: real loopback HTTP server serves static JSON, HTML and true 404/non-JSON
2026-10-08T18:00:37.8805220Z ok 8 - real loopback HTTP server serves static JSON, HTML and true 404/non-JSON
2026-10-08T18:00:37.8834693Z   ---
2026-10-08T18:00:37.8884932Z   duration_ms: 59.549821
2026-10-08T18:00:37.8914752Z   type: 'test'
2026-10-08T18:00:37.8932504Z   ...
2026-10-08T18:00:38.0849665Z # Subtest: real loopback HTTP server emits status/POST body and delayed responses
2026-10-08T18:00:38.0852500Z ok 9 - real loopback HTTP server emits status/POST body and delayed responses
2026-10-08T18:00:38.0853295Z   ---
2026-10-08T18:00:38.0853714Z   duration_ms: 218.049985
2026-10-08T18:00:38.0854404Z   type: 'test'
2026-10-08T18:00:38.0854822Z   ...
2026-10-08T18:00:39.4203260Z # Subtest: one ordinary HTML page exposes unique, stable automation targets
2026-10-08T18:00:39.4204896Z ok 10 - one ordinary HTML page exposes unique, stable automation targets
2026-10-08T18:00:39.4205827Z   ---
2026-10-08T18:00:39.4206347Z   duration_ms: 12.333527
2026-10-08T18:00:39.4206915Z   type: 'test'
2026-10-08T18:00:39.4207413Z   ...
2026-10-08T18:00:39.4208664Z # Subtest: the unchanged signed v1 task still targets \#name → \#submit → \#done
2026-10-08T18:00:39.4210049Z ok 11 - the unchanged signed v1 task still targets \#name → \#submit → \#done
2026-10-08T18:00:39.4210868Z   ---
2026-10-08T18:00:39.4211364Z   duration_ms: 2.966035
2026-10-08T18:00:39.4211924Z   type: 'test'
2026-10-08T18:00:39.4212419Z   ...
2026-10-08T18:00:39.4213512Z # Subtest: modern search retains an initially filled field and deliberately replaces its submit button
2026-10-08T18:00:39.4215340Z ok 12 - modern search retains an initially filled field and deliberately replaces its submit button
2026-10-08T18:00:39.4216326Z   ---
2026-10-08T18:00:39.4216843Z   duration_ms: 1.770018
2026-10-08T18:00:39.4217393Z   type: 'test'
2026-10-08T18:00:39.4217882Z   ...
2026-10-08T18:00:39.4218906Z # Subtest: async scene sends only local fetches and distinguishes loading, 404, abort and timeout
2026-10-08T18:00:39.4220383Z ok 13 - async scene sends only local fetches and distinguishes loading, 404, abort and timeout
2026-10-08T18:00:39.4221337Z   ---
2026-10-08T18:00:39.4221828Z   duration_ms: 1.890152
2026-10-08T18:00:39.4222373Z   type: 'test'
2026-10-08T18:00:39.4222851Z   ...
2026-10-08T18:00:39.4223864Z # Subtest: explicit HTTP GET controls expose safe semantics and preserve offline-first operation
2026-10-08T18:00:39.4225548Z ok 14 - explicit HTTP GET controls expose safe semantics and preserve offline-first operation
2026-10-08T18:00:39.4226480Z   ---
2026-10-08T18:00:39.4226977Z   duration_ms: 3.178031
2026-10-08T18:00:39.4227784Z   type: 'test'
2026-10-08T18:00:39.4228273Z   ...
2026-10-08T18:00:39.4229287Z # Subtest: the single canonical page exposes seven navigable groups and honest Locator fixtures
2026-10-08T18:00:39.4230769Z ok 15 - the single canonical page exposes seven navigable groups and honest Locator fixtures
2026-10-08T18:00:39.4231697Z   ---
2026-10-08T18:00:39.4232199Z   duration_ms: 2.216579
2026-10-08T18:00:39.4232731Z   type: 'test'
2026-10-08T18:00:39.4233226Z   ...
2026-10-08T18:00:39.4234360Z # Subtest: Locator fixture actions, late insertion, and reset mutate only observable DOM
2026-10-08T18:00:39.4235982Z ok 16 - Locator fixture actions, late insertion, and reset mutate only observable DOM
2026-10-08T18:00:39.4236884Z   ---
2026-10-08T18:00:39.4237375Z   duration_ms: 1527.145977
2026-10-08T18:00:39.4237931Z   type: 'test'
2026-10-08T18:00:39.4238435Z   ...
2026-10-08T18:00:39.4606104Z # Subtest: HTTP panel sends no request until click and shows real status/content without HTML injection
2026-10-08T18:00:39.4613636Z ok 17 - HTTP panel sends no request until click and shows real status/content without HTML injection
2026-10-08T18:00:39.4614931Z   ---
2026-10-08T18:00:39.4615565Z   duration_ms: 38.782029
2026-10-08T18:00:39.4616143Z   type: 'test'
2026-10-08T18:00:39.4616622Z   ...
2026-10-08T18:00:39.4732144Z # Subtest: HTTP panel preserves actual 404 and abort/reset cannot resurrect late replies
2026-10-08T18:00:39.4748531Z ok 18 - HTTP panel preserves actual 404 and abort/reset cannot resurrect late replies
2026-10-08T18:00:39.4752022Z   ---
2026-10-08T18:00:39.4752538Z   duration_ms: 13.284417
2026-10-08T18:00:39.4753099Z   type: 'test'
2026-10-08T18:00:39.4753604Z   ...
2026-10-08T18:00:39.4813737Z # Subtest: minimal HTTP UI rejects invalid URLs without sending requests
2026-10-08T18:00:39.4829509Z ok 19 - minimal HTTP UI rejects invalid URLs without sending requests
2026-10-08T18:00:39.4867487Z   ---
2026-10-08T18:00:39.4871965Z   duration_ms: 8.882923
2026-10-08T18:00:39.4872573Z   type: 'test'
2026-10-08T18:00:39.4873046Z   ...
2026-10-08T18:00:39.4874004Z # Subtest: inline JavaScript parses without a third-party runtime or external resources
2026-10-08T18:00:39.4875934Z ok 20 - inline JavaScript parses without a third-party runtime or external resources
2026-10-08T18:00:39.4876805Z   ---
2026-10-08T18:00:39.4877262Z   duration_ms: 2.639827
2026-10-08T18:00:39.4877770Z   type: 'test'
2026-10-08T18:00:39.4878221Z   ...
2026-10-08T18:00:39.4879170Z # Subtest: manual browser testing has exactly one canonical HTML and no obsolete advertised URL
2026-10-08T18:00:39.4880552Z ok 21 - manual browser testing has exactly one canonical HTML and no obsolete advertised URL
2026-10-08T18:00:39.4881410Z   ---
2026-10-08T18:00:39.4881851Z   duration_ms: 3.507995
2026-10-08T18:00:39.4882350Z   type: 'test'
2026-10-08T18:00:39.4882793Z   ...
2026-10-08T18:00:39.5145706Z # Subtest: product shell configures the Chrome Side Panel action and never creates a popup
2026-10-08T18:00:39.5169985Z ok 22 - product shell configures the Chrome Side Panel action and never creates a popup
2026-10-08T18:00:39.5187598Z   ---
2026-10-08T18:00:39.5220999Z   duration_ms: 1.812867
2026-10-08T18:00:39.5222346Z   type: 'test'
2026-10-08T18:00:39.5259746Z   ...
2026-10-08T18:00:39.5295918Z # Subtest: tool sender accepts top-level Side Panel documents and rejects foreign or nested senders
2026-10-08T18:00:39.5370845Z ok 23 - tool sender accepts top-level Side Panel documents and rejects foreign or nested senders
2026-10-08T18:00:39.5404706Z   ---
2026-10-08T18:00:39.5470076Z   duration_ms: 0.594848
2026-10-08T18:00:39.5536710Z   type: 'test'
2026-10-08T18:00:39.5605612Z   ...
2026-10-08T18:00:39.5705558Z # Subtest: URL policy rejects restricted/file/credentials and preserves exact origin including port
2026-10-08T18:00:39.5713082Z ok 24 - URL policy rejects restricted/file/credentials and preserves exact origin including port
2026-10-08T18:00:39.5772456Z   ---
2026-10-08T18:00:39.5810121Z   duration_ms: 0.543492
2026-10-08T18:00:39.5819729Z   type: 'test'
2026-10-08T18:00:39.5820368Z   ...
2026-10-08T18:00:39.5821570Z # Subtest: health waits for sender readiness and binds Chrome document metadata, not file result
2026-10-08T18:00:39.5823229Z ok 25 - health waits for sender readiness and binds Chrome document metadata, not file result
2026-10-08T18:00:39.5824691Z   ---
2026-10-08T18:00:39.5825301Z   duration_ms: 10.205663
2026-10-08T18:00:39.5825982Z   type: 'test'
2026-10-08T18:00:39.5826500Z   ...
2026-10-08T18:00:39.5827379Z # Subtest: revoked permission blocks even previously installed agent
2026-10-08T18:00:39.5828729Z ok 26 - revoked permission blocks even previously installed agent
2026-10-08T18:00:39.5829602Z   ---
2026-10-08T18:00:39.5830201Z   duration_ms: 1.719945
2026-10-08T18:00:39.5830844Z   type: 'test'
2026-10-08T18:00:39.5831408Z   ...
2026-10-08T18:00:39.5832542Z # Subtest: reload, cross-origin and closed tab reject bound target without automatic reinjection
2026-10-08T18:00:39.5834382Z ok 27 - reload, cross-origin and closed tab reject bound target without automatic reinjection
2026-10-08T18:00:39.5835536Z   ---
2026-10-08T18:00:39.5836150Z   duration_ms: 5.905131
2026-10-08T18:00:39.5836786Z   type: 'test'
2026-10-08T18:00:39.5837335Z   ...
2026-10-08T18:00:39.5838242Z # Subtest: forged health nonce and fake sender cannot satisfy exact target
2026-10-08T18:00:39.5839561Z ok 28 - forged health nonce and fake sender cannot satisfy exact target
2026-10-08T18:00:39.5840455Z   ---
2026-10-08T18:00:39.5841001Z   duration_ms: 1.350336
2026-10-08T18:00:39.5841626Z   type: 'test'
2026-10-08T18:00:39.5842207Z   ...
2026-10-08T18:00:39.5843201Z # Subtest: missing module has no capabilities or runner and can be mounted/disposed
2026-10-08T18:00:39.5844884Z ok 29 - missing module has no capabilities or runner and can be mounted/disposed
2026-10-08T18:00:39.5845853Z   ---
2026-10-08T18:00:39.5846393Z   duration_ms: 0.586195
2026-10-08T18:00:39.5847037Z   type: 'test'
2026-10-08T18:00:39.5847624Z   ...
2026-10-08T18:00:39.5848661Z # Subtest: Side Panel configuration failure is surfaced without a popup fallback
2026-10-08T18:00:39.5850323Z ok 30 - Side Panel configuration failure is surfaced without a popup fallback
2026-10-08T18:00:39.5851348Z   ---
2026-10-08T18:00:39.5851932Z   duration_ms: 0.506714
2026-10-08T18:00:39.5852569Z   type: 'test'
2026-10-08T18:00:39.5853156Z   ...
2026-10-08T18:00:39.5854426Z # Subtest: unknown authorization mode is rejected before another injection
2026-10-08T18:00:39.5855779Z ok 31 - unknown authorization mode is rejected before another injection
2026-10-08T18:00:39.5856680Z   ---
2026-10-08T18:00:39.5857245Z   duration_ms: 2.718825
2026-10-08T18:00:39.5857863Z   type: 'test'
2026-10-08T18:00:39.5858409Z   ...
2026-10-08T18:00:39.5859467Z # Subtest: permission revoke reports permission failure even when Chrome hides tab URL
2026-10-08T18:00:39.5861004Z ok 32 - permission revoke reports permission failure even when Chrome hides tab URL
2026-10-08T18:00:39.5861983Z   ---
2026-10-08T18:00:39.5862576Z   duration_ms: 1.312996
2026-10-08T18:00:39.5863186Z   type: 'test'
2026-10-08T18:00:39.5863774Z   ...
2026-10-08T18:00:39.5865210Z # Subtest: permission revoked during tabs.get is diagnosed before inspecting its hidden URL
2026-10-08T18:00:39.5866876Z ok 33 - permission revoked during tabs.get is diagnosed before inspecting its hidden URL
2026-10-08T18:00:39.5867986Z   ---
2026-10-08T18:00:39.5868562Z   duration_ms: 1.904876
2026-10-08T18:00:39.5869239Z   type: 'test'
2026-10-08T18:00:39.5869863Z   ...
2026-10-08T18:00:39.5870944Z # Subtest: repeated agent ready preserves optional authorization and cannot bypass revoke
2026-10-08T18:00:39.5872503Z ok 34 - repeated agent ready preserves optional authorization and cannot bypass revoke
2026-10-08T18:00:39.5873528Z   ---
2026-10-08T18:00:39.5874306Z   duration_ms: 1.884281
2026-10-08T18:00:39.5874988Z   type: 'test'
2026-10-08T18:00:39.5875561Z   ...
2026-10-08T18:00:39.5876531Z # Subtest: same-document concurrent binding resolves all readiness waiters
2026-10-08T18:00:39.5878147Z ok 35 - same-document concurrent binding resolves all readiness waiters
2026-10-08T18:00:39.5879101Z   ---
2026-10-08T18:00:39.5879687Z   duration_ms: 2.116537
2026-10-08T18:00:39.5880266Z   type: 'test'
2026-10-08T18:00:39.5880778Z   ...
2026-10-08T18:00:39.5881781Z # Subtest: document invalidation and revoke while awaiting reply reject late health success
2026-10-08T18:00:39.5883243Z ok 36 - document invalidation and revoke while awaiting reply reject late health success
2026-10-08T18:00:39.5884532Z   ---
2026-10-08T18:00:39.5885068Z   duration_ms: 1.920939
2026-10-08T18:00:39.5885677Z   type: 'test'
2026-10-08T18:00:39.5886196Z   ...
2026-10-08T18:00:39.5887239Z # Subtest: missing Side Panel sender documentId resolves only unique native instance context
2026-10-08T18:00:39.5888779Z ok 37 - missing Side Panel sender documentId resolves only unique native instance context
2026-10-08T18:00:39.5889765Z   ---
2026-10-08T18:00:39.5890309Z   duration_ms: 1.642019
2026-10-08T18:00:39.5890893Z   type: 'test'
2026-10-08T18:00:39.5891382Z   ...
2026-10-08T18:00:39.5892678Z # Subtest: fixed production protocol Schema uses variable-width LZW and decodes byte-for-byte to the audited object
2026-10-08T18:00:39.5894869Z ok 38 - fixed production protocol Schema uses variable-width LZW and decodes byte-for-byte to the audited object
2026-10-08T18:00:39.5896168Z   ---
2026-10-08T18:00:39.5896770Z   duration_ms: 68.448742
2026-10-08T18:00:39.5897336Z   type: 'test'
2026-10-08T18:00:39.5897857Z   ...
2026-10-08T18:00:39.5899070Z # Subtest: small and non-ASCII schemas still round-trip through existing smaller-of-two-formats selection
2026-10-08T18:00:39.5900883Z ok 39 - small and non-ASCII schemas still round-trip through existing smaller-of-two-formats selection
2026-10-08T18:00:39.5901981Z   ---
2026-10-08T18:00:39.5902521Z   duration_ms: 0.981689
2026-10-08T18:00:39.5903093Z   type: 'test'
2026-10-08T18:00:39.5903639Z   ...
2026-10-08T18:00:39.5904959Z # Subtest: async main receives page/params lexically without platform arguments
2026-10-08T18:00:39.5906402Z ok 40 - async main receives page/params lexically without platform arguments
2026-10-08T18:00:39.5907344Z   ---
2026-10-08T18:00:39.5908264Z   duration_ms: 1.64754
2026-10-08T18:00:39.5909066Z   type: 'test'
2026-10-08T18:00:39.5909731Z   ...
2026-10-08T18:00:39.5910731Z # Subtest: main return preserves falsy values including undefined
2026-10-08T18:00:39.5911993Z ok 41 - main return preserves falsy values including undefined
2026-10-08T18:00:39.5912839Z   ---
2026-10-08T18:00:39.5913447Z   duration_ms: 0.351565
2026-10-08T18:00:39.5914396Z   type: 'test'
2026-10-08T18:00:39.5915019Z   ...
2026-10-08T18:00:39.5916028Z # Subtest: prior async-body scripts still execute and return correctly
2026-10-08T18:00:39.5917393Z ok 42 - prior async-body scripts still execute and return correctly
2026-10-08T18:00:39.5918391Z   ---
2026-10-08T18:00:39.5919013Z   duration_ms: 0.243493
2026-10-08T18:00:39.5919707Z   type: 'test'
2026-10-08T18:00:39.5920334Z   ...
2026-10-08T18:00:39.5921370Z # Subtest: main faults are errors rather than silent empty results
2026-10-08T18:00:39.5922691Z ok 43 - main faults are errors rather than silent empty results
2026-10-08T18:00:39.5923630Z   ---
2026-10-08T18:00:39.5924594Z   duration_ms: 0.676019
2026-10-08T18:00:39.5925278Z   type: 'test'
2026-10-08T18:00:39.5925947Z   ...
2026-10-08T18:00:39.5927196Z # Subtest: worker fault preserves a bounded raw generated stack without claiming a source mapping
2026-10-08T18:00:39.5928990Z ok 44 - worker fault preserves a bounded raw generated stack without claiming a source mapping
2026-10-08T18:00:39.5930191Z   ---
2026-10-08T18:00:39.5930800Z   duration_ms: 23.747882
2026-10-08T18:00:39.5931523Z   type: 'test'
2026-10-08T18:00:39.5932079Z   ...
2026-10-08T18:00:39.5933524Z # Subtest: navigation starts invalidate the visible old document before tabs updates and recover after failure or commit
2026-10-08T18:00:39.5937335Z ok 45 - navigation starts invalidate the visible old document before tabs updates and recover after failure or commit
2026-10-08T18:00:39.5938880Z   ---
2026-10-08T18:00:39.5939446Z   duration_ms: 10.103443
2026-10-08T18:00:39.5940047Z   type: 'test'
2026-10-08T18:00:39.5940604Z   ...
2026-10-08T18:00:39.5941831Z # Subtest: loading and unloaded tabs never expose their still-visible old document as a runnable candidate
2026-10-08T18:00:39.5943609Z ok 46 - loading and unloaded tabs never expose their still-visible old document as a runnable candidate
2026-10-08T18:00:39.5944989Z   ---
2026-10-08T18:00:39.5945508Z   duration_ms: 0.998209
2026-10-08T18:00:39.5946091Z   type: 'test'
2026-10-08T18:00:39.5946661Z   ...
2026-10-08T18:00:39.5947760Z # Subtest: a tab becoming loading after frame observation fails the final candidate confirmation
2026-10-08T18:00:39.5949370Z ok 47 - a tab becoming loading after frame observation fails the final candidate confirmation
2026-10-08T18:00:39.5950409Z   ---
2026-10-08T18:00:39.5950957Z   duration_ms: 0.356614
2026-10-08T18:00:39.5951565Z   type: 'test'
2026-10-08T18:00:39.5952117Z   ...
2026-10-08T18:00:39.5953237Z # Subtest: Sidebar binds to its own browser window and exposes only the active HTTP(S) main document
2026-10-08T18:00:39.5955155Z ok 48 - Sidebar binds to its own browser window and exposes only the active HTTP(S) main document
2026-10-08T18:00:39.5956247Z   ---
2026-10-08T18:00:39.5956797Z   duration_ms: 1.594089
2026-10-08T18:00:39.5957415Z   type: 'test'
2026-10-08T18:00:39.5957994Z   ...
2026-10-08T18:00:39.5958936Z # Subtest: same-URL tab switch cannot replace the captured run candidate
2026-10-08T18:00:39.5960156Z ok 49 - same-URL tab switch cannot replace the captured run candidate
2026-10-08T18:00:39.5961008Z   ---
2026-10-08T18:00:39.5961522Z   duration_ms: 0.411456
2026-10-08T18:00:39.5962096Z   type: 'test'
2026-10-08T18:00:39.5962594Z   ...
2026-10-08T18:00:39.5963581Z # Subtest: SPA URL change before admission is stale even when documentId is unchanged
2026-10-08T18:00:39.5965420Z ok 50 - SPA URL change before admission is stale even when documentId is unchanged
2026-10-08T18:00:39.5966562Z   ---
2026-10-08T18:00:39.5967154Z   duration_ms: 0.322721
2026-10-08T18:00:39.5967799Z   type: 'test'
2026-10-08T18:00:39.5968619Z   ...
2026-10-08T18:00:39.5969692Z # Subtest: reload/full navigation invalidates the old candidate instead of matching by URL
2026-10-08T18:00:39.5971221Z ok 51 - reload/full navigation invalidates the old candidate instead of matching by URL
2026-10-08T18:00:39.5972268Z   ---
2026-10-08T18:00:39.5972830Z   duration_ms: 0.379197
2026-10-08T18:00:39.5973442Z   type: 'test'
2026-10-08T18:00:39.5974414Z   ...
2026-10-08T18:00:39.5975526Z # Subtest: Current Page follows activation events but never falls back to a previous valid page
2026-10-08T18:00:39.5977133Z ok 52 - Current Page follows activation events but never falls back to a previous valid page
2026-10-08T18:00:39.5978309Z   ---
2026-10-08T18:00:39.5978842Z   duration_ms: 4.731114
2026-10-08T18:00:39.5979429Z   type: 'test'
2026-10-08T18:00:39.5980205Z   ...
2026-10-08T18:00:39.5981244Z # Subtest: two Sidebar instances bind independently to their containing browser windows
2026-10-08T18:00:39.5982651Z ok 53 - two Sidebar instances bind independently to their containing browser windows
2026-10-08T18:00:39.5983623Z   ---
2026-10-08T18:00:39.5984869Z   duration_ms: 0.73486
2026-10-08T18:00:39.5985437Z   type: 'test'
2026-10-08T18:00:39.5985911Z   ...
2026-10-08T18:00:39.5986702Z # Subtest: dispose releases all browser event subscriptions
2026-10-08T18:00:39.5987774Z ok 54 - dispose releases all browser event subscriptions
2026-10-08T18:00:39.5988573Z   ---
2026-10-08T18:00:39.5989125Z   duration_ms: 0.791795
2026-10-08T18:00:39.5989741Z   type: 'test'
2026-10-08T18:00:39.5990330Z   ...
2026-10-08T18:00:39.5991311Z # Subtest: a late revalidation cannot overwrite a newer Current Page observation
2026-10-08T18:00:39.5992825Z ok 55 - a late revalidation cannot overwrite a newer Current Page observation
2026-10-08T18:00:39.5993722Z   ---
2026-10-08T18:00:39.5994546Z   duration_ms: 2.493465
2026-10-08T18:00:39.5995514Z   type: 'test'
2026-10-08T18:00:39.5996158Z   ...
2026-10-08T18:00:39.5997287Z # Subtest: a disposed Sidebar cannot capture or finish an in-flight candidate validation
2026-10-08T18:00:39.5998766Z ok 56 - a disposed Sidebar cannot capture or finish an in-flight candidate validation
2026-10-08T18:00:39.5999745Z   ---
2026-10-08T18:00:39.6000299Z   duration_ms: 1.938041
2026-10-08T18:00:39.6000878Z   type: 'test'
2026-10-08T18:00:39.6001398Z   ...
2026-10-08T18:00:39.6002768Z # Subtest: inspection only parses and lists download permissions; explicit actions and post-download hash review are separate
2026-10-08T18:00:39.6005128Z ok 57 - inspection only parses and lists download permissions; explicit actions and post-download hash review are separate
2026-10-08T18:00:39.6006350Z   ---
2026-10-08T18:00:39.6006901Z   duration_ms: 39.970124
2026-10-08T18:00:39.6007510Z   type: 'test'
2026-10-08T18:00:39.6008081Z   ...
2026-10-08T18:00:39.6009382Z # Subtest: packaged jQuery and a second ordinary library use ordered generic assets; source provenance is explicit
2026-10-08T18:00:39.6011353Z ok 58 - packaged jQuery and a second ordinary library use ordered generic assets; source provenance is explicit
2026-10-08T18:00:39.6012547Z   ---
2026-10-08T18:00:39.6013145Z   duration_ms: 11.505214
2026-10-08T18:00:39.6013800Z   type: 'test'
2026-10-08T18:00:39.6014622Z   ...
2026-10-08T18:00:39.6015952Z # Subtest: approved locks run offline after a new manager instance and draft edits; source/mode changes require a new lock
2026-10-08T18:00:39.6017934Z ok 59 - approved locks run offline after a new manager instance and draft edits; source/mode changes require a new lock
2026-10-08T18:00:39.6019171Z   ---
2026-10-08T18:00:39.6019751Z   duration_ms: 6.467709
2026-10-08T18:00:39.6020380Z   type: 'test'
2026-10-08T18:00:39.6020982Z   ...
2026-10-08T18:00:39.6022268Z # Subtest: duplicate declarations preserve execution order, shared bytes do not share another namespace approval
2026-10-08T18:00:39.6024475Z ok 60 - duplicate declarations preserve execution order, shared bytes do not share another namespace approval
2026-10-08T18:00:39.6025668Z   ---
2026-10-08T18:00:39.6026474Z   duration_ms: 7.749667
2026-10-08T18:00:39.6027116Z   type: 'test'
2026-10-08T18:00:39.6027677Z   ...
2026-10-08T18:00:39.6028871Z # Subtest: a local file adapter preserves declared URL and original file bytes without claiming a network download
2026-10-08T18:00:39.6030803Z ok 61 - a local file adapter preserves declared URL and original file bytes without claiming a network download
2026-10-08T18:00:39.6031953Z   ---
2026-10-08T18:00:39.6032473Z   duration_ms: 9.37475
2026-10-08T18:00:39.6033078Z   type: 'test'
2026-10-08T18:00:39.6033628Z   ...
2026-10-08T18:00:39.6035214Z # Subtest: same URL updates produce new immutable locks; selecting approved old bytes stays offline and deterministic
2026-10-08T18:00:39.6037189Z ok 62 - same URL updates produce new immutable locks; selecting approved old bytes stays offline and deterministic
2026-10-08T18:00:39.6038424Z   ---
2026-10-08T18:00:39.6038986Z   duration_ms: 20.569637
2026-10-08T18:00:39.6039614Z   type: 'test'
2026-10-08T18:00:39.6040136Z   ...
2026-10-08T18:00:39.6041270Z # Subtest: SRI validates original bytes with SHA-256/384/512 and does not silently approve a mismatch
2026-10-08T18:00:39.6049345Z ok 63 - SRI validates original bytes with SHA-256/384/512 and does not silently approve a mismatch
2026-10-08T18:00:39.6050337Z   ---
2026-10-08T18:00:39.6050855Z   duration_ms: 17.324936
2026-10-08T18:00:39.6051400Z   type: 'test'
2026-10-08T18:00:39.6051913Z   ...
2026-10-08T18:00:39.6053097Z # Subtest: downloader rejects redirects, HTML/JSON, malformed UTF-8, private IPs and excess streaming bytes
2026-10-08T18:00:39.6054994Z ok 64 - downloader rejects redirects, HTML/JSON, malformed UTF-8, private IPs and excess streaming bytes
2026-10-08T18:00:39.6056016Z   ---
2026-10-08T18:00:39.6056521Z   duration_ms: 8.144182
2026-10-08T18:00:39.6057069Z   type: 'test'
2026-10-08T18:00:39.6057813Z   ...
2026-10-08T18:00:39.6059037Z # Subtest: permission revocation and stale host during network/hash work never commit an approvable review or lock
2026-10-08T18:00:39.6060936Z ok 65 - permission revocation and stale host during network/hash work never commit an approvable review or lock
2026-10-08T18:00:39.6062180Z   ---
2026-10-08T18:00:39.6062720Z   duration_ms: 8.929263
2026-10-08T18:00:39.6063340Z   type: 'test'
2026-10-08T18:00:39.6063911Z   ...
2026-10-08T18:00:39.6065545Z # Subtest: asset, review provenance and lock tampering fail closed; quota failure atomically rolls back prepared assets
2026-10-08T18:00:39.6067545Z ok 66 - asset, review provenance and lock tampering fail closed; quota failure atomically rolls back prepared assets
2026-10-08T18:00:39.6068794Z   ---
2026-10-08T18:00:39.6069395Z   duration_ms: 12.304393
2026-10-08T18:00:39.6070013Z   type: 'test'
2026-10-08T18:00:39.6070568Z   ...
2026-10-08T18:00:39.6071847Z # Subtest: ordinary JS and metadata-looking strings remain source; real BOM/blank-prefixed CRLF header is preserved
2026-10-08T18:00:39.6073841Z ok 67 - ordinary JS and metadata-looking strings remain source; real BOM/blank-prefixed CRLF header is preserved
2026-10-08T18:00:39.6075422Z   ---
2026-10-08T18:00:39.6086278Z   duration_ms: 3.182279
2026-10-08T18:00:39.6086962Z   type: 'test'
2026-10-08T18:00:39.6087542Z   ...
2026-10-08T18:00:39.6088767Z # Subtest: leading copyright comments do not hide real dependencies or privileges; malformed markers fail closed
2026-10-08T18:00:39.6090643Z ok 68 - leading copyright comments do not hide real dependencies or privileges; malformed markers fail closed
2026-10-08T18:00:39.6091918Z   ---
2026-10-08T18:00:39.6092511Z   duration_ms: 2.129787
2026-10-08T18:00:39.6093111Z   type: 'test'
2026-10-08T18:00:39.6093708Z   ...
2026-10-08T18:00:39.6095166Z # Subtest: standard unpinned @require is importable and reviewable, including duplicate execution order
2026-10-08T18:00:39.6096868Z ok 69 - standard unpinned @require is importable and reviewable, including duplicate execution order
2026-10-08T18:00:39.6097901Z   ---
2026-10-08T18:00:39.6098426Z   duration_ms: 0.599897
2026-10-08T18:00:39.6099200Z   type: 'test'
2026-10-08T18:00:39.6099742Z   ...
2026-10-08T18:00:39.6101060Z # Subtest: TM hex/Base64, SRI tokens, percent-encoded fragments and multiple strong hashes canonicalize without losing plus signs
2026-10-08T18:00:39.6103005Z ok 70 - TM hex/Base64, SRI tokens, percent-encoded fragments and multiple strong hashes canonicalize without losing plus signs
2026-10-08T18:00:39.6104460Z   ---
2026-10-08T18:00:39.6104977Z   duration_ms: 2.192244
2026-10-08T18:00:39.6105514Z   type: 'test'
2026-10-08T18:00:39.6106020Z   ...
2026-10-08T18:00:39.6107114Z # Subtest: malformed or conflicting integrity is preserved for diagnosis and cannot be admitted
2026-10-08T18:00:39.6108778Z ok 71 - malformed or conflicting integrity is preserved for diagnosis and cannot be admitted
2026-10-08T18:00:39.6109840Z   ---
2026-10-08T18:00:39.6110368Z   duration_ms: 1.514041
2026-10-08T18:00:39.6110969Z   type: 'test'
2026-10-08T18:00:39.6111471Z   ...
2026-10-08T18:00:39.6112606Z # Subtest: weak integrity does not masquerade as verified SRI; mixed declarations keep strong requirements
2026-10-08T18:00:39.6114440Z ok 72 - weak integrity does not masquerade as verified SRI; mixed declarations keep strong requirements
2026-10-08T18:00:39.6115427Z   ---
2026-10-08T18:00:39.6115950Z   duration_ms: 0.718229
2026-10-08T18:00:39.6116498Z   type: 'test'
2026-10-08T18:00:39.6116977Z   ...
2026-10-08T18:00:39.6117996Z # Subtest: relative dependencies use actual importer provenance, never a page URL or @downloadURL
2026-10-08T18:00:39.6119496Z ok 73 - relative dependencies use actual importer provenance, never a page URL or @downloadURL
2026-10-08T18:00:39.6120425Z   ---
2026-10-08T18:00:39.6120891Z   duration_ms: 1.464178
2026-10-08T18:00:39.6121420Z   type: 'test'
2026-10-08T18:00:39.6121919Z   ...
2026-10-08T18:00:39.6123055Z # Subtest: unsupported grants/resources/directives do not prevent import or hide later dependencies
2026-10-08T18:00:39.6125204Z ok 74 - unsupported grants/resources/directives do not prevent import or hide later dependencies
2026-10-08T18:00:39.6126255Z   ---
2026-10-08T18:00:39.6126775Z   duration_ms: 0.710765
2026-10-08T18:00:39.6127376Z   type: 'test'
2026-10-08T18:00:39.6127902Z   ...
2026-10-08T18:00:39.6128952Z # Subtest: entry modes remain explicit and native match/frame/timing mappings are inspectable
2026-10-08T18:00:39.6130455Z ok 75 - entry modes remain explicit and native match/frame/timing mappings are inspectable
2026-10-08T18:00:39.6131402Z   ---
2026-10-08T18:00:39.6131921Z   duration_ms: 1.753998
2026-10-08T18:00:39.6132487Z   type: 'test'
2026-10-08T18:00:39.6132994Z   ...
2026-10-08T18:00:39.6134576Z # Subtest: large valid headers no longer fail at 64 lines or 8 dependencies; real bounds fail closed with import diagnostics
2026-10-08T18:00:39.6136507Z ok 76 - large valid headers no longer fail at 64 lines or 8 dependencies; real bounds fail closed with import diagnostics
2026-10-08T18:00:39.6137644Z   ---
2026-10-08T18:00:39.6138166Z   duration_ms: 5.272803
2026-10-08T18:00:39.6138730Z   type: 'test'
2026-10-08T18:00:39.6139249Z   ...
2026-10-08T18:00:39.6140391Z # Subtest: daily development profile is deterministic per worktree, not fresh every invocation
2026-10-08T18:00:39.6141916Z ok 77 - daily development profile is deterministic per worktree, not fresh every invocation
2026-10-08T18:00:39.6142866Z   ---
2026-10-08T18:00:39.6143373Z   duration_ms: 1.560528
2026-10-08T18:00:39.6143940Z   type: 'test'
2026-10-08T18:00:39.6144689Z   ...
2026-10-08T18:00:39.6145534Z # Subtest: profile path rejects relative, unsafe or ambiguous names
2026-10-08T18:00:39.6146672Z ok 78 - profile path rejects relative, unsafe or ambiguous names
2026-10-08T18:00:39.6147453Z   ---
2026-10-08T18:00:39.6147964Z   duration_ms: 0.551397
2026-10-08T18:00:39.6148535Z   type: 'test'
2026-10-08T18:00:39.6149093Z   ...
2026-10-08T18:00:39.6150297Z # Subtest: interactive CFT flags preserve a single stable profile and extension location without bypasses
2026-10-08T18:00:39.6152297Z ok 79 - interactive CFT flags preserve a single stable profile and extension location without bypasses
2026-10-08T18:00:39.6153377Z   ---
2026-10-08T18:00:39.6153900Z   duration_ms: 1.094489
2026-10-08T18:00:39.6154725Z   type: 'test'
2026-10-08T18:00:39.6155258Z   ...
2026-10-08T18:00:39.6156114Z # Subtest: the formal native launcher remains isolated and unmodified
2026-10-08T18:00:39.6157275Z ok 80 - the formal native launcher remains isolated and unmodified
2026-10-08T18:00:39.6158073Z   ---
2026-10-08T18:00:39.6158589Z   duration_ms: 8.055518
2026-10-08T18:00:39.6159161Z   type: 'test'
2026-10-08T18:00:39.6159678Z   ...
2026-10-08T18:00:39.6160588Z # Subtest: startup permission check cannot reconnect after permission-removed
2026-10-08T18:00:39.6161882Z ok 81 - startup permission check cannot reconnect after permission-removed
2026-10-08T18:00:39.6162759Z   ---
2026-10-08T18:00:39.6163256Z   duration_ms: 8.707502
2026-10-08T18:00:39.6163766Z   type: 'test'
2026-10-08T18:00:39.6164519Z   ...
2026-10-08T18:00:39.6165337Z # Subtest: startup permission check cannot reconnect after dispose
2026-10-08T18:00:39.6166928Z ok 82 - startup permission check cannot reconnect after dispose
2026-10-08T18:00:39.6168006Z   ---
2026-10-08T18:00:39.6168701Z   duration_ms: 0.926015
2026-10-08T18:00:39.6169464Z   type: 'test'
2026-10-08T18:00:39.6170185Z   ...
2026-10-08T18:00:39.6171138Z # Subtest: reserved mutation never dispatches across disable
2026-10-08T18:00:39.6172443Z ok 83 - reserved mutation never dispatches across disable
2026-10-08T18:00:39.6173363Z   ---
2026-10-08T18:00:39.6174279Z   duration_ms: 9.916174
2026-10-08T18:00:39.6175221Z   type: 'test'
2026-10-08T18:00:39.6175857Z   ...
2026-10-08T18:00:39.6176733Z # Subtest: reserved mutation never dispatches across permission-removed
2026-10-08T18:00:39.6177938Z ok 84 - reserved mutation never dispatches across permission-removed
2026-10-08T18:00:39.6179075Z   ---
2026-10-08T18:00:39.6179617Z   duration_ms: 6.560432
2026-10-08T18:00:39.6180186Z   type: 'test'
2026-10-08T18:00:39.6180733Z   ...
2026-10-08T18:00:39.6181674Z # Subtest: reserved mutation never dispatches across disconnect-reconnect
2026-10-08T18:00:39.6182975Z ok 85 - reserved mutation never dispatches across disconnect-reconnect
2026-10-08T18:00:39.6183846Z   ---
2026-10-08T18:00:39.6184719Z   duration_ms: 6.714178
2026-10-08T18:00:39.6185334Z   type: 'test'
2026-10-08T18:00:39.6185897Z   ...
2026-10-08T18:00:39.6186775Z # Subtest: reserved mutation never dispatches across disable-enable
2026-10-08T18:00:39.6187928Z ok 86 - reserved mutation never dispatches across disable-enable
2026-10-08T18:00:39.6188715Z   ---
2026-10-08T18:00:39.6189209Z   duration_ms: 6.348667
2026-10-08T18:00:39.6189782Z   type: 'test'
2026-10-08T18:00:39.6190290Z   ...
2026-10-08T18:00:39.6191039Z # Subtest: reserved mutation never dispatches across dispose
2026-10-08T18:00:39.6192137Z ok 87 - reserved mutation never dispatches across dispose
2026-10-08T18:00:39.6192862Z   ---
2026-10-08T18:00:39.6193377Z   duration_ms: 6.506131
2026-10-08T18:00:39.6193927Z   type: 'test'
2026-10-08T18:00:39.6194656Z   ...
2026-10-08T18:00:39.6195448Z # Subtest: Native permission is rechecked immediately before dispatch
2026-10-08T18:00:39.6196517Z ok 88 - Native permission is rechecked immediately before dispatch
2026-10-08T18:00:39.6197218Z   ---
2026-10-08T18:00:39.6197632Z   duration_ms: 6.406635
2026-10-08T18:00:39.6198128Z   type: 'test'
2026-10-08T18:00:39.6198544Z   ...
2026-10-08T18:00:39.6199437Z # Subtest: a late disconnect from an old Native port cannot cancel a new connection request
2026-10-08T18:00:39.6200745Z ok 89 - a late disconnect from an old Native port cannot cancel a new connection request
2026-10-08T18:00:39.6201568Z   ---
2026-10-08T18:00:39.6201991Z   duration_ms: 11.619557
2026-10-08T18:00:39.6202487Z   type: 'test'
2026-10-08T18:00:39.6202921Z   ...
2026-10-08T18:00:39.6203643Z # Subtest: a pending enable permission check cannot overwrite disable
2026-10-08T18:00:39.6204979Z ok 90 - a pending enable permission check cannot overwrite disable
2026-10-08T18:00:39.6205703Z   ---
2026-10-08T18:00:39.6206355Z   duration_ms: 2.84989
2026-10-08T18:00:39.6206872Z   type: 'test'
2026-10-08T18:00:39.6207308Z   ...
2026-10-08T18:00:39.6208164Z # Subtest: a pending enable permission check cannot overwrite permission-removed
2026-10-08T18:00:39.6209416Z ok 91 - a pending enable permission check cannot overwrite permission-removed
2026-10-08T18:00:39.6210188Z   ---
2026-10-08T18:00:39.6210629Z   duration_ms: 1.230492
2026-10-08T18:00:39.6211143Z   type: 'test'
2026-10-08T18:00:39.6211576Z   ...
2026-10-08T18:00:39.6212416Z # Subtest: a pending enable storage write cannot persist over a newer disable
2026-10-08T18:00:39.6213594Z ok 92 - a pending enable storage write cannot persist over a newer disable
2026-10-08T18:00:39.6214660Z   ---
2026-10-08T18:00:39.6215136Z   duration_ms: 1.369562
2026-10-08T18:00:39.6215697Z   type: 'test'
2026-10-08T18:00:39.6216211Z   ...
2026-10-08T18:00:39.6217216Z # Subtest: an old Host ACK cannot match a new connection read with the same external requestId
2026-10-08T18:00:39.6218698Z ok 93 - an old Host ACK cannot match a new connection read with the same external requestId
2026-10-08T18:00:39.6219668Z   ---
2026-10-08T18:00:39.6220134Z   duration_ms: 16.374644
2026-10-08T18:00:39.6220660Z   type: 'test'
2026-10-08T18:00:39.6221121Z   ...
2026-10-08T18:00:39.6222057Z # Subtest: enabled Native handshake sends version and correct extension identity
2026-10-08T18:00:39.6223580Z ok 94 - enabled Native handshake sends version and correct extension identity
2026-10-08T18:00:39.6224974Z   ---
2026-10-08T18:00:39.6225750Z   duration_ms: 1.021153
2026-10-08T18:00:39.6241049Z   type: 'test'
2026-10-08T18:00:39.6241578Z   ...
2026-10-08T18:00:39.6242616Z # Subtest: default-off requires a packaged Settings sender and real granted Native permission
2026-10-08T18:00:39.6244456Z ok 95 - default-off requires a packaged Settings sender and real granted Native permission
2026-10-08T18:00:39.6245862Z   ---
2026-10-08T18:00:39.6246385Z   duration_ms: 0.613864
2026-10-08T18:00:39.6246919Z   type: 'test'
2026-10-08T18:00:39.6247402Z   ...
2026-10-08T18:00:39.6248426Z # Subtest: request hash journal deduplicates after real Host admission; conflicting bytes fail
2026-10-08T18:00:39.6249941Z ok 96 - request hash journal deduplicates after real Host admission; conflicting bytes fail
2026-10-08T18:00:39.6250904Z   ---
2026-10-08T18:00:39.6251432Z   duration_ms: 10.190535
2026-10-08T18:00:39.6252002Z   type: 'test'
2026-10-08T18:00:39.6252511Z   ...
2026-10-08T18:00:39.6253579Z # Subtest: dispatched but unanswered calls are never retried, even if same id reappears
2026-10-08T18:00:39.6255371Z ok 97 - dispatched but unanswered calls are never retried, even if same id reappears
2026-10-08T18:00:39.6256321Z   ---
2026-10-08T18:00:39.6256861Z   duration_ms: 11.257413
2026-10-08T18:00:39.6257450Z   type: 'test'
2026-10-08T18:00:39.6257929Z   ...
2026-10-08T18:00:39.6258797Z # Subtest: no live registered Host means no run reservation or Worker execution
2026-10-08T18:00:39.6260055Z ok 98 - no live registered Host means no run reservation or Worker execution
2026-10-08T18:00:39.6260919Z   ---
2026-10-08T18:00:39.6261434Z   duration_ms: 0.811822
2026-10-08T18:00:39.6261956Z   type: 'test'
2026-10-08T18:00:39.6262406Z   ...
2026-10-08T18:00:39.6263300Z # Subtest: run.get and run.stop cannot inspect arbitrary Sidebar-owned Run records
2026-10-08T18:00:39.6264901Z ok 99 - run.get and run.stop cannot inspect arbitrary Sidebar-owned Run records
2026-10-08T18:00:39.6265835Z   ---
2026-10-08T18:00:39.6266355Z   duration_ms: 1.77652
2026-10-08T18:00:39.6266917Z   type: 'test'
2026-10-08T18:00:39.6267458Z   ...
2026-10-08T18:00:39.6268516Z # Subtest: ACK journal write failure after Host action remains OUTCOME_UNKNOWN and never replays
2026-10-08T18:00:39.6270096Z ok 100 - ACK journal write failure after Host action remains OUTCOME_UNKNOWN and never replays
2026-10-08T18:00:39.6271355Z   ---
2026-10-08T18:00:39.6271893Z   duration_ms: 15.853204
2026-10-08T18:00:39.6272497Z   type: 'test'
2026-10-08T18:00:39.6273024Z   ...
2026-10-08T18:00:39.6274587Z # Subtest: run.get and run.stop remain pinned to the original authenticated Host registration
2026-10-08T18:00:39.6276191Z ok 101 - run.get and run.stop remain pinned to the original authenticated Host registration
2026-10-08T18:00:39.6305959Z   ---
2026-10-08T18:00:39.6318643Z   duration_ms: 22.134407
2026-10-08T18:00:39.6345767Z   type: 'test'
2026-10-08T18:00:39.6365026Z   ...
2026-10-08T18:00:39.6370416Z # Subtest: real macOS Chrome: bare renderer/CDP control without extensions
2026-10-08T18:00:39.6371788Z ok 102 - real macOS Chrome: bare renderer/CDP control without extensions # SKIP
2026-10-08T18:00:39.6372724Z   ---
2026-10-08T18:00:39.6373280Z   duration_ms: 0.871253
2026-10-08T18:00:39.6373898Z   type: 'test'
2026-10-08T18:00:39.6374826Z   ...
2026-10-08T18:00:39.6375978Z # Subtest: real macOS Chrome: packaged extension, trusted Options click and Native CLI handshake
2026-10-08T18:00:39.6377696Z ok 103 - real macOS Chrome: packaged extension, trusted Options click and Native CLI handshake # SKIP
2026-10-08T18:00:39.6378828Z   ---
2026-10-08T18:00:39.6379389Z   duration_ms: 0.189874
2026-10-08T18:00:39.6380036Z   type: 'test'
2026-10-08T18:00:39.6380587Z   ...
2026-10-08T18:00:39.6381547Z # Subtest: current target is live Sidebar snapshot, not active tab chosen by CLI
2026-10-08T18:00:39.6382932Z ok 104 - current target is live Sidebar snapshot, not active tab chosen by CLI
2026-10-08T18:00:39.6384001Z   ---
2026-10-08T18:00:39.6384886Z   duration_ms: 2.885546
2026-10-08T18:00:39.6385551Z   type: 'test'
2026-10-08T18:00:39.6386152Z   ...
2026-10-08T18:00:39.6387319Z # Subtest: external draft uses exact RunHost with frozen borrowed target and controller requestId
2026-10-08T18:00:39.6388975Z ok 105 - external draft uses exact RunHost with frozen borrowed target and controller requestId
2026-10-08T18:00:39.6390389Z   ---
2026-10-08T18:00:39.6390981Z   duration_ms: 0.878116
2026-10-08T18:00:39.6391645Z   type: 'test'
2026-10-08T18:00:39.6392332Z   ...
2026-10-08T18:00:39.6393400Z # Subtest: Host ACK correlation preserves the external Controller admission requestId
2026-10-08T18:00:39.6395182Z ok 106 - Host ACK correlation preserves the external Controller admission requestId
2026-10-08T18:00:39.6396224Z   ---
2026-10-08T18:00:39.6396808Z   duration_ms: 0.612611
2026-10-08T18:00:39.6415864Z   type: 'test'
2026-10-08T18:00:39.6416490Z   ...
2026-10-08T18:00:39.6417538Z # Subtest: permissions and document id fail before admission (no Chrome prompt)
2026-10-08T18:00:39.6418973Z ok 107 - permissions and document id fail before admission (no Chrome prompt)
2026-10-08T18:00:39.6419952Z   ---
2026-10-08T18:00:39.6420543Z   duration_ms: 2.223853
2026-10-08T18:00:39.6421178Z   type: 'test'
2026-10-08T18:00:39.6421766Z   ...
2026-10-08T18:00:39.6422659Z # Subtest: saved requires pinned exact revision and source hash
2026-10-08T18:00:39.6423873Z ok 108 - saved requires pinned exact revision and source hash
2026-10-08T18:00:39.6425026Z   ---
2026-10-08T18:00:39.6425618Z   duration_ms: 0.818776
2026-10-08T18:00:39.6426263Z   type: 'test'
2026-10-08T18:00:39.6426853Z   ...
2026-10-08T18:00:39.6427961Z # Subtest: run.get removes unrelated Sidebar run history from Controller snapshot projection
2026-10-08T18:00:39.6429591Z ok 109 - run.get removes unrelated Sidebar run history from Controller snapshot projection
2026-10-08T18:00:39.6430664Z   ---
2026-10-08T18:00:39.6431254Z   duration_ms: 0.396198
2026-10-08T18:00:39.6431880Z   type: 'test'
2026-10-08T18:00:39.6432444Z   ...
2026-10-08T18:00:39.6433623Z # Subtest: macOS isolated Native Host install, private socket, real wrapper and authenticated CLI IPC
2026-10-08T18:00:39.6435855Z ok 110 - macOS isolated Native Host install, private socket, real wrapper and authenticated CLI IPC # SKIP
2026-10-08T18:00:39.6437052Z   ---
2026-10-08T18:00:39.6437634Z   duration_ms: 1.88373
2026-10-08T18:00:39.6438309Z   type: 'test'
2026-10-08T18:00:39.6438902Z   ...
2026-10-08T18:00:39.6440338Z # Subtest: macOS Chrome for Testing uses its own manifest and cannot replace Google Chrome registration
2026-10-08T18:00:39.6442198Z ok 111 - macOS Chrome for Testing uses its own manifest and cannot replace Google Chrome registration # SKIP
2026-10-08T18:00:39.6443387Z   ---
2026-10-08T18:00:39.6443978Z   duration_ms: 0.285051
2026-10-08T18:00:39.6444908Z   type: 'test'
2026-10-08T18:00:39.6445504Z   ...
2026-10-08T18:00:39.6446756Z # Subtest: macOS Chrome for Testing manifest is isolated from regular Chrome and launches the real native host
2026-10-08T18:00:39.6448660Z ok 112 - macOS Chrome for Testing manifest is isolated from regular Chrome and launches the real native host # SKIP
2026-10-08T18:00:39.6449916Z   ---
2026-10-08T18:00:39.6450517Z   duration_ms: 0.17195
2026-10-08T18:00:39.6451155Z   type: 'test'
2026-10-08T18:00:39.6451743Z   ...
2026-10-08T18:00:39.6452648Z # Subtest: identity is pinned; invalid origin cannot launch a server
2026-10-08T18:00:39.6453919Z ok 113 - identity is pinned; invalid origin cannot launch a server
2026-10-08T18:00:39.6455077Z   ---
2026-10-08T18:00:39.6455673Z   duration_ms: 1.885603
2026-10-08T18:00:39.6456327Z   type: 'test'
2026-10-08T18:00:39.6456905Z   ...
2026-10-08T18:00:39.6457946Z # Subtest: framed Chrome welcome, authenticated local IPC, request and exact response
2026-10-08T18:00:39.6459443Z ok 114 - framed Chrome welcome, authenticated local IPC, request and exact response
2026-10-08T18:00:39.6460376Z   ---
2026-10-08T18:00:39.6460900Z   duration_ms: 14.497939
2026-10-08T18:00:39.6461451Z   type: 'test'
2026-10-08T18:00:39.6461929Z   ...
2026-10-08T18:00:39.6462857Z # Subtest: duplicate inflight request ID is rejected, not dispatched again
2026-10-08T18:00:39.6464280Z ok 115 - duplicate inflight request ID is rejected, not dispatched again
2026-10-08T18:00:39.6465229Z   ---
2026-10-08T18:00:39.6465724Z   duration_ms: 3.930813
2026-10-08T18:00:39.6466346Z   type: 'test'
2026-10-08T18:00:39.6467087Z   ...
2026-10-08T18:00:39.6468057Z # Subtest: unacknowledged dispatched effects become unknown on native shutdown
2026-10-08T18:00:39.6469382Z ok 116 - unacknowledged dispatched effects become unknown on native shutdown
2026-10-08T18:00:39.6470233Z   ---
2026-10-08T18:00:39.6470742Z   duration_ms: 3.597672
2026-10-08T18:00:39.6471395Z   type: 'test'
2026-10-08T18:00:39.6471981Z   ...
2026-10-08T18:00:39.6472887Z # Subtest: wrong credential is rejected without local API access
2026-10-08T18:00:39.6474377Z ok 117 - wrong credential is rejected without local API access
2026-10-08T18:00:39.6475278Z   ---
2026-10-08T18:00:39.6475845Z   duration_ms: 3.588896
2026-10-08T18:00:39.6476493Z   type: 'test'
2026-10-08T18:00:39.6477078Z   ...
2026-10-08T18:00:39.6478033Z # Subtest: handshake timeout closes the private socket without stale reuse
2026-10-08T18:00:39.6479407Z ok 118 - handshake timeout closes the private socket without stale reuse
2026-10-08T18:00:39.6480341Z   ---
2026-10-08T18:00:39.6480959Z   duration_ms: 101.175509
2026-10-08T18:00:39.6481639Z   type: 'test'
2026-10-08T18:00:39.6482232Z   ...
2026-10-08T18:00:39.6483149Z # Subtest: native response timeout preserves unknown-effect outcome
2026-10-08T18:00:39.6484658Z ok 119 - native response timeout preserves unknown-effect outcome
2026-10-08T18:00:39.6485573Z   ---
2026-10-08T18:00:39.6486178Z   duration_ms: 42.975513
2026-10-08T18:00:39.6486834Z   type: 'test'
2026-10-08T18:00:39.6487422Z   ...
2026-10-08T18:00:39.6488358Z # Subtest: existing socket is never unlinked or replaced by a second host
2026-10-08T18:00:39.6489691Z ok 120 - existing socket is never unlinked or replaced by a second host
2026-10-08T18:00:39.6490632Z   ---
2026-10-08T18:00:39.6491243Z   duration_ms: 1.303027
2026-10-08T18:00:39.6491950Z   type: 'test'
2026-10-08T18:00:39.6492537Z   ...
2026-10-08T18:00:39.6493552Z # Subtest: Native remains optional after merging the current permission catalog
2026-10-08T18:00:39.6495362Z ok 121 - Native remains optional after merging the current permission catalog
2026-10-08T18:00:39.6496340Z   ---
2026-10-08T18:00:39.6496884Z   duration_ms: 5.836363
2026-10-08T18:00:39.6497512Z   type: 'test'
2026-10-08T18:00:39.6498316Z   ...
2026-10-08T18:00:39.6499406Z # Subtest: strict production SW budget and fixed packaged Native transport entry
2026-10-08T18:00:39.6500872Z ok 122 - strict production SW budget and fixed packaged Native transport entry
2026-10-08T18:00:39.6501906Z   ---
2026-10-08T18:00:39.6502501Z   duration_ms: 0.309166
2026-10-08T18:00:39.6503168Z   type: 'test'
2026-10-08T18:00:39.6503762Z   ...
2026-10-08T18:00:39.6504986Z # Subtest: single exact same-extension static import allowed in SW only
2026-10-08T18:00:39.6506290Z ok 123 - single exact same-extension static import allowed in SW only
2026-10-08T18:00:39.6507215Z   ---
2026-10-08T18:00:39.6507815Z   duration_ms: 7.065362
2026-10-08T18:00:39.6508452Z   type: 'test'
2026-10-08T18:00:39.6509027Z   ...
2026-10-08T18:00:39.6510219Z # Subtest: fixed transport registers listeners on the original SW APIs; default-off does not connect
2026-10-08T18:00:39.6511988Z ok 124 - fixed transport registers listeners on the original SW APIs; default-off does not connect
2026-10-08T18:00:39.6513120Z   ---
2026-10-08T18:00:39.6513654Z   duration_ms: 0.721985
2026-10-08T18:00:39.6514450Z   type: 'test'
2026-10-08T18:00:39.6514975Z   ...
2026-10-08T18:00:39.6515908Z # Subtest: native framing uses UTF-8 byte length and handles split multibyte boundaries
2026-10-08T18:00:39.6517202Z ok 125 - native framing uses UTF-8 byte length and handles split multibyte boundaries
2026-10-08T18:00:39.6518043Z   ---
2026-10-08T18:00:39.6518534Z   duration_ms: 1.631178
2026-10-08T18:00:39.6519072Z   type: 'test'
2026-10-08T18:00:39.6519559Z   ...
2026-10-08T18:00:39.6520413Z # Subtest: private CLI line framing has bounded buffer and independent messages
2026-10-08T18:00:39.6521602Z ok 126 - private CLI line framing has bounded buffer and independent messages
2026-10-08T18:00:39.6522416Z   ---
2026-10-08T18:00:39.6523229Z   duration_ms: 1.893277
2026-10-08T18:00:39.6523790Z   type: 'test'
2026-10-08T18:00:39.6524644Z   ...
2026-10-08T18:00:39.6525591Z # Subtest: reject unsupported transport operations and malformed browser requests
2026-10-08T18:00:39.6526837Z ok 127 - reject unsupported transport operations and malformed browser requests
2026-10-08T18:00:39.6527684Z   ---
2026-10-08T18:00:39.6528195Z   duration_ms: 0.426826
2026-10-08T18:00:39.6528748Z   type: 'test'
2026-10-08T18:00:39.6529346Z   ...
2026-10-08T18:00:39.6530329Z # Subtest: stable digest pins equivalent JSON key order and rejects prototype pollution
2026-10-08T18:00:39.6531690Z ok 128 - stable digest pins equivalent JSON key order and rejects prototype pollution
2026-10-08T18:00:39.6532592Z   ---
2026-10-08T18:00:39.6533084Z   duration_ms: 7.262921
2026-10-08T18:00:39.6535519Z   type: 'test'
2026-10-08T18:00:39.6536035Z   ...
2026-10-08T18:00:39.8835664Z # {"kind":"historical-package-mutation","expectedPattern":"Dynamic execution reference","actualError":"Dynamic execution reference in agents/health.js: eval"}
2026-10-08T18:00:40.5294851Z # {"kind":"historical-package-mutation","expectedPattern":"Dynamic execution reference","actualError":"Dynamic execution reference in agents/health.js: Function"}
2026-10-08T18:00:40.5361870Z # Subtest: final classic scanner rejects eval alias and function-constructor references
2026-10-08T18:00:40.5365932Z ok 129 - final classic scanner rejects eval alias and function-constructor references
2026-10-08T18:00:40.5368872Z   ---
2026-10-08T18:00:40.5371278Z   duration_ms: 1587.931841
2026-10-08T18:00:40.5373778Z   type: 'test'
2026-10-08T18:00:40.5374819Z   ...
2026-10-08T18:00:41.1210915Z # {"kind":"historical-package-mutation","expectedPattern":"ENOENT|Missing","actualError":"Missing required resource: ui/tool-shell.css"}
2026-10-08T18:00:41.1290004Z # Subtest: final package cannot omit a referenced local asset
2026-10-08T18:00:41.1290972Z ok 130 - final package cannot omit a referenced local asset
2026-10-08T18:00:41.1291606Z   ---
2026-10-08T18:00:41.1291952Z   duration_ms: 592.041541
2026-10-08T18:00:41.1292332Z   type: 'test'
2026-10-08T18:00:41.1292540Z   ...
2026-10-08T18:00:42.0466867Z # {"kind":"historical-package-mutation","expectedPattern":"Unsafe HTML","actualError":"Unsafe HTML resources in ui/tool.html"}
2026-10-08T18:00:42.5647304Z # {"kind":"historical-package-mutation","expectedPattern":"Unexpected JS","actualError":"Unexpected JS/chunks: agents/bootstrap.js,agents/health.js,agents/page-agent.js,agents/page-relay.js,agents/selection-entry.js,chunk.js,framework/sdk-main.js,native-agent/settings.js,native-agent/transport.js,scripting/packaged/page-session.js,scripting/sandbox/sandbox.js,scripting/sandbox/worker-runtime.js,sw.js,ui/tool-shell.js,vendor/jquery-3.7.1.min.js"}
2026-10-08T18:00:42.5727559Z # Subtest: remote script and unexpected lazy chunk fail final package verification
2026-10-08T18:00:42.5729424Z ok 131 - remote script and unexpected lazy chunk fail final package verification
2026-10-08T18:00:42.5730482Z   ---
2026-10-08T18:00:42.5731029Z   duration_ms: 1443.266393
2026-10-08T18:00:42.5731689Z   type: 'test'
2026-10-08T18:00:42.5732226Z   ...
2026-10-08T18:00:43.1612125Z # {"kind":"historical-package-mutation","expectedPattern":"Missing|required|ENOENT","actualError":"Missing required resource: ui/tool.html"}
2026-10-08T18:00:43.4762503Z # {"kind":"historical-package-mutation","expectedPattern":"worker|entry|Missing","actualError":"Unexpected or missing worker entry"}
2026-10-08T18:00:43.4787126Z # Subtest: final package requires tool HTML/CSS and manifest worker references
2026-10-08T18:00:43.4788461Z ok 132 - final package requires tool HTML/CSS and manifest worker references
2026-10-08T18:00:43.4789149Z   ---
2026-10-08T18:00:43.4789485Z   duration_ms: 907.948061
2026-10-08T18:00:43.4789822Z   type: 'test'
2026-10-08T18:00:43.4790027Z   ...
2026-10-08T18:00:43.4983556Z # Subtest: pasting @require only inspects; trusted acquisition requests permission synchronously and full-hash approval unlocks unsaved edits
2026-10-08T18:00:43.4986618Z ok 133 - pasting @require only inspects; trusted acquisition requests permission synchronously and full-hash approval unlocks unsaved edits
2026-10-08T18:00:43.4987817Z   ---
2026-10-08T18:00:43.4988198Z   duration_ms: 39.312249
2026-10-08T18:00:43.4988634Z   type: 'test'
2026-10-08T18:00:43.4989013Z   ...
2026-10-08T18:00:43.4990190Z # Subtest: changing declarations clears an old lock and a late old review cannot replace the current source or become approvable
2026-10-08T18:00:43.4992063Z ok 134 - changing declarations clears an old lock and a late old review cannot replace the current source or become approvable
2026-10-08T18:00:43.4993093Z   ---
2026-10-08T18:00:43.4993449Z   duration_ms: 5.903668
2026-10-08T18:00:43.4993881Z   type: 'test'
2026-10-08T18:00:43.4994590Z   ...
2026-10-08T18:00:43.4995688Z # Subtest: approved cached bytes can be locked for explicitly selected classic mode without a CDN permission prompt
2026-10-08T18:00:43.4997384Z ok 135 - approved cached bytes can be locked for explicitly selected classic mode without a CDN permission prompt
2026-10-08T18:00:43.4998346Z   ---
2026-10-08T18:00:43.4998731Z   duration_ms: 6.481816
2026-10-08T18:00:43.4999156Z   type: 'test'
2026-10-08T18:00:43.4999521Z   ...
2026-10-08T18:00:43.5000618Z # Subtest: permission refusal stops acquisition and local files preserve their original bytes without a CDN request
2026-10-08T18:00:43.5002318Z ok 136 - permission refusal stops acquisition and local files preserve their original bytes without a CDN request
2026-10-08T18:00:43.5003279Z   ---
2026-10-08T18:00:43.5003633Z   duration_ms: 6.18347
2026-10-08T18:00:43.5004449Z   type: 'test'
2026-10-08T18:00:43.5004860Z   ...
2026-10-08T18:00:43.5006025Z # Subtest: add dependency edits only the true metadata block, leaves examples intact and refuses to hide an incomplete header
2026-10-08T18:00:43.5007856Z ok 137 - add dependency edits only the true metadata block, leaves examples intact and refuses to hide an incomplete header
2026-10-08T18:00:43.5008882Z   ---
2026-10-08T18:00:43.5009254Z   duration_ms: 4.5841
2026-10-08T18:00:43.5009655Z   type: 'test'
2026-10-08T18:00:43.5010017Z   ...
2026-10-08T18:00:43.5011433Z # Subtest: closing or changing source while permission/file reading is pending cancels acquisition and old approval handlers
2026-10-08T18:00:43.5013337Z ok 138 - closing or changing source while permission/file reading is pending cancels acquisition and old approval handlers
2026-10-08T18:00:43.5014710Z   ---
2026-10-08T18:00:43.5015068Z   duration_ms: 10.398483
2026-10-08T18:00:43.5015497Z   type: 'test'
2026-10-08T18:00:43.5015871Z   ...
2026-10-08T18:00:43.5016861Z # Subtest: review freezes dependency source selectors and lock status does not claim cache verification
2026-10-08T18:00:43.5018393Z ok 139 - review freezes dependency source selectors and lock status does not claim cache verification
2026-10-08T18:00:43.5019300Z   ---
2026-10-08T18:00:43.5019670Z   duration_ms: 3.58551
2026-10-08T18:00:43.5020095Z   type: 'test'
2026-10-08T18:00:43.5020457Z   ...
2026-10-08T18:00:43.5021557Z # Subtest: a late dependency inspection cannot replace the admission of current metadata with the old source policy
2026-10-08T18:00:43.5023265Z ok 140 - a late dependency inspection cannot replace the admission of current metadata with the old source policy
2026-10-08T18:00:43.5024484Z   ---
2026-10-08T18:00:43.5024875Z   duration_ms: 9.913739
2026-10-08T18:00:43.5025295Z   type: 'test'
2026-10-08T18:00:43.5025660Z   ...
2026-10-08T18:00:43.5026680Z # Subtest: repairing metadata during inspection uses current admission and retains a dependency-only lock
2026-10-08T18:00:43.5028224Z ok 141 - repairing metadata during inspection uses current admission and retains a dependency-only lock
2026-10-08T18:00:43.5029126Z   ---
2026-10-08T18:00:43.5029490Z   duration_ms: 3.970146
2026-10-08T18:00:43.5029909Z   type: 'test'
2026-10-08T18:00:43.5030268Z   ...
2026-10-08T18:00:43.5031406Z # Subtest: a newly unsupported policy cancels acquisition after the permission await even when dependencies are unchanged
2026-10-08T18:00:43.5033493Z ok 142 - a newly unsupported policy cancels acquisition after the permission await even when dependencies are unchanged
2026-10-08T18:00:43.5034869Z   ---
2026-10-08T18:00:43.5035238Z   duration_ms: 7.451161
2026-10-08T18:00:43.5035673Z   type: 'test'
2026-10-08T18:00:43.5036036Z   ...
2026-10-08T18:00:43.5036988Z # Subtest: approval revalidates current source even when an importer did not dispatch an input event
2026-10-08T18:00:43.5038472Z ok 143 - approval revalidates current source even when an importer did not dispatch an input event
2026-10-08T18:00:43.5039348Z   ---
2026-10-08T18:00:43.5039707Z   duration_ms: 5.024752
2026-10-08T18:00:43.5040133Z   type: 'test'
2026-10-08T18:00:43.5040496Z   ...
2026-10-08T18:00:43.5041514Z # Subtest: declared antifeatures remain visible as untrusted plain text through inspection and source edits
2026-10-08T18:00:43.5043196Z ok 144 - declared antifeatures remain visible as untrusted plain text through inspection and source edits
2026-10-08T18:00:43.5044421Z   ---
2026-10-08T18:00:43.5044803Z   duration_ms: 2.615432
2026-10-08T18:00:43.5045241Z   type: 'test'
2026-10-08T18:00:43.5045607Z   ...
2026-10-08T18:00:43.5046375Z # Subtest: explicit legacy adapter preserves R3 frozen USER_SCRIPT descriptors
2026-10-08T18:00:43.5047521Z ok 145 - explicit legacy adapter preserves R3 frozen USER_SCRIPT descriptors
2026-10-08T18:00:43.5048247Z   ---
2026-10-08T18:00:43.5048617Z   duration_ms: 12.239002
2026-10-08T18:00:43.5049041Z   type: 'test'
2026-10-08T18:00:43.5049400Z   ...
2026-10-08T18:00:43.5050179Z # Subtest: new pinned revision obtains different world and old revision unchanged
2026-10-08T18:00:43.5051373Z ok 146 - new pinned revision obtains different world and old revision unchanged
2026-10-08T18:00:43.5052112Z   ---
2026-10-08T18:00:43.5052470Z   duration_ms: 2.292621
2026-10-08T18:00:43.5052884Z   type: 'test'
2026-10-08T18:00:43.5053241Z   ...
2026-10-08T18:00:43.5054424Z # Subtest: fails closed without existing broker Available+install grant or with altered script hash
2026-10-08T18:00:43.5056110Z ok 147 - fails closed without existing broker Available+install grant or with altered script hash
2026-10-08T18:00:43.5057000Z   ---
2026-10-08T18:00:43.5057372Z   duration_ms: 2.953832
2026-10-08T18:00:43.5057784Z   type: 'test'
2026-10-08T18:00:43.5058145Z   ...
2026-10-08T18:00:43.5058991Z # Subtest: dependency version/sha/world lock enforced, library failure blocks injection
2026-10-08T18:00:43.5060386Z ok 148 - dependency version/sha/world lock enforced, library failure blocks injection
2026-10-08T18:00:43.5061168Z   ---
2026-10-08T18:00:43.5061523Z   duration_ms: 1.931278
2026-10-08T18:00:43.5061946Z   type: 'test'
2026-10-08T18:00:43.5062295Z   ...
2026-10-08T18:00:43.5063319Z # Subtest: D1 Page contract consumes actual manager locks and preserves generic classic globals without a wrapper
2026-10-08T18:00:43.5065192Z ok 149 - D1 Page contract consumes actual manager locks and preserves generic classic globals without a wrapper
2026-10-08T18:00:43.5066142Z   ---
2026-10-08T18:00:43.5066521Z   duration_ms: 84.227309
2026-10-08T18:00:43.5067012Z   type: 'test'
2026-10-08T18:00:43.5067377Z   ...
2026-10-08T18:00:43.5068406Z # Subtest: async-main Page revisions share immutable dependencies while registration identities remain isolated
2026-10-08T18:00:43.5070051Z ok 150 - async-main Page revisions share immutable dependencies while registration identities remain isolated
2026-10-08T18:00:43.5070982Z   ---
2026-10-08T18:00:43.5071347Z   duration_ms: 29.648987
2026-10-08T18:00:43.5071781Z   type: 'test'
2026-10-08T18:00:43.5072143Z   ...
2026-10-08T18:00:43.5073224Z # Subtest: full Page authority proof binds kind, entry, revision, dependency identity and every rule, not only matches
2026-10-08T18:00:43.5075190Z ok 151 - full Page authority proof binds kind, entry, revision, dependency identity and every rule, not only matches
2026-10-08T18:00:43.5076124Z   ---
2026-10-08T18:00:43.5076744Z   duration_ms: 42.634648
2026-10-08T18:00:43.5077177Z   type: 'test'
2026-10-08T18:00:43.5077546Z   ...
2026-10-08T18:00:43.5078809Z # Subtest: Page source/metadata/asset tampering is blocked and old Controller/R3 formats require an explicit path
2026-10-08T18:00:43.5080509Z ok 152 - Page source/metadata/asset tampering is blocked and old Controller/R3 formats require an explicit path
2026-10-08T18:00:43.5081463Z   ---
2026-10-08T18:00:43.5081847Z   duration_ms: 26.316517
2026-10-08T18:00:43.5082284Z   type: 'test'
2026-10-08T18:00:43.5082653Z   ...
2026-10-08T18:00:43.5083666Z # Subtest: named async main() evaluates in exact USER_SCRIPT main document without durable Task or registration
2026-10-08T18:00:43.5085454Z ok 153 - named async main() evaluates in exact USER_SCRIPT main document without durable Task or registration
2026-10-08T18:00:43.5086385Z   ---
2026-10-08T18:00:43.5086754Z   duration_ms: 20.24641
2026-10-08T18:00:43.5087177Z   type: 'test'
2026-10-08T18:00:43.5087562Z   ...
2026-10-08T18:00:43.5088633Z # Subtest: no injection after document change, permission revoke, Controller slot, invalid sender or API opt-in
2026-10-08T18:00:43.5090279Z ok 154 - no injection after document change, permission revoke, Controller slot, invalid sender or API opt-in
2026-10-08T18:00:43.5091221Z   ---
2026-10-08T18:00:43.5091591Z   duration_ms: 9.711409
2026-10-08T18:00:43.5092013Z   type: 'test'
2026-10-08T18:00:43.5092391Z   ...
2026-10-08T18:00:43.5093273Z # Subtest: incorrect browser document receipt and native script errors cannot claim success
2026-10-08T18:00:43.5094883Z ok 155 - incorrect browser document receipt and native script errors cannot claim success
2026-10-08T18:00:43.5095698Z   ---
2026-10-08T18:00:43.5096061Z   duration_ms: 24.073111
2026-10-08T18:00:43.5096488Z   type: 'test'
2026-10-08T18:00:43.5096859Z   ...
2026-10-08T18:00:43.5097780Z # Subtest: source, site and requested execution world cannot be forged through preview protocol
2026-10-08T18:00:43.5099180Z ok 156 - source, site and requested execution world cannot be forged through preview protocol
2026-10-08T18:00:43.5100026Z   ---
2026-10-08T18:00:43.5100410Z   duration_ms: 3.431483
2026-10-08T18:00:43.5101072Z   type: 'test'
2026-10-08T18:00:43.5101481Z   ...
2026-10-08T18:00:43.5102410Z # Subtest: verified pinned jQuery bytes precede preview main, without Service Worker evaluation
2026-10-08T18:00:43.5103831Z ok 157 - verified pinned jQuery bytes precede preview main, without Service Worker evaluation
2026-10-08T18:00:43.5105035Z   ---
2026-10-08T18:00:43.5105425Z   duration_ms: 14.227481
2026-10-08T18:00:43.5105863Z   type: 'test'
2026-10-08T18:00:43.5106231Z   ...
2026-10-08T18:00:43.5107207Z # Subtest: manifest and build verifier accept broad required sites and a finite API permission catalog
2026-10-08T18:00:43.5108709Z ok 158 - manifest and build verifier accept broad required sites and a finite API permission catalog
2026-10-08T18:00:43.5109591Z   ---
2026-10-08T18:00:43.5109971Z   duration_ms: 10.224806
2026-10-08T18:00:43.5110408Z   type: 'test'
2026-10-08T18:00:43.5110795Z   ...
2026-10-08T18:00:43.5111773Z # Subtest: declared optional plugin permission requests reject unknown, required and duplicate names
2026-10-08T18:00:43.5113287Z ok 159 - declared optional plugin permission requests reject unknown, required and duplicate names
2026-10-08T18:00:43.5114491Z   ---
2026-10-08T18:00:43.5114875Z   duration_ms: 0.656603
2026-10-08T18:00:43.5115310Z   type: 'test'
2026-10-08T18:00:43.5115676Z   ...
2026-10-08T18:00:43.5116590Z # Subtest: API grant starts synchronously inside trusted UI click and verifies the native state
2026-10-08T18:00:43.5118003Z ok 160 - API grant starts synchronously inside trusted UI click and verifies the native state
2026-10-08T18:00:43.5118836Z   ---
2026-10-08T18:00:43.5119203Z   duration_ms: 0.991126
2026-10-08T18:00:43.5119619Z   type: 'test'
2026-10-08T18:00:43.5119991Z   ...
2026-10-08T18:00:43.5120814Z # Subtest: a plugin cannot silently escalate permissions on deny or an untrusted event
2026-10-08T18:00:43.5122289Z ok 161 - a plugin cannot silently escalate permissions on deny or an untrusted event
2026-10-08T18:00:43.5123054Z   ---
2026-10-08T18:00:43.5123419Z   duration_ms: 0.533164
2026-10-08T18:00:43.5123833Z   type: 'test'
2026-10-08T18:00:43.5124459Z   ...
2026-10-08T18:00:43.5125490Z # Subtest: three-file ESM Page project becomes one locally hashed JS consumed by existing USER_SCRIPT compiler
2026-10-08T18:00:43.5127092Z ok 162 - three-file ESM Page project becomes one locally hashed JS consumed by existing USER_SCRIPT compiler
2026-10-08T18:00:43.5128024Z   ---
2026-10-08T18:00:43.5128384Z   duration_ms: 1080.215219
2026-10-08T18:00:43.5128821Z   type: 'test'
2026-10-08T18:00:43.5129172Z   ...
2026-10-08T18:00:43.5130288Z # Subtest: Controller ESM project produces the existing genuine Task v1 Candidate import format, not an Available claim
2026-10-08T18:00:43.5132064Z ok 163 - Controller ESM project produces the existing genuine Task v1 Candidate import format, not an Available claim
2026-10-08T18:00:43.5133052Z   ---
2026-10-08T18:00:43.5133435Z   duration_ms: 202.41075
2026-10-08T18:00:43.5133877Z   type: 'test'
2026-10-08T18:00:43.5134520Z   ...
2026-10-08T18:00:43.5135438Z # Subtest: development mode emits readable program JS, draft metadata and a separate local source map only
2026-10-08T18:00:43.5136844Z ok 164 - development mode emits readable program JS, draft metadata and a separate local source map only
2026-10-08T18:00:43.5137700Z   ---
2026-10-08T18:00:43.5138026Z   duration_ms: 98.042914
2026-10-08T18:00:43.5138423Z   type: 'test'
2026-10-08T18:00:43.5138756Z   ...
2026-10-08T18:00:43.5139654Z # Subtest: development source map maps final generated throw position back to local authoring module
2026-10-08T18:00:43.5141012Z ok 165 - development source map maps final generated throw position back to local authoring module
2026-10-08T18:00:43.5141778Z   ---
2026-10-08T18:00:43.5142074Z   duration_ms: 49.411152
2026-10-08T18:00:43.5142481Z   type: 'test'
2026-10-08T18:00:43.5142782Z   ...
2026-10-08T18:00:43.5143577Z # Subtest: an unbundled asset is rejected rather than included in a supposedly complete project
2026-10-08T18:00:43.5145223Z ok 166 - an unbundled asset is rejected rather than included in a supposedly complete project
2026-10-08T18:00:43.5145935Z   ---
2026-10-08T18:00:43.5146239Z   duration_ms: 8.32641
2026-10-08T18:00:43.5146593Z   type: 'test'
2026-10-08T18:00:43.5146915Z   ...
2026-10-08T18:00:43.5147805Z # Subtest: webpack dependency failures report project, phase and importing source location
2026-10-08T18:00:43.5149100Z ok 167 - webpack dependency failures report project, phase and importing source location
2026-10-08T18:00:43.5149881Z   ---
2026-10-08T18:00:43.5150205Z   duration_ms: 197.185745
2026-10-08T18:00:43.5150621Z   type: 'test'
2026-10-08T18:00:43.5150959Z   ...
2026-10-08T18:00:43.5151667Z # Subtest: untrusted remote and dynamic ESM imports are rejected before Webpack
2026-10-08T18:00:43.5152734Z ok 168 - untrusted remote and dynamic ESM imports are rejected before Webpack
2026-10-08T18:00:43.5153443Z   ---
2026-10-08T18:00:43.5153779Z   duration_ms: 6.685302
2026-10-08T18:00:43.5154368Z   type: 'test'
2026-10-08T18:00:43.5154733Z   ...
2026-10-08T18:00:43.5155587Z # Subtest: a frozen output directory rejects replacement without quietly publishing new bytes
2026-10-08T18:00:43.5156882Z ok 169 - a frozen output directory rejects replacement without quietly publishing new bytes
2026-10-08T18:00:43.5157647Z   ---
2026-10-08T18:00:43.5158030Z   duration_ms: 398.168907
2026-10-08T18:00:43.5158477Z   type: 'test'
2026-10-08T18:00:43.5158800Z   ...
2026-10-08T18:00:43.5159765Z # Subtest: matching archive reuses only recorded component scope and retains untested/failed cases
2026-10-08T18:00:43.5161189Z ok 170 - matching archive reuses only recorded component scope and retains untested/failed cases
2026-10-08T18:00:43.5162011Z   ---
2026-10-08T18:00:43.5162377Z   duration_ms: 84.013078
2026-10-08T18:00:43.5162786Z   type: 'test'
2026-10-08T18:00:43.5163136Z   ...
2026-10-08T18:00:43.5164399Z # Subtest: documentation and observer changes alone do not invalidate product inputs
2026-10-08T18:00:43.5165610Z ok 171 - documentation and observer changes alone do not invalidate product inputs
2026-10-08T18:00:43.5166339Z   ---
2026-10-08T18:00:43.5166665Z   duration_ms: 97.623047
2026-10-08T18:00:43.5167072Z   type: 'test'
2026-10-08T18:00:43.5167423Z   ...
2026-10-08T18:00:43.5168319Z # Subtest: changed source, dependency, manifest and fixture are reported without rewriting old PASS
2026-10-08T18:00:43.5169696Z ok 172 - changed source, dependency, manifest and fixture are reported without rewriting old PASS
2026-10-08T18:00:43.5170559Z   ---
2026-10-08T18:00:43.5170903Z   duration_ms: 71.173172
2026-10-08T18:00:43.5171299Z   type: 'test'
2026-10-08T18:00:43.5171645Z   ...
2026-10-08T18:00:43.5172294Z # Subtest: unknown or different package identity cannot authorize reuse
2026-10-08T18:00:43.5173268Z ok 173 - unknown or different package identity cannot authorize reuse
2026-10-08T18:00:43.5173936Z   ---
2026-10-08T18:00:43.5174482Z   duration_ms: 103.282724
2026-10-08T18:00:43.5174914Z   type: 'test'
2026-10-08T18:00:43.5175238Z   ...
2026-10-08T18:00:43.5175790Z # Subtest: trusted index hash rejects edited index
2026-10-08T18:00:43.5176540Z ok 174 - trusted index hash rejects edited index
2026-10-08T18:00:43.5177030Z   ---
2026-10-08T18:00:43.5177332Z   duration_ms: 45.74556
2026-10-08T18:00:43.5177693Z   type: 'test'
2026-10-08T18:00:43.5178007Z   ...
2026-10-08T18:00:43.5178686Z # Subtest: missing, changed and duplicate raw evidence prevents reuse
2026-10-08T18:00:43.5179622Z ok 175 - missing, changed and duplicate raw evidence prevents reuse
2026-10-08T18:00:43.5180196Z   ---
2026-10-08T18:00:43.5180538Z   duration_ms: 148.605276
2026-10-08T18:00:43.5180931Z   type: 'test'
2026-10-08T18:00:43.5181279Z   ...
2026-10-08T18:00:43.5181645Z # Subtest: archive paths reject traversal and symlink escape
2026-10-08T18:00:43.5182169Z ok 176 - archive paths reject traversal and symlink escape
2026-10-08T18:00:43.5182829Z   ---
2026-10-08T18:00:43.5183208Z   duration_ms: 146.636429
2026-10-08T18:00:43.5183620Z   type: 'test'
2026-10-08T18:00:43.5183937Z   ...
2026-10-08T18:00:43.5185254Z # Subtest: service results, wrong revision/document and incomplete retirement cannot replace controller result
2026-10-08T18:00:43.5186709Z ok 177 - service results, wrong revision/document and incomplete retirement cannot replace controller result
2026-10-08T18:00:43.5187560Z   ---
2026-10-08T18:00:43.5187849Z   duration_ms: 135.493601
2026-10-08T18:00:43.5188212Z   type: 'test'
2026-10-08T18:00:43.5188528Z   ...
2026-10-08T18:00:43.5189071Z # Subtest: the observed package must match the indexed package
2026-10-08T18:00:43.5189853Z ok 178 - the observed package must match the indexed package
2026-10-08T18:00:43.5190346Z   ---
2026-10-08T18:00:43.5190631Z   duration_ms: 65.37308
2026-10-08T18:00:43.5190972Z   type: 'test'
2026-10-08T18:00:43.5191281Z   ...
2026-10-08T18:00:43.5191952Z # Subtest: Page preview reuse requires its indexed exact-document native receipt
2026-10-08T18:00:43.5193025Z ok 179 - Page preview reuse requires its indexed exact-document native receipt
2026-10-08T18:00:43.5193674Z   ---
2026-10-08T18:00:43.5193992Z   duration_ms: 132.08118
2026-10-08T18:00:43.5194605Z   type: 'test'
2026-10-08T18:00:43.5194917Z   ...
2026-10-08T18:00:43.5195520Z # Subtest: saved revision identity must match complete source bytes
2026-10-08T18:00:43.5196409Z ok 180 - saved revision identity must match complete source bytes
2026-10-08T18:00:43.5196984Z   ---
2026-10-08T18:00:43.5197296Z   duration_ms: 91.585889
2026-10-08T18:00:43.5197663Z   type: 'test'
2026-10-08T18:00:43.5197974Z   ...
2026-10-08T18:00:43.5198765Z # Subtest: same bytes cannot hide a changed product file mode or symbolic-link target closure
2026-10-08T18:00:43.5199997Z ok 181 - same bytes cannot hide a changed product file mode or symbolic-link target closure
2026-10-08T18:00:43.5200730Z   ---
2026-10-08T18:00:43.5201047Z   duration_ms: 166.954721
2026-10-08T18:00:43.5201610Z   type: 'test'
2026-10-08T18:00:43.5201929Z   ...
2026-10-08T18:00:43.5202896Z # Subtest: contradictory or missing success outcome is rejected; explicit expected errors retain their scope
2026-10-08T18:00:43.5204558Z ok 182 - contradictory or missing success outcome is rejected; explicit expected errors retain their scope
2026-10-08T18:00:43.5205393Z   ---
2026-10-08T18:00:43.5205705Z   duration_ms: 108.341097
2026-10-08T18:00:43.5206062Z   type: 'test'
2026-10-08T18:00:43.5206354Z   ...
2026-10-08T18:00:43.5207102Z # Subtest: multi-file ESM authoring project is a source contract, not an installed program
2026-10-08T18:00:43.5208280Z ok 183 - multi-file ESM authoring project is a source contract, not an installed program
2026-10-08T18:00:43.5209032Z   ---
2026-10-08T18:00:43.5209344Z   duration_ms: 34.194505
2026-10-08T18:00:43.5209699Z   type: 'test'
2026-10-08T18:00:43.5210010Z   ...
2026-10-08T18:00:43.5210706Z # Subtest: imports cannot escape project or load remote modules at browser runtime
2026-10-08T18:00:43.5211762Z ok 184 - imports cannot escape project or load remote modules at browser runtime
2026-10-08T18:00:43.5212399Z   ---
2026-10-08T18:00:43.5212717Z   duration_ms: 9.648612
2026-10-08T18:00:43.5213085Z   type: 'test'
2026-10-08T18:00:43.5213398Z   ...
2026-10-08T18:00:43.5214452Z # Subtest: entry diagnostics distinguish missing and non-function defaults with source location
2026-10-08T18:00:43.5215652Z ok 185 - entry diagnostics distinguish missing and non-function defaults with source location
2026-10-08T18:00:43.5216103Z   ---
2026-10-08T18:00:43.5216298Z   duration_ms: 9.270471
2026-10-08T18:00:43.5216523Z   type: 'test'
2026-10-08T18:00:43.5216833Z   ...
2026-10-08T18:00:43.5217521Z # Subtest: dynamic import is not quietly kept as an unlocked runtime dependency
2026-10-08T18:00:43.5218585Z ok 186 - dynamic import is not quietly kept as an unlocked runtime dependency
2026-10-08T18:00:43.5219280Z   ---
2026-10-08T18:00:43.5219617Z   duration_ms: 4.551448
2026-10-08T18:00:43.5220031Z   type: 'test'
2026-10-08T18:00:43.5220396Z   ...
2026-10-08T18:00:43.5221212Z # Subtest: npm imports require declared dependencies and a committed matching npm lock
2026-10-08T18:00:43.5222703Z ok 187 - npm imports require declared dependencies and a committed matching npm lock
2026-10-08T18:00:43.5223478Z   ---
2026-10-08T18:00:43.5223834Z   duration_ms: 13.482974
2026-10-08T18:00:43.5224525Z   type: 'test'
2026-10-08T18:00:43.5224882Z   ...
2026-10-08T18:00:43.5225746Z # Subtest: Page/Controller source contracts remain discriminated without changing Task v1
2026-10-08T18:00:43.5227082Z ok 188 - Page/Controller source contracts remain discriminated without changing Task v1
2026-10-08T18:00:43.5227918Z   ---
2026-10-08T18:00:43.5228301Z   duration_ms: 10.514185
2026-10-08T18:00:43.5228726Z   type: 'test'
2026-10-08T18:00:43.5229078Z   ...
2026-10-08T18:00:43.5229829Z # Subtest: assets can be listed and hashed but never silently injected
2026-10-08T18:00:43.5230812Z ok 189 - assets can be listed and hashed but never silently injected
2026-10-08T18:00:43.5231482Z   ---
2026-10-08T18:00:43.5231865Z   duration_ms: 15.744084
2026-10-08T18:00:43.5232295Z   type: 'test'
2026-10-08T18:00:43.5232664Z   ...
2026-10-08T18:00:43.5233541Z # Subtest: source snapshots and executable hashes are independently checked before import
2026-10-08T18:00:43.5235021Z ok 190 - source snapshots and executable hashes are independently checked before import
2026-10-08T18:00:43.5235712Z   ---
2026-10-08T18:00:43.5236053Z   duration_ms: 17.799285
2026-10-08T18:00:43.5236452Z   type: 'test'
2026-10-08T18:00:43.5236785Z   ...
2026-10-08T18:00:43.5237687Z # Subtest: project file selection only changes the read-only viewer; execution uses exact frozen build
2026-10-08T18:00:43.5239277Z ok 191 - project file selection only changes the read-only viewer; execution uses exact frozen build
2026-10-08T18:00:43.5240579Z   ---
2026-10-08T18:00:43.5241163Z   duration_ms: 4.838082
2026-10-08T18:00:43.5241755Z   type: 'test'
2026-10-08T18:00:43.5257309Z   ...
2026-10-08T18:00:43.5258163Z # Subtest: R8 catalog has 188 single-owner capabilities, 40 complete tasks and an acyclic phased plan
2026-10-08T18:00:43.5258980Z ok 192 - R8 catalog has 188 single-owner capabilities, 40 complete tasks and an acyclic phased plan
2026-10-08T18:00:43.5259456Z   ---
2026-10-08T18:00:43.5259668Z   duration_ms: 7.50014
2026-10-08T18:00:43.5259898Z   type: 'test'
2026-10-08T18:00:43.5260103Z   ...
2026-10-08T18:00:43.5260685Z # Subtest: omitted deferred capability, duplicate primary ownership and invented capability fail the coverage gate
2026-10-08T18:00:43.5261586Z ok 193 - omitted deferred capability, duplicate primary ownership and invented capability fail the coverage gate
2026-10-08T18:00:43.5262095Z   ---
2026-10-08T18:00:43.5262291Z   duration_ms: 7.348318
2026-10-08T18:00:43.5262517Z   type: 'test'
2026-10-08T18:00:43.5262711Z   ...
2026-10-08T18:00:43.5263224Z # Subtest: invalid prerequisite, circular work ordering and duplicate catalog identity are rejected
2026-10-08T18:00:43.5264024Z ok 194 - invalid prerequisite, circular work ordering and duplicate catalog identity are rejected
2026-10-08T18:00:43.5265031Z   ---
2026-10-08T18:00:43.5265354Z   duration_ms: 15.3486
2026-10-08T18:00:43.5265595Z   type: 'test'
2026-10-08T18:00:43.5265788Z   ...
2026-10-08T18:00:43.5266217Z # Subtest: importing a JS draft leaves saved versions and running source independent
2026-10-08T18:00:43.5266862Z ok 195 - importing a JS draft leaves saved versions and running source independent
2026-10-08T18:00:43.5267259Z   ---
2026-10-08T18:00:43.5267453Z   duration_ms: 26.741491
2026-10-08T18:00:43.5267679Z   type: 'test'
2026-10-08T18:00:43.5267878Z   ...
2026-10-08T18:00:43.5268399Z # Subtest: draft import rejects empty/oversized sources and active saves without overwriting the editor
2026-10-08T18:00:43.5269191Z ok 196 - draft import rejects empty/oversized sources and active saves without overwriting the editor
2026-10-08T18:00:43.5269663Z   ---
2026-10-08T18:00:43.5269854Z   duration_ms: 7.309185
2026-10-08T18:00:43.5270086Z   type: 'test'
2026-10-08T18:00:43.5270281Z   ...
2026-10-08T18:00:43.5270987Z # Subtest: catalog draft import updates dependency review from the new source without saving or running
2026-10-08T18:00:43.5271782Z ok 197 - catalog draft import updates dependency review from the new source without saving or running
2026-10-08T18:00:43.5272242Z   ---
2026-10-08T18:00:43.5272428Z   duration_ms: 8.225302
2026-10-08T18:00:43.5272641Z   type: 'test'
2026-10-08T18:00:43.5272832Z   ...
2026-10-08T18:00:43.5273342Z # Subtest: Save persists revision/hash without requesting permission, creating a Run, or executing code
2026-10-08T18:00:43.5274382Z ok 198 - Save persists revision/hash without requesting permission, creating a Run, or executing code
2026-10-08T18:00:43.5274851Z   ---
2026-10-08T18:00:43.5275045Z   duration_ms: 5.276499
2026-10-08T18:00:43.5275262Z   type: 'test'
2026-10-08T18:00:43.5275448Z   ...
2026-10-08T18:00:43.5275983Z # Subtest: reopened editor lists saved scripts without running and loads the selected latest head explicitly
2026-10-08T18:00:43.5276819Z ok 199 - reopened editor lists saved scripts without running and loads the selected latest head explicitly
2026-10-08T18:00:43.5277288Z   ---
2026-10-08T18:00:43.5277481Z   duration_ms: 5.792991
2026-10-08T18:00:43.5277693Z   type: 'test'
2026-10-08T18:00:43.5277880Z   ...
2026-10-08T18:00:43.5278316Z # Subtest: loading a historical revision does not turn it into the latest Save CAS head
2026-10-08T18:00:43.5278963Z ok 200 - loading a historical revision does not turn it into the latest Save CAS head
2026-10-08T18:00:43.5279364Z   ---
2026-10-08T18:00:43.5279555Z   duration_ms: 5.054535
2026-10-08T18:00:43.5279769Z   type: 'test'
2026-10-08T18:00:43.5279956Z   ...
2026-10-08T18:00:43.5280401Z # Subtest: Delete tombstones the latest head and refreshes the saved-script selector
2026-10-08T18:00:43.5281044Z ok 201 - Delete tombstones the latest head and refreshes the saved-script selector
2026-10-08T18:00:43.5281436Z   ---
2026-10-08T18:00:43.5281764Z   duration_ms: 4.556838
2026-10-08T18:00:43.5281982Z   type: 'test'
2026-10-08T18:00:43.5282172Z   ...
2026-10-08T18:00:43.5282693Z # Subtest: saved A stays immutable; Run freezes unsaved B/params/page A; editing C and Save do not replace B
2026-10-08T18:00:43.5283548Z ok 202 - saved A stays immutable; Run freezes unsaved B/params/page A; editing C and Save do not replace B
2026-10-08T18:00:43.5284241Z   ---
2026-10-08T18:00:43.5284454Z   duration_ms: 10.486403
2026-10-08T18:00:43.5284689Z   type: 'test'
2026-10-08T18:00:43.5284886Z   ...
2026-10-08T18:00:43.5285381Z # Subtest: a brand-new unsaved draft runs with an empty script ID and never creates a saved revision
2026-10-08T18:00:43.5286152Z ok 203 - a brand-new unsaved draft runs with an empty script ID and never creates a saved revision
2026-10-08T18:00:43.5286604Z   ---
2026-10-08T18:00:43.5286819Z   duration_ms: 9.404057
2026-10-08T18:00:43.5287041Z   type: 'test'
2026-10-08T18:00:43.5287239Z   ...
2026-10-08T18:00:43.5287971Z # Subtest: permission preparation rejects a switched page; closing the editor during permission never admits a run
2026-10-08T18:00:43.5288867Z ok 204 - permission preparation rejects a switched page; closing the editor during permission never admits a run
2026-10-08T18:00:43.5289373Z   ---
2026-10-08T18:00:43.5289565Z   duration_ms: 16.172414
2026-10-08T18:00:43.5289792Z   type: 'test'
2026-10-08T18:00:43.5290104Z   ...
2026-10-08T18:00:43.5291022Z # Subtest: Stop uses the formal RunHost abort/retirement path and persists stopped with the original pin
2026-10-08T18:00:43.5292378Z ok 205 - Stop uses the formal RunHost abort/retirement path and persists stopped with the original pin
2026-10-08T18:00:43.5292866Z   ---
2026-10-08T18:00:43.5293068Z   duration_ms: 13.135693
2026-10-08T18:00:43.5293309Z   type: 'test'
2026-10-08T18:00:43.5293506Z   ...
2026-10-08T18:00:43.5294289Z # Subtest: pagehide invokes RunHost host-close; reopened editor only reads the durable interrupted Result
2026-10-08T18:00:43.5295121Z ok 206 - pagehide invokes RunHost host-close; reopened editor only reads the durable interrupted Result
2026-10-08T18:00:43.5295600Z   ---
2026-10-08T18:00:43.5295954Z   duration_ms: 6.962805
2026-10-08T18:00:43.5296191Z   type: 'test'
2026-10-08T18:00:43.5296382Z   ...
2026-10-08T18:00:43.5296897Z # Subtest: late Save/Load replies do not overwrite another script selection or edits made during loading
2026-10-08T18:00:43.5297698Z ok 207 - late Save/Load replies do not overwrite another script selection or edits made during loading
2026-10-08T18:00:43.5298161Z   ---
2026-10-08T18:00:43.5298362Z   duration_ms: 5.354574
2026-10-08T18:00:43.5298587Z   type: 'test'
2026-10-08T18:00:43.5298785Z   ...
2026-10-08T18:00:43.5299219Z # Subtest: late saved-script selector load cannot overwrite edits made during loading
2026-10-08T18:00:43.5299881Z ok 208 - late saved-script selector load cannot overwrite edits made during loading
2026-10-08T18:00:43.5300280Z   ---
2026-10-08T18:00:43.5300472Z   duration_ms: 5.303629
2026-10-08T18:00:43.5300702Z   type: 'test'
2026-10-08T18:00:43.5300896Z   ...
2026-10-08T18:00:43.5301328Z # Subtest: an older snapshot reply cannot disable Run after a newer durable observation
2026-10-08T18:00:43.5301997Z ok 209 - an older snapshot reply cannot disable Run after a newer durable observation
2026-10-08T18:00:43.5302392Z   ---
2026-10-08T18:00:43.5302580Z   duration_ms: 12.12729
2026-10-08T18:00:43.5302808Z   type: 'test'
2026-10-08T18:00:43.5302993Z   ...
2026-10-08T18:00:43.5303407Z # Subtest: an older snapshot error cannot overwrite a newer successful durable view
2026-10-08T18:00:43.5304297Z ok 210 - an older snapshot error cannot overwrite a newer successful durable view
2026-10-08T18:00:43.5304716Z   ---
2026-10-08T18:00:43.5304916Z   duration_ms: 11.040185
2026-10-08T18:00:43.5305147Z   type: 'test'
2026-10-08T18:00:43.5305343Z   ...
2026-10-08T18:00:43.5305968Z # Subtest: the permission request remains synchronous in the click fixture; denied permission and invalid params execute nothing
2026-10-08T18:00:43.5307148Z ok 211 - the permission request remains synchronous in the click fixture; denied permission and invalid params execute nothing
2026-10-08T18:00:43.5307704Z   ---
2026-10-08T18:00:43.5307895Z   duration_ms: 6.974815
2026-10-08T18:00:43.5308115Z   type: 'test'
2026-10-08T18:00:43.5308313Z   ...
2026-10-08T18:00:43.5308849Z # Subtest: DOM preview binds frozen source, dependency choice and exact current document from trusted click
2026-10-08T18:00:43.5309671Z ok 212 - DOM preview binds frozen source, dependency choice and exact current document from trusted click
2026-10-08T18:00:43.5310144Z   ---
2026-10-08T18:00:43.5310335Z   duration_ms: 4.093155
2026-10-08T18:00:43.5310557Z   type: 'test'
2026-10-08T18:00:43.5310749Z   ...
2026-10-08T18:00:43.5311245Z # Subtest: DOM preview refuses to inject when the active document changes while permission is pending
2026-10-08T18:00:43.5312003Z ok 213 - DOM preview refuses to inject when the active document changes while permission is pending
2026-10-08T18:00:43.5312454Z   ---
2026-10-08T18:00:43.5312647Z   duration_ms: 7.556022
2026-10-08T18:00:43.5312872Z   type: 'test'
2026-10-08T18:00:43.5313063Z   ...
2026-10-08T18:00:43.5313568Z # Subtest: Developer Stop cannot cancel the formal Task or another view using the shared RunHost
2026-10-08T18:00:43.5314591Z ok 214 - Developer Stop cannot cancel the formal Task or another view using the shared RunHost
2026-10-08T18:00:43.5315041Z   ---
2026-10-08T18:00:43.5315239Z   duration_ms: 4.560014
2026-10-08T18:00:43.5315462Z   type: 'test'
2026-10-08T18:00:43.5315652Z   ...
2026-10-08T18:00:43.5316166Z # Subtest: project import displays source while Save and Run freeze compiled bytes and the original hash
2026-10-08T18:00:43.5316964Z ok 215 - project import displays source while Save and Run freeze compiled bytes and the original hash
2026-10-08T18:00:43.5317426Z   ---
2026-10-08T18:00:43.5317614Z   duration_ms: 16.803442
2026-10-08T18:00:43.5317843Z   type: 'test'
2026-10-08T18:00:43.5318031Z   ...
2026-10-08T18:00:43.5318555Z # Subtest: invalid project envelope leaves the previous editor source and no execution or saved revision
2026-10-08T18:00:43.5319497Z ok 216 - invalid project envelope leaves the previous editor source and no execution or saved revision
2026-10-08T18:00:43.5319965Z   ---
2026-10-08T18:00:43.5320153Z   duration_ms: 3.587009
2026-10-08T18:00:43.5320378Z   type: 'test'
2026-10-08T18:00:43.5320565Z   ...
2026-10-08T18:00:43.5320971Z # Subtest: same-window catalog hands off exact source without invoking a runner
2026-10-08T18:00:43.5321581Z ok 217 - same-window catalog hands off exact source without invoking a runner
2026-10-08T18:00:43.5322021Z   ---
2026-10-08T18:00:43.5322210Z   duration_ms: 2.185932
2026-10-08T18:00:43.5322440Z   type: 'test'
2026-10-08T18:00:43.5322628Z   ...
2026-10-08T18:00:43.5323145Z # Subtest: draft handoff refuses other windows, senders, content pages, private tabs and catalog recipients
2026-10-08T18:00:43.5323978Z ok 218 - draft handoff refuses other windows, senders, content pages, private tabs and catalog recipients
2026-10-08T18:00:43.5324852Z   ---
2026-10-08T18:00:43.5325046Z   duration_ms: 0.464335
2026-10-08T18:00:43.5325268Z   type: 'test'
2026-10-08T18:00:43.5325460Z   ...
2026-10-08T18:00:43.5325870Z # Subtest: editor rejection is returned explicitly without claiming import success
2026-10-08T18:00:43.5326489Z ok 219 - editor rejection is returned explicitly without claiming import success
2026-10-08T18:00:43.5326876Z   ---
2026-10-08T18:00:43.5327061Z   duration_ms: 0.275874
2026-10-08T18:00:43.5327272Z   type: 'test'
2026-10-08T18:00:43.5327462Z   ...
2026-10-08T18:00:43.5327950Z # Subtest: RunHost freezes a draft source variant and parameters before awaiting the host connection
2026-10-08T18:00:43.5328703Z ok 220 - RunHost freezes a draft source variant and parameters before awaiting the host connection
2026-10-08T18:00:43.5329157Z   ---
2026-10-08T18:00:43.5329352Z   duration_ms: 5.009692
2026-10-08T18:00:43.5329570Z   type: 'test'
2026-10-08T18:00:43.5329918Z   ...
2026-10-08T18:00:43.5330344Z # Subtest: saved script API retains explicit scriptId/revision/contentHash admission
2026-10-08T18:00:43.5330985Z ok 221 - saved script API retains explicit scriptId/revision/contentHash admission
2026-10-08T18:00:43.5331389Z   ---
2026-10-08T18:00:43.5331585Z   duration_ms: 0.667533
2026-10-08T18:00:43.5331802Z   type: 'test'
2026-10-08T18:00:43.5331986Z   ...
2026-10-08T18:00:43.5332347Z # Subtest: manifest exposes tool.html as a global Chrome Side Panel
2026-10-08T18:00:43.5332856Z ok 222 - manifest exposes tool.html as a global Chrome Side Panel
2026-10-08T18:00:43.5333187Z   ---
2026-10-08T18:00:43.5333374Z   duration_ms: 9.073772
2026-10-08T18:00:43.5333603Z   type: 'test'
2026-10-08T18:00:43.5333790Z   ...
2026-10-08T18:00:43.5334394Z # Subtest: product shell has no popup-window fallback
2026-10-08T18:00:43.5334981Z ok 223 - product shell has no popup-window fallback
2026-10-08T18:00:43.5335412Z   ---
2026-10-08T18:00:43.5335607Z   duration_ms: 1.806945
2026-10-08T18:00:43.5335834Z   type: 'test'
2026-10-08T18:00:43.5336020Z   ...
2026-10-08T18:00:43.5336436Z # Subtest: default Run freezes Current Page then revalidates before existing RunHost
2026-10-08T18:00:43.5337069Z ok 224 - default Run freezes Current Page then revalidates before existing RunHost
2026-10-08T18:00:43.5337464Z   ---
2026-10-08T18:00:43.5337650Z   duration_ms: 2.717032
2026-10-08T18:00:43.5337862Z   type: 'test'
2026-10-08T18:00:43.5338057Z   ...
2026-10-08T18:00:43.5338538Z # Subtest: trusted Side Panel run sends the exact unsaved draft to the original Controller authority
2026-10-08T18:00:43.5339275Z ok 225 - trusted Side Panel run sends the exact unsaved draft to the original Controller authority
2026-10-08T18:00:43.5339726Z   ---
2026-10-08T18:00:43.5339911Z   duration_ms: 3.066101
2026-10-08T18:00:43.5340122Z   type: 'test'
2026-10-08T18:00:43.5340312Z   ...
2026-10-08T18:00:43.5340640Z # Subtest: R6 uses valid tab roles with labelled content panels
2026-10-08T18:00:43.5341118Z ok 226 - R6 uses valid tab roles with labelled content panels
2026-10-08T18:00:43.5341439Z   ---
2026-10-08T18:00:43.5341633Z   duration_ms: 1.834497
2026-10-08T18:00:43.5341852Z   type: 'test'
2026-10-08T18:00:43.5342220Z   ...
2026-10-08T18:00:43.5342703Z # Subtest: R4 Sidebar sections preserve consumer controls and keep engineering tools folded
2026-10-08T18:00:43.5343473Z ok 227 - R4 Sidebar sections preserve consumer controls and keep engineering tools folded
2026-10-08T18:00:43.5343892Z   ---
2026-10-08T18:00:43.5344366Z   duration_ms: 4.035086
2026-10-08T18:00:43.5344602Z   type: 'test'
2026-10-08T18:00:43.5344799Z   ...
2026-10-08T18:00:43.5345234Z # Subtest: Sidebar starts at its three tabs without repeating Chrome extension identity
2026-10-08T18:00:43.5345886Z ok 228 - Sidebar starts at its three tabs without repeating Chrome extension identity
2026-10-08T18:00:43.5346286Z   ---
2026-10-08T18:00:43.5346475Z   duration_ms: 2.402775
2026-10-08T18:00:43.5346699Z   type: 'test'
2026-10-08T18:00:43.5346887Z   ...
2026-10-08T18:00:43.5347321Z # Subtest: three project folders: genuine ESM graphs and fixed CSS/JSON/PNG byte hashes
2026-10-08T18:00:43.5347973Z ok 229 - three project folders: genuine ESM graphs and fixed CSS/JSON/PNG byte hashes
2026-10-08T18:00:43.5348376Z   ---
2026-10-08T18:00:43.5348564Z   duration_ms: 50.535555
2026-10-08T18:00:43.5348791Z   type: 'test'
2026-10-08T18:00:43.5348977Z   ...
2026-10-08T18:00:43.5349459Z # Subtest: Page ESM bundles into USER_SCRIPT and repeated execution creates only one visible marker
2026-10-08T18:00:43.5350209Z ok 230 - Page ESM bundles into USER_SCRIPT and repeated execution creates only one visible marker
2026-10-08T18:00:43.5350646Z   ---
2026-10-08T18:00:43.5350834Z   duration_ms: 804.300614
2026-10-08T18:00:43.5351059Z   type: 'test'
2026-10-08T18:00:43.5351257Z   ...
2026-10-08T18:00:43.5351713Z # Subtest: Controller ESM emits a Task v1 Candidate and invokes only approved Locator methods
2026-10-08T18:00:43.5352407Z ok 231 - Controller ESM emits a Task v1 Candidate and invokes only approved Locator methods
2026-10-08T18:00:43.5352975Z   ---
2026-10-08T18:00:43.5353164Z   duration_ms: 262.260594
2026-10-08T18:00:43.5353393Z   type: 'test'
2026-10-08T18:00:43.5353593Z   ...
2026-10-08T18:00:43.5354347Z # Subtest: unsupported CSS/JSON/PNG may be validated but MUST be rejected by the JS-only build adapter
2026-10-08T18:00:43.5355132Z ok 232 - unsupported CSS/JSON/PNG may be validated but MUST be rejected by the JS-only build adapter
2026-10-08T18:00:43.5355589Z   ---
2026-10-08T18:00:43.5355780Z   duration_ms: 5.38476
2026-10-08T18:00:43.5355996Z   type: 'test'
2026-10-08T18:00:43.5356191Z   ...
2026-10-08T18:00:43.5356711Z # Subtest: R3 remains immutable reference; R4 preview keeps installed Discover and independent full catalog
2026-10-08T18:00:43.5357514Z ok 233 - R3 remains immutable reference; R4 preview keeps installed Discover and independent full catalog
2026-10-08T18:00:43.5357979Z   ---
2026-10-08T18:00:43.5358174Z   duration_ms: 10.683685
2026-10-08T18:00:43.5358402Z   type: 'test'
2026-10-08T18:00:43.5358591Z   ...
2026-10-08T18:00:43.5359131Z # Subtest: R5 official sidebar preserves three views, privileged controls, compact discovery and task history
2026-10-08T18:00:43.5359967Z ok 234 - R5 official sidebar preserves three views, privileged controls, compact discovery and task history
2026-10-08T18:00:43.5360457Z   ---
2026-10-08T18:00:43.5360651Z   duration_ms: 5.913936
2026-10-08T18:00:43.5360867Z   type: 'test'
2026-10-08T18:00:43.5361059Z   ...
2026-10-08T18:00:43.5361521Z # Subtest: R5 keeps one derived interactive prototype with installed-only compact discovery
2026-10-08T18:00:43.5362217Z ok 235 - R5 keeps one derived interactive prototype with installed-only compact discovery
2026-10-08T18:00:43.5362633Z   ---
2026-10-08T18:00:43.5362826Z   duration_ms: 3.615104
2026-10-08T18:00:43.5363044Z   type: 'test'
2026-10-08T18:00:43.5363230Z   ...
2026-10-08T18:00:43.5363716Z # Subtest: required all-url host is the single source of truth; no optional host prompts at startup
2026-10-08T18:00:43.5364705Z ok 236 - required all-url host is the single source of truth; no optional host prompts at startup
2026-10-08T18:00:43.5365143Z   ---
2026-10-08T18:00:43.5365467Z   duration_ms: 4.398193
2026-10-08T18:00:43.5365707Z   type: 'test'
2026-10-08T18:00:43.5365897Z   ...
2026-10-08T18:00:43.5366331Z # Subtest: a trusted click can re-request withheld required host access without options
2026-10-08T18:00:43.5366991Z ok 237 - a trusted click can re-request withheld required host access without options
2026-10-08T18:00:43.5367390Z   ---
2026-10-08T18:00:43.5367586Z   duration_ms: 1.107814
2026-10-08T18:00:43.5367812Z   type: 'test'
2026-10-08T18:00:43.5368001Z   ...
2026-10-08T18:00:43.5368467Z # Subtest: untrusted events cannot change permission; native denial never fabricates approval
2026-10-08T18:00:43.5369177Z ok 238 - untrusted events cannot change permission; native denial never fabricates approval
2026-10-08T18:00:43.5369608Z   ---
2026-10-08T18:00:43.5369797Z   duration_ms: 1.359352
2026-10-08T18:00:43.5370019Z   type: 'test'
2026-10-08T18:00:43.5370214Z   ...
2026-10-08T18:00:43.5370632Z # Subtest: Chrome site access restrictions invalidate status and never auto-regrant
2026-10-08T18:00:43.5371273Z ok 239 - Chrome site access restrictions invalidate status and never auto-regrant
2026-10-08T18:00:43.5371669Z   ---
2026-10-08T18:00:43.5371859Z   duration_ms: 0.630745
2026-10-08T18:00:43.5372078Z   type: 'test'
2026-10-08T18:00:43.5372271Z   ...
2026-10-08T18:00:43.5372704Z # Subtest: Chrome onAdded event cannot erase actual approved status during raced refresh
2026-10-08T18:00:43.5373369Z ok 240 - Chrome onAdded event cannot erase actual approved status during raced refresh
2026-10-08T18:00:43.5373781Z   ---
2026-10-08T18:00:43.5373973Z   duration_ms: 1.377817
2026-10-08T18:00:43.5374417Z   type: 'test'
2026-10-08T18:00:43.5374608Z   ...
2026-10-08T18:00:43.5375065Z # Subtest: core API status is separately queried; it never grants applications automatically
2026-10-08T18:00:43.5375885Z ok 241 - core API status is separately queried; it never grants applications automatically
2026-10-08T18:00:43.5376300Z   ---
2026-10-08T18:00:43.5376491Z   duration_ms: 0.812574
2026-10-08T18:00:43.5376704Z   type: 'test'
2026-10-08T18:00:43.5376890Z   ...
2026-10-08T18:00:43.5377319Z # Subtest: developer site controls remain nested in the original three-tab workbench
2026-10-08T18:00:43.5377953Z ok 242 - developer site controls remain nested in the original three-tab workbench
2026-10-08T18:00:43.5378342Z   ---
2026-10-08T18:00:43.5378535Z   duration_ms: 12.496699
2026-10-08T18:00:43.5378774Z   type: 'test'
2026-10-08T18:00:43.5378978Z   ...
2026-10-08T18:00:43.5379543Z # Subtest: package hashes and closed schema reject forged status, altered source, extra permissions and invalid params
2026-10-08T18:00:43.5380431Z ok 243 - package hashes and closed schema reject forged status, altered source, extra permissions and invalid params
2026-10-08T18:00:43.5380931Z   ---
2026-10-08T18:00:43.5381116Z   duration_ms: 20.231596
2026-10-08T18:00:43.5381344Z   type: 'test'
2026-10-08T18:00:43.5381531Z   ...
2026-10-08T18:00:43.5382092Z # Subtest: candidate cannot install without matching trustworthy native run, then exact Available version can install
2026-10-08T18:00:43.5382984Z ok 244 - candidate cannot install without matching trustworthy native run, then exact Available version can install
2026-10-08T18:00:43.5383489Z   ---
2026-10-08T18:00:43.5383678Z   duration_ms: 20.554797
2026-10-08T18:00:43.5383900Z   type: 'test'
2026-10-08T18:00:43.5384370Z   ...
2026-10-08T18:00:43.5384766Z # Subtest: same task version cannot replace even a correctly hashed package
2026-10-08T18:00:43.5385342Z ok 245 - same task version cannot replace even a correctly hashed package
2026-10-08T18:00:43.5385721Z   ---
2026-10-08T18:00:43.5385919Z   duration_ms: 10.038477
2026-10-08T18:00:43.5386150Z   type: 'test'
2026-10-08T18:00:43.5386352Z   ...
2026-10-08T18:00:43.5386825Z # Subtest: the checked-in sample is an authentic v1 package with exact manifest and source hashes
2026-10-08T18:00:43.5387560Z ok 246 - the checked-in sample is an authentic v1 package with exact manifest and source hashes
2026-10-08T18:00:43.5388133Z   ---
2026-10-08T18:00:43.5388335Z   duration_ms: 2.789646
2026-10-08T18:00:43.5388560Z   type: 'test'
2026-10-08T18:00:43.5388762Z   ...
2026-10-08T18:00:43.5389288Z # Subtest: formal verification refuses altered admission identity, failed effects and mismatched receipts
2026-10-08T18:00:43.5390103Z ok 247 - formal verification refuses altered admission identity, failed effects and mismatched receipts
2026-10-08T18:00:43.5390582Z   ---
2026-10-08T18:00:43.5390770Z   duration_ms: 18.142451
2026-10-08T18:00:43.5390997Z   type: 'test'
2026-10-08T18:00:43.5391185Z   ...
2026-10-08T18:00:43.5391642Z # Subtest: invalid task schema and origin return typed errors instead of generic exceptions
2026-10-08T18:00:43.5392326Z ok 248 - invalid task schema and origin return typed errors instead of generic exceptions
2026-10-08T18:00:43.5392744Z   ---
2026-10-08T18:00:43.5392936Z   duration_ms: 2.245353
2026-10-08T18:00:43.5393150Z   type: 'test'
2026-10-08T18:00:43.5393337Z   ...
2026-10-08T18:00:43.5393944Z # Subtest: entering Sidebar task views reads external installations without executing and preserves unchanged form inputs
2026-10-08T18:00:43.5395154Z ok 249 - entering Sidebar task views reads external installations without executing and preserves unchanged form inputs
2026-10-08T18:00:43.5395688Z   ---
2026-10-08T18:00:43.5395884Z   duration_ms: 31.752275
2026-10-08T18:00:43.5396105Z   type: 'test'
2026-10-08T18:00:43.5396295Z   ...
2026-10-08T18:00:43.5396816Z # Subtest: installed tasks default page, render schema form and freeze the exact saved version/params/target
2026-10-08T18:00:43.5397650Z ok 250 - installed tasks default page, render schema form and freeze the exact saved version/params/target
2026-10-08T18:00:43.5398123Z   ---
2026-10-08T18:00:43.5398314Z   duration_ms: 19.503957
2026-10-08T18:00:43.5398546Z   type: 'test'
2026-10-08T18:00:43.5398881Z   ...
2026-10-08T18:00:43.5399338Z # Subtest: installed task can be explicitly forked into an independent unsaved editor draft
2026-10-08T18:00:43.5400044Z ok 251 - installed task can be explicitly forked into an independent unsaved editor draft
2026-10-08T18:00:43.5400465Z   ---
2026-10-08T18:00:43.5400656Z   duration_ms: 6.433504
2026-10-08T18:00:43.5400881Z   type: 'test'
2026-10-08T18:00:43.5401074Z   ...
2026-10-08T18:00:43.5401564Z # Subtest: task Stop cannot cancel another view's in-flight draft; parameter form never navigates
2026-10-08T18:00:43.5402301Z ok 252 - task Stop cannot cancel another view's in-flight draft; parameter form never navigates
2026-10-08T18:00:43.5402741Z   ---
2026-10-08T18:00:43.5402935Z   duration_ms: 8.405126
2026-10-08T18:00:43.5403156Z   type: 'test'
2026-10-08T18:00:43.5403357Z   ...
2026-10-08T18:00:43.5403786Z # Subtest: installed task refuses stale target after async installed-version lookup
2026-10-08T18:00:43.5404676Z ok 253 - installed task refuses stale target after async installed-version lookup
2026-10-08T18:00:43.5405095Z   ---
2026-10-08T18:00:43.5405288Z   duration_ms: 9.790251
2026-10-08T18:00:43.5405511Z   type: 'test'
2026-10-08T18:00:43.5405709Z   ...
2026-10-08T18:00:43.5406144Z # Subtest: task cards retain readable selection and do not surface raw IDs as the main UI
2026-10-08T18:00:43.5406808Z ok 254 - task cards retain readable selection and do not surface raw IDs as the main UI
2026-10-08T18:00:43.5407221Z   ---
2026-10-08T18:00:43.5407405Z   duration_ms: 4.778101
2026-10-08T18:00:43.5407626Z   type: 'test'
2026-10-08T18:00:43.5407819Z   ...
2026-10-08T18:00:43.5408377Z # Subtest: Sidebar Discover searches installed tasks only and selects a task without running or opening the catalog
2026-10-08T18:00:43.5409245Z ok 255 - Sidebar Discover searches installed tasks only and selects a task without running or opening the catalog
2026-10-08T18:00:43.5409742Z   ---
2026-10-08T18:00:43.5409934Z   duration_ms: 8.85399
2026-10-08T18:00:43.5410158Z   type: 'test'
2026-10-08T18:00:43.5410347Z   ...
2026-10-08T18:00:43.5410776Z # Subtest: Discover filter controls are real view filters and cannot start another run
2026-10-08T18:00:43.5411559Z ok 256 - Discover filter controls are real view filters and cannot start another run
2026-10-08T18:00:43.5411964Z   ---
2026-10-08T18:00:43.5412164Z   duration_ms: 12.467152
2026-10-08T18:00:43.5412388Z   type: 'test'
2026-10-08T18:00:43.5412579Z   ...
2026-10-08T18:00:43.5413020Z # Subtest: opening the separate full-size catalog preserves its import and management view
2026-10-08T18:00:43.5413709Z ok 257 - opening the separate full-size catalog preserves its import and management view
2026-10-08T18:00:43.5414391Z   ---
2026-10-08T18:00:43.5414594Z   duration_ms: 3.874857
2026-10-08T18:00:43.5414821Z   type: 'test'
2026-10-08T18:00:43.5415009Z   ...
2026-10-08T18:00:43.5415541Z # Subtest: full-size catalog keeps its own reader after real install and re-reads the single Task Catalog state
2026-10-08T18:00:43.5416389Z ok 258 - full-size catalog keeps its own reader after real install and re-reads the single Task Catalog state
2026-10-08T18:00:43.5416871Z   ---
2026-10-08T18:00:43.5417066Z   duration_ms: 6.59285
2026-10-08T18:00:43.5417294Z   type: 'test'
2026-10-08T18:00:43.5417486Z   ...
2026-10-08T18:00:43.5417970Z # Subtest: idle Discover has no fixed footer and inline import still opens the authenticated catalog
2026-10-08T18:00:43.5418722Z ok 259 - idle Discover has no fixed footer and inline import still opens the authenticated catalog
2026-10-08T18:00:43.5419162Z   ---
2026-10-08T18:00:43.5419355Z   duration_ms: 13.150357
2026-10-08T18:00:43.5419578Z   type: 'test'
2026-10-08T18:00:43.5419780Z   ...
2026-10-08T18:00:43.5420135Z # Subtest: R5 result/history stay out of sight until a task has runs
2026-10-08T18:00:43.5420642Z ok 260 - R5 result/history stay out of sight until a task has runs
2026-10-08T18:00:43.5420976Z   ---
2026-10-08T18:00:43.5421166Z   duration_ms: 11.971258
2026-10-08T18:00:43.5421523Z   type: 'test'
2026-10-08T18:00:43.5421715Z   ...
2026-10-08T18:00:43.5422212Z # Subtest: card view retains original action identities, history and parameter form across tab changes
2026-10-08T18:00:43.5422991Z ok 261 - card view retains original action identities, history and parameter form across tab changes
2026-10-08T18:00:43.5423444Z   ---
2026-10-08T18:00:43.5423634Z   duration_ms: 9.982925
2026-10-08T18:00:43.5423850Z   type: 'test'
2026-10-08T18:00:43.5424290Z   ...
2026-10-08T18:00:43.5424801Z # Subtest: switching between two installed tasks preserves each independent unsaved parameter input
2026-10-08T18:00:43.5425581Z ok 262 - switching between two installed tasks preserves each independent unsaved parameter input
2026-10-08T18:00:43.5426037Z   ---
2026-10-08T18:00:43.5426237Z   duration_ms: 4.231833
2026-10-08T18:00:43.5426455Z   type: 'test'
2026-10-08T18:00:43.5426646Z   ...
2026-10-08T18:00:43.5426999Z # Subtest: R6 accessible roving tabs support Arrow and Home/End
2026-10-08T18:00:43.5427491Z ok 263 - R6 accessible roving tabs support Arrow and Home/End
2026-10-08T18:00:43.5427810Z   ---
2026-10-08T18:00:43.5428004Z   duration_ms: 3.362914
2026-10-08T18:00:43.5428225Z   type: 'test'
2026-10-08T18:00:43.5428414Z   ...
2026-10-08T18:00:43.5428832Z # Subtest: R6 task card refresh, keyboard selection and Discover handoff restore focus
2026-10-08T18:00:43.5429478Z ok 264 - R6 task card refresh, keyboard selection and Discover handoff restore focus
2026-10-08T18:00:43.5429875Z   ---
2026-10-08T18:00:43.5430063Z   duration_ms: 10.565931
2026-10-08T18:00:43.5430288Z   type: 'test'
2026-10-08T18:00:43.5430482Z   ...
2026-10-08T18:00:43.5430881Z # Subtest: R6 late run start/result cannot become the newly selected task status
2026-10-08T18:00:43.5431477Z ok 265 - R6 late run start/result cannot become the newly selected task status
2026-10-08T18:00:43.5431849Z   ---
2026-10-08T18:00:43.5432040Z   duration_ms: 13.004974
2026-10-08T18:00:43.5432263Z   type: 'test'
2026-10-08T18:00:43.5432460Z   ...
2026-10-08T18:00:43.5432890Z # Subtest: R6 previous-version notices and results do not leak after installed upgrade
2026-10-08T18:00:43.5433659Z ok 266 - R6 previous-version notices and results do not leak after installed upgrade
2026-10-08T18:00:43.5434299Z   ---
2026-10-08T18:00:43.5434505Z   duration_ms: 13.382658
2026-10-08T18:00:43.5434736Z   type: 'test'
2026-10-08T18:00:43.5434932Z   ...
2026-10-08T18:00:43.5435444Z # Subtest: two extension documents share only a refresh hint and re-read authoritative installed state
2026-10-08T18:00:43.5436216Z ok 267 - two extension documents share only a refresh hint and re-read authoritative installed state
2026-10-08T18:00:43.5436675Z   ---
2026-10-08T18:00:43.5436865Z   duration_ms: 44.220808
2026-10-08T18:00:43.5437088Z   type: 'test'
2026-10-08T18:00:43.5437283Z   ...
2026-10-08T18:00:43.5437771Z # Subtest: catalog installation stays in the complete directory and directs running back to Sidebar
2026-10-08T18:00:43.5438519Z ok 268 - catalog installation stays in the complete directory and directs running back to Sidebar
2026-10-08T18:00:43.5438969Z   ---
2026-10-08T18:00:43.5439167Z   duration_ms: 6.615122
2026-10-08T18:00:43.5439392Z   type: 'test'
2026-10-08T18:00:43.5439589Z   ...
2026-10-08T18:00:43.5440059Z # Subtest: catalog JS import hands source to Sidebar and never enters a view with a hidden runner
2026-10-08T18:00:43.5440780Z ok 269 - catalog JS import hands source to Sidebar and never enters a view with a hidden runner
2026-10-08T18:00:43.5441211Z   ---
2026-10-08T18:00:43.5441410Z   duration_ms: 6.063692
2026-10-08T18:00:43.5441627Z   type: 'test'
2026-10-08T18:00:43.5441819Z   ...
2026-10-08T18:00:43.5442335Z # Subtest: missing Sidebar refuses import with an actionable message, without losing the directory
2026-10-08T18:00:43.5443075Z ok 270 - missing Sidebar refuses import with an actionable message, without losing the directory
2026-10-08T18:00:43.5443513Z   ---
2026-10-08T18:00:43.5443701Z   duration_ms: 6.813913
2026-10-08T18:00:43.5443923Z   type: 'test'
2026-10-08T18:00:43.5444567Z   ...
2026-10-08T18:00:43.5445089Z # Subtest: catalog draft transport errors retain their cause instead of claiming Sidebar is missing
2026-10-08T18:00:43.5445874Z ok 271 - catalog draft transport errors retain their cause instead of claiming Sidebar is missing
2026-10-08T18:00:43.5446328Z   ---
2026-10-08T18:00:43.5446525Z   duration_ms: 5.093488
2026-10-08T18:00:43.5446757Z   type: 'test'
2026-10-08T18:00:43.5446954Z   ...
2026-10-08T18:00:43.5447405Z # Subtest: receiving a source-only import selects Sidebar Developer without creating a run
2026-10-08T18:00:43.5448112Z ok 272 - receiving a source-only import selects Sidebar Developer without creating a run
2026-10-08T18:00:43.5448531Z   ---
2026-10-08T18:00:43.5448721Z   duration_ms: 5.90036
2026-10-08T18:00:43.5448938Z   type: 'test'
2026-10-08T18:00:43.5449133Z   ...
2026-10-08T18:00:43.5449565Z # Subtest: R6.1 task-owned Stop is the sole cross-view action and names the launching task
2026-10-08T18:00:43.5450206Z ok 273 - R6.1 task-owned Stop is the sole cross-view action and names the launching task
2026-10-08T18:00:43.5450611Z   ---
2026-10-08T18:00:43.5450800Z   duration_ms: 19.164883
2026-10-08T18:00:43.5451023Z   type: 'test'
2026-10-08T18:00:43.5451215Z   ...
2026-10-08T18:00:43.5451633Z # Subtest: R6.1 a draft-owned run exposes only its Stop when viewing Tasks or Discover
2026-10-08T18:00:43.5452255Z ok 274 - R6.1 a draft-owned run exposes only its Stop when viewing Tasks or Discover
2026-10-08T18:00:43.5452652Z   ---
2026-10-08T18:00:43.5452839Z   duration_ms: 3.199489
2026-10-08T18:00:43.5453061Z   type: 'test'
2026-10-08T18:00:43.5453249Z   ...
2026-10-08T18:00:43.5453663Z # Subtest: R6.1 stop-only footer CSS hides all non-owner actions without hiding Stop
2026-10-08T18:00:43.5454546Z ok 275 - R6.1 stop-only footer CSS hides all non-owner actions without hiding Stop
2026-10-08T18:00:43.5454936Z   ---
2026-10-08T18:00:43.5455131Z   duration_ms: 3.762709
2026-10-08T18:00:43.5455344Z   type: 'test'
2026-10-08T18:00:43.5455539Z   ...
2026-10-08T18:00:43.5456427Z # Subtest: real manager → approval → preview executes two ordered sources, reuses draft locks offline, and rechecks new GM grants
2026-10-08T18:00:43.5457655Z ok 276 - real manager → approval → preview executes two ordered sources, reuses draft locks offline, and rechecks new GM grants
2026-10-08T18:00:43.5458214Z   ---
2026-10-08T18:00:43.5458425Z   duration_ms: 97.365072
2026-10-08T18:00:43.5458656Z   type: 'test'
2026-10-08T18:00:43.5458854Z   ...
2026-10-08T18:00:43.5459461Z # Subtest: classic top-level const runs repeatedly in fresh worlds; trailing comments and ASI do not consume the next source
2026-10-08T18:00:43.5460414Z ok 277 - classic top-level const runs repeatedly in fresh worlds; trailing comments and ASI do not consume the next source
2026-10-08T18:00:43.5460940Z   ---
2026-10-08T18:00:43.5461136Z   duration_ms: 23.499994
2026-10-08T18:00:43.5461361Z   type: 'test'
2026-10-08T18:00:43.5461557Z   ...
2026-10-08T18:00:43.5462055Z # Subtest: a synchronous dependency failure prevents later libraries and the consumer from executing
2026-10-08T18:00:43.5462852Z ok 278 - a synchronous dependency failure prevents later libraries and the consumer from executing
2026-10-08T18:00:43.5463306Z   ---
2026-10-08T18:00:43.5463498Z   duration_ms: 34.994496
2026-10-08T18:00:43.5463726Z   type: 'test'
2026-10-08T18:00:43.5463918Z   ...
2026-10-08T18:00:43.5464743Z # Subtest: an absent user main cannot fall back to a dependency global main or an async-main-looking comment
2026-10-08T18:00:43.5465568Z ok 279 - an absent user main cannot fall back to a dependency global main or an async-main-looking comment
2026-10-08T18:00:43.5466036Z   ---
2026-10-08T18:00:43.5466229Z   duration_ms: 25.002572
2026-10-08T18:00:43.5466461Z   type: 'test'
2026-10-08T18:00:43.5466651Z   ...
2026-10-08T18:00:43.5467259Z # Subtest: simulated Chromium named-world exhaustion falls back to default, fails the isolation probe, and injects no user code
2026-10-08T18:00:43.5468236Z ok 280 - simulated Chromium named-world exhaustion falls back to default, fails the isolation probe, and injects no user code
2026-10-08T18:00:43.5468916Z   ---
2026-10-08T18:00:43.5469121Z   duration_ms: 16.454359
2026-10-08T18:00:43.5469349Z   type: 'test'
2026-10-08T18:00:43.5469550Z   ...
2026-10-08T18:00:43.5470217Z # Subtest: document budget survives service restart and navigation cleanup; closing a tab releases the ledger even when the API is disabled
2026-10-08T18:00:43.5471282Z ok 281 - document budget survives service restart and navigation cleanup; closing a tab releases the ledger even when the API is disabled
2026-10-08T18:00:43.5471869Z   ---
2026-10-08T18:00:43.5472059Z   duration_ms: 62.416282
2026-10-08T18:00:43.5472281Z   type: 'test'
2026-10-08T18:00:43.5472475Z   ...
2026-10-08T18:00:43.5472655Z 1..281
2026-10-08T18:00:43.5472839Z # tests 281
2026-10-08T18:00:43.5473030Z # suites 0
2026-10-08T18:00:43.5473216Z # pass 276
2026-10-08T18:00:43.5473400Z # fail 0
2026-10-08T18:00:43.5473583Z # cancelled 0
2026-10-08T18:00:43.5473787Z # skipped 5
2026-10-08T18:00:43.5473968Z # todo 0
2026-10-08T18:00:43.5474411Z # duration_ms 5791.000604
2026-10-08T18:00:43.5587213Z Post job cleanup.
2026-10-08T18:00:43.6818574Z (node:4575) [DEP0040] DeprecationWarning: The `punycode` module is deprecated. Please use a userland alternative instead.
2026-10-08T18:00:43.6819664Z (Use `node --trace-deprecation ...` to show where the warning was created)
2026-10-08T18:00:43.6822423Z Cache hit occurred on the primary key node-cache-Linux-x64-npm-b8ba1b1e75b534e8b18fa308aa4c06e83b4d486ff426239c6fd9007055bc4cce, not saving cache.
2026-10-08T18:00:43.6982265Z Post job cleanup.
2026-10-08T18:00:43.7807847Z [command]/usr/bin/git version
2026-10-08T18:00:43.7852023Z git version 2.55.0
2026-10-08T18:00:43.7893345Z Temporarily overriding HOME='/home/runner/work/_temp/96ecdf5f-90ce-4d60-84d9-4819723c1db4' before making global git config changes
2026-10-08T18:00:43.7895377Z Adding repository directory to the temporary git global config as a safe directory
2026-10-08T18:00:43.7900099Z [command]/usr/bin/git config --global --add safe.directory /home/runner/work/opendesk-browser/opendesk-browser
2026-10-08T18:00:43.7947428Z [command]/usr/bin/git config --local --name-only --get-regexp core\.sshCommand
2026-10-08T18:00:43.7987676Z [command]/usr/bin/git submodule foreach --recursive sh -c "git config --local --name-only --get-regexp 'core\.sshCommand' && git config --local --unset-all 'core.sshCommand' || :"
2026-10-08T18:00:43.8262222Z [command]/usr/bin/git config --local --name-only --get-regexp http\.https\:\/\/github\.com\/\.extraheader
2026-10-08T18:00:43.8297495Z http.https://github.com/.extraheader
2026-10-08T18:00:43.8309362Z [command]/usr/bin/git config --local --unset-all http.https://github.com/.extraheader
2026-10-08T18:00:43.8353060Z [command]/usr/bin/git submodule foreach --recursive sh -c "git config --local --name-only --get-regexp 'http\.https\:\/\/github\.com\/\.extraheader' && git config --local --unset-all 'http.https://github.com/.extraheader' || :"
2026-10-08T18:00:43.8644639Z [command]/usr/bin/git config --local --name-only --get-regexp ^includeIf\.gitdir:
2026-10-08T18:00:43.8686180Z [command]/usr/bin/git submodule foreach --recursive git config --local --show-origin --name-only --get-regexp remote.origin.url
2026-10-08T18:00:43.9100832Z Cleaning up orphan processes
2026-10-08T18:00:43.9516646Z ##[warning]Node.js 20 is deprecated. The following actions target Node.js 20 but are being forced to run on Node.js 24: actions/checkout@v4, actions/setup-node@v4. For more information see: https://github.blog/changelog/2025-09-19-deprecation-of-node-20-on-github-actions-runners/
