2026-10-08T18:04:14.6262448Z Current runner version: '2.337.0'
2026-10-08T18:04:14.6287189Z ##[group]Runner Image Provisioner
2026-10-08T18:04:14.6288243Z Hosted Compute Agent
2026-10-08T18:04:14.6288867Z Version: 20261002.596
2026-10-08T18:04:14.6289564Z Commit: c3d12f3313a95f25162a1503be624f3b0617f8c0
2026-10-08T18:04:14.6290323Z Build Date: 2026-10-02T22:28:27Z
2026-10-08T18:04:14.6291022Z Worker ID: {b406c77d-0190-4b31-aea4-f50d554c4049}
2026-10-08T18:04:14.6291822Z Region: eastus
2026-10-08T18:04:14.6292386Z Cloud: Azure
2026-10-08T18:04:14.6292926Z ##[endgroup]
2026-10-08T18:04:14.6294728Z ##[group]Operating System
2026-10-08T18:04:14.6295439Z Ubuntu
2026-10-08T18:04:14.6296106Z 24.04.5
2026-10-08T18:04:14.6296868Z LTS
2026-10-08T18:04:14.6297386Z ##[endgroup]
2026-10-08T18:04:14.6298024Z ##[group]Runner Image
2026-10-08T18:04:14.6298666Z Image: ubuntu-24.04
2026-10-08T18:04:14.6299294Z Version: 20261004.327.1
2026-10-08T18:04:14.6300627Z Included Software: https://github.com/actions/runner-images/blob/ubuntu24/20261004.327/images/ubuntu/Ubuntu2404-Readme.md
2026-10-08T18:04:14.6302637Z Image Release: https://github.com/actions/runner-images/releases/tag/ubuntu24%2F20261004.327
2026-10-08T18:04:14.6303680Z ##[endgroup]
2026-10-08T18:04:14.6304883Z ##[group]GITHUB_TOKEN Permissions
2026-10-08T18:04:14.6307252Z Contents: read
2026-10-08T18:04:14.6308033Z Metadata: read
2026-10-08T18:04:14.6308617Z ##[endgroup]
2026-10-08T18:04:14.6311109Z Secret source: Actions
2026-10-08T18:04:14.6312128Z Cache mode: write
2026-10-08T18:04:14.6312891Z Prepare workflow directory
2026-10-08T18:04:14.6637704Z Prepare all required actions
2026-10-08T18:04:14.6684552Z Getting action download info
2026-10-08T18:04:14.8789318Z Download action repository 'actions/checkout@v4' (SHA:11d5960a326750d5838078e36cf38b85af677262)
2026-10-08T18:04:14.9701107Z Download action repository 'actions/setup-node@v4' (SHA:49933ea5288caeca8642d1e84afbd3f7d6820020)
2026-10-08T18:04:15.1659895Z Complete job name: bridge-components
2026-10-08T18:04:15.2459669Z ##[group]Run actions/checkout@v4
2026-10-08T18:04:15.2460563Z with:
2026-10-08T18:04:15.2461034Z   repository: shopable-ai/opendesk-browser
2026-10-08T18:04:15.2464847Z   token: ***
2026-10-08T18:04:15.2465290Z   ssh-strict: true
2026-10-08T18:04:15.2465743Z   ssh-user: git
2026-10-08T18:04:15.2466191Z   persist-credentials: true
2026-10-08T18:04:15.2466900Z   clean: true
2026-10-08T18:04:15.2467358Z   sparse-checkout-cone-mode: true
2026-10-08T18:04:15.2467880Z   fetch-depth: 1
2026-10-08T18:04:15.2468314Z   fetch-tags: false
2026-10-08T18:04:15.2468763Z   show-progress: true
2026-10-08T18:04:15.2469207Z   lfs: false
2026-10-08T18:04:15.2469606Z   submodules: false
2026-10-08T18:04:15.2470054Z   set-safe-directory: true
2026-10-08T18:04:15.2470561Z   allow-unsafe-pr-checkout: false
2026-10-08T18:04:15.2471335Z ##[endgroup]
2026-10-08T18:04:15.3467444Z Syncing repository: shopable-ai/opendesk-browser
2026-10-08T18:04:15.3470102Z ##[group]Getting Git version info
2026-10-08T18:04:15.3471457Z Working directory is '/home/runner/work/opendesk-browser/opendesk-browser'
2026-10-08T18:04:15.3473244Z [command]/usr/bin/git version
2026-10-08T18:04:15.3554718Z git version 2.55.0
2026-10-08T18:04:15.3579057Z ##[endgroup]
2026-10-08T18:04:15.3594961Z Temporarily overriding HOME='/home/runner/work/_temp/9eba9c37-af1b-4f00-b503-7816214cd65a' before making global git config changes
2026-10-08T18:04:15.3601993Z Adding repository directory to the temporary git global config as a safe directory
2026-10-08T18:04:15.3608481Z [command]/usr/bin/git config --global --add safe.directory /home/runner/work/opendesk-browser/opendesk-browser
2026-10-08T18:04:15.3661827Z Deleting the contents of '/home/runner/work/opendesk-browser/opendesk-browser'
2026-10-08T18:04:15.3672507Z ##[group]Initializing the repository
2026-10-08T18:04:15.3677603Z [command]/usr/bin/git init /home/runner/work/opendesk-browser/opendesk-browser
2026-10-08T18:04:15.3837024Z hint: Using 'master' as the name for the initial branch. This default branch name
2026-10-08T18:04:15.3838180Z hint: will change to "main" in Git 3.0. To configure the initial branch name
2026-10-08T18:04:15.3839517Z hint: to use in all of your new repositories, which will suppress this warning,
2026-10-08T18:04:15.3840366Z hint: call:
2026-10-08T18:04:15.3841099Z hint:
2026-10-08T18:04:15.3842010Z hint: 	git config --global init.defaultBranch <name>
2026-10-08T18:04:15.3843136Z hint:
2026-10-08T18:04:15.3844188Z hint: Names commonly chosen instead of 'master' are 'main', 'trunk' and
2026-10-08T18:04:15.3845633Z hint: 'development'. The just-created branch can be renamed via this command:
2026-10-08T18:04:15.3847351Z hint:
2026-10-08T18:04:15.3847850Z hint: 	git branch -m <name>
2026-10-08T18:04:15.3848669Z hint:
2026-10-08T18:04:15.3849829Z hint: Disable this message with "git config set advice.defaultBranchName false"
2026-10-08T18:04:15.3851421Z Initialized empty Git repository in /home/runner/work/opendesk-browser/opendesk-browser/.git/
2026-10-08T18:04:15.3888055Z [command]/usr/bin/git remote add origin https://github.com/shopable-ai/opendesk-browser
2026-10-08T18:04:15.3922231Z ##[endgroup]
2026-10-08T18:04:15.3923568Z ##[group]Disabling automatic garbage collection
2026-10-08T18:04:15.3926016Z [command]/usr/bin/git config --local gc.auto 0
2026-10-08T18:04:15.3965792Z ##[endgroup]
2026-10-08T18:04:15.3967515Z ##[group]Setting up auth
2026-10-08T18:04:15.3974505Z [command]/usr/bin/git config --local --name-only --get-regexp core\.sshCommand
2026-10-08T18:04:15.4010564Z [command]/usr/bin/git submodule foreach --recursive sh -c "git config --local --name-only --get-regexp 'core\.sshCommand' && git config --local --unset-all 'core.sshCommand' || :"
2026-10-08T18:04:15.4409367Z [command]/usr/bin/git config --local --name-only --get-regexp http\.https\:\/\/github\.com\/\.extraheader
2026-10-08T18:04:15.4453913Z [command]/usr/bin/git submodule foreach --recursive sh -c "git config --local --name-only --get-regexp 'http\.https\:\/\/github\.com\/\.extraheader' && git config --local --unset-all 'http.https://github.com/.extraheader' || :"
2026-10-08T18:04:15.4678837Z [command]/usr/bin/git config --local --name-only --get-regexp ^includeIf\.gitdir:
2026-10-08T18:04:15.4716168Z [command]/usr/bin/git submodule foreach --recursive git config --local --show-origin --name-only --get-regexp remote.origin.url
2026-10-08T18:04:15.4941262Z [command]/usr/bin/git config --local http.https://github.com/.extraheader AUTHORIZATION: basic ***
2026-10-08T18:04:15.4982393Z ##[endgroup]
2026-10-08T18:04:15.4983318Z ##[group]Fetching the repository
2026-10-08T18:04:15.4992019Z [command]/usr/bin/git -c protocol.version=2 fetch --no-tags --prune --no-recurse-submodules --depth=1 origin +74d261b7be865830742c5b3d061ba53d0b41033c:refs/remotes/origin/main
2026-10-08T18:04:17.8008718Z From https://github.com/shopable-ai/opendesk-browser
2026-10-08T18:04:17.8010629Z  * [new ref]         74d261b7be865830742c5b3d061ba53d0b41033c -> origin/main
2026-10-08T18:04:17.8068597Z ##[endgroup]
2026-10-08T18:04:17.8070280Z ##[group]Determining the checkout info
2026-10-08T18:04:17.8072005Z ##[endgroup]
2026-10-08T18:04:17.8072966Z [command]/usr/bin/git sparse-checkout disable
2026-10-08T18:04:17.8128557Z [command]/usr/bin/git config --local --unset-all extensions.worktreeConfig
2026-10-08T18:04:17.8169161Z ##[group]Checking out the ref
2026-10-08T18:04:17.8177745Z [command]/usr/bin/git checkout --progress --force -B main refs/remotes/origin/main
2026-10-08T18:04:18.8363765Z Updating files:  70% (9184/12997)
2026-10-08T18:04:18.8457448Z Updating files:  71% (9228/12997)
2026-10-08T18:04:18.8579625Z Updating files:  72% (9358/12997)
2026-10-08T18:04:18.8649936Z Updating files:  73% (9488/12997)
2026-10-08T18:04:18.8699569Z Updating files:  74% (9618/12997)
2026-10-08T18:04:18.8854237Z Updating files:  75% (9748/12997)
2026-10-08T18:04:18.8934680Z Updating files:  76% (9878/12997)
2026-10-08T18:04:18.8984621Z Updating files:  77% (10008/12997)
2026-10-08T18:04:18.9134256Z Updating files:  78% (10138/12997)
2026-10-08T18:04:18.9208724Z Updating files:  79% (10268/12997)
2026-10-08T18:04:18.9272552Z Updating files:  80% (10398/12997)
2026-10-08T18:04:18.9363864Z Updating files:  81% (10528/12997)
2026-10-08T18:04:18.9484235Z Updating files:  82% (10658/12997)
2026-10-08T18:04:18.9559800Z Updating files:  83% (10788/12997)
2026-10-08T18:04:18.9607958Z Updating files:  84% (10918/12997)
2026-10-08T18:04:18.9758336Z Updating files:  85% (11048/12997)
2026-10-08T18:04:18.9835011Z Updating files:  86% (11178/12997)
2026-10-08T18:04:19.0001332Z Updating files:  87% (11308/12997)
2026-10-08T18:04:19.0318507Z Updating files:  88% (11438/12997)
2026-10-08T18:04:19.0603136Z Updating files:  89% (11568/12997)
2026-10-08T18:04:19.0755826Z Updating files:  90% (11698/12997)
2026-10-08T18:04:19.0841033Z Updating files:  91% (11828/12997)
2026-10-08T18:04:19.0948191Z Updating files:  92% (11958/12997)
2026-10-08T18:04:19.1310798Z Updating files:  93% (12088/12997)
2026-10-08T18:04:19.2037671Z Updating files:  94% (12218/12997)
2026-10-08T18:04:19.2384732Z Updating files:  95% (12348/12997)
2026-10-08T18:04:19.3029015Z Updating files:  96% (12478/12997)
2026-10-08T18:04:19.3598555Z Updating files:  97% (12608/12997)
2026-10-08T18:04:19.4392585Z Updating files:  98% (12738/12997)
2026-10-08T18:04:19.4831747Z Updating files:  99% (12868/12997)
2026-10-08T18:04:19.4832194Z Updating files: 100% (12997/12997)
2026-10-08T18:04:19.4832578Z Updating files: 100% (12997/12997), done.
2026-10-08T18:04:19.5254025Z Switched to a new branch 'main'
2026-10-08T18:04:19.5262335Z branch 'main' set up to track 'origin/main'.
2026-10-08T18:04:19.5362526Z ##[endgroup]
2026-10-08T18:04:19.5412419Z [command]/usr/bin/git log -1 --format=%H
2026-10-08T18:04:19.5439607Z 74d261b7be865830742c5b3d061ba53d0b41033c
2026-10-08T18:04:19.5710966Z ##[group]Run actions/setup-node@v4
2026-10-08T18:04:19.5711272Z with:
2026-10-08T18:04:19.5711482Z   node-version: 22
2026-10-08T18:04:19.5711689Z   cache: npm
2026-10-08T18:04:19.5711911Z   always-auth: false
2026-10-08T18:04:19.5712132Z   check-latest: false
2026-10-08T18:04:19.5714751Z   token: ***
2026-10-08T18:04:19.5714987Z ##[endgroup]
2026-10-08T18:04:19.7265867Z Found in cache @ /opt/hostedtoolcache/node/22.23.3/x64
2026-10-08T18:04:19.7269557Z (node:2303) [DEP0040] DeprecationWarning: The `punycode` module is deprecated. Please use a userland alternative instead.
2026-10-08T18:04:19.7273244Z (Use `node --trace-deprecation ...` to show where the warning was created)
2026-10-08T18:04:19.7274474Z ##[group]Environment details
2026-10-08T18:04:22.9011465Z node: v22.23.3
2026-10-08T18:04:22.9012058Z npm: 10.9.9
2026-10-08T18:04:22.9012452Z yarn: 1.22.22
2026-10-08T18:04:22.9013915Z ##[endgroup]
2026-10-08T18:04:22.9037574Z [command]/opt/hostedtoolcache/node/22.23.3/x64/bin/npm config get cache
2026-10-08T18:04:23.2066130Z /home/runner/.npm
2026-10-08T18:04:23.2955388Z Cache hit for: node-cache-Linux-x64-npm-b8ba1b1e75b534e8b18fa308aa4c06e83b4d486ff426239c6fd9007055bc4cce
2026-10-08T18:04:23.3060060Z (node:2303) [DEP0169] DeprecationWarning: `url.parse()` behavior is not standardized and prone to errors that have security implications. Use the WHATWG URL API instead. CVEs are not issued for `url.parse()` vulnerabilities.
2026-10-08T18:04:23.6191107Z Received 15714701 of 15714701 (100.0%), 58.1 MBs/sec
2026-10-08T18:04:23.6191654Z Cache Size: ~15 MB (15714701 B)
2026-10-08T18:04:23.6217970Z [command]/usr/bin/tar -xf /home/runner/work/_temp/faa53b81-1ab2-4954-8779-c7453e1b92d4/cache.tzst -P -C /home/runner/work/opendesk-browser/opendesk-browser --use-compress-program unzstd
2026-10-08T18:04:23.6980724Z Cache restored successfully
2026-10-08T18:04:23.6992436Z Cache restored from key: node-cache-Linux-x64-npm-b8ba1b1e75b534e8b18fa308aa4c06e83b4d486ff426239c6fd9007055bc4cce
2026-10-08T18:04:23.7169609Z ##[group]Run npm ci --ignore-scripts --no-audit --no-fund
2026-10-08T18:04:23.7170096Z [36;1mnpm ci --ignore-scripts --no-audit --no-fund[0m
2026-10-08T18:04:23.7459039Z shell: /usr/bin/bash -e {0}
2026-10-08T18:04:23.7459346Z ##[endgroup]
2026-10-08T18:04:27.2639818Z 
2026-10-08T18:04:27.2646206Z added 240 packages in 3s
2026-10-08T18:04:27.3145038Z ##[group]Run node --test tests/environment/native-agent-wire.test.mjs tests/environment/native-agent-host.test.mjs tests/environment/native-agent-bridge.test.mjs tests/environment/native-agent-native-host.test.mjs tests/environment/native-agent-package.test.mjs tests/environment/compact-schema.test.mjs tests/environment/agent-to-task-fixtures.test.mjs
2026-10-08T18:04:27.3150639Z [36;1mnode --test tests/environment/native-agent-wire.test.mjs tests/environment/native-agent-host.test.mjs tests/environment/native-agent-bridge.test.mjs tests/environment/native-agent-native-host.test.mjs tests/environment/native-agent-package.test.mjs tests/environment/compact-schema.test.mjs tests/environment/agent-to-task-fixtures.test.mjs[0m
2026-10-08T18:04:27.3217620Z shell: /usr/bin/bash -e {0}
2026-10-08T18:04:27.3217887Z ##[endgroup]
2026-10-08T18:04:27.4037991Z TAP version 13
2026-10-08T18:04:27.4579845Z # Subtest: read-only Agent observation draft retains the main R6.2 bounded snapshot contract
2026-10-08T18:04:27.4587614Z ok 1 - read-only Agent observation draft retains the main R6.2 bounded snapshot contract
2026-10-08T18:04:27.4589034Z   ---
2026-10-08T18:04:27.4590065Z   duration_ms: 8.310862
2026-10-08T18:04:27.4590848Z   type: 'test'
2026-10-08T18:04:27.4591522Z   ...
2026-10-08T18:04:27.4729617Z # Subtest: modern Locator Task candidate is exact and immutable, never pre-verified
2026-10-08T18:04:27.4731252Z ok 2 - modern Locator Task candidate is exact and immutable, never pre-verified
2026-10-08T18:04:27.4732259Z   ---
2026-10-08T18:04:27.4732818Z   duration_ms: 13.380703
2026-10-08T18:04:27.4733531Z   type: 'test'
2026-10-08T18:04:27.4734083Z   ...
2026-10-08T18:04:27.5679083Z # Subtest: fixed production protocol Schema uses variable-width LZW and decodes byte-for-byte to the audited object
2026-10-08T18:04:27.5700921Z ok 3 - fixed production protocol Schema uses variable-width LZW and decodes byte-for-byte to the audited object
2026-10-08T18:04:27.5709233Z   ---
2026-10-08T18:04:27.5709939Z   duration_ms: 107.292563
2026-10-08T18:04:27.5710737Z   type: 'test'
2026-10-08T18:04:27.5711145Z   ...
2026-10-08T18:04:27.5711791Z # Subtest: small and non-ASCII schemas still round-trip through existing smaller-of-two-formats selection
2026-10-08T18:04:27.5712776Z ok 4 - small and non-ASCII schemas still round-trip through existing smaller-of-two-formats selection
2026-10-08T18:04:27.5713369Z   ---
2026-10-08T18:04:27.5713609Z   duration_ms: 1.296642
2026-10-08T18:04:27.5713930Z   type: 'test'
2026-10-08T18:04:27.5714154Z   ...
2026-10-08T18:04:27.5834047Z # Subtest: startup permission check cannot reconnect after permission-removed
2026-10-08T18:04:27.5857847Z ok 5 - startup permission check cannot reconnect after permission-removed
2026-10-08T18:04:27.5858522Z   ---
2026-10-08T18:04:27.5858853Z   duration_ms: 10.562716
2026-10-08T18:04:27.5859240Z   type: 'test'
2026-10-08T18:04:27.5859576Z   ...
2026-10-08T18:04:27.5860344Z # Subtest: startup permission check cannot reconnect after dispose
2026-10-08T18:04:27.5861267Z ok 6 - startup permission check cannot reconnect after dispose
2026-10-08T18:04:27.5861843Z   ---
2026-10-08T18:04:27.5862166Z   duration_ms: 1.181487
2026-10-08T18:04:27.5862534Z   type: 'test'
2026-10-08T18:04:27.5862987Z   ...
2026-10-08T18:04:27.5863612Z # Subtest: reserved mutation never dispatches across disable
2026-10-08T18:04:27.5868093Z ok 7 - reserved mutation never dispatches across disable
2026-10-08T18:04:27.5887121Z   ---
2026-10-08T18:04:27.5897561Z   duration_ms: 12.411211
2026-10-08T18:04:27.5927086Z   type: 'test'
2026-10-08T18:04:27.5927681Z   ...
2026-10-08T18:04:27.5928390Z # Subtest: reserved mutation never dispatches across permission-removed
2026-10-08T18:04:27.5929345Z ok 8 - reserved mutation never dispatches across permission-removed
2026-10-08T18:04:27.5929992Z   ---
2026-10-08T18:04:27.5930390Z   duration_ms: 8.274244
2026-10-08T18:04:27.5930939Z   type: 'test'
2026-10-08T18:04:27.5931417Z   ...
2026-10-08T18:04:27.5932411Z # Subtest: reserved mutation never dispatches across disconnect-reconnect
2026-10-08T18:04:27.5933700Z ok 9 - reserved mutation never dispatches across disconnect-reconnect
2026-10-08T18:04:27.5934444Z   ---
2026-10-08T18:04:27.5934931Z   duration_ms: 10.796176
2026-10-08T18:04:27.5935468Z   type: 'test'
2026-10-08T18:04:27.5935864Z   ...
2026-10-08T18:04:27.5936952Z # Subtest: reserved mutation never dispatches across disable-enable
2026-10-08T18:04:27.5937949Z ok 10 - reserved mutation never dispatches across disable-enable
2026-10-08T18:04:27.5938456Z   ---
2026-10-08T18:04:27.5938661Z   duration_ms: 7.206871
2026-10-08T18:04:27.5938890Z   type: 'test'
2026-10-08T18:04:27.5939096Z   ...
2026-10-08T18:04:27.5939602Z # Subtest: reserved mutation never dispatches across dispose
2026-10-08T18:04:27.5940070Z ok 11 - reserved mutation never dispatches across dispose
2026-10-08T18:04:27.5940478Z   ---
2026-10-08T18:04:27.5940750Z   duration_ms: 6.402598
2026-10-08T18:04:27.5941000Z   type: 'test'
2026-10-08T18:04:27.5941267Z   ...
2026-10-08T18:04:27.5941802Z # Subtest: Native permission is rechecked immediately before dispatch
2026-10-08T18:04:27.5942393Z ok 12 - Native permission is rechecked immediately before dispatch
2026-10-08T18:04:27.5942876Z   ---
2026-10-08T18:04:27.5943128Z   duration_ms: 6.097709
2026-10-08T18:04:27.5943356Z   type: 'test'
2026-10-08T18:04:27.5943561Z   ...
2026-10-08T18:04:27.5944137Z # Subtest: a late disconnect from an old Native port cannot cancel a new connection request
2026-10-08T18:04:27.5944828Z ok 13 - a late disconnect from an old Native port cannot cancel a new connection request
2026-10-08T18:04:27.5945375Z   ---
2026-10-08T18:04:27.5945591Z   duration_ms: 12.318397
2026-10-08T18:04:27.5945831Z   type: 'test'
2026-10-08T18:04:27.5946026Z   ...
2026-10-08T18:04:27.5946670Z # Subtest: a pending enable permission check cannot overwrite disable
2026-10-08T18:04:27.5947384Z ok 14 - a pending enable permission check cannot overwrite disable
2026-10-08T18:04:27.5948021Z   ---
2026-10-08T18:04:27.5948491Z   duration_ms: 3.846925
2026-10-08T18:04:27.5948928Z   type: 'test'
2026-10-08T18:04:27.5949295Z   ...
2026-10-08T18:04:27.5950071Z # Subtest: a pending enable permission check cannot overwrite permission-removed
2026-10-08T18:04:27.5951225Z ok 15 - a pending enable permission check cannot overwrite permission-removed
2026-10-08T18:04:27.5951908Z   ---
2026-10-08T18:04:27.5952251Z   duration_ms: 4.749411
2026-10-08T18:04:27.5952637Z   type: 'test'
2026-10-08T18:04:27.5952969Z   ...
2026-10-08T18:04:27.5953681Z # Subtest: a pending enable storage write cannot persist over a newer disable
2026-10-08T18:04:27.5954711Z ok 16 - a pending enable storage write cannot persist over a newer disable
2026-10-08T18:04:27.5955364Z   ---
2026-10-08T18:04:27.5955705Z   duration_ms: 1.319985
2026-10-08T18:04:27.5956082Z   type: 'test'
2026-10-08T18:04:27.5966773Z   ...
2026-10-08T18:04:27.5967719Z # Subtest: an old Host ACK cannot match a new connection read with the same external requestId
2026-10-08T18:04:27.5968630Z ok 17 - an old Host ACK cannot match a new connection read with the same external requestId
2026-10-08T18:04:27.5969249Z   ---
2026-10-08T18:04:27.5969461Z   duration_ms: 16.588
2026-10-08T18:04:27.5969690Z   type: 'test'
2026-10-08T18:04:27.5969889Z   ...
2026-10-08T18:04:27.5970481Z # Subtest: enabled Native handshake sends version and correct extension identity
2026-10-08T18:04:27.5971202Z ok 18 - enabled Native handshake sends version and correct extension identity
2026-10-08T18:04:27.5971666Z   ---
2026-10-08T18:04:27.5971871Z   duration_ms: 4.125685
2026-10-08T18:04:27.5972096Z   type: 'test'
2026-10-08T18:04:27.5972387Z   ...
2026-10-08T18:04:27.5973283Z # Subtest: default-off requires a packaged Settings sender and real granted Native permission
2026-10-08T18:04:27.5974613Z ok 19 - default-off requires a packaged Settings sender and real granted Native permission
2026-10-08T18:04:27.5975386Z   ---
2026-10-08T18:04:27.5975759Z   duration_ms: 0.921571
2026-10-08T18:04:27.5976179Z   type: 'test'
2026-10-08T18:04:27.5977227Z   ...
2026-10-08T18:04:27.5978162Z # Subtest: request hash journal deduplicates after real Host admission; conflicting bytes fail
2026-10-08T18:04:27.5979513Z ok 20 - request hash journal deduplicates after real Host admission; conflicting bytes fail
2026-10-08T18:04:27.5980330Z   ---
2026-10-08T18:04:27.5980705Z   duration_ms: 14.306651
2026-10-08T18:04:27.5981136Z   type: 'test'
2026-10-08T18:04:27.5981491Z   ...
2026-10-08T18:04:27.5982342Z # Subtest: dispatched but unanswered calls are never retried, even if same id reappears
2026-10-08T18:04:27.5983614Z ok 21 - dispatched but unanswered calls are never retried, even if same id reappears
2026-10-08T18:04:27.5984393Z   ---
2026-10-08T18:04:27.5984768Z   duration_ms: 11.877517
2026-10-08T18:04:27.5985203Z   type: 'test'
2026-10-08T18:04:27.5985552Z   ...
2026-10-08T18:04:27.5986633Z # Subtest: no live registered Host means no run reservation or Worker execution
2026-10-08T18:04:27.5987812Z ok 22 - no live registered Host means no run reservation or Worker execution
2026-10-08T18:04:27.5988626Z   ---
2026-10-08T18:04:27.5989005Z   duration_ms: 2.195471
2026-10-08T18:04:27.5989418Z   type: 'test'
2026-10-08T18:04:27.5989793Z   ...
2026-10-08T18:04:27.5990557Z # Subtest: run.get and run.stop cannot inspect arbitrary Sidebar-owned Run records
2026-10-08T18:04:27.5991739Z ok 23 - run.get and run.stop cannot inspect arbitrary Sidebar-owned Run records
2026-10-08T18:04:27.5992466Z   ---
2026-10-08T18:04:27.5992829Z   duration_ms: 2.113096
2026-10-08T18:04:27.5993252Z   type: 'test'
2026-10-08T18:04:27.5993620Z   ...
2026-10-08T18:04:27.5997540Z # Subtest: ACK journal write failure after Host action remains OUTCOME_UNKNOWN and never replays
2026-10-08T18:04:27.5999042Z ok 24 - ACK journal write failure after Host action remains OUTCOME_UNKNOWN and never replays
2026-10-08T18:04:27.6000069Z   ---
2026-10-08T18:04:27.6000536Z   duration_ms: 16.610682
2026-10-08T18:04:27.6001027Z   type: 'test'
2026-10-08T18:04:27.6001440Z   ...
2026-10-08T18:04:27.6241902Z # Subtest: run.get and run.stop remain pinned to the original authenticated Host registration
2026-10-08T18:04:27.6258013Z ok 25 - run.get and run.stop remain pinned to the original authenticated Host registration
2026-10-08T18:04:27.6259115Z   ---
2026-10-08T18:04:27.6259737Z   duration_ms: 24.177778
2026-10-08T18:04:27.6260418Z   type: 'test'
2026-10-08T18:04:27.6261050Z   ...
2026-10-08T18:04:27.6397571Z # Subtest: current target is live Sidebar snapshot, not active tab chosen by CLI
2026-10-08T18:04:27.6437850Z ok 26 - current target is live Sidebar snapshot, not active tab chosen by CLI
2026-10-08T18:04:27.6440769Z   ---
2026-10-08T18:04:27.6441390Z   duration_ms: 2.459173
2026-10-08T18:04:27.6441898Z   type: 'test'
2026-10-08T18:04:27.6442240Z   ...
2026-10-08T18:04:27.6442852Z # Subtest: external draft uses exact RunHost with frozen borrowed target and controller requestId
2026-10-08T18:04:27.6443662Z ok 27 - external draft uses exact RunHost with frozen borrowed target and controller requestId
2026-10-08T18:04:27.6444150Z   ---
2026-10-08T18:04:27.6444352Z   duration_ms: 0.809431
2026-10-08T18:04:27.6444588Z   type: 'test'
2026-10-08T18:04:27.6444794Z   ...
2026-10-08T18:04:27.6445239Z # Subtest: Host ACK correlation preserves the external Controller admission requestId
2026-10-08T18:04:27.6445907Z ok 28 - Host ACK correlation preserves the external Controller admission requestId
2026-10-08T18:04:27.6446595Z   ---
2026-10-08T18:04:27.6446970Z   duration_ms: 0.575475
2026-10-08T18:04:27.6447402Z   type: 'test'
2026-10-08T18:04:27.6447729Z   ...
2026-10-08T18:04:27.6448513Z # Subtest: permissions and document id fail before admission (no Chrome prompt)
2026-10-08T18:04:27.6449790Z ok 29 - permissions and document id fail before admission (no Chrome prompt)
2026-10-08T18:04:27.6450481Z   ---
2026-10-08T18:04:27.6450838Z   duration_ms: 2.385566
2026-10-08T18:04:27.6451239Z   type: 'test'
2026-10-08T18:04:27.6451568Z   ...
2026-10-08T18:04:27.6452151Z # Subtest: saved requires pinned exact revision and source hash
2026-10-08T18:04:27.6453584Z ok 30 - saved requires pinned exact revision and source hash
2026-10-08T18:04:27.6454180Z   ---
2026-10-08T18:04:27.6454519Z   duration_ms: 1.177098
2026-10-08T18:04:27.6454903Z   type: 'test'
2026-10-08T18:04:27.6455257Z   ...
2026-10-08T18:04:27.6456073Z # Subtest: run.get removes unrelated Sidebar run history from Controller snapshot projection
2026-10-08T18:04:27.6457627Z ok 31 - run.get removes unrelated Sidebar run history from Controller snapshot projection
2026-10-08T18:04:27.6458438Z   ---
2026-10-08T18:04:27.6458792Z   duration_ms: 0.482271
2026-10-08T18:04:27.6459193Z   type: 'test'
2026-10-08T18:04:27.6459552Z   ...
2026-10-08T18:04:27.6595610Z # Subtest: identity is pinned; invalid origin cannot launch a server
2026-10-08T18:04:27.6602216Z ok 32 - identity is pinned; invalid origin cannot launch a server
2026-10-08T18:04:27.6603062Z   ---
2026-10-08T18:04:27.6603584Z   duration_ms: 2.734467
2026-10-08T18:04:27.6604121Z   type: 'test'
2026-10-08T18:04:27.6604659Z   ...
2026-10-08T18:04:27.6681605Z # Subtest: framed Chrome welcome, authenticated local IPC, request and exact response
2026-10-08T18:04:27.6690181Z ok 33 - framed Chrome welcome, authenticated local IPC, request and exact response
2026-10-08T18:04:27.6691156Z   ---
2026-10-08T18:04:27.6691669Z   duration_ms: 17.426638
2026-10-08T18:04:27.6692288Z   type: 'test'
2026-10-08T18:04:27.6692888Z   ...
2026-10-08T18:04:27.6736857Z # Subtest: duplicate inflight request ID is rejected, not dispatched again
2026-10-08T18:04:27.6742763Z ok 34 - duplicate inflight request ID is rejected, not dispatched again
2026-10-08T18:04:27.6743667Z   ---
2026-10-08T18:04:27.6744222Z   duration_ms: 5.286303
2026-10-08T18:04:27.6744799Z   type: 'test'
2026-10-08T18:04:27.6745318Z   ...
2026-10-08T18:04:27.6784395Z # Subtest: unacknowledged dispatched effects become unknown on native shutdown
2026-10-08T18:04:27.6790916Z ok 35 - unacknowledged dispatched effects become unknown on native shutdown
2026-10-08T18:04:27.6791949Z   ---
2026-10-08T18:04:27.6792587Z   duration_ms: 5.196275
2026-10-08T18:04:27.6793259Z   type: 'test'
2026-10-08T18:04:27.6793886Z   ...
2026-10-08T18:04:27.6865755Z # Subtest: wrong credential is rejected without local API access
2026-10-08T18:04:27.6867632Z ok 36 - wrong credential is rejected without local API access
2026-10-08T18:04:27.6871207Z   ---
2026-10-08T18:04:27.6871845Z   duration_ms: 4.987866
2026-10-08T18:04:27.6872494Z   type: 'test'
2026-10-08T18:04:27.6873082Z   ...
2026-10-08T18:04:27.7849697Z # Subtest: handshake timeout closes the private socket without stale reuse
2026-10-08T18:04:27.7851443Z ok 37 - handshake timeout closes the private socket without stale reuse
2026-10-08T18:04:27.7852389Z   ---
2026-10-08T18:04:27.7852800Z   duration_ms: 101.455743
2026-10-08T18:04:27.7853260Z   type: 'test'
2026-10-08T18:04:27.7853634Z   ...
2026-10-08T18:04:27.8280834Z # Subtest: native response timeout preserves unknown-effect outcome
2026-10-08T18:04:27.8286603Z ok 38 - native response timeout preserves unknown-effect outcome
2026-10-08T18:04:27.8287356Z   ---
2026-10-08T18:04:27.8287748Z   duration_ms: 42.887
2026-10-08T18:04:27.8288176Z   type: 'test'
2026-10-08T18:04:27.8288594Z   ...
2026-10-08T18:04:27.8289340Z # Subtest: existing socket is never unlinked or replaced by a second host
2026-10-08T18:04:27.8290443Z ok 39 - existing socket is never unlinked or replaced by a second host
2026-10-08T18:04:27.8291172Z   ---
2026-10-08T18:04:27.8291564Z   duration_ms: 1.143866
2026-10-08T18:04:27.8292000Z   type: 'test'
2026-10-08T18:04:27.8292373Z   ...
2026-10-08T18:04:27.8356613Z # Subtest: Native remains optional after merging the current permission catalog
2026-10-08T18:04:27.8357434Z ok 40 - Native remains optional after merging the current permission catalog
2026-10-08T18:04:27.8357940Z   ---
2026-10-08T18:04:27.8358161Z   duration_ms: 10.335393
2026-10-08T18:04:27.8358501Z   type: 'test'
2026-10-08T18:04:27.8358764Z   ...
2026-10-08T18:04:27.8359606Z # Subtest: strict production SW budget and fixed packaged Native transport entry
2026-10-08T18:04:27.8360687Z ok 41 - strict production SW budget and fixed packaged Native transport entry
2026-10-08T18:04:27.8361096Z   ---
2026-10-08T18:04:27.8361395Z   duration_ms: 0.376203
2026-10-08T18:04:27.8361653Z   type: 'test'
2026-10-08T18:04:27.8361894Z   ...
2026-10-08T18:04:27.8362467Z # Subtest: single exact same-extension static import allowed in SW only
2026-10-08T18:04:27.8363030Z ok 42 - single exact same-extension static import allowed in SW only
2026-10-08T18:04:27.8363381Z   ---
2026-10-08T18:04:27.8363581Z   duration_ms: 11.188918
2026-10-08T18:04:27.8363914Z   type: 'test'
2026-10-08T18:04:27.8364157Z   ...
2026-10-08T18:04:27.8364781Z # Subtest: fixed transport registers listeners on the original SW APIs; default-off does not connect
2026-10-08T18:04:27.8365759Z ok 43 - fixed transport registers listeners on the original SW APIs; default-off does not connect
2026-10-08T18:04:27.8366475Z   ---
2026-10-08T18:04:27.8366726Z   duration_ms: 0.727329
2026-10-08T18:04:27.8367088Z   type: 'test'
2026-10-08T18:04:27.8367292Z   ...
2026-10-08T18:04:27.8367838Z # Subtest: native framing uses UTF-8 byte length and handles split multibyte boundaries
2026-10-08T18:04:27.8368610Z ok 44 - native framing uses UTF-8 byte length and handles split multibyte boundaries
2026-10-08T18:04:27.8369124Z   ---
2026-10-08T18:04:27.8369315Z   duration_ms: 2.438364
2026-10-08T18:04:27.8369654Z   type: 'test'
2026-10-08T18:04:27.8369850Z   ...
2026-10-08T18:04:27.8370403Z # Subtest: private CLI line framing has bounded buffer and independent messages
2026-10-08T18:04:27.8371189Z ok 45 - private CLI line framing has bounded buffer and independent messages
2026-10-08T18:04:27.8371649Z   ---
2026-10-08T18:04:27.8371972Z   duration_ms: 1.880242
2026-10-08T18:04:27.8372257Z   type: 'test'
2026-10-08T18:04:27.8372501Z   ...
2026-10-08T18:04:27.8373028Z # Subtest: reject unsupported transport operations and malformed browser requests
2026-10-08T18:04:27.8373872Z ok 46 - reject unsupported transport operations and malformed browser requests
2026-10-08T18:04:27.8374387Z   ---
2026-10-08T18:04:27.8374727Z   duration_ms: 0.54109
2026-10-08T18:04:27.8374962Z   type: 'test'
2026-10-08T18:04:27.8375253Z   ...
2026-10-08T18:04:27.8375705Z # Subtest: stable digest pins equivalent JSON key order and rejects prototype pollution
2026-10-08T18:04:27.8376597Z ok 47 - stable digest pins equivalent JSON key order and rejects prototype pollution
2026-10-08T18:04:27.8377006Z   ---
2026-10-08T18:04:27.8377195Z   duration_ms: 8.874305
2026-10-08T18:04:27.8377415Z   type: 'test'
2026-10-08T18:04:27.8377603Z   ...
2026-10-08T18:04:27.8377785Z 1..47
2026-10-08T18:04:27.8377969Z # tests 47
2026-10-08T18:04:27.8378150Z # suites 0
2026-10-08T18:04:27.8378331Z # pass 47
2026-10-08T18:04:27.8378516Z # fail 0
2026-10-08T18:04:27.8378704Z # cancelled 0
2026-10-08T18:04:27.8378896Z # skipped 0
2026-10-08T18:04:27.8379083Z # todo 0
2026-10-08T18:04:27.8379297Z # duration_ms 468.188178
2026-10-08T18:04:27.8461024Z ##[group]Run node --test tests/environment/script-editor.test.mjs tests/environment/sidebar-draft-runhost.test.mjs tests/environment/task-workbench.test.mjs tests/environment/sidebar-product-contract.test.mjs
2026-10-08T18:04:27.8462553Z [36;1mnode --test tests/environment/script-editor.test.mjs tests/environment/sidebar-draft-runhost.test.mjs tests/environment/task-workbench.test.mjs tests/environment/sidebar-product-contract.test.mjs[0m
2026-10-08T18:04:27.8526880Z shell: /usr/bin/bash -e {0}
2026-10-08T18:04:27.8527154Z ##[endgroup]
2026-10-08T18:04:27.9101325Z TAP version 13
2026-10-08T18:04:28.0124881Z # Subtest: importing a JS draft leaves saved versions and running source independent
2026-10-08T18:04:28.0126874Z ok 1 - importing a JS draft leaves saved versions and running source independent
2026-10-08T18:04:28.0127951Z   ---
2026-10-08T18:04:28.0128484Z   duration_ms: 21.023266
2026-10-08T18:04:28.0128772Z   type: 'test'
2026-10-08T18:04:28.0128991Z   ...
2026-10-08T18:04:28.0166668Z # Subtest: draft import rejects empty/oversized sources and active saves without overwriting the editor
2026-10-08T18:04:28.0168651Z ok 2 - draft import rejects empty/oversized sources and active saves without overwriting the editor
2026-10-08T18:04:28.0169673Z   ---
2026-10-08T18:04:28.0170139Z   duration_ms: 5.489312
2026-10-08T18:04:28.0170801Z   type: 'test'
2026-10-08T18:04:28.0171217Z   ...
2026-10-08T18:04:28.0257694Z # Subtest: catalog draft import updates dependency review from the new source without saving or running
2026-10-08T18:04:28.0287780Z ok 3 - catalog draft import updates dependency review from the new source without saving or running
2026-10-08T18:04:28.0289084Z   ---
2026-10-08T18:04:28.0289716Z   duration_ms: 7.449243
2026-10-08T18:04:28.0290190Z   type: 'test'
2026-10-08T18:04:28.0290572Z   ...
2026-10-08T18:04:28.0291555Z # Subtest: Save persists revision/hash without requesting permission, creating a Run, or executing code
2026-10-08T18:04:28.0293040Z ok 4 - Save persists revision/hash without requesting permission, creating a Run, or executing code
2026-10-08T18:04:28.0293900Z   ---
2026-10-08T18:04:28.0294241Z   duration_ms: 4.186639
2026-10-08T18:04:28.0294626Z   type: 'test'
2026-10-08T18:04:28.0294946Z   ...
2026-10-08T18:04:28.0335586Z # Subtest: reopened editor lists saved scripts without running and loads the selected latest head explicitly
2026-10-08T18:04:28.0337050Z ok 5 - reopened editor lists saved scripts without running and loads the selected latest head explicitly
2026-10-08T18:04:28.0342571Z   ---
2026-10-08T18:04:28.0343003Z   duration_ms: 5.086029
2026-10-08T18:04:28.0343455Z   type: 'test'
2026-10-08T18:04:28.0343835Z   ...
2026-10-08T18:04:28.0387604Z # Subtest: loading a historical revision does not turn it into the latest Save CAS head
2026-10-08T18:04:28.0388567Z ok 6 - loading a historical revision does not turn it into the latest Save CAS head
2026-10-08T18:04:28.0389180Z   ---
2026-10-08T18:04:28.0389658Z   duration_ms: 5.060371
2026-10-08T18:04:28.0390140Z   type: 'test'
2026-10-08T18:04:28.0390598Z   ...
2026-10-08T18:04:28.0449112Z # Subtest: Delete tombstones the latest head and refreshes the saved-script selector
2026-10-08T18:04:28.0450815Z ok 7 - Delete tombstones the latest head and refreshes the saved-script selector
2026-10-08T18:04:28.0451667Z   ---
2026-10-08T18:04:28.0451951Z   duration_ms: 6.238041
2026-10-08T18:04:28.0452200Z   type: 'test'
2026-10-08T18:04:28.0452407Z   ...
2026-10-08T18:04:28.0544314Z # Subtest: saved A stays immutable; Run freezes unsaved B/params/page A; editing C and Save do not replace B
2026-10-08T18:04:28.0545415Z ok 8 - saved A stays immutable; Run freezes unsaved B/params/page A; editing C and Save do not replace B
2026-10-08T18:04:28.0546250Z   ---
2026-10-08T18:04:28.0546970Z   duration_ms: 8.204884
2026-10-08T18:04:28.0547447Z   type: 'test'
2026-10-08T18:04:28.0547816Z   ...
2026-10-08T18:04:28.0606872Z # Subtest: a brand-new unsaved draft runs with an empty script ID and never creates a saved revision
2026-10-08T18:04:28.0610049Z ok 9 - a brand-new unsaved draft runs with an empty script ID and never creates a saved revision
2026-10-08T18:04:28.0611207Z   ---
2026-10-08T18:04:28.0611575Z   duration_ms: 6.774864
2026-10-08T18:04:28.0611979Z   type: 'test'
2026-10-08T18:04:28.0612271Z   ...
2026-10-08T18:04:28.0757181Z # Subtest: permission preparation rejects a switched page; closing the editor during permission never admits a run
2026-10-08T18:04:28.0760764Z ok 10 - permission preparation rejects a switched page; closing the editor during permission never admits a run
2026-10-08T18:04:28.0761326Z   ---
2026-10-08T18:04:28.0761796Z   duration_ms: 14.883187
2026-10-08T18:04:28.0762398Z   type: 'test'
2026-10-08T18:04:28.0762827Z   ...
2026-10-08T18:04:28.0819213Z # Subtest: Stop uses the formal RunHost abort/retirement path and persists stopped with the original pin
2026-10-08T18:04:28.0825810Z ok 11 - Stop uses the formal RunHost abort/retirement path and persists stopped with the original pin
2026-10-08T18:04:28.0826866Z   ---
2026-10-08T18:04:28.0827613Z   duration_ms: 6.286403
2026-10-08T18:04:28.0827954Z   type: 'test'
2026-10-08T18:04:28.0828163Z   ...
2026-10-08T18:04:28.0887870Z # Subtest: pagehide invokes RunHost host-close; reopened editor only reads the durable interrupted Result
2026-10-08T18:04:28.0889744Z ok 12 - pagehide invokes RunHost host-close; reopened editor only reads the durable interrupted Result
2026-10-08T18:04:28.0890545Z   ---
2026-10-08T18:04:28.0890905Z   duration_ms: 7.165804
2026-10-08T18:04:28.0891280Z   type: 'test'
2026-10-08T18:04:28.0891609Z   ...
2026-10-08T18:04:28.0969021Z # Subtest: late Save/Load replies do not overwrite another script selection or edits made during loading
2026-10-08T18:04:28.0971846Z ok 13 - late Save/Load replies do not overwrite another script selection or edits made during loading
2026-10-08T18:04:28.0972455Z   ---
2026-10-08T18:04:28.0972672Z   duration_ms: 7.281439
2026-10-08T18:04:28.0972919Z   type: 'test'
2026-10-08T18:04:28.0973122Z   ...
2026-10-08T18:04:28.1015088Z # Subtest: late saved-script selector load cannot overwrite edits made during loading
2026-10-08T18:04:28.1016719Z ok 14 - late saved-script selector load cannot overwrite edits made during loading
2026-10-08T18:04:28.1017548Z   ---
2026-10-08T18:04:28.1017965Z   duration_ms: 5.015616
2026-10-08T18:04:28.1018428Z   type: 'test'
2026-10-08T18:04:28.1018792Z   ...
2026-10-08T18:04:28.1091066Z # Subtest: an older snapshot reply cannot disable Run after a newer durable observation
2026-10-08T18:04:28.1117553Z ok 15 - an older snapshot reply cannot disable Run after a newer durable observation
2026-10-08T18:04:28.1118568Z   ---
2026-10-08T18:04:28.1119036Z   duration_ms: 7.12607
2026-10-08T18:04:28.1119435Z   type: 'test'
2026-10-08T18:04:28.1119788Z   ...
2026-10-08T18:04:28.1147026Z # Subtest: an older snapshot error cannot overwrite a newer successful durable view
2026-10-08T18:04:28.1148443Z ok 16 - an older snapshot error cannot overwrite a newer successful durable view
2026-10-08T18:04:28.1149384Z   ---
2026-10-08T18:04:28.1149965Z   duration_ms: 5.958509
2026-10-08T18:04:28.1150569Z   type: 'test'
2026-10-08T18:04:28.1151113Z   ...
2026-10-08T18:04:28.1193419Z # Subtest: the permission request remains synchronous in the click fixture; denied permission and invalid params execute nothing
2026-10-08T18:04:28.1195765Z ok 17 - the permission request remains synchronous in the click fixture; denied permission and invalid params execute nothing
2026-10-08T18:04:28.1197407Z   ---
2026-10-08T18:04:28.1197977Z   duration_ms: 5.289129
2026-10-08T18:04:28.1198294Z   type: 'test'
2026-10-08T18:04:28.1198516Z   ...
2026-10-08T18:04:28.1255360Z # Subtest: DOM preview binds frozen source, dependency choice and exact current document from trusted click
2026-10-08T18:04:28.1257548Z ok 18 - DOM preview binds frozen source, dependency choice and exact current document from trusted click
2026-10-08T18:04:28.1258545Z   ---
2026-10-08T18:04:28.1258983Z   duration_ms: 6.119469
2026-10-08T18:04:28.1259652Z   type: 'test'
2026-10-08T18:04:28.1259884Z   ...
2026-10-08T18:04:28.1309233Z # Subtest: DOM preview refuses to inject when the active document changes while permission is pending
2026-10-08T18:04:28.1311615Z ok 19 - DOM preview refuses to inject when the active document changes while permission is pending
2026-10-08T18:04:28.1312779Z   ---
2026-10-08T18:04:28.1313027Z   duration_ms: 5.385942
2026-10-08T18:04:28.1313291Z   type: 'test'
2026-10-08T18:04:28.1313505Z   ...
2026-10-08T18:04:28.1354437Z # Subtest: Developer Stop cannot cancel the formal Task or another view using the shared RunHost
2026-10-08T18:04:28.1356301Z ok 20 - Developer Stop cannot cancel the formal Task or another view using the shared RunHost
2026-10-08T18:04:28.1357376Z   ---
2026-10-08T18:04:28.1357620Z   duration_ms: 3.924209
2026-10-08T18:04:28.1357874Z   type: 'test'
2026-10-08T18:04:28.1358082Z   ...
2026-10-08T18:04:28.1484721Z # Subtest: project import displays source while Save and Run freeze compiled bytes and the original hash
2026-10-08T18:04:28.1485922Z ok 21 - project import displays source while Save and Run freeze compiled bytes and the original hash
2026-10-08T18:04:28.1487192Z   ---
2026-10-08T18:04:28.1487541Z   duration_ms: 12.961128
2026-10-08T18:04:28.1487852Z   type: 'test'
2026-10-08T18:04:28.1488057Z   ...
2026-10-08T18:04:28.1515151Z # Subtest: invalid project envelope leaves the previous editor source and no execution or saved revision
2026-10-08T18:04:28.1517440Z ok 22 - invalid project envelope leaves the previous editor source and no execution or saved revision
2026-10-08T18:04:28.1518660Z   ---
2026-10-08T18:04:28.1519277Z   duration_ms: 2.893582
2026-10-08T18:04:28.1519956Z   type: 'test'
2026-10-08T18:04:28.1520564Z   ...
2026-10-08T18:04:28.1608028Z # Subtest: RunHost freezes a draft source variant and parameters before awaiting the host connection
2026-10-08T18:04:28.1609879Z ok 23 - RunHost freezes a draft source variant and parameters before awaiting the host connection
2026-10-08T18:04:28.1610912Z   ---
2026-10-08T18:04:28.1611426Z   duration_ms: 3.400391
2026-10-08T18:04:28.1612026Z   type: 'test'
2026-10-08T18:04:28.1612484Z   ...
2026-10-08T18:04:28.1613497Z # Subtest: saved script API retains explicit scriptId/revision/contentHash admission
2026-10-08T18:04:28.1614855Z ok 24 - saved script API retains explicit scriptId/revision/contentHash admission
2026-10-08T18:04:28.1615754Z   ---
2026-10-08T18:04:28.1616234Z   duration_ms: 0.589591
2026-10-08T18:04:28.1617193Z   type: 'test'
2026-10-08T18:04:28.1617677Z   ...
2026-10-08T18:04:28.1618524Z # Subtest: manifest exposes tool.html as a global Chrome Side Panel
2026-10-08T18:04:28.1619585Z ok 25 - manifest exposes tool.html as a global Chrome Side Panel
2026-10-08T18:04:28.1620391Z   ---
2026-10-08T18:04:28.1620899Z   duration_ms: 9.593608
2026-10-08T18:04:28.1621481Z   type: 'test'
2026-10-08T18:04:28.1621959Z   ...
2026-10-08T18:04:28.1622691Z # Subtest: product shell has no popup-window fallback
2026-10-08T18:04:28.1623624Z ok 26 - product shell has no popup-window fallback
2026-10-08T18:04:28.1624353Z   ---
2026-10-08T18:04:28.1624824Z   duration_ms: 2.181234
2026-10-08T18:04:28.1625376Z   type: 'test'
2026-10-08T18:04:28.1625858Z   ...
2026-10-08T18:04:28.1627109Z # Subtest: default Run freezes Current Page then revalidates before existing RunHost
2026-10-08T18:04:28.1628495Z ok 27 - default Run freezes Current Page then revalidates before existing RunHost
2026-10-08T18:04:28.1629368Z   ---
2026-10-08T18:04:28.1629839Z   duration_ms: 3.29279
2026-10-08T18:04:28.1630371Z   type: 'test'
2026-10-08T18:04:28.1630817Z   ...
2026-10-08T18:04:28.1631900Z # Subtest: trusted Side Panel run sends the exact unsaved draft to the original Controller authority
2026-10-08T18:04:28.1633542Z ok 28 - trusted Side Panel run sends the exact unsaved draft to the original Controller authority
2026-10-08T18:04:28.1634423Z   ---
2026-10-08T18:04:28.1634910Z   duration_ms: 3.436422
2026-10-08T18:04:28.1635305Z   type: 'test'
2026-10-08T18:04:28.1635633Z   ...
2026-10-08T18:04:28.1636925Z # Subtest: R6 uses valid tab roles with labelled content panels
2026-10-08T18:04:28.1637922Z ok 29 - R6 uses valid tab roles with labelled content panels
2026-10-08T18:04:28.1638503Z   ---
2026-10-08T18:04:28.1638862Z   duration_ms: 1.559343
2026-10-08T18:04:28.1639262Z   type: 'test'
2026-10-08T18:04:28.1639608Z   ...
2026-10-08T18:04:28.1640454Z # Subtest: R4 Sidebar sections preserve consumer controls and keep engineering tools folded
2026-10-08T18:04:28.1641749Z ok 30 - R4 Sidebar sections preserve consumer controls and keep engineering tools folded
2026-10-08T18:04:28.1642493Z   ---
2026-10-08T18:04:28.1642815Z   duration_ms: 4.970832
2026-10-08T18:04:28.1643198Z   type: 'test'
2026-10-08T18:04:28.1643528Z   ...
2026-10-08T18:04:28.1644316Z # Subtest: Sidebar starts at its three tabs without repeating Chrome extension identity
2026-10-08T18:04:28.1645504Z ok 31 - Sidebar starts at its three tabs without repeating Chrome extension identity
2026-10-08T18:04:28.1646229Z   ---
2026-10-08T18:04:28.1646871Z   duration_ms: 1.557158
2026-10-08T18:04:28.1647576Z   type: 'test'
2026-10-08T18:04:28.1647932Z   ...
2026-10-08T18:04:28.1653106Z # Subtest: entering Sidebar task views reads external installations without executing and preserves unchanged form inputs
2026-10-08T18:04:28.1654876Z ok 32 - entering Sidebar task views reads external installations without executing and preserves unchanged form inputs
2026-10-08T18:04:28.1655741Z   ---
2026-10-08T18:04:28.1655951Z   duration_ms: 23.586083
2026-10-08T18:04:28.1656571Z   type: 'test'
2026-10-08T18:04:28.1656934Z   ...
2026-10-08T18:04:28.1657695Z # Subtest: installed tasks default page, render schema form and freeze the exact saved version/params/target
2026-10-08T18:04:28.1659039Z ok 33 - installed tasks default page, render schema form and freeze the exact saved version/params/target
2026-10-08T18:04:28.1659874Z   ---
2026-10-08T18:04:28.1660145Z   duration_ms: 20.887732
2026-10-08T18:04:28.1660378Z   type: 'test'
2026-10-08T18:04:28.1660575Z   ...
2026-10-08T18:04:28.1662354Z # Subtest: installed task can be explicitly forked into an independent unsaved editor draft
2026-10-08T18:04:28.1687509Z ok 34 - installed task can be explicitly forked into an independent unsaved editor draft
2026-10-08T18:04:28.1688325Z   ---
2026-10-08T18:04:28.1688680Z   duration_ms: 6.513165
2026-10-08T18:04:28.1689084Z   type: 'test'
2026-10-08T18:04:28.1689439Z   ...
2026-10-08T18:04:28.1690343Z # Subtest: task Stop cannot cancel another view's in-flight draft; parameter form never navigates
2026-10-08T18:04:28.1691694Z ok 35 - task Stop cannot cancel another view's in-flight draft; parameter form never navigates
2026-10-08T18:04:28.1692482Z   ---
2026-10-08T18:04:28.1692827Z   duration_ms: 6.979977
2026-10-08T18:04:28.1693223Z   type: 'test'
2026-10-08T18:04:28.1693574Z   ...
2026-10-08T18:04:28.1694384Z # Subtest: installed task refuses stale target after async installed-version lookup
2026-10-08T18:04:28.1695113Z ok 36 - installed task refuses stale target after async installed-version lookup
2026-10-08T18:04:28.1695898Z   ---
2026-10-08T18:04:28.1696528Z   duration_ms: 7.217841
2026-10-08T18:04:28.1697028Z   type: 'test'
2026-10-08T18:04:28.1697393Z   ...
2026-10-08T18:04:28.1698239Z # Subtest: task cards retain readable selection and do not surface raw IDs as the main UI
2026-10-08T18:04:28.1699479Z ok 37 - task cards retain readable selection and do not surface raw IDs as the main UI
2026-10-08T18:04:28.1700212Z   ---
2026-10-08T18:04:28.1700562Z   duration_ms: 2.856466
2026-10-08T18:04:28.1700956Z   type: 'test'
2026-10-08T18:04:28.1701296Z   ...
2026-10-08T18:04:28.1702321Z # Subtest: Sidebar Discover searches installed tasks only and selects a task without running or opening the catalog
2026-10-08T18:04:28.1703971Z ok 38 - Sidebar Discover searches installed tasks only and selects a task without running or opening the catalog
2026-10-08T18:04:28.1704885Z   ---
2026-10-08T18:04:28.1705249Z   duration_ms: 8.337552
2026-10-08T18:04:28.1705681Z   type: 'test'
2026-10-08T18:04:28.1706541Z   ...
2026-10-08T18:04:28.1707426Z # Subtest: Discover filter controls are real view filters and cannot start another run
2026-10-08T18:04:28.1708729Z ok 39 - Discover filter controls are real view filters and cannot start another run
2026-10-08T18:04:28.1709474Z   ---
2026-10-08T18:04:28.1709826Z   duration_ms: 13.282728
2026-10-08T18:04:28.1710246Z   type: 'test'
2026-10-08T18:04:28.1710592Z   ...
2026-10-08T18:04:28.1711444Z # Subtest: opening the separate full-size catalog preserves its import and management view
2026-10-08T18:04:28.1712726Z ok 40 - opening the separate full-size catalog preserves its import and management view
2026-10-08T18:04:28.1713478Z   ---
2026-10-08T18:04:28.1713820Z   duration_ms: 3.804075
2026-10-08T18:04:28.1714216Z   type: 'test'
2026-10-08T18:04:28.1714551Z   ...
2026-10-08T18:04:28.1715541Z # Subtest: full-size catalog keeps its own reader after real install and re-reads the single Task Catalog state
2026-10-08T18:04:28.1717187Z ok 41 - full-size catalog keeps its own reader after real install and re-reads the single Task Catalog state
2026-10-08T18:04:28.1718015Z   ---
2026-10-08T18:04:28.1718227Z   duration_ms: 4.065613
2026-10-08T18:04:28.1718576Z   type: 'test'
2026-10-08T18:04:28.1718908Z   ...
2026-10-08T18:04:28.1719585Z # Subtest: idle Discover has no fixed footer and inline import still opens the authenticated catalog
2026-10-08T18:04:28.1720344Z ok 42 - idle Discover has no fixed footer and inline import still opens the authenticated catalog
2026-10-08T18:04:28.1720883Z   ---
2026-10-08T18:04:28.1721227Z   duration_ms: 13.256459
2026-10-08T18:04:28.1721521Z   type: 'test'
2026-10-08T18:04:28.1721727Z   ...
2026-10-08T18:04:28.1722090Z # Subtest: R5 result/history stay out of sight until a task has runs
2026-10-08T18:04:28.1722711Z ok 43 - R5 result/history stay out of sight until a task has runs
2026-10-08T18:04:28.1723336Z   ---
2026-10-08T18:04:28.1723572Z   duration_ms: 7.955689
2026-10-08T18:04:28.1723863Z   type: 'test'
2026-10-08T18:04:28.1724239Z   ...
2026-10-08T18:04:28.1725266Z # Subtest: card view retains original action identities, history and parameter form across tab changes
2026-10-08T18:04:28.1727063Z ok 44 - card view retains original action identities, history and parameter form across tab changes
2026-10-08T18:04:28.1727972Z   ---
2026-10-08T18:04:28.1728364Z   duration_ms: 11.471706
2026-10-08T18:04:28.1728805Z   type: 'test'
2026-10-08T18:04:28.1729149Z   ...
2026-10-08T18:04:28.1730128Z # Subtest: switching between two installed tasks preserves each independent unsaved parameter input
2026-10-08T18:04:28.1735355Z ok 45 - switching between two installed tasks preserves each independent unsaved parameter input
2026-10-08T18:04:28.1736664Z   ---
2026-10-08T18:04:28.1737215Z   duration_ms: 3.239781
2026-10-08T18:04:28.1737789Z   type: 'test'
2026-10-08T18:04:28.1738260Z   ...
2026-10-08T18:04:28.1739001Z # Subtest: R6 accessible roving tabs support Arrow and Home/End
2026-10-08T18:04:28.1740107Z ok 46 - R6 accessible roving tabs support Arrow and Home/End
2026-10-08T18:04:28.1740886Z   ---
2026-10-08T18:04:28.1741409Z   duration_ms: 3.299783
2026-10-08T18:04:28.1741978Z   type: 'test'
2026-10-08T18:04:28.1742484Z   ...
2026-10-08T18:04:28.1753688Z # Subtest: R6 task card refresh, keyboard selection and Discover handoff restore focus
2026-10-08T18:04:28.1755134Z ok 47 - R6 task card refresh, keyboard selection and Discover handoff restore focus
2026-10-08T18:04:28.1756135Z   ---
2026-10-08T18:04:28.1757005Z   duration_ms: 6.023881
2026-10-08T18:04:28.1757697Z   type: 'test'
2026-10-08T18:04:28.1758298Z   ...
2026-10-08T18:04:28.1887550Z # Subtest: R6 late run start/result cannot become the newly selected task status
2026-10-08T18:04:28.1907595Z ok 48 - R6 late run start/result cannot become the newly selected task status
2026-10-08T18:04:28.1908365Z   ---
2026-10-08T18:04:28.1908756Z   duration_ms: 14.02254
2026-10-08T18:04:28.1909207Z   type: 'test'
2026-10-08T18:04:28.1909595Z   ...
2026-10-08T18:04:28.2015424Z # Subtest: R6 previous-version notices and results do not leak after installed upgrade
2026-10-08T18:04:28.2017010Z ok 49 - R6 previous-version notices and results do not leak after installed upgrade
2026-10-08T18:04:28.2017759Z   ---
2026-10-08T18:04:28.2018144Z   duration_ms: 12.363432
2026-10-08T18:04:28.2018588Z   type: 'test'
2026-10-08T18:04:28.2018977Z   ...
2026-10-08T18:04:28.2819943Z # Subtest: two extension documents share only a refresh hint and re-read authoritative installed state
2026-10-08T18:04:28.2824172Z ok 50 - two extension documents share only a refresh hint and re-read authoritative installed state
2026-10-08T18:04:28.2825161Z   ---
2026-10-08T18:04:28.2825641Z   duration_ms: 81.012997
2026-10-08T18:04:28.2826210Z   type: 'test'
2026-10-08T18:04:28.2826993Z   ...
2026-10-08T18:04:28.2905472Z # Subtest: catalog installation stays in the complete directory and directs running back to Sidebar
2026-10-08T18:04:28.2907457Z ok 51 - catalog installation stays in the complete directory and directs running back to Sidebar
2026-10-08T18:04:28.2908298Z   ---
2026-10-08T18:04:28.2909115Z   duration_ms: 7.659225
2026-10-08T18:04:28.2909493Z   type: 'test'
2026-10-08T18:04:28.2909817Z   ...
2026-10-08T18:04:28.3022277Z # Subtest: catalog JS import hands source to Sidebar and never enters a view with a hidden runner
2026-10-08T18:04:28.3064293Z ok 52 - catalog JS import hands source to Sidebar and never enters a view with a hidden runner
2026-10-08T18:04:28.3065302Z   ---
2026-10-08T18:04:28.3065810Z   duration_ms: 6.441051
2026-10-08T18:04:28.3066552Z   type: 'test'
2026-10-08T18:04:28.3067071Z   ...
2026-10-08T18:04:28.3068120Z # Subtest: missing Sidebar refuses import with an actionable message, without losing the directory
2026-10-08T18:04:28.3069629Z ok 53 - missing Sidebar refuses import with an actionable message, without losing the directory
2026-10-08T18:04:28.3070570Z   ---
2026-10-08T18:04:28.3071055Z   duration_ms: 10.144778
2026-10-08T18:04:28.3071660Z   type: 'test'
2026-10-08T18:04:28.3072168Z   ...
2026-10-08T18:04:28.3150779Z # Subtest: catalog draft transport errors retain their cause instead of claiming Sidebar is missing
2026-10-08T18:04:28.3158305Z ok 54 - catalog draft transport errors retain their cause instead of claiming Sidebar is missing
2026-10-08T18:04:28.3159116Z   ---
2026-10-08T18:04:28.3159444Z   duration_ms: 8.795768
2026-10-08T18:04:28.3159816Z   type: 'test'
2026-10-08T18:04:28.3160138Z   ...
2026-10-08T18:04:28.3186093Z # Subtest: receiving a source-only import selects Sidebar Developer without creating a run
2026-10-08T18:04:28.3187762Z ok 55 - receiving a source-only import selects Sidebar Developer without creating a run
2026-10-08T18:04:28.3188854Z   ---
2026-10-08T18:04:28.3189406Z   duration_ms: 3.232517
2026-10-08T18:04:28.3189937Z   type: 'test'
2026-10-08T18:04:28.3190748Z   ...
2026-10-08T18:04:28.3342244Z # Subtest: R6.1 task-owned Stop is the sole cross-view action and names the launching task
2026-10-08T18:04:28.3343818Z ok 56 - R6.1 task-owned Stop is the sole cross-view action and names the launching task
2026-10-08T18:04:28.3344723Z   ---
2026-10-08T18:04:28.3345206Z   duration_ms: 15.001429
2026-10-08T18:04:28.3345731Z   type: 'test'
2026-10-08T18:04:28.3346193Z   ...
2026-10-08T18:04:28.3490622Z # Subtest: R6.1 a draft-owned run exposes only its Stop when viewing Tasks or Discover
2026-10-08T18:04:28.3492681Z ok 57 - R6.1 a draft-owned run exposes only its Stop when viewing Tasks or Discover
2026-10-08T18:04:28.3495925Z   ---
2026-10-08T18:04:28.3496957Z   duration_ms: 7.090874
2026-10-08T18:04:28.3497636Z   type: 'test'
2026-10-08T18:04:28.3498306Z   ...
2026-10-08T18:04:28.3573013Z # Subtest: R6.1 stop-only footer CSS hides all non-owner actions without hiding Stop
2026-10-08T18:04:28.3574359Z ok 58 - R6.1 stop-only footer CSS hides all non-owner actions without hiding Stop
2026-10-08T18:04:28.3575192Z   ---
2026-10-08T18:04:28.3575672Z   duration_ms: 15.046183
2026-10-08T18:04:28.3576195Z   type: 'test'
2026-10-08T18:04:28.3576851Z   ...
2026-10-08T18:04:28.3714276Z 1..58
2026-10-08T18:04:28.3715171Z # tests 58
2026-10-08T18:04:28.3715926Z # suites 0
2026-10-08T18:04:28.3716610Z # pass 58
2026-10-08T18:04:28.3717755Z # fail 0
2026-10-08T18:04:28.3718469Z # cancelled 0
2026-10-08T18:04:28.3719612Z # skipped 0
2026-10-08T18:04:28.3720627Z # todo 0
2026-10-08T18:04:28.3721655Z # duration_ms 483.032642
2026-10-08T18:04:28.3861012Z ##[group]Run npm run check
2026-10-08T18:04:28.3861535Z [36;1mnpm run check[0m
2026-10-08T18:04:28.3928624Z shell: /usr/bin/bash -e {0}
2026-10-08T18:04:28.3928894Z ##[endgroup]
2026-10-08T18:04:28.4981145Z 
2026-10-08T18:04:28.4981774Z > opendesk-browser@0.1.0 check
2026-10-08T18:04:28.4982315Z > node scripts/check-source.mjs
2026-10-08T18:04:28.4982518Z 
2026-10-08T18:04:32.4086535Z Syntax checked 167 source/test/build files; scripts/build-contract.mjs entries, fixed SDK/control entries, strict CSP and original MIT checked
2026-10-08T18:04:32.4250501Z ##[group]Run npm run build
2026-10-08T18:04:32.4250808Z [36;1mnpm run build[0m
2026-10-08T18:04:32.4312272Z shell: /usr/bin/bash -e {0}
2026-10-08T18:04:32.4312547Z ##[endgroup]
2026-10-08T18:04:32.5310251Z 
2026-10-08T18:04:32.5310807Z > opendesk-browser@0.1.0 build
2026-10-08T18:04:32.5311341Z > node scripts/build.mjs production
2026-10-08T18:04:32.5311558Z 
2026-10-08T18:04:33.0167188Z [log] 
2026-10-08T18:04:33.0167658Z WXT 0.21.4
2026-10-08T18:04:33.1929238Z [info] Generating types...
2026-10-08T18:04:33.3515155Z [success] Finished in 336 ms
2026-10-08T18:04:33.7770629Z [log] 
2026-10-08T18:04:33.7771071Z WXT 0.21.4
2026-10-08T18:04:33.8913711Z [info] Building chrome-mv3 for production with Vite 7.3.6
2026-10-08T18:04:34.0244132Z [?25l
2026-10-08T18:04:34.0305528Z ⠋ Preparing...[K
2026-10-08T18:04:34.2930069Z ⠋ [1/14] sw[K
2026-10-08T18:04:34.3766133Z ⠙ [1/14] sw[K
2026-10-08T18:04:34.4877714Z ⠹ [1/14] sw[K
2026-10-08T18:04:34.6220374Z ⠸ [1/14] sw[K
2026-10-08T18:04:34.7125629Z ⠼ [1/14] sw[K
2026-10-08T18:04:35.2723749Z ⠴ [1/14] sw[K
2026-10-08T18:04:35.3523561Z ⠦ [1/14] sw[K
2026-10-08T18:04:35.4324186Z ⠧ [1/14] sw[K
2026-10-08T18:04:35.5147781Z ⠇ [1/14] sw[K
2026-10-08T18:04:35.5920454Z ⠏ [1/14] sw[K
2026-10-08T18:04:35.6723187Z ⠋ [1/14] sw[K
2026-10-08T18:04:35.7525496Z ⠙ [1/14] sw[K
2026-10-08T18:04:35.8334593Z ⠹ [1/14] sw[K
2026-10-08T18:04:35.9130166Z ⠸ [1/14] sw[K
2026-10-08T18:04:35.9954098Z ⠼ [1/14] sw[K
2026-10-08T18:04:36.0757800Z ⠴ [1/14] sw[K
2026-10-08T18:04:36.1597677Z ⠦ [1/14] sw[K
2026-10-08T18:04:36.2330102Z ⠧ [1/14] sw[K
2026-10-08T18:04:36.3137760Z ⠇ [1/14] sw[K
2026-10-08T18:04:36.3937468Z ⠏ [1/14] sw[K
2026-10-08T18:04:36.4738793Z ⠋ [1/14] sw[K
2026-10-08T18:04:36.5542210Z ⠙ [1/14] sw[K
2026-10-08T18:04:36.6344276Z ⠹ [1/14] sw[K
2026-10-08T18:04:36.7147679Z ⠸ [1/14] sw[K
2026-10-08T18:04:36.7950080Z ⠼ [1/14] sw[K
2026-10-08T18:04:36.8758024Z ⠴ [1/14] sw[K
2026-10-08T18:04:36.9554937Z ⠦ [1/14] sw[K
2026-10-08T18:04:37.0357635Z ⠧ [1/14] sw[K
2026-10-08T18:04:37.1159812Z ⠇ [1/14] sw[K
2026-10-08T18:04:37.1962353Z ⠏ [1/14] sw[K
2026-10-08T18:04:37.2764114Z ⠋ [1/14] sw[K
2026-10-08T18:04:37.3568753Z ⠙ [1/14] sw[K
2026-10-08T18:04:37.4361028Z ⠹ [1/14] sw[K
2026-10-08T18:04:37.5163534Z ⠸ [1/14] sw[K
2026-10-08T18:04:37.5965652Z ⠼ [1/14] sw[K
2026-10-08T18:04:37.6767899Z ⠴ [1/14] sw[K
2026-10-08T18:04:37.7578259Z ⠦ [1/14] sw[K
2026-10-08T18:04:37.8369823Z ⠧ [1/14] sw[K
2026-10-08T18:04:37.9172230Z ⠇ [1/14] sw[K
2026-10-08T18:04:37.9985245Z ⠏ [1/14] sw[K
2026-10-08T18:04:38.0787894Z ⠋ [1/14] sw[K
2026-10-08T18:04:38.1599140Z ⠙ [1/14] sw[K
2026-10-08T18:04:38.2402567Z ⠹ [1/14] sw[K
2026-10-08T18:04:38.3203689Z ⠸ [1/14] sw[K
2026-10-08T18:04:38.4006565Z ⠼ [1/14] sw[K
2026-10-08T18:04:38.4808933Z ⠴ [1/14] sw[K
2026-10-08T18:04:38.5611325Z ⠦ [1/14] sw[K
2026-10-08T18:04:38.6413914Z ⠧ [1/14] sw[K
2026-10-08T18:04:38.6749793Z ⠇ [1/14] sw[K
2026-10-08T18:04:38.7217491Z ⠇ [2/14] bootstrap[K
2026-10-08T18:04:38.8014370Z ⠏ [2/14] bootstrap[K
2026-10-08T18:04:38.8837728Z ⠋ [2/14] bootstrap[K
2026-10-08T18:04:38.8848462Z ⠙ [2/14] bootstrap[K
2026-10-08T18:04:38.9615188Z ⠙ [3/14] bridge[K
2026-10-08T18:04:39.0418952Z ⠹ [3/14] bridge[K
2026-10-08T18:04:39.1148466Z ⠸ [3/14] bridge[K
2026-10-08T18:04:39.1209737Z ⠸ [4/14] health[K
2026-10-08T18:04:39.2018146Z ⠼ [4/14] health[K
2026-10-08T18:04:39.2705908Z ⠴ [4/14] health[K
2026-10-08T18:04:39.2856735Z ⠴ [5/14] page-agent[K
2026-10-08T18:04:39.3651401Z ⠦ [5/14] page-agent[K
2026-10-08T18:04:39.4466907Z ⠧ [5/14] page-agent[K
2026-10-08T18:04:39.5298100Z ⠇ [5/14] page-agent[K
2026-10-08T18:04:39.6061451Z ⠏ [5/14] page-agent[K
2026-10-08T18:04:39.6887801Z ⠋ [5/14] page-agent[K
2026-10-08T18:04:39.7666980Z ⠙ [5/14] page-agent[K
2026-10-08T18:04:39.8060800Z ⠹ [5/14] page-agent[K
2026-10-08T18:04:39.8601335Z ⠹ [6/14] page-relay[K
2026-10-08T18:04:39.9393325Z ⠸ [6/14] page-relay[K
2026-10-08T18:04:40.0241968Z ⠼ [6/14] page-relay[K
2026-10-08T18:04:40.1022797Z ⠴ [6/14] page-relay[K
2026-10-08T18:04:40.1841603Z ⠦ [6/14] page-relay[K
2026-10-08T18:04:40.2631828Z ⠧ [6/14] page-relay[K
2026-10-08T18:04:40.3001963Z ⠇ [6/14] page-relay[K
2026-10-08T18:04:40.3455378Z ⠇ [7/14] page-session[K
2026-10-08T18:04:40.4251756Z ⠏ [7/14] page-session[K
2026-10-08T18:04:40.5058202Z ⠋ [7/14] page-session[K
2026-10-08T18:04:40.5858250Z ⠙ [7/14] page-session[K
2026-10-08T18:04:40.6658009Z ⠹ [7/14] page-session[K
2026-10-08T18:04:40.7477745Z ⠸ [7/14] page-session[K
2026-10-08T18:04:40.8277752Z ⠼ [7/14] page-session[K
2026-10-08T18:04:40.9064435Z ⠴ [7/14] page-session[K
2026-10-08T18:04:40.9866993Z ⠦ [7/14] page-session[K
2026-10-08T18:04:41.0669546Z ⠧ [7/14] page-session[K
2026-10-08T18:04:41.1471639Z ⠇ [7/14] page-session[K
2026-10-08T18:04:41.1523660Z ⠏ [7/14] page-session[K
2026-10-08T18:04:41.2276078Z ⠏ [8/14] sandbox[K
2026-10-08T18:04:41.3088959Z ⠋ [8/14] sandbox[K
2026-10-08T18:04:41.3887659Z ⠙ [8/14] sandbox[K
2026-10-08T18:04:41.4256843Z ⠹ [8/14] sandbox[K
2026-10-08T18:04:41.4729836Z ⠹ [9/14] sdk-main[K
2026-10-08T18:04:41.5531675Z ⠸ [9/14] sdk-main[K
2026-10-08T18:04:41.6338400Z ⠼ [9/14] sdk-main[K
2026-10-08T18:04:41.7147689Z ⠴ [9/14] sdk-main[K
2026-10-08T18:04:41.7957583Z ⠦ [9/14] sdk-main[K
2026-10-08T18:04:41.8747634Z ⠧ [9/14] sdk-main[K
2026-10-08T18:04:41.9541885Z ⠇ [9/14] sdk-main[K
2026-10-08T18:04:42.0345805Z ⠏ [9/14] sdk-main[K
2026-10-08T18:04:42.1148375Z ⠋ [9/14] sdk-main[K
2026-10-08T18:04:42.1947889Z ⠙ [9/14] sdk-main[K
2026-10-08T18:04:42.1954778Z ⠹ [9/14] sdk-main[K
2026-10-08T18:04:42.2742982Z ⠹ [10/14] selection-entry[K
2026-10-08T18:04:42.3331158Z ⠸ [10/14] selection-entry[K
2026-10-08T18:04:42.3580783Z ⠸ [11/14] settings[K
2026-10-08T18:04:42.4392054Z ⠼ [11/14] settings[K
2026-10-08T18:04:42.5208316Z ⠴ [11/14] settings[K
2026-10-08T18:04:42.5609512Z ⠦ [11/14] settings[K
2026-10-08T18:04:42.6133391Z ⠦ [12/14] tool-shell[K
2026-10-08T18:04:42.6949950Z ⠧ [12/14] tool-shell[K
2026-10-08T18:04:42.9326234Z ⠇ [12/14] tool-shell[K
2026-10-08T18:04:43.0121638Z ⠏ [12/14] tool-shell[K
2026-10-08T18:04:43.0923940Z ⠋ [12/14] tool-shell[K
2026-10-08T18:04:43.1726608Z ⠙ [12/14] tool-shell[K
2026-10-08T18:04:43.2529837Z ⠹ [12/14] tool-shell[K
2026-10-08T18:04:43.3339044Z ⠸ [12/14] tool-shell[K
2026-10-08T18:04:43.4141645Z ⠼ [12/14] tool-shell[K
2026-10-08T18:04:43.4944297Z ⠴ [12/14] tool-shell[K
2026-10-08T18:04:43.5768274Z ⠦ [12/14] tool-shell[K
2026-10-08T18:04:43.6597753Z ⠧ [12/14] tool-shell[K
2026-10-08T18:04:43.7353093Z ⠇ [12/14] tool-shell[K
2026-10-08T18:04:43.8167918Z ⠏ [12/14] tool-shell[K
2026-10-08T18:04:43.8962672Z ⠋ [12/14] tool-shell[K
2026-10-08T18:04:43.9764772Z ⠙ [12/14] tool-shell[K
2026-10-08T18:04:44.0567821Z ⠹ [12/14] tool-shell[K
2026-10-08T18:04:44.1369618Z ⠸ [12/14] tool-shell[K
2026-10-08T18:04:44.2172264Z ⠼ [12/14] tool-shell[K
2026-10-08T18:04:44.2974568Z ⠴ [12/14] tool-shell[K
2026-10-08T18:04:44.3776964Z ⠦ [12/14] tool-shell[K
2026-10-08T18:04:44.4579377Z ⠧ [12/14] tool-shell[K
2026-10-08T18:04:44.5382236Z ⠇ [12/14] tool-shell[K
2026-10-08T18:04:44.6184045Z ⠏ [12/14] tool-shell[K
2026-10-08T18:04:44.6986836Z ⠋ [12/14] tool-shell[K
2026-10-08T18:04:44.7798085Z ⠙ [12/14] tool-shell[K
2026-10-08T18:04:44.8591330Z ⠹ [12/14] tool-shell[K
2026-10-08T18:04:44.9397901Z ⠸ [12/14] tool-shell[K
2026-10-08T18:04:45.0196772Z ⠼ [12/14] tool-shell[K
2026-10-08T18:04:45.0513813Z ⠴ [12/14] tool-shell[K
2026-10-08T18:04:45.1062523Z ⠴ [13/14] transport[K
2026-10-08T18:04:45.1862949Z ⠦ [13/14] transport[K
2026-10-08T18:04:45.2667782Z ⠧ [13/14] transport[K
2026-10-08T18:04:45.3477678Z ⠇ [13/14] transport[K
2026-10-08T18:04:45.4265028Z ⠏ [13/14] transport[K
2026-10-08T18:04:45.5026817Z ⠋ [13/14] transport[K
2026-10-08T18:04:45.5069211Z ⠋ [14/14] worker-runtime[K
2026-10-08T18:04:45.5934948Z ⠙ [14/14] worker-runtime[K
2026-10-08T18:04:45.6735746Z ⠹ [14/14] worker-runtime[K
2026-10-08T18:04:45.7547783Z ⠸ [14/14] worker-runtime[K
2026-10-08T18:04:45.8348096Z ⠼ [14/14] worker-runtime[K
2026-10-08T18:04:45.9207881Z ⠴ [14/14] worker-runtime[K
2026-10-08T18:04:46.0027801Z ⠦ [14/14] worker-runtime[K
2026-10-08T18:04:46.0784304Z ⠧ [14/14] worker-runtime[K
2026-10-08T18:04:46.1587466Z ⠇ [14/14] worker-runtime[K
2026-10-08T18:04:46.2407621Z ⠏ [14/14] worker-runtime[K
2026-10-08T18:04:46.3195861Z ⠋ [14/14] worker-runtime[K
2026-10-08T18:04:46.3835494Z ⠙ [14/14] worker-runtime[K
2026-10-08T18:04:46.3836238Z [K[?25h
2026-10-08T18:04:46.3865308Z [K[?25h[success] Built extension in 12.5 s
2026-10-08T18:04:46.3866628Z   ├─ dist/production/manifest.json                        1.26 kB  
2026-10-08T18:04:46.3867768Z   ├─ dist/production/native-agent/settings.html           1.83 kB  
2026-10-08T18:04:46.3868910Z   ├─ dist/production/scripting/sandbox/sandbox.html       385 B    
2026-10-08T18:04:46.3870159Z   ├─ dist/production/sidebar-tools/sandbox.html           560 B    
2026-10-08T18:04:46.3871493Z   ├─ dist/production/ui/target-bootstrap.html             200 B    
2026-10-08T18:04:46.3872822Z   ├─ dist/production/ui/tool.html                         22.54 kB 
2026-10-08T18:04:46.3874038Z   ├─ dist/production/agents/bootstrap.js                  21.47 kB 
2026-10-08T18:04:46.3875195Z   ├─ dist/production/agents/health.js                     828 B    
2026-10-08T18:04:46.3876590Z   ├─ dist/production/agents/page-agent.js                 34.35 kB 
2026-10-08T18:04:46.3877827Z   ├─ dist/production/agents/page-relay.js                 35.28 kB 
2026-10-08T18:04:46.3879052Z   ├─ dist/production/agents/selection-entry.js            383 B    
2026-10-08T18:04:46.3880272Z   ├─ dist/production/framework/sdk-main.js                49.54 kB 
2026-10-08T18:04:46.3881477Z   ├─ dist/production/native-agent/settings.js             22.16 kB 
2026-10-08T18:04:46.3882697Z   ├─ dist/production/native-agent/transport.js            29.30 kB 
2026-10-08T18:04:46.3883966Z   ├─ dist/production/scripting/packaged/page-session.js   55.08 kB 
2026-10-08T18:04:46.3885244Z   ├─ dist/production/scripting/sandbox/sandbox.js         4.01 kB  
2026-10-08T18:04:46.3886676Z   ├─ dist/production/scripting/sandbox/worker-runtime.js  49.68 kB 
2026-10-08T18:04:46.3888140Z   ├─ dist/production/sidebar-tools/bridge.js              2.60 kB  
2026-10-08T18:04:46.3889252Z   ├─ dist/production/sw.js                                324.98 kB
2026-10-08T18:04:46.3890233Z   ├─ dist/production/ui/tool-shell.js                     186.03 kB
2026-10-08T18:04:46.3891239Z   ├─ dist/production/vendor/jquery-3.7.1.min.js           87.53 kB 
2026-10-08T18:04:46.3892240Z   ├─ dist/production/ui/tool-shell.css                    21.21 kB 
2026-10-08T18:04:46.3893267Z   ├─ dist/production/icons/notification.png               595 B    
2026-10-08T18:04:46.3894310Z   ├─ dist/production/licenses/jquery-MIT.txt              1.10 kB  
2026-10-08T18:04:46.3895346Z   └─ dist/production/licenses/todo-user-vue-MIT.txt       1.10 kB  
2026-10-08T18:04:46.3896570Z Σ Total size: 953.98 kB                                 
2026-10-08T18:04:46.3897212Z [success] Finished in 12.6 s
2026-10-08T18:04:47.1788739Z {"mode":"production","builder":"wxt","status":"passed","packageHash":"2633c57189f55e6de43a8f0e9c9aff2035ac1d22291b7879f7fe46312a8d2e6b","assets":26}
2026-10-08T18:04:47.2044658Z ##[group]Run npm run build:dev
2026-10-08T18:04:47.2045182Z [36;1mnpm run build:dev[0m
2026-10-08T18:04:47.2123871Z shell: /usr/bin/bash -e {0}
2026-10-08T18:04:47.2124149Z ##[endgroup]
2026-10-08T18:04:47.3194873Z 
2026-10-08T18:04:47.3195290Z > opendesk-browser@0.1.0 build:dev
2026-10-08T18:04:47.3196005Z > node scripts/build.mjs development
2026-10-08T18:04:47.3197110Z 
2026-10-08T18:04:47.8223007Z [log] 
2026-10-08T18:04:47.8223422Z WXT 0.21.4
2026-10-08T18:04:47.9455038Z [info] Generating types...
2026-10-08T18:04:48.0889690Z [success] Finished in 267 ms
2026-10-08T18:04:48.5512367Z [log] 
2026-10-08T18:04:48.5512818Z WXT 0.21.4
2026-10-08T18:04:48.6645537Z [info] Building chrome-mv3 for development with Vite 7.3.6
2026-10-08T18:04:48.8039864Z [?25l
2026-10-08T18:04:48.8100957Z ⠋ Preparing...[K
2026-10-08T18:04:48.8850928Z ⠋ [1/14] sw[K
2026-10-08T18:04:49.0828972Z ⠙ [1/14] sw[K
2026-10-08T18:04:49.2010757Z ⠹ [1/14] sw[K
2026-10-08T18:04:49.2804492Z ⠸ [1/14] sw[K
2026-10-08T18:04:49.8491388Z ⠼ [1/14] sw[K
2026-10-08T18:04:49.9297128Z ⠴ [1/14] sw[K
2026-10-08T18:04:50.0095724Z ⠦ [1/14] sw[K
2026-10-08T18:04:50.0895931Z ⠧ [1/14] sw[K
2026-10-08T18:04:50.1698361Z ⠇ [1/14] sw[K
2026-10-08T18:04:50.2491692Z ⠏ [1/14] sw[K
2026-10-08T18:04:50.3294320Z ⠋ [1/14] sw[K
2026-10-08T18:04:50.4097310Z ⠙ [1/14] sw[K
2026-10-08T18:04:50.4899399Z ⠹ [1/14] sw[K
2026-10-08T18:04:50.5702188Z ⠸ [1/14] sw[K
2026-10-08T18:04:50.6527847Z ⠼ [1/14] sw[K
2026-10-08T18:04:50.7317756Z ⠴ [1/14] sw[K
2026-10-08T18:04:50.8109944Z ⠦ [1/14] sw[K
2026-10-08T18:04:50.8913305Z ⠧ [1/14] sw[K
2026-10-08T18:04:50.9718684Z ⠇ [1/14] sw[K
2026-10-08T18:04:51.0533815Z ⠏ [1/14] sw[K
2026-10-08T18:04:51.1311092Z ⠋ [1/14] sw[K
2026-10-08T18:04:51.2114392Z ⠙ [1/14] sw[K
2026-10-08T18:04:51.2916787Z ⠹ [1/14] sw[K
2026-10-08T18:04:51.3719497Z ⠸ [1/14] sw[K
2026-10-08T18:04:51.4521962Z ⠼ [1/14] sw[K
2026-10-08T18:04:51.5324559Z ⠴ [1/14] sw[K
2026-10-08T18:04:51.6127780Z ⠦ [1/14] sw[K
2026-10-08T18:04:51.6929233Z ⠧ [1/14] sw[K
2026-10-08T18:04:51.7731883Z ⠇ [1/14] sw[K
2026-10-08T18:04:51.8534002Z ⠏ [1/14] sw[K
2026-10-08T18:04:51.9333520Z ⠋ [1/14] sw[K
2026-10-08T18:04:52.0136068Z ⠙ [1/14] sw[K
2026-10-08T18:04:52.0938743Z ⠹ [1/14] sw[K
2026-10-08T18:04:52.1730684Z ⠸ [1/14] sw[K
2026-10-08T18:04:52.2533757Z ⠼ [1/14] sw[K
2026-10-08T18:04:52.3336764Z ⠴ [1/14] sw[K
2026-10-08T18:04:52.4138613Z ⠦ [1/14] sw[K
2026-10-08T18:04:52.4931113Z ⠧ [1/14] sw[K
2026-10-08T18:04:52.5733504Z ⠇ [1/14] sw[K
2026-10-08T18:04:52.6535841Z ⠏ [1/14] sw[K
2026-10-08T18:04:52.7338559Z ⠋ [1/14] sw[K
2026-10-08T18:04:52.8131271Z ⠙ [1/14] sw[K
2026-10-08T18:04:52.8937424Z ⠹ [1/14] sw[K
2026-10-08T18:04:52.9739562Z ⠸ [1/14] sw[K
2026-10-08T18:04:53.0542234Z ⠼ [1/14] sw[K
2026-10-08T18:04:53.1369787Z ⠴ [1/14] sw[K
2026-10-08T18:04:53.2180559Z ⠦ [1/14] sw[K
2026-10-08T18:04:53.2974339Z ⠧ [1/14] sw[K
2026-10-08T18:04:53.4566958Z ⠇ [1/14] sw[K
2026-10-08T18:04:53.4629315Z ⠏ [1/14] sw[K
2026-10-08T18:04:53.5363578Z ⠏ [2/14] bootstrap[K
2026-10-08T18:04:53.6165001Z ⠋ [2/14] bootstrap[K
2026-10-08T18:04:53.6842038Z ⠙ [2/14] bootstrap[K
2026-10-08T18:04:53.6970641Z ⠙ [3/14] bridge[K
2026-10-08T18:04:53.7775848Z ⠹ [3/14] bridge[K
2026-10-08T18:04:53.8578487Z ⠸ [3/14] bridge[K
2026-10-08T18:04:53.9198106Z ⠼ [3/14] bridge[K
2026-10-08T18:04:53.9372535Z ⠼ [4/14] health[K
2026-10-08T18:04:54.0175282Z ⠴ [4/14] health[K
2026-10-08T18:04:54.0904024Z ⠦ [4/14] health[K
2026-10-08T18:04:54.0972712Z ⠦ [5/14] page-agent[K
2026-10-08T18:04:54.1770875Z ⠧ [5/14] page-agent[K
2026-10-08T18:04:54.2573250Z ⠇ [5/14] page-agent[K
2026-10-08T18:04:54.3375298Z ⠏ [5/14] page-agent[K
2026-10-08T18:04:54.4182365Z ⠋ [5/14] page-agent[K
2026-10-08T18:04:54.5009355Z ⠙ [5/14] page-agent[K
2026-10-08T18:04:54.5811663Z ⠹ [5/14] page-agent[K
2026-10-08T18:04:54.6346503Z ⠸ [5/14] page-agent[K
2026-10-08T18:04:54.6665836Z ⠸ [6/14] page-relay[K
2026-10-08T18:04:54.7464183Z ⠼ [6/14] page-relay[K
2026-10-08T18:04:54.8266882Z ⠴ [6/14] page-relay[K
2026-10-08T18:04:54.9067582Z ⠦ [6/14] page-relay[K
2026-10-08T18:04:54.9870295Z ⠧ [6/14] page-relay[K
2026-10-08T18:04:55.0688217Z ⠇ [6/14] page-relay[K
2026-10-08T18:04:55.1477728Z ⠏ [6/14] page-relay[K
2026-10-08T18:04:55.1547659Z ⠋ [6/14] page-relay[K
2026-10-08T18:04:55.2539951Z ⠋ [7/14] page-session[K
2026-10-08T18:04:55.3312814Z ⠙ [7/14] page-session[K
2026-10-08T18:04:55.4157821Z ⠹ [7/14] page-session[K
2026-10-08T18:04:55.4932226Z ⠸ [7/14] page-session[K
2026-10-08T18:04:55.5738696Z ⠼ [7/14] page-session[K
2026-10-08T18:04:55.6530955Z ⠴ [7/14] page-session[K
2026-10-08T18:04:55.7377929Z ⠦ [7/14] page-session[K
2026-10-08T18:04:55.8167722Z ⠧ [7/14] page-session[K
2026-10-08T18:04:55.8956195Z ⠇ [7/14] page-session[K
2026-10-08T18:04:55.9759013Z ⠏ [7/14] page-session[K
2026-10-08T18:04:56.0661784Z ⠋ [7/14] page-session[K
2026-10-08T18:04:56.0678843Z ⠙ [7/14] page-session[K
2026-10-08T18:04:56.1464191Z ⠙ [8/14] sandbox[K
2026-10-08T18:04:56.2266783Z ⠹ [8/14] sandbox[K
2026-10-08T18:04:56.3107775Z ⠸ [8/14] sandbox[K
2026-10-08T18:04:56.3501538Z ⠼ [8/14] sandbox[K
2026-10-08T18:04:56.4047821Z ⠼ [9/14] sdk-main[K
2026-10-08T18:04:56.4840122Z ⠴ [9/14] sdk-main[K
2026-10-08T18:04:56.5669453Z ⠦ [9/14] sdk-main[K
2026-10-08T18:04:56.6497788Z ⠧ [9/14] sdk-main[K
2026-10-08T18:04:56.7287864Z ⠇ [9/14] sdk-main[K
2026-10-08T18:04:56.8107727Z ⠏ [9/14] sdk-main[K
2026-10-08T18:04:56.8907745Z ⠋ [9/14] sdk-main[K
2026-10-08T18:04:56.9702120Z ⠙ [9/14] sdk-main[K
2026-10-08T18:04:57.0506917Z ⠹ [9/14] sdk-main[K
2026-10-08T18:04:57.1317812Z ⠸ [9/14] sdk-main[K
2026-10-08T18:04:57.1577185Z ⠼ [9/14] sdk-main[K
2026-10-08T18:04:57.2105502Z ⠼ [10/14] selection-entry[K
2026-10-08T18:04:57.2907612Z ⠴ [10/14] selection-entry[K
2026-10-08T18:04:57.2978135Z ⠦ [10/14] selection-entry[K
2026-10-08T18:04:57.3705196Z ⠦ [11/14] settings[K
2026-10-08T18:04:57.4507565Z ⠧ [11/14] settings[K
2026-10-08T18:04:57.5309250Z ⠇ [11/14] settings[K
2026-10-08T18:04:57.5402727Z ⠏ [11/14] settings[K
2026-10-08T18:04:57.6110843Z ⠏ [12/14] tool-shell[K
2026-10-08T18:04:57.8988716Z ⠋ [12/14] tool-shell[K
2026-10-08T18:04:57.9788513Z ⠙ [12/14] tool-shell[K
2026-10-08T18:04:58.0623823Z ⠹ [12/14] tool-shell[K
2026-10-08T18:04:58.1382589Z ⠸ [12/14] tool-shell[K
2026-10-08T18:04:58.2227693Z ⠼ [12/14] tool-shell[K
2026-10-08T18:04:58.3001802Z ⠴ [12/14] tool-shell[K
2026-10-08T18:04:58.3804158Z ⠦ [12/14] tool-shell[K
2026-10-08T18:04:58.4606867Z ⠧ [12/14] tool-shell[K
2026-10-08T18:04:58.5447760Z ⠇ [12/14] tool-shell[K
2026-10-08T18:04:58.6241312Z ⠏ [12/14] tool-shell[K
2026-10-08T18:04:58.7057620Z ⠋ [12/14] tool-shell[K
2026-10-08T18:04:58.7848678Z ⠙ [12/14] tool-shell[K
2026-10-08T18:04:58.8641521Z ⠹ [12/14] tool-shell[K
2026-10-08T18:04:58.9445211Z ⠸ [12/14] tool-shell[K
2026-10-08T18:04:59.0249061Z ⠼ [12/14] tool-shell[K
2026-10-08T18:04:59.1069915Z ⠴ [12/14] tool-shell[K
2026-10-08T18:04:59.1858984Z ⠦ [12/14] tool-shell[K
2026-10-08T18:04:59.2661232Z ⠧ [12/14] tool-shell[K
2026-10-08T18:04:59.3471981Z ⠇ [12/14] tool-shell[K
2026-10-08T18:04:59.4273786Z ⠏ [12/14] tool-shell[K
2026-10-08T18:04:59.5076876Z ⠋ [12/14] tool-shell[K
2026-10-08T18:04:59.5878597Z ⠙ [12/14] tool-shell[K
2026-10-08T18:04:59.6671110Z ⠹ [12/14] tool-shell[K
2026-10-08T18:04:59.7473701Z ⠸ [12/14] tool-shell[K
2026-10-08T18:04:59.8275543Z ⠼ [12/14] tool-shell[K
2026-10-08T18:04:59.8925598Z ⠴ [12/14] tool-shell[K
2026-10-08T18:04:59.9081794Z ⠴ [13/14] transport[K
2026-10-08T18:04:59.9880385Z ⠦ [13/14] transport[K
2026-10-08T18:05:00.0682034Z ⠧ [13/14] transport[K
2026-10-08T18:05:00.1498036Z ⠇ [13/14] transport[K
2026-10-08T18:05:00.2291433Z ⠏ [13/14] transport[K
2026-10-08T18:05:00.2973879Z ⠋ [13/14] transport[K
2026-10-08T18:05:00.3104914Z ⠋ [14/14] worker-runtime[K
2026-10-08T18:05:00.3901002Z ⠙ [14/14] worker-runtime[K
2026-10-08T18:05:00.4700336Z ⠹ [14/14] worker-runtime[K
2026-10-08T18:05:00.5502947Z ⠸ [14/14] worker-runtime[K
2026-10-08T18:05:00.6337756Z ⠼ [14/14] worker-runtime[K
2026-10-08T18:05:00.7128031Z ⠴ [14/14] worker-runtime[K
2026-10-08T18:05:00.7918307Z ⠦ [14/14] worker-runtime[K
2026-10-08T18:05:00.8703945Z ⠧ [14/14] worker-runtime[K
2026-10-08T18:05:00.9504924Z ⠇ [14/14] worker-runtime[K
2026-10-08T18:05:01.0326940Z ⠏ [14/14] worker-runtime[K
2026-10-08T18:05:01.0867713Z ⠋ [14/14] worker-runtime[K
2026-10-08T18:05:01.0868375Z [K[?25h
2026-10-08T18:05:01.0895111Z [K[?25h[success] Built extension in 12.4 s
2026-10-08T18:05:01.0896083Z   ├─ dist/development/manifest.json                            1.59 kB  
2026-10-08T18:05:01.0897345Z   ├─ dist/development/native-agent/settings.html               1.83 kB  
2026-10-08T18:05:01.0898360Z   ├─ dist/development/scripting/sandbox/sandbox.html           385 B    
2026-10-08T18:05:01.0899359Z   ├─ dist/development/sidebar-tools/sandbox.html               560 B    
2026-10-08T18:05:01.0899930Z   ├─ dist/development/ui/target-bootstrap.html                 200 B    
2026-10-08T18:05:01.0900505Z   ├─ dist/development/ui/tool.html                             22.54 kB 
2026-10-08T18:05:01.0901037Z   ├─ dist/development/agents/bootstrap.js                      21.70 kB 
2026-10-08T18:05:01.0901882Z   ├─ dist/development/agents/bootstrap.js.map                  65.33 kB 
2026-10-08T18:05:01.0902420Z   ├─ dist/development/agents/health.js                         1.06 kB  
2026-10-08T18:05:01.0902956Z   ├─ dist/development/agents/health.js.map                     15.04 kB 
2026-10-08T18:05:01.0903493Z   ├─ dist/development/agents/page-agent.js                     34.59 kB 
2026-10-08T18:05:01.0904038Z   ├─ dist/development/agents/page-agent.js.map                 95.31 kB 
2026-10-08T18:05:01.0904619Z   ├─ dist/development/agents/page-relay.js                     35.52 kB 
2026-10-08T18:05:01.0905175Z   ├─ dist/development/agents/page-relay.js.map                 113.01 kB
2026-10-08T18:05:01.0905720Z   ├─ dist/development/agents/selection-entry.js                638 B    
2026-10-08T18:05:01.0906502Z   ├─ dist/development/agents/selection-entry.js.map            968 B    
2026-10-08T18:05:01.0907114Z   ├─ dist/development/framework/sdk-main.js                    49.77 kB 
2026-10-08T18:05:01.0907664Z   ├─ dist/development/framework/sdk-main.js.map                152.75 kB
2026-10-08T18:05:01.0908206Z   ├─ dist/development/native-agent/settings.js                 22.39 kB 
2026-10-08T18:05:01.0908746Z   ├─ dist/development/native-agent/settings.js.map             58.37 kB 
2026-10-08T18:05:01.0909283Z   ├─ dist/development/native-agent/transport.js                29.53 kB 
2026-10-08T18:05:01.0909828Z   ├─ dist/development/native-agent/transport.js.map            89.73 kB 
2026-10-08T18:05:01.0910380Z   ├─ dist/development/scripting/packaged/page-session.js       55.33 kB 
2026-10-08T18:05:01.0910940Z   ├─ dist/development/scripting/packaged/page-session.js.map   174.29 kB
2026-10-08T18:05:01.0911507Z   ├─ dist/development/scripting/sandbox/sandbox.js             4.24 kB  
2026-10-08T18:05:01.0912073Z   ├─ dist/development/scripting/sandbox/sandbox.js.map         11.64 kB 
2026-10-08T18:05:01.0912623Z   ├─ dist/development/scripting/sandbox/worker-runtime.js      49.94 kB 
2026-10-08T18:05:01.0913200Z   ├─ dist/development/scripting/sandbox/worker-runtime.js.map  156.91 kB
2026-10-08T18:05:01.0913752Z   ├─ dist/development/sidebar-tools/bridge.js                  2.83 kB  
2026-10-08T18:05:01.0914298Z   ├─ dist/development/sidebar-tools/bridge.js.map              10.57 kB 
2026-10-08T18:05:01.0914826Z   ├─ dist/development/sw.js                                    325.15 kB
2026-10-08T18:05:01.0915339Z   ├─ dist/development/sw.js.map                                963.02 kB
2026-10-08T18:05:01.0915864Z   ├─ dist/development/ui/tool-shell.js                         186.27 kB
2026-10-08T18:05:01.0916614Z   ├─ dist/development/ui/tool-shell.js.map                     552.99 kB
2026-10-08T18:05:01.0917175Z   ├─ dist/development/vendor/jquery-3.7.1.min.js               87.53 kB 
2026-10-08T18:05:01.0917893Z   ├─ dist/development/ui/tool-shell.css                        21.21 kB 
2026-10-08T18:05:01.0918465Z   ├─ dist/development/icons/notification.png                   595 B    
2026-10-08T18:05:01.0919031Z   ├─ dist/development/licenses/jquery-MIT.txt                  1.10 kB  
2026-10-08T18:05:01.0919601Z   └─ dist/development/licenses/todo-user-vue-MIT.txt           1.10 kB  
2026-10-08T18:05:01.0920175Z Σ Total size: 3.42 MB                                        
2026-10-08T18:05:01.0920536Z [success] Finished in 12.5 s
2026-10-08T18:05:01.8377891Z {"mode":"development","builder":"wxt","status":"passed","packageHash":"1124f3fa7144396b6fcdafa585cdbc04dd89c57e36a0b36de6f815b9110afe9a","assets":40}
2026-10-08T18:05:01.8577523Z ##[group]Run npm run verify
2026-10-08T18:05:01.8577879Z [36;1mnpm run verify[0m
2026-10-08T18:05:01.8640315Z shell: /usr/bin/bash -e {0}
2026-10-08T18:05:01.8640585Z ##[endgroup]
2026-10-08T18:05:01.9695976Z 
2026-10-08T18:05:01.9696772Z > opendesk-browser@0.1.0 verify
2026-10-08T18:05:01.9698014Z > node scripts/verify-package.mjs dist/production && node scripts/verify-package.mjs dist/development
2026-10-08T18:05:01.9699231Z 
2026-10-08T18:05:02.6330484Z {"status":"passed","manifestVersion":3,"classicEntries":["agents/bootstrap.js","agents/health.js","agents/page-agent.js","agents/page-relay.js","agents/selection-entry.js","framework/sdk-main.js","native-agent/settings.js","native-agent/transport.js","scripting/packaged/page-session.js","scripting/sandbox/sandbox.js","scripting/sandbox/worker-runtime.js","sidebar-tools/bridge.js","sw.js","ui/tool-shell.js","vendor/jquery-3.7.1.min.js"],"htmlChecked":["ui/tool.html","native-agent/settings.html","ui/target-bootstrap.html","scripting/sandbox/sandbox.html","sidebar-tools/sandbox.html"],"assetsChecked":["icons/notification.png","licenses/todo-user-vue-MIT.txt","licenses/jquery-MIT.txt","framework/sdk-resources.json"],"sdkResources":{"schemaVersion":1,"resources":[{"path":"framework/sdk-main.js","bytes":49539,"sha256":"432c30ab8c60086a05335616f5f48014377a2b4cb6e0df197a1477d15df31fee"},{"path":"agents/page-relay.js","bytes":35276,"sha256":"cd61d0935d4670b6f593540c0a75b900e18c37db93a124dfd2a29f7826c5125a"}]},"sdkEntries":{"MAIN":"framework/sdk-main.js","ISOLATED":"agents/page-relay.js"},"privilegedDynamicExecutionFound":false,"approvedDynamicExecution":[{"file":"scripting/sandbox/worker-runtime.js","approvedAsyncBodyConstructors":1,"execution":"Host fetches fixed bytes; Blob classic Worker only inside opaque sandbox"}],"sandbox":{"pages":["scripting/sandbox/sandbox.html","sidebar-tools/sandbox.html"],"csp":"sandbox allow-scripts; default-src 'none'; script-src 'self' 'unsafe-eval' blob:; worker-src blob:; connect-src 'none'; child-src 'none'; img-src 'self' data: blob:; style-src 'self' 'unsafe-inline'; base-uri 'none'; form-action 'none'"},"packageHash":"2633c57189f55e6de43a8f0e9c9aff2035ac1d22291b7879f7fe46312a8d2e6b","hashRecipe":"SHA256 UTF-8 JSON.stringify(path-sorted [{path,bytes,sha256}]); exact file bytes","files":[{"path":"agents/bootstrap.js","bytes":21466,"sha256":"1b1b17378eb90a7f1d2e10b071e226648974975e56cbe12c6b1dbd5bf715c79c"},{"path":"agents/health.js","bytes":828,"sha256":"48b43e028694d4fcc376d32539ab2d55ebd58359fce01219cff250fd4b5a6f65"},{"path":"agents/page-agent.js","bytes":34347,"sha256":"35a38017342eff0fc2726e834d435e33cc60ae3452cfca0b8a5b72093b3a2c4c"},{"path":"agents/page-relay.js","bytes":35276,"sha256":"cd61d0935d4670b6f593540c0a75b900e18c37db93a124dfd2a29f7826c5125a"},{"path":"agents/selection-entry.js","bytes":383,"sha256":"0265146d80cd448c28ecd1231574d0bd6ba9f20d6991b09250478decc3e89fbb"},{"path":"framework/sdk-main.js","bytes":49539,"sha256":"432c30ab8c60086a05335616f5f48014377a2b4cb6e0df197a1477d15df31fee"},{"path":"framework/sdk-resources.json","bytes":359,"sha256":"747353949442c7bdf588f73a9e2a048d9471dc71aaa86adedf11ae0fd221cf8b"},{"path":"icons/notification.png","bytes":595,"sha256":"efb5caddc95697204e98f9e7319119095ea195fa02448904bc985e90e96d4de6"},{"path":"licenses/jquery-MIT.txt","bytes":1097,"sha256":"d4db9ebe6f29f5168eac45ad713f055623ac5d0dcd5ba92da23d650ae012020d"},{"path":"licenses/todo-user-vue-MIT.txt","bytes":1096,"sha256":"e301f131f52747f87193c4a41d3d5c09e6c021cc664a6a3101a2213635f03f29"},{"path":"manifest.json","bytes":1264,"sha256":"a316ab5306dc0f3b65878f72e3475f4f764dbd82ca0b57bd6d54e169a958bed6"},{"path":"native-agent/settings.html","bytes":1826,"sha256":"8763896451244519f856a7a9f5c2284348bc3b8adbd0aaa3a674932e95d5fecf"},{"path":"native-agent/settings.js","bytes":22157,"sha256":"7018e9e3e7a0dcf7392e270f8512b4d4b815d8db5940da26587ad938d13b971d"},{"path":"native-agent/transport.js","bytes":29297,"sha256":"112dff86a490ece497668e4420053ce0d48121e2de12360da177add825b30421"},{"path":"scripting/packaged/page-session.js","bytes":55082,"sha256":"bd346556fa4a137b804a6255fefc6617ce1bcd01719dd0637bb6a54e9b90b377"},{"path":"scripting/sandbox/sandbox.html","bytes":385,"sha256":"aa7362ce87a270f45005dde0e9cf14bf1d86bd4bd15fce37f14515638ef3b536"},{"path":"scripting/sandbox/sandbox.js","bytes":4010,"sha256":"4b735c3d8d6d6059a549b59122d4d1d56811c121c6ad1b7eeadca6cf3e15640e"},{"path":"scripting/sandbox/worker-runtime.js","bytes":49683,"sha256":"406de1f7b5ebffc7ce4a67696d5e35d24e27e9bae3b93cacec10cae6100c19f1"},{"path":"sidebar-tools/bridge.js","bytes":2603,"sha256":"47080091427b72feedb474d83a96ad37677fcf1f58557a7ac65ecf9f40e56050"},{"path":"sidebar-tools/sandbox.html","bytes":560,"sha256":"5b1b0a17190f423e6861048a6607019606faa4b9241e81c5ffe044324831fe1b"},{"path":"sw.js","bytes":324976,"sha256":"2c5145ba65ce9d41f1a03c7abcb10eba6f3cb2110a30965d6a2069d7799ea214"},{"path":"ui/target-bootstrap.html","bytes":200,"sha256":"b52748e3bf14e6931924843c0b8bc626ad8929b3b1bb6b63524b39238dc5d13c"},{"path":"ui/tool-shell.css","bytes":21206,"sha256":"50cfd5ed94d4d83e7ebbbb27cf5f623805bf26989f39d5df7d801baf81abda7b"},{"path":"ui/tool-shell.js","bytes":186030,"sha256":"b7ae9bf8f2ea1575e69b2dcf4ba4ff0c210dbd8b35b1f2ca0741b8be14f81f33"},{"path":"ui/tool.html","bytes":22542,"sha256":"e7188a4828631a490a4bc14c90353ba7685461bb4edeea79a38505205907e0cb"},{"path":"vendor/jquery-3.7.1.min.js","bytes":87533,"sha256":"fc9a93dd241f6b045cbff0481cf4e1901becd0e12fb45166a8f17f95823f0b1a"}]}
2026-10-08T18:05:03.2834336Z {"status":"passed","manifestVersion":3,"classicEntries":["agents/bootstrap.js","agents/health.js","agents/page-agent.js","agents/page-relay.js","agents/selection-entry.js","framework/sdk-main.js","native-agent/settings.js","native-agent/transport.js","scripting/packaged/page-session.js","scripting/sandbox/sandbox.js","scripting/sandbox/worker-runtime.js","sidebar-tools/bridge.js","sw.js","ui/tool-shell.js","vendor/jquery-3.7.1.min.js"],"htmlChecked":["ui/tool.html","native-agent/settings.html","ui/target-bootstrap.html","scripting/sandbox/sandbox.html","sidebar-tools/sandbox.html"],"assetsChecked":["icons/notification.png","licenses/todo-user-vue-MIT.txt","licenses/jquery-MIT.txt","framework/sdk-resources.json"],"sdkResources":{"schemaVersion":1,"resources":[{"path":"framework/sdk-main.js","bytes":49773,"sha256":"903bb9d0bbd1a48a92db218934aa730fd817dc8c211017d61b65b8a27ac25bb8"},{"path":"agents/page-relay.js","bytes":35516,"sha256":"1e75308cd25090fa6ab1b33823ad4844ddab51e172166a3fd028a0a983854e65"}]},"sdkEntries":{"MAIN":"framework/sdk-main.js","ISOLATED":"agents/page-relay.js"},"privilegedDynamicExecutionFound":false,"approvedDynamicExecution":[{"file":"scripting/sandbox/worker-runtime.js","approvedAsyncBodyConstructors":1,"execution":"Host fetches fixed bytes; Blob classic Worker only inside opaque sandbox"}],"sandbox":{"pages":["scripting/sandbox/sandbox.html","sidebar-tools/sandbox.html"],"csp":"sandbox allow-scripts; default-src 'none'; script-src 'self' 'unsafe-eval' blob:; worker-src blob:; connect-src 'none'; child-src 'none'; img-src 'self' data: blob:; style-src 'self' 'unsafe-inline'; base-uri 'none'; form-action 'none'"},"packageHash":"1124f3fa7144396b6fcdafa585cdbc04dd89c57e36a0b36de6f815b9110afe9a","hashRecipe":"SHA256 UTF-8 JSON.stringify(path-sorted [{path,bytes,sha256}]); exact file bytes","files":[{"path":"agents/bootstrap.js","bytes":21703,"sha256":"9556baeec50d2c2fbd4c5391e34bab41c3d9aa9d6d416a4a89b205809542beb5"},{"path":"agents/bootstrap.js.map","bytes":65334,"sha256":"72024fdb0695ffff3a2296cfda4ddb2f96c6f5da8a260d2098c5516f2421b840"},{"path":"agents/health.js","bytes":1056,"sha256":"0fdbd009c25751599b50a9ff902d5c1a71fafb15a526ee64e5a1082b86ed7e7d"},{"path":"agents/health.js.map","bytes":15038,"sha256":"13ab8c72f5d5a8d82b65a38c7c455d8abf1ea4ab6c8878443a316fde59414b51"},{"path":"agents/page-agent.js","bytes":34587,"sha256":"23929816fb4342e44814992a820651ce5b0e5de8b827c32fa2498caccfc01283"},{"path":"agents/page-agent.js.map","bytes":95306,"sha256":"ec0f23bd47621fb6cf855b2c1999b4746ab13cb31b1add032787cde50a8db72e"},{"path":"agents/page-relay.js","bytes":35516,"sha256":"1e75308cd25090fa6ab1b33823ad4844ddab51e172166a3fd028a0a983854e65"},{"path":"agents/page-relay.js.map","bytes":113008,"sha256":"e399a9d2068b239aa9389f4616a4012ded4240d909d18df443769d3ed3df9348"},{"path":"agents/selection-entry.js","bytes":638,"sha256":"b86047d8de3434afe4161d07376ca71a4ea18bc870663be9a606b62c19a42d80"},{"path":"agents/selection-entry.js.map","bytes":968,"sha256":"f2ee1d5e62016c3f1854811589f17382f0f0e69ea9a3635484fe02734b7eb0f4"},{"path":"framework/sdk-main.js","bytes":49773,"sha256":"903bb9d0bbd1a48a92db218934aa730fd817dc8c211017d61b65b8a27ac25bb8"},{"path":"framework/sdk-main.js.map","bytes":152746,"sha256":"a3ac2c7cfa6a0cc3d74f8bee60a8e7b3bf35f4fea4316b599b3b4d35b2a52b03"},{"path":"framework/sdk-resources.json","bytes":359,"sha256":"6f6597ecccf98b85cf1889e8c413a64b712f6cf44976b8ab778d836e14a5f5a6"},{"path":"icons/notification.png","bytes":595,"sha256":"efb5caddc95697204e98f9e7319119095ea195fa02448904bc985e90e96d4de6"},{"path":"licenses/jquery-MIT.txt","bytes":1097,"sha256":"d4db9ebe6f29f5168eac45ad713f055623ac5d0dcd5ba92da23d650ae012020d"},{"path":"licenses/todo-user-vue-MIT.txt","bytes":1096,"sha256":"e301f131f52747f87193c4a41d3d5c09e6c021cc664a6a3101a2213635f03f29"},{"path":"manifest.json","bytes":1593,"sha256":"ab7cd7fc3a137ac78b55ff099f5464c932aa8d0de774b54c91836b7df716097e"},{"path":"native-agent/settings.html","bytes":1826,"sha256":"8763896451244519f856a7a9f5c2284348bc3b8adbd0aaa3a674932e95d5fecf"},{"path":"native-agent/settings.js","bytes":22391,"sha256":"606318ea6d225e92a72dc13e700f015dbd9a6d148f896eea09114205024fedd6"},{"path":"native-agent/settings.js.map","bytes":58367,"sha256":"4aef7296f6663d8a5d72a623f7f604ae7e9d0eb1d28f881b0a88ce748c2fb58e"},{"path":"native-agent/transport.js","bytes":29534,"sha256":"9541f51d2800df30bd69f7c6ac94e33cf496aea4b0287bf7d5989aacd50e6706"},{"path":"native-agent/transport.js.map","bytes":89731,"sha256":"bd60a744b5bf89e94ad2b485b9f19aff9a73e9daab184a5092ac4094459c1838"},{"path":"scripting/packaged/page-session.js","bytes":55328,"sha256":"fbc94b97dde28dd1a5ac99db3ecf861aa9b6374c85474b05e1d722f6520f3343"},{"path":"scripting/packaged/page-session.js.map","bytes":174289,"sha256":"954210c4f3cf3aeefc1422e4ff51980b3d2b3643485c7d55ae80dfce25d0f5f5"},{"path":"scripting/sandbox/sandbox.html","bytes":385,"sha256":"aa7362ce87a270f45005dde0e9cf14bf1d86bd4bd15fce37f14515638ef3b536"},{"path":"scripting/sandbox/sandbox.js","bytes":4241,"sha256":"e5e5069e25a85673c3880d555a42ecaea414e7c6dabacccd4589874bad7e8631"},{"path":"scripting/sandbox/sandbox.js.map","bytes":11636,"sha256":"2b3be0c1d212193b207fc20165a11866806b1c31cc2653ebac5036a9ea3374d6"},{"path":"scripting/sandbox/worker-runtime.js","bytes":49935,"sha256":"91865c2b35e45a17f18866368c7fa0d2cffcddc86a5deaefef8a746747a5d889"},{"path":"scripting/sandbox/worker-runtime.js.map","bytes":156913,"sha256":"2477b61c175dac272fe8f9afa65fe42d28959bf1b7b5d1c434fe936e3439d270"},{"path":"sidebar-tools/bridge.js","bytes":2831,"sha256":"cc4da524502e1f5b0f4e6399d0d94618a3905c134499e5b7179b2cd2a5e9f569"},{"path":"sidebar-tools/bridge.js.map","bytes":10568,"sha256":"853420ac756f38ce7e18baa97bbf0c756c8573bfabbecdef56a30906ea5699a5"},{"path":"sidebar-tools/sandbox.html","bytes":560,"sha256":"5b1b0a17190f423e6861048a6607019606faa4b9241e81c5ffe044324831fe1b"},{"path":"sw.js","bytes":325148,"sha256":"4fd630a423ff96f91c69823f1e650986739d13da7cc74fe47e1b550df1631104"},{"path":"sw.js.map","bytes":963024,"sha256":"a8500335913be166399f573b5fef8ae95de1884c3af960be2cd7dbcc048ff1ff"},{"path":"ui/target-bootstrap.html","bytes":200,"sha256":"b52748e3bf14e6931924843c0b8bc626ad8929b3b1bb6b63524b39238dc5d13c"},{"path":"ui/tool-shell.css","bytes":21206,"sha256":"50cfd5ed94d4d83e7ebbbb27cf5f623805bf26989f39d5df7d801baf81abda7b"},{"path":"ui/tool-shell.js","bytes":186270,"sha256":"42d445fa350fa6edc174060f6e3d79ec1d472f6a7afbedc0dcbf2f9054a89d4e"},{"path":"ui/tool-shell.js.map","bytes":552988,"sha256":"60de05815bc15f4eb94d941cae82510e864ae522741e586892a338ab17bea437"},{"path":"ui/tool.html","bytes":22542,"sha256":"e7188a4828631a490a4bc14c90353ba7685461bb4edeea79a38505205907e0cb"},{"path":"vendor/jquery-3.7.1.min.js","bytes":87533,"sha256":"fc9a93dd241f6b045cbff0481cf4e1901becd0e12fb45166a8f17f95823f0b1a"}]}
2026-10-08T18:05:03.3039780Z ##[group]Run npm test
2026-10-08T18:05:03.3040300Z [36;1mnpm test[0m
2026-10-08T18:05:03.3110676Z shell: /usr/bin/bash -e {0}
2026-10-08T18:05:03.3111127Z ##[endgroup]
2026-10-08T18:05:03.4201198Z 
2026-10-08T18:05:03.4202093Z > opendesk-browser@0.1.0 test
2026-10-08T18:05:03.4202850Z > node --test tests/environment/*.test.mjs
2026-10-08T18:05:03.4203271Z 
2026-10-08T18:05:03.4825834Z TAP version 13
2026-10-08T18:05:03.5454584Z # Subtest: AI-to-Task sample is a valid immutable Task v1 Candidate with exact checked-in source
2026-10-08T18:05:03.5477458Z ok 1 - AI-to-Task sample is a valid immutable Task v1 Candidate with exact checked-in source
2026-10-08T18:05:03.5527170Z   ---
2026-10-08T18:05:03.5528320Z   duration_ms: 17.147526
2026-10-08T18:05:03.5528980Z   type: 'test'
2026-10-08T18:05:03.5529537Z   ...
2026-10-08T18:05:03.5533277Z # Subtest: tampering cannot grant publication state or replace the source hash
2026-10-08T18:05:03.5535155Z ok 2 - tampering cannot grant publication state or replace the source hash
2026-10-08T18:05:03.5536505Z   ---
2026-10-08T18:05:03.5537252Z   duration_ms: 4.779975
2026-10-08T18:05:03.5537679Z   type: 'test'
2026-10-08T18:05:03.5538043Z   ...
2026-10-08T18:05:03.5539046Z # Subtest: modern candidate only uses implemented Locator actions with an explicit business-result wait
2026-10-08T18:05:03.5547002Z ok 3 - modern candidate only uses implemented Locator actions with an explicit business-result wait
2026-10-08T18:05:03.5548242Z   ---
2026-10-08T18:05:03.5548958Z   duration_ms: 1.603802
2026-10-08T18:05:03.5549591Z   type: 'test'
2026-10-08T18:05:03.5550142Z   ...
2026-10-08T18:05:03.5608496Z # Subtest: observation draft is bounded, read-only and valid Controller async main
2026-10-08T18:05:03.5610176Z ok 4 - observation draft is bounded, read-only and valid Controller async main
2026-10-08T18:05:03.5611438Z   ---
2026-10-08T18:05:03.5612282Z   duration_ms: 3.827017
2026-10-08T18:05:03.5613079Z   type: 'test'
2026-10-08T18:05:03.5613732Z   ...
2026-10-08T18:05:03.5615022Z # Subtest: AI-to-Task samples target the original HTML fixture rather than inventing a second page
2026-10-08T18:05:03.5617087Z ok 5 - AI-to-Task samples target the original HTML fixture rather than inventing a second page
2026-10-08T18:05:03.5618828Z   ---
2026-10-08T18:05:03.5619943Z   duration_ms: 1.588133
2026-10-08T18:05:03.5620939Z   type: 'test'
2026-10-08T18:05:03.5621831Z   ...
2026-10-08T18:05:03.5722145Z # Subtest: read-only Agent observation draft retains the main R6.2 bounded snapshot contract
2026-10-08T18:05:03.5730700Z ok 6 - read-only Agent observation draft retains the main R6.2 bounded snapshot contract
2026-10-08T18:05:03.5732060Z   ---
2026-10-08T18:05:03.5732713Z   duration_ms: 6.308026
2026-10-08T18:05:03.5733709Z   type: 'test'
2026-10-08T18:05:03.5734692Z   ...
2026-10-08T18:05:03.5735733Z # Subtest: modern Locator Task candidate is exact and immutable, never pre-verified
2026-10-08T18:05:03.5737199Z ok 7 - modern Locator Task candidate is exact and immutable, never pre-verified
2026-10-08T18:05:03.5738127Z   ---
2026-10-08T18:05:03.5738490Z   duration_ms: 10.773437
2026-10-08T18:05:03.5739198Z   type: 'test'
2026-10-08T18:05:03.5739561Z   ...
2026-10-08T18:05:03.6317988Z # Subtest: real loopback HTTP server serves static JSON, HTML and true 404/non-JSON
2026-10-08T18:05:03.6347678Z ok 8 - real loopback HTTP server serves static JSON, HTML and true 404/non-JSON
2026-10-08T18:05:03.6348611Z   ---
2026-10-08T18:05:03.6376984Z   duration_ms: 65.825785
2026-10-08T18:05:03.6406943Z   type: 'test'
2026-10-08T18:05:03.6437210Z   ...
2026-10-08T18:05:03.8232246Z # Subtest: real loopback HTTP server emits status/POST body and delayed responses
2026-10-08T18:05:03.8234745Z ok 9 - real loopback HTTP server emits status/POST body and delayed responses
2026-10-08T18:05:03.8235653Z   ---
2026-10-08T18:05:03.8236091Z   duration_ms: 196.883554
2026-10-08T18:05:03.8236810Z   type: 'test'
2026-10-08T18:05:03.8237282Z   ...
2026-10-08T18:05:05.1768278Z # Subtest: one ordinary HTML page exposes unique, stable automation targets
2026-10-08T18:05:05.1769732Z ok 10 - one ordinary HTML page exposes unique, stable automation targets
2026-10-08T18:05:05.1795560Z   ---
2026-10-08T18:05:05.1803766Z   duration_ms: 13.975109
2026-10-08T18:05:05.1827033Z   type: 'test'
2026-10-08T18:05:05.1857107Z   ...
2026-10-08T18:05:05.1894358Z # Subtest: the unchanged signed v1 task still targets \#name → \#submit → \#done
2026-10-08T18:05:05.1917835Z ok 11 - the unchanged signed v1 task still targets \#name → \#submit → \#done
2026-10-08T18:05:05.1918692Z   ---
2026-10-08T18:05:05.1919215Z   duration_ms: 3.390533
2026-10-08T18:05:05.1919777Z   type: 'test'
2026-10-08T18:05:05.1920283Z   ...
2026-10-08T18:05:05.1921302Z # Subtest: modern search retains an initially filled field and deliberately replaces its submit button
2026-10-08T18:05:05.1922881Z ok 12 - modern search retains an initially filled field and deliberately replaces its submit button
2026-10-08T18:05:05.1923862Z   ---
2026-10-08T18:05:05.1924393Z   duration_ms: 1.782413
2026-10-08T18:05:05.1924936Z   type: 'test'
2026-10-08T18:05:05.1925440Z   ...
2026-10-08T18:05:05.1926886Z # Subtest: async scene sends only local fetches and distinguishes loading, 404, abort and timeout
2026-10-08T18:05:05.1928470Z ok 13 - async scene sends only local fetches and distinguishes loading, 404, abort and timeout
2026-10-08T18:05:05.1929463Z   ---
2026-10-08T18:05:05.1930013Z   duration_ms: 2.132434
2026-10-08T18:05:05.1930619Z   type: 'test'
2026-10-08T18:05:05.1931163Z   ...
2026-10-08T18:05:05.1932253Z # Subtest: explicit HTTP GET controls expose safe semantics and preserve offline-first operation
2026-10-08T18:05:05.1936025Z ok 14 - explicit HTTP GET controls expose safe semantics and preserve offline-first operation
2026-10-08T18:05:05.1937221Z   ---
2026-10-08T18:05:05.1937724Z   duration_ms: 3.423494
2026-10-08T18:05:05.1938269Z   type: 'test'
2026-10-08T18:05:05.1938757Z   ...
2026-10-08T18:05:05.1939797Z # Subtest: the single canonical page exposes seven navigable groups and honest Locator fixtures
2026-10-08T18:05:05.1941268Z ok 15 - the single canonical page exposes seven navigable groups and honest Locator fixtures
2026-10-08T18:05:05.1942219Z   ---
2026-10-08T18:05:05.1942715Z   duration_ms: 2.853645
2026-10-08T18:05:05.1943258Z   type: 'test'
2026-10-08T18:05:05.1943742Z   ...
2026-10-08T18:05:05.1944681Z # Subtest: Locator fixture actions, late insertion, and reset mutate only observable DOM
2026-10-08T18:05:05.1946050Z ok 16 - Locator fixture actions, late insertion, and reset mutate only observable DOM
2026-10-08T18:05:05.1950408Z   ---
2026-10-08T18:05:05.1950981Z   duration_ms: 1525.577282
2026-10-08T18:05:05.1951617Z   type: 'test'
2026-10-08T18:05:05.1952140Z   ...
2026-10-08T18:05:05.2158075Z # Subtest: HTTP panel sends no request until click and shows real status/content without HTML injection
2026-10-08T18:05:05.2177726Z ok 17 - HTTP panel sends no request until click and shows real status/content without HTML injection
2026-10-08T18:05:05.2246871Z   ---
2026-10-08T18:05:05.2277017Z   duration_ms: 38.928756
2026-10-08T18:05:05.2325825Z   type: 'test'
2026-10-08T18:05:05.2346939Z   ...
2026-10-08T18:05:05.2398213Z # Subtest: HTTP panel preserves actual 404 and abort/reset cannot resurrect late replies
2026-10-08T18:05:05.2487421Z ok 18 - HTTP panel preserves actual 404 and abort/reset cannot resurrect late replies
2026-10-08T18:05:05.2547083Z   ---
2026-10-08T18:05:05.2587087Z   duration_ms: 22.788013
2026-10-08T18:05:05.2597057Z   type: 'test'
2026-10-08T18:05:05.2602833Z   ...
2026-10-08T18:05:05.2603901Z # Subtest: minimal HTTP UI rejects invalid URLs without sending requests
2026-10-08T18:05:05.2627380Z ok 19 - minimal HTTP UI rejects invalid URLs without sending requests
2026-10-08T18:05:05.2636904Z   ---
2026-10-08T18:05:05.2637554Z   duration_ms: 18.86011
2026-10-08T18:05:05.2638230Z   type: 'test'
2026-10-08T18:05:05.2638825Z   ...
2026-10-08T18:05:05.2640349Z # Subtest: inline JavaScript parses without a third-party runtime or external resources
2026-10-08T18:05:05.2642058Z ok 20 - inline JavaScript parses without a third-party runtime or external resources
2026-10-08T18:05:05.2643124Z   ---
2026-10-08T18:05:05.2643697Z   duration_ms: 3.648573
2026-10-08T18:05:05.2644305Z   type: 'test'
2026-10-08T18:05:05.2645135Z   ...
2026-10-08T18:05:05.2646191Z # Subtest: manual browser testing has exactly one canonical HTML and no obsolete advertised URL
2026-10-08T18:05:05.2697771Z ok 21 - manual browser testing has exactly one canonical HTML and no obsolete advertised URL
2026-10-08T18:05:05.2701357Z   ---
2026-10-08T18:05:05.2701909Z   duration_ms: 5.267231
2026-10-08T18:05:05.2702337Z   type: 'test'
2026-10-08T18:05:05.2702686Z   ...
2026-10-08T18:05:05.2967930Z # Subtest: product shell configures the Chrome Side Panel action and never creates a popup
2026-10-08T18:05:05.3018013Z ok 22 - product shell configures the Chrome Side Panel action and never creates a popup
2026-10-08T18:05:05.3023605Z   ---
2026-10-08T18:05:05.3024053Z   duration_ms: 2.491652
2026-10-08T18:05:05.3024607Z   type: 'test'
2026-10-08T18:05:05.3025022Z   ...
2026-10-08T18:05:05.3026052Z # Subtest: tool sender accepts top-level Side Panel documents and rejects foreign or nested senders
2026-10-08T18:05:05.3027854Z ok 23 - tool sender accepts top-level Side Panel documents and rejects foreign or nested senders
2026-10-08T18:05:05.3028802Z   ---
2026-10-08T18:05:05.3029198Z   duration_ms: 0.590467
2026-10-08T18:05:05.3029643Z   type: 'test'
2026-10-08T18:05:05.3030038Z   ...
2026-10-08T18:05:05.3041221Z # Subtest: URL policy rejects restricted/file/credentials and preserves exact origin including port
2026-10-08T18:05:05.3077629Z ok 24 - URL policy rejects restricted/file/credentials and preserves exact origin including port
2026-10-08T18:05:05.3078486Z   ---
2026-10-08T18:05:05.3078842Z   duration_ms: 0.770092
2026-10-08T18:05:05.3079240Z   type: 'test'
2026-10-08T18:05:05.3079576Z   ...
2026-10-08T18:05:05.3080480Z # Subtest: health waits for sender readiness and binds Chrome document metadata, not file result
2026-10-08T18:05:05.3081802Z ok 25 - health waits for sender readiness and binds Chrome document metadata, not file result
2026-10-08T18:05:05.3082573Z   ---
2026-10-08T18:05:05.3082907Z   duration_ms: 10.579266
2026-10-08T18:05:05.3083326Z   type: 'test'
2026-10-08T18:05:05.3083674Z   ...
2026-10-08T18:05:05.3084351Z # Subtest: revoked permission blocks even previously installed agent
2026-10-08T18:05:05.3085294Z ok 26 - revoked permission blocks even previously installed agent
2026-10-08T18:05:05.3085924Z   ---
2026-10-08T18:05:05.3086586Z   duration_ms: 2.687125
2026-10-08T18:05:05.3086978Z   type: 'test'
2026-10-08T18:05:05.3087301Z   ...
2026-10-08T18:05:05.3088169Z # Subtest: reload, cross-origin and closed tab reject bound target without automatic reinjection
2026-10-08T18:05:05.3089600Z ok 27 - reload, cross-origin and closed tab reject bound target without automatic reinjection
2026-10-08T18:05:05.3137226Z   ---
2026-10-08T18:05:05.3169891Z   duration_ms: 5.832502
2026-10-08T18:05:05.3197063Z   type: 'test'
2026-10-08T18:05:05.3226941Z   ...
2026-10-08T18:05:05.3227690Z # Subtest: forged health nonce and fake sender cannot satisfy exact target
2026-10-08T18:05:05.3228695Z ok 28 - forged health nonce and fake sender cannot satisfy exact target
2026-10-08T18:05:05.3229416Z   ---
2026-10-08T18:05:05.3230292Z   duration_ms: 1.914088
2026-10-08T18:05:05.3230977Z   type: 'test'
2026-10-08T18:05:05.3231622Z   ...
2026-10-08T18:05:05.3232640Z # Subtest: missing module has no capabilities or runner and can be mounted/disposed
2026-10-08T18:05:05.3234044Z ok 29 - missing module has no capabilities or runner and can be mounted/disposed
2026-10-08T18:05:05.3234969Z   ---
2026-10-08T18:05:05.3235545Z   duration_ms: 0.626825
2026-10-08T18:05:05.3236156Z   type: 'test'
2026-10-08T18:05:05.3236959Z   ...
2026-10-08T18:05:05.3237953Z # Subtest: Side Panel configuration failure is surfaced without a popup fallback
2026-10-08T18:05:05.3239703Z ok 30 - Side Panel configuration failure is surfaced without a popup fallback
2026-10-08T18:05:05.3240668Z   ---
2026-10-08T18:05:05.3241209Z   duration_ms: 0.675927
2026-10-08T18:05:05.3241795Z   type: 'test'
2026-10-08T18:05:05.3242327Z   ...
2026-10-08T18:05:05.3243251Z # Subtest: unknown authorization mode is rejected before another injection
2026-10-08T18:05:05.3244791Z ok 31 - unknown authorization mode is rejected before another injection
2026-10-08T18:05:05.3245843Z   ---
2026-10-08T18:05:05.3246692Z   duration_ms: 4.014162
2026-10-08T18:05:05.3247320Z   type: 'test'
2026-10-08T18:05:05.3247834Z   ...
2026-10-08T18:05:05.3248826Z # Subtest: permission revoke reports permission failure even when Chrome hides tab URL
2026-10-08T18:05:05.3250288Z ok 32 - permission revoke reports permission failure even when Chrome hides tab URL
2026-10-08T18:05:05.3251238Z   ---
2026-10-08T18:05:05.3251798Z   duration_ms: 1.94748
2026-10-08T18:05:05.3252392Z   type: 'test'
2026-10-08T18:05:05.3252924Z   ...
2026-10-08T18:05:05.3253996Z # Subtest: permission revoked during tabs.get is diagnosed before inspecting its hidden URL
2026-10-08T18:05:05.3255526Z ok 33 - permission revoked during tabs.get is diagnosed before inspecting its hidden URL
2026-10-08T18:05:05.3256811Z   ---
2026-10-08T18:05:05.3257359Z   duration_ms: 2.09289
2026-10-08T18:05:05.3257927Z   type: 'test'
2026-10-08T18:05:05.3258431Z   ...
2026-10-08T18:05:05.3259474Z # Subtest: repeated agent ready preserves optional authorization and cannot bypass revoke
2026-10-08T18:05:05.3260899Z ok 34 - repeated agent ready preserves optional authorization and cannot bypass revoke
2026-10-08T18:05:05.3261835Z   ---
2026-10-08T18:05:05.3262336Z   duration_ms: 1.890324
2026-10-08T18:05:05.3262882Z   type: 'test'
2026-10-08T18:05:05.3263374Z   ...
2026-10-08T18:05:05.3264228Z # Subtest: same-document concurrent binding resolves all readiness waiters
2026-10-08T18:05:05.3265418Z ok 35 - same-document concurrent binding resolves all readiness waiters
2026-10-08T18:05:05.3266598Z   ---
2026-10-08T18:05:05.3267185Z   duration_ms: 2.803799
2026-10-08T18:05:05.3267802Z   type: 'test'
2026-10-08T18:05:05.3268364Z   ...
2026-10-08T18:05:05.3269426Z # Subtest: document invalidation and revoke while awaiting reply reject late health success
2026-10-08T18:05:05.3271003Z ok 36 - document invalidation and revoke while awaiting reply reject late health success
2026-10-08T18:05:05.3272001Z   ---
2026-10-08T18:05:05.3272551Z   duration_ms: 1.450967
2026-10-08T18:05:05.3273165Z   type: 'test'
2026-10-08T18:05:05.3273703Z   ...
2026-10-08T18:05:05.3274779Z # Subtest: missing Side Panel sender documentId resolves only unique native instance context
2026-10-08T18:05:05.3276512Z ok 37 - missing Side Panel sender documentId resolves only unique native instance context
2026-10-08T18:05:05.3277564Z   ---
2026-10-08T18:05:05.3278102Z   duration_ms: 1.935438
2026-10-08T18:05:05.3278707Z   type: 'test'
2026-10-08T18:05:05.3279250Z   ...
2026-10-08T18:05:05.3280534Z # Subtest: fixed production protocol Schema uses variable-width LZW and decodes byte-for-byte to the audited object
2026-10-08T18:05:05.3282417Z ok 38 - fixed production protocol Schema uses variable-width LZW and decodes byte-for-byte to the audited object
2026-10-08T18:05:05.3283566Z   ---
2026-10-08T18:05:05.3284099Z   duration_ms: 75.707775
2026-10-08T18:05:05.3284720Z   type: 'test'
2026-10-08T18:05:05.3285260Z   ...
2026-10-08T18:05:05.3286760Z # Subtest: small and non-ASCII schemas still round-trip through existing smaller-of-two-formats selection
2026-10-08T18:05:05.3288515Z ok 39 - small and non-ASCII schemas still round-trip through existing smaller-of-two-formats selection
2026-10-08T18:05:05.3289597Z   ---
2026-10-08T18:05:05.3290169Z   duration_ms: 0.868394
2026-10-08T18:05:05.3290821Z   type: 'test'
2026-10-08T18:05:05.3291341Z   ...
2026-10-08T18:05:05.3292255Z # Subtest: async main receives page/params lexically without platform arguments
2026-10-08T18:05:05.3293534Z ok 40 - async main receives page/params lexically without platform arguments
2026-10-08T18:05:05.3294372Z   ---
2026-10-08T18:05:05.3295130Z   duration_ms: 1.529363
2026-10-08T18:05:05.3295738Z   type: 'test'
2026-10-08T18:05:05.3296238Z   ...
2026-10-08T18:05:05.3297300Z # Subtest: main return preserves falsy values including undefined
2026-10-08T18:05:05.3298383Z ok 41 - main return preserves falsy values including undefined
2026-10-08T18:05:05.3299592Z   ---
2026-10-08T18:05:05.3300107Z   duration_ms: 0.362825
2026-10-08T18:05:05.3300646Z   type: 'test'
2026-10-08T18:05:05.3301125Z   ...
2026-10-08T18:05:05.3301922Z # Subtest: prior async-body scripts still execute and return correctly
2026-10-08T18:05:05.3303024Z ok 42 - prior async-body scripts still execute and return correctly
2026-10-08T18:05:05.3303759Z   ---
2026-10-08T18:05:05.3304224Z   duration_ms: 0.276183
2026-10-08T18:05:05.3304769Z   type: 'test'
2026-10-08T18:05:05.3305243Z   ...
2026-10-08T18:05:05.3306025Z # Subtest: main faults are errors rather than silent empty results
2026-10-08T18:05:05.3307401Z ok 43 - main faults are errors rather than silent empty results
2026-10-08T18:05:05.3308222Z   ---
2026-10-08T18:05:05.3308779Z   duration_ms: 0.65061
2026-10-08T18:05:05.3309397Z   type: 'test'
2026-10-08T18:05:05.3309949Z   ...
2026-10-08T18:05:05.3311029Z # Subtest: worker fault preserves a bounded raw generated stack without claiming a source mapping
2026-10-08T18:05:05.3312618Z ok 44 - worker fault preserves a bounded raw generated stack without claiming a source mapping
2026-10-08T18:05:05.3313605Z   ---
2026-10-08T18:05:05.3314134Z   duration_ms: 23.905238
2026-10-08T18:05:05.3314702Z   type: 'test'
2026-10-08T18:05:05.3315220Z   ...
2026-10-08T18:05:05.3316786Z # Subtest: navigation starts invalidate the visible old document before tabs updates and recover after failure or commit
2026-10-08T18:05:05.3318759Z ok 45 - navigation starts invalidate the visible old document before tabs updates and recover after failure or commit
2026-10-08T18:05:05.3319922Z   ---
2026-10-08T18:05:05.3320448Z   duration_ms: 8.522784
2026-10-08T18:05:05.3320998Z   type: 'test'
2026-10-08T18:05:05.3321501Z   ...
2026-10-08T18:05:05.3322660Z # Subtest: loading and unloaded tabs never expose their still-visible old document as a runnable candidate
2026-10-08T18:05:05.3324370Z ok 46 - loading and unloaded tabs never expose their still-visible old document as a runnable candidate
2026-10-08T18:05:05.3325405Z   ---
2026-10-08T18:05:05.3325950Z   duration_ms: 1.012582
2026-10-08T18:05:05.3326762Z   type: 'test'
2026-10-08T18:05:05.3327262Z   ...
2026-10-08T18:05:05.3328301Z # Subtest: a tab becoming loading after frame observation fails the final candidate confirmation
2026-10-08T18:05:05.3329771Z ok 47 - a tab becoming loading after frame observation fails the final candidate confirmation
2026-10-08T18:05:05.3330705Z   ---
2026-10-08T18:05:05.3331275Z   duration_ms: 0.318212
2026-10-08T18:05:05.3331837Z   type: 'test'
2026-10-08T18:05:05.3332340Z   ...
2026-10-08T18:05:05.3333407Z # Subtest: Sidebar binds to its own browser window and exposes only the active HTTP(S) main document
2026-10-08T18:05:05.3334924Z ok 48 - Sidebar binds to its own browser window and exposes only the active HTTP(S) main document
2026-10-08T18:05:05.3335898Z   ---
2026-10-08T18:05:05.3336698Z   duration_ms: 1.530376
2026-10-08T18:05:05.3337341Z   type: 'test'
2026-10-08T18:05:05.3337924Z   ...
2026-10-08T18:05:05.3338810Z # Subtest: same-URL tab switch cannot replace the captured run candidate
2026-10-08T18:05:05.3340075Z ok 49 - same-URL tab switch cannot replace the captured run candidate
2026-10-08T18:05:05.3340933Z   ---
2026-10-08T18:05:05.3341488Z   duration_ms: 0.374256
2026-10-08T18:05:05.3342095Z   type: 'test'
2026-10-08T18:05:05.3342643Z   ...
2026-10-08T18:05:05.3343676Z # Subtest: SPA URL change before admission is stale even when documentId is unchanged
2026-10-08T18:05:05.3345041Z ok 50 - SPA URL change before admission is stale even when documentId is unchanged
2026-10-08T18:05:05.3345926Z   ---
2026-10-08T18:05:05.3346675Z   duration_ms: 0.365539
2026-10-08T18:05:05.3347391Z   type: 'test'
2026-10-08T18:05:05.3348148Z   ...
2026-10-08T18:05:05.3349211Z # Subtest: reload/full navigation invalidates the old candidate instead of matching by URL
2026-10-08T18:05:05.3350723Z ok 51 - reload/full navigation invalidates the old candidate instead of matching by URL
2026-10-08T18:05:05.3351944Z   ---
2026-10-08T18:05:05.3352518Z   duration_ms: 0.343839
2026-10-08T18:05:05.3353086Z   type: 'test'
2026-10-08T18:05:05.3353594Z   ...
2026-10-08T18:05:05.3354667Z # Subtest: Current Page follows activation events but never falls back to a previous valid page
2026-10-08T18:05:05.3356190Z ok 52 - Current Page follows activation events but never falls back to a previous valid page
2026-10-08T18:05:05.3357432Z   ---
2026-10-08T18:05:05.3357942Z   duration_ms: 3.39952
2026-10-08T18:05:05.3358487Z   type: 'test'
2026-10-08T18:05:05.3358999Z   ...
2026-10-08T18:05:05.3359984Z # Subtest: two Sidebar instances bind independently to their containing browser windows
2026-10-08T18:05:05.3361489Z ok 53 - two Sidebar instances bind independently to their containing browser windows
2026-10-08T18:05:05.3362451Z   ---
2026-10-08T18:05:05.3363003Z   duration_ms: 0.687117
2026-10-08T18:05:05.3363613Z   type: 'test'
2026-10-08T18:05:05.3364159Z   ...
2026-10-08T18:05:05.3364966Z # Subtest: dispose releases all browser event subscriptions
2026-10-08T18:05:05.3366045Z ok 54 - dispose releases all browser event subscriptions
2026-10-08T18:05:05.3367101Z   ---
2026-10-08T18:05:05.3367653Z   duration_ms: 0.685164
2026-10-08T18:05:05.3368244Z   type: 'test'
2026-10-08T18:05:05.3368779Z   ...
2026-10-08T18:05:05.3369744Z # Subtest: a late revalidation cannot overwrite a newer Current Page observation
2026-10-08T18:05:05.3371079Z ok 55 - a late revalidation cannot overwrite a newer Current Page observation
2026-10-08T18:05:05.3372011Z   ---
2026-10-08T18:05:05.3372549Z   duration_ms: 2.918936
2026-10-08T18:05:05.3373145Z   type: 'test'
2026-10-08T18:05:05.3373688Z   ...
2026-10-08T18:05:05.3374718Z # Subtest: a disposed Sidebar cannot capture or finish an in-flight candidate validation
2026-10-08T18:05:05.3376173Z ok 56 - a disposed Sidebar cannot capture or finish an in-flight candidate validation
2026-10-08T18:05:05.3377382Z   ---
2026-10-08T18:05:05.3377936Z   duration_ms: 1.060701
2026-10-08T18:05:05.3378547Z   type: 'test'
2026-10-08T18:05:05.3379089Z   ...
2026-10-08T18:05:05.3380431Z # Subtest: inspection only parses and lists download permissions; explicit actions and post-download hash review are separate
2026-10-08T18:05:05.3382455Z ok 57 - inspection only parses and lists download permissions; explicit actions and post-download hash review are separate
2026-10-08T18:05:05.3383655Z   ---
2026-10-08T18:05:05.3384187Z   duration_ms: 40.876116
2026-10-08T18:05:05.3384796Z   type: 'test'
2026-10-08T18:05:05.3385322Z   ...
2026-10-08T18:05:05.3386774Z # Subtest: packaged jQuery and a second ordinary library use ordered generic assets; source provenance is explicit
2026-10-08T18:05:05.3388618Z ok 58 - packaged jQuery and a second ordinary library use ordered generic assets; source provenance is explicit
2026-10-08T18:05:05.3389734Z   ---
2026-10-08T18:05:05.3390276Z   duration_ms: 12.427912
2026-10-08T18:05:05.3390868Z   type: 'test'
2026-10-08T18:05:05.3391402Z   ...
2026-10-08T18:05:05.3392674Z # Subtest: approved locks run offline after a new manager instance and draft edits; source/mode changes require a new lock
2026-10-08T18:05:05.3394505Z ok 59 - approved locks run offline after a new manager instance and draft edits; source/mode changes require a new lock
2026-10-08T18:05:05.3395566Z   ---
2026-10-08T18:05:05.3396079Z   duration_ms: 5.941966
2026-10-08T18:05:05.3396894Z   type: 'test'
2026-10-08T18:05:05.3397415Z   ...
2026-10-08T18:05:05.3398658Z # Subtest: duplicate declarations preserve execution order, shared bytes do not share another namespace approval
2026-10-08T18:05:05.3400448Z ok 60 - duplicate declarations preserve execution order, shared bytes do not share another namespace approval
2026-10-08T18:05:05.3401539Z   ---
2026-10-08T18:05:05.3402306Z   duration_ms: 9.480141
2026-10-08T18:05:05.3402929Z   type: 'test'
2026-10-08T18:05:05.3403457Z   ...
2026-10-08T18:05:05.3404648Z # Subtest: a local file adapter preserves declared URL and original file bytes without claiming a network download
2026-10-08T18:05:05.3406899Z ok 61 - a local file adapter preserves declared URL and original file bytes without claiming a network download
2026-10-08T18:05:05.3408058Z   ---
2026-10-08T18:05:05.3408602Z   duration_ms: 7.2572
2026-10-08T18:05:05.3409184Z   type: 'test'
2026-10-08T18:05:05.3409718Z   ...
2026-10-08T18:05:05.3410980Z # Subtest: same URL updates produce new immutable locks; selecting approved old bytes stays offline and deterministic
2026-10-08T18:05:05.3412882Z ok 62 - same URL updates produce new immutable locks; selecting approved old bytes stays offline and deterministic
2026-10-08T18:05:05.3414014Z   ---
2026-10-08T18:05:05.3414543Z   duration_ms: 16.71233
2026-10-08T18:05:05.3415140Z   type: 'test'
2026-10-08T18:05:05.3415691Z   ...
2026-10-08T18:05:05.3417058Z # Subtest: SRI validates original bytes with SHA-256/384/512 and does not silently approve a mismatch
2026-10-08T18:05:05.3418676Z ok 63 - SRI validates original bytes with SHA-256/384/512 and does not silently approve a mismatch
2026-10-08T18:05:05.3419671Z   ---
2026-10-08T18:05:05.3420205Z   duration_ms: 17.582875
2026-10-08T18:05:05.3420774Z   type: 'test'
2026-10-08T18:05:05.3421280Z   ...
2026-10-08T18:05:05.3422435Z # Subtest: downloader rejects redirects, HTML/JSON, malformed UTF-8, private IPs and excess streaming bytes
2026-10-08T18:05:05.3424178Z ok 64 - downloader rejects redirects, HTML/JSON, malformed UTF-8, private IPs and excess streaming bytes
2026-10-08T18:05:05.3425234Z   ---
2026-10-08T18:05:05.3425752Z   duration_ms: 8.718547
2026-10-08T18:05:05.3426542Z   type: 'test'
2026-10-08T18:05:05.3427125Z   ...
2026-10-08T18:05:05.3428381Z # Subtest: permission revocation and stale host during network/hash work never commit an approvable review or lock
2026-10-08T18:05:05.3430252Z ok 65 - permission revocation and stale host during network/hash work never commit an approvable review or lock
2026-10-08T18:05:05.3431461Z   ---
2026-10-08T18:05:05.3432018Z   duration_ms: 7.73563
2026-10-08T18:05:05.3432638Z   type: 'test'
2026-10-08T18:05:05.3433199Z   ...
2026-10-08T18:05:05.3434479Z # Subtest: asset, review provenance and lock tampering fail closed; quota failure atomically rolls back prepared assets
2026-10-08T18:05:05.3436613Z ok 66 - asset, review provenance and lock tampering fail closed; quota failure atomically rolls back prepared assets
2026-10-08T18:05:05.3437847Z   ---
2026-10-08T18:05:05.3438404Z   duration_ms: 14.333272
2026-10-08T18:05:05.3439025Z   type: 'test'
2026-10-08T18:05:05.3439563Z   ...
2026-10-08T18:05:05.3440806Z # Subtest: ordinary JS and metadata-looking strings remain source; real BOM/blank-prefixed CRLF header is preserved
2026-10-08T18:05:05.3442698Z ok 67 - ordinary JS and metadata-looking strings remain source; real BOM/blank-prefixed CRLF header is preserved
2026-10-08T18:05:05.3443823Z   ---
2026-10-08T18:05:05.3444360Z   duration_ms: 3.191453
2026-10-08T18:05:05.3444932Z   type: 'test'
2026-10-08T18:05:05.3445459Z   ...
2026-10-08T18:05:05.3446916Z # Subtest: leading copyright comments do not hide real dependencies or privileges; malformed markers fail closed
2026-10-08T18:05:05.3448680Z ok 68 - leading copyright comments do not hide real dependencies or privileges; malformed markers fail closed
2026-10-08T18:05:05.3449730Z   ---
2026-10-08T18:05:05.3450230Z   duration_ms: 2.237368
2026-10-08T18:05:05.3450773Z   type: 'test'
2026-10-08T18:05:05.3451254Z   ...
2026-10-08T18:05:05.3452349Z # Subtest: standard unpinned @require is importable and reviewable, including duplicate execution order
2026-10-08T18:05:05.3453965Z ok 69 - standard unpinned @require is importable and reviewable, including duplicate execution order
2026-10-08T18:05:05.3454989Z   ---
2026-10-08T18:05:05.3455498Z   duration_ms: 1.359958
2026-10-08T18:05:05.3456047Z   type: 'test'
2026-10-08T18:05:05.3457019Z   ...
2026-10-08T18:05:05.3458471Z # Subtest: TM hex/Base64, SRI tokens, percent-encoded fragments and multiple strong hashes canonicalize without losing plus signs
2026-10-08T18:05:05.3460534Z ok 70 - TM hex/Base64, SRI tokens, percent-encoded fragments and multiple strong hashes canonicalize without losing plus signs
2026-10-08T18:05:05.3462024Z   ---
2026-10-08T18:05:05.3462567Z   duration_ms: 2.234213
2026-10-08T18:05:05.3463152Z   type: 'test'
2026-10-08T18:05:05.3463714Z   ...
2026-10-08T18:05:05.3464819Z # Subtest: malformed or conflicting integrity is preserved for diagnosis and cannot be admitted
2026-10-08T18:05:05.3466734Z ok 71 - malformed or conflicting integrity is preserved for diagnosis and cannot be admitted
2026-10-08T18:05:05.3467959Z   ---
2026-10-08T18:05:05.3468500Z   duration_ms: 1.54915
2026-10-08T18:05:05.3469073Z   type: 'test'
2026-10-08T18:05:05.3469606Z   ...
2026-10-08T18:05:05.3470816Z # Subtest: weak integrity does not masquerade as verified SRI; mixed declarations keep strong requirements
2026-10-08T18:05:05.3472496Z ok 72 - weak integrity does not masquerade as verified SRI; mixed declarations keep strong requirements
2026-10-08T18:05:05.3473514Z   ---
2026-10-08T18:05:05.3474024Z   duration_ms: 0.727983
2026-10-08T18:05:05.3474609Z   type: 'test'
2026-10-08T18:05:05.3475155Z   ...
2026-10-08T18:05:05.3476219Z # Subtest: relative dependencies use actual importer provenance, never a page URL or @downloadURL
2026-10-08T18:05:05.3478073Z ok 73 - relative dependencies use actual importer provenance, never a page URL or @downloadURL
2026-10-08T18:05:05.3479037Z   ---
2026-10-08T18:05:05.3479555Z   duration_ms: 1.539141
2026-10-08T18:05:05.3480117Z   type: 'test'
2026-10-08T18:05:05.3480637Z   ...
2026-10-08T18:05:05.3481739Z # Subtest: unsupported grants/resources/directives do not prevent import or hide later dependencies
2026-10-08T18:05:05.3483374Z ok 74 - unsupported grants/resources/directives do not prevent import or hide later dependencies
2026-10-08T18:05:05.3484408Z   ---
2026-10-08T18:05:05.3484909Z   duration_ms: 0.706162
2026-10-08T18:05:05.3485454Z   type: 'test'
2026-10-08T18:05:05.3485975Z   ...
2026-10-08T18:05:05.3487264Z # Subtest: entry modes remain explicit and native match/frame/timing mappings are inspectable
2026-10-08T18:05:05.3488764Z ok 75 - entry modes remain explicit and native match/frame/timing mappings are inspectable
2026-10-08T18:05:05.3489685Z   ---
2026-10-08T18:05:05.3490195Z   duration_ms: 1.822468
2026-10-08T18:05:05.3490753Z   type: 'test'
2026-10-08T18:05:05.3491248Z   ...
2026-10-08T18:05:05.3492487Z # Subtest: large valid headers no longer fail at 64 lines or 8 dependencies; real bounds fail closed with import diagnostics
2026-10-08T18:05:05.3494340Z ok 76 - large valid headers no longer fail at 64 lines or 8 dependencies; real bounds fail closed with import diagnostics
2026-10-08T18:05:05.3495429Z   ---
2026-10-08T18:05:05.3495939Z   duration_ms: 5.170441
2026-10-08T18:05:05.3496701Z   type: 'test'
2026-10-08T18:05:05.3497260Z   ...
2026-10-08T18:05:05.3498374Z # Subtest: daily development profile is deterministic per worktree, not fresh every invocation
2026-10-08T18:05:05.3499958Z ok 77 - daily development profile is deterministic per worktree, not fresh every invocation
2026-10-08T18:05:05.3500982Z   ---
2026-10-08T18:05:05.3501532Z   duration_ms: 2.091828
2026-10-08T18:05:05.3502124Z   type: 'test'
2026-10-08T18:05:05.3502680Z   ...
2026-10-08T18:05:05.3503582Z # Subtest: profile path rejects relative, unsafe or ambiguous names
2026-10-08T18:05:05.3504738Z ok 78 - profile path rejects relative, unsafe or ambiguous names
2026-10-08T18:05:05.3505539Z   ---
2026-10-08T18:05:05.3506059Z   duration_ms: 0.765974
2026-10-08T18:05:05.3556887Z   type: 'test'
2026-10-08T18:05:05.3567050Z   ...
2026-10-08T18:05:05.3589220Z # Subtest: interactive CFT flags preserve a single stable profile and extension location without bypasses
2026-10-08T18:05:05.3591361Z ok 79 - interactive CFT flags preserve a single stable profile and extension location without bypasses
2026-10-08T18:05:05.3592518Z   ---
2026-10-08T18:05:05.3593122Z   duration_ms: 1.419769
2026-10-08T18:05:05.3593773Z   type: 'test'
2026-10-08T18:05:05.3594350Z   ...
2026-10-08T18:05:05.3595257Z # Subtest: the formal native launcher remains isolated and unmodified
2026-10-08T18:05:05.3596998Z ok 80 - the formal native launcher remains isolated and unmodified
2026-10-08T18:05:05.3597817Z   ---
2026-10-08T18:05:05.3598359Z   duration_ms: 8.336567
2026-10-08T18:05:05.3598977Z   type: 'test'
2026-10-08T18:05:05.3599527Z   ...
2026-10-08T18:05:05.3600486Z # Subtest: startup permission check cannot reconnect after permission-removed
2026-10-08T18:05:05.3601820Z ok 81 - startup permission check cannot reconnect after permission-removed
2026-10-08T18:05:05.3602733Z   ---
2026-10-08T18:05:05.3603295Z   duration_ms: 7.806833
2026-10-08T18:05:05.3603904Z   type: 'test'
2026-10-08T18:05:05.3604450Z   ...
2026-10-08T18:05:05.3605303Z # Subtest: startup permission check cannot reconnect after dispose
2026-10-08T18:05:05.3606775Z ok 82 - startup permission check cannot reconnect after dispose
2026-10-08T18:05:05.3607636Z   ---
2026-10-08T18:05:05.3608185Z   duration_ms: 1.984819
2026-10-08T18:05:05.3608775Z   type: 'test'
2026-10-08T18:05:05.3609323Z   ...
2026-10-08T18:05:05.3610126Z # Subtest: reserved mutation never dispatches across disable
2026-10-08T18:05:05.3611178Z ok 83 - reserved mutation never dispatches across disable
2026-10-08T18:05:05.3611931Z   ---
2026-10-08T18:05:05.3612601Z   duration_ms: 10.010328
2026-10-08T18:05:05.3613227Z   type: 'test'
2026-10-08T18:05:05.3613780Z   ...
2026-10-08T18:05:05.3614696Z # Subtest: reserved mutation never dispatches across permission-removed
2026-10-08T18:05:05.3615938Z ok 84 - reserved mutation never dispatches across permission-removed
2026-10-08T18:05:05.3617044Z   ---
2026-10-08T18:05:05.3647028Z   duration_ms: 5.535129
2026-10-08T18:05:05.3649682Z   type: 'test'
2026-10-08T18:05:05.3650324Z   ...
2026-10-08T18:05:05.3651276Z # Subtest: reserved mutation never dispatches across disconnect-reconnect
2026-10-08T18:05:05.3652544Z ok 85 - reserved mutation never dispatches across disconnect-reconnect
2026-10-08T18:05:05.3653375Z   ---
2026-10-08T18:05:05.3653899Z   duration_ms: 6.841958
2026-10-08T18:05:05.3654473Z   type: 'test'
2026-10-08T18:05:05.3654980Z   ...
2026-10-08T18:05:05.3655802Z # Subtest: reserved mutation never dispatches across disable-enable
2026-10-08T18:05:05.3657294Z ok 86 - reserved mutation never dispatches across disable-enable
2026-10-08T18:05:05.3658112Z   ---
2026-10-08T18:05:05.3664013Z   duration_ms: 6.282859
2026-10-08T18:05:05.3664662Z   type: 'test'
2026-10-08T18:05:05.3665221Z   ...
2026-10-08T18:05:05.3666043Z # Subtest: reserved mutation never dispatches across dispose
2026-10-08T18:05:05.3668153Z ok 87 - reserved mutation never dispatches across dispose
2026-10-08T18:05:05.3668912Z   ---
2026-10-08T18:05:05.3669440Z   duration_ms: 5.568001
2026-10-08T18:05:05.3670005Z   type: 'test'
2026-10-08T18:05:05.3670546Z   ...
2026-10-08T18:05:05.3671438Z # Subtest: Native permission is rechecked immediately before dispatch
2026-10-08T18:05:05.3672609Z ok 88 - Native permission is rechecked immediately before dispatch
2026-10-08T18:05:05.3673449Z   ---
2026-10-08T18:05:05.3674007Z   duration_ms: 5.573621
2026-10-08T18:05:05.3674597Z   type: 'test'
2026-10-08T18:05:05.3675190Z   ...
2026-10-08T18:05:05.3676224Z # Subtest: a late disconnect from an old Native port cannot cancel a new connection request
2026-10-08T18:05:05.3678060Z ok 89 - a late disconnect from an old Native port cannot cancel a new connection request
2026-10-08T18:05:05.3679209Z   ---
2026-10-08T18:05:05.3679799Z   duration_ms: 10.836104
2026-10-08T18:05:05.3680407Z   type: 'test'
2026-10-08T18:05:05.3680920Z   ...
2026-10-08T18:05:05.3681764Z # Subtest: a pending enable permission check cannot overwrite disable
2026-10-08T18:05:05.3682936Z ok 90 - a pending enable permission check cannot overwrite disable
2026-10-08T18:05:05.3683734Z   ---
2026-10-08T18:05:05.3684497Z   duration_ms: 2.196524
2026-10-08T18:05:05.3685106Z   type: 'test'
2026-10-08T18:05:05.3685691Z   ...
2026-10-08T18:05:05.3686943Z # Subtest: a pending enable permission check cannot overwrite permission-removed
2026-10-08T18:05:05.3688223Z ok 91 - a pending enable permission check cannot overwrite permission-removed
2026-10-08T18:05:05.3689356Z   ---
2026-10-08T18:05:05.3689863Z   duration_ms: 1.111225
2026-10-08T18:05:05.3690398Z   type: 'test'
2026-10-08T18:05:05.3690869Z   ...
2026-10-08T18:05:05.3691705Z # Subtest: a pending enable storage write cannot persist over a newer disable
2026-10-08T18:05:05.3692869Z ok 92 - a pending enable storage write cannot persist over a newer disable
2026-10-08T18:05:05.3693627Z   ---
2026-10-08T18:05:05.3694149Z   duration_ms: 2.42063
2026-10-08T18:05:05.3694808Z   type: 'test'
2026-10-08T18:05:05.3695503Z   ...
2026-10-08T18:05:05.3697049Z # Subtest: an old Host ACK cannot match a new connection read with the same external requestId
2026-10-08T18:05:05.3698594Z ok 93 - an old Host ACK cannot match a new connection read with the same external requestId
2026-10-08T18:05:05.3717800Z   ---
2026-10-08T18:05:05.3718370Z   duration_ms: 15.231905
2026-10-08T18:05:05.3718941Z   type: 'test'
2026-10-08T18:05:05.3719442Z   ...
2026-10-08T18:05:05.3720359Z # Subtest: enabled Native handshake sends version and correct extension identity
2026-10-08T18:05:05.3721612Z ok 94 - enabled Native handshake sends version and correct extension identity
2026-10-08T18:05:05.3722435Z   ---
2026-10-08T18:05:05.3722920Z   duration_ms: 1.039492
2026-10-08T18:05:05.3723448Z   type: 'test'
2026-10-08T18:05:05.3723927Z   ...
2026-10-08T18:05:05.3724915Z # Subtest: default-off requires a packaged Settings sender and real granted Native permission
2026-10-08T18:05:05.3726535Z ok 95 - default-off requires a packaged Settings sender and real granted Native permission
2026-10-08T18:05:05.3727460Z   ---
2026-10-08T18:05:05.3727966Z   duration_ms: 0.716121
2026-10-08T18:05:05.3728545Z   type: 'test'
2026-10-08T18:05:05.3729060Z   ...
2026-10-08T18:05:05.3730021Z # Subtest: request hash journal deduplicates after real Host admission; conflicting bytes fail
2026-10-08T18:05:05.3731387Z ok 96 - request hash journal deduplicates after real Host admission; conflicting bytes fail
2026-10-08T18:05:05.3732286Z   ---
2026-10-08T18:05:05.3732807Z   duration_ms: 8.838079
2026-10-08T18:05:05.3733332Z   type: 'test'
2026-10-08T18:05:05.3733803Z   ...
2026-10-08T18:05:05.3734719Z # Subtest: dispatched but unanswered calls are never retried, even if same id reappears
2026-10-08T18:05:05.3736022Z ok 97 - dispatched but unanswered calls are never retried, even if same id reappears
2026-10-08T18:05:05.3737088Z   ---
2026-10-08T18:05:05.3737586Z   duration_ms: 11.073798
2026-10-08T18:05:05.3738125Z   type: 'test'
2026-10-08T18:05:05.3738599Z   ...
2026-10-08T18:05:05.3739465Z # Subtest: no live registered Host means no run reservation or Worker execution
2026-10-08T18:05:05.3754303Z ok 98 - no live registered Host means no run reservation or Worker execution
2026-10-08T18:05:05.3755219Z   ---
2026-10-08T18:05:05.3755755Z   duration_ms: 1.100466
2026-10-08T18:05:05.3756519Z   type: 'test'
2026-10-08T18:05:05.3757042Z   ...
2026-10-08T18:05:05.3757939Z # Subtest: run.get and run.stop cannot inspect arbitrary Sidebar-owned Run records
2026-10-08T18:05:05.3759502Z ok 99 - run.get and run.stop cannot inspect arbitrary Sidebar-owned Run records
2026-10-08T18:05:05.3786848Z   ---
2026-10-08T18:05:05.3814367Z   duration_ms: 1.05976
2026-10-08T18:05:05.3814990Z   type: 'test'
2026-10-08T18:05:05.3815490Z   ...
2026-10-08T18:05:05.3816751Z # Subtest: ACK journal write failure after Host action remains OUTCOME_UNKNOWN and never replays
2026-10-08T18:05:05.3818229Z ok 100 - ACK journal write failure after Host action remains OUTCOME_UNKNOWN and never replays
2026-10-08T18:05:05.3819141Z   ---
2026-10-08T18:05:05.3819639Z   duration_ms: 16.05913
2026-10-08T18:05:05.3820173Z   type: 'test'
2026-10-08T18:05:05.3820650Z   ...
2026-10-08T18:05:05.3821918Z # Subtest: run.get and run.stop remain pinned to the original authenticated Host registration
2026-10-08T18:05:05.3823361Z ok 101 - run.get and run.stop remain pinned to the original authenticated Host registration
2026-10-08T18:05:05.3824276Z   ---
2026-10-08T18:05:05.3824962Z   duration_ms: 22.577432
2026-10-08T18:05:05.3825514Z   type: 'test'
2026-10-08T18:05:05.3826249Z   ...
2026-10-08T18:05:05.3827338Z # Subtest: real macOS Chrome: bare renderer/CDP control without extensions
2026-10-08T18:05:05.3828713Z ok 102 - real macOS Chrome: bare renderer/CDP control without extensions # SKIP
2026-10-08T18:05:05.3829487Z   ---
2026-10-08T18:05:05.3829847Z   duration_ms: 0.830113
2026-10-08T18:05:05.3830247Z   type: 'test'
2026-10-08T18:05:05.3830580Z   ...
2026-10-08T18:05:05.3831561Z # Subtest: real macOS Chrome: packaged extension, trusted Options click and Native CLI handshake
2026-10-08T18:05:05.3833047Z ok 103 - real macOS Chrome: packaged extension, trusted Options click and Native CLI handshake # SKIP
2026-10-08T18:05:05.3834088Z   ---
2026-10-08T18:05:05.3834457Z   duration_ms: 0.249494
2026-10-08T18:05:05.3834860Z   type: 'test'
2026-10-08T18:05:05.3835222Z   ...
2026-10-08T18:05:05.3836023Z # Subtest: current target is live Sidebar snapshot, not active tab chosen by CLI
2026-10-08T18:05:05.3847531Z ok 104 - current target is live Sidebar snapshot, not active tab chosen by CLI
2026-10-08T18:05:05.3848226Z   ---
2026-10-08T18:05:05.3848576Z   duration_ms: 2.51762
2026-10-08T18:05:05.3848962Z   type: 'test'
2026-10-08T18:05:05.3849278Z   ...
2026-10-08T18:05:05.3850029Z # Subtest: external draft uses exact RunHost with frozen borrowed target and controller requestId
2026-10-08T18:05:05.3851181Z ok 105 - external draft uses exact RunHost with frozen borrowed target and controller requestId
2026-10-08T18:05:05.3851866Z   ---
2026-10-08T18:05:05.3852373Z   duration_ms: 0.848858
2026-10-08T18:05:05.3852705Z   type: 'test'
2026-10-08T18:05:05.3852993Z   ...
2026-10-08T18:05:05.3853718Z # Subtest: Host ACK correlation preserves the external Controller admission requestId
2026-10-08T18:05:05.3854765Z ok 106 - Host ACK correlation preserves the external Controller admission requestId
2026-10-08T18:05:05.3855379Z   ---
2026-10-08T18:05:05.3855703Z   duration_ms: 0.607209
2026-10-08T18:05:05.3856044Z   type: 'test'
2026-10-08T18:05:05.3856582Z   ...
2026-10-08T18:05:05.3857276Z # Subtest: permissions and document id fail before admission (no Chrome prompt)
2026-10-08T18:05:05.3858267Z ok 107 - permissions and document id fail before admission (no Chrome prompt)
2026-10-08T18:05:05.3858840Z   ---
2026-10-08T18:05:05.3859221Z   duration_ms: 2.175304
2026-10-08T18:05:05.3859553Z   type: 'test'
2026-10-08T18:05:05.3859831Z   ...
2026-10-08T18:05:05.3860393Z # Subtest: saved requires pinned exact revision and source hash
2026-10-08T18:05:05.3861135Z ok 108 - saved requires pinned exact revision and source hash
2026-10-08T18:05:05.3861660Z   ---
2026-10-08T18:05:05.3861938Z   duration_ms: 0.906255
2026-10-08T18:05:05.3862275Z   type: 'test'
2026-10-08T18:05:05.3862584Z   ...
2026-10-08T18:05:05.3863306Z # Subtest: run.get removes unrelated Sidebar run history from Controller snapshot projection
2026-10-08T18:05:05.3864419Z ok 109 - run.get removes unrelated Sidebar run history from Controller snapshot projection
2026-10-08T18:05:05.3865103Z   ---
2026-10-08T18:05:05.3865380Z   duration_ms: 0.55944
2026-10-08T18:05:05.3865704Z   type: 'test'
2026-10-08T18:05:05.3865993Z   ...
2026-10-08T18:05:05.3867303Z # Subtest: macOS isolated Native Host install, private socket, real wrapper and authenticated CLI IPC
2026-10-08T18:05:05.3868777Z ok 110 - macOS isolated Native Host install, private socket, real wrapper and authenticated CLI IPC # SKIP
2026-10-08T18:05:05.3869630Z   ---
2026-10-08T18:05:05.3869961Z   duration_ms: 1.702094
2026-10-08T18:05:05.3870328Z   type: 'test'
2026-10-08T18:05:05.3870649Z   ...
2026-10-08T18:05:05.3871777Z # Subtest: macOS Chrome for Testing uses its own manifest and cannot replace Google Chrome registration
2026-10-08T18:05:05.3873264Z ok 111 - macOS Chrome for Testing uses its own manifest and cannot replace Google Chrome registration # SKIP
2026-10-08T18:05:05.3874109Z   ---
2026-10-08T18:05:05.3874448Z   duration_ms: 0.2048
2026-10-08T18:05:05.3874815Z   type: 'test'
2026-10-08T18:05:05.3875358Z   ...
2026-10-08T18:05:05.3876476Z # Subtest: macOS Chrome for Testing manifest is isolated from regular Chrome and launches the real native host
2026-10-08T18:05:05.3878068Z ok 112 - macOS Chrome for Testing manifest is isolated from regular Chrome and launches the real native host # SKIP
2026-10-08T18:05:05.3878961Z   ---
2026-10-08T18:05:05.3879296Z   duration_ms: 0.122037
2026-10-08T18:05:05.3879668Z   type: 'test'
2026-10-08T18:05:05.3879994Z   ...
2026-10-08T18:05:05.3880641Z # Subtest: identity is pinned; invalid origin cannot launch a server
2026-10-08T18:05:05.3881575Z ok 113 - identity is pinned; invalid origin cannot launch a server
2026-10-08T18:05:05.3882161Z   ---
2026-10-08T18:05:05.3882508Z   duration_ms: 1.883792
2026-10-08T18:05:05.3882885Z   type: 'test'
2026-10-08T18:05:05.3883197Z   ...
2026-10-08T18:05:05.3884009Z # Subtest: framed Chrome welcome, authenticated local IPC, request and exact response
2026-10-08T18:05:05.3885157Z ok 114 - framed Chrome welcome, authenticated local IPC, request and exact response
2026-10-08T18:05:05.3885913Z   ---
2026-10-08T18:05:05.3886418Z   duration_ms: 13.929304
2026-10-08T18:05:05.3886810Z   type: 'test'
2026-10-08T18:05:05.3887138Z   ...
2026-10-08T18:05:05.3887823Z # Subtest: duplicate inflight request ID is rejected, not dispatched again
2026-10-08T18:05:05.3888859Z ok 115 - duplicate inflight request ID is rejected, not dispatched again
2026-10-08T18:05:05.3889488Z   ---
2026-10-08T18:05:05.3889821Z   duration_ms: 4.171053
2026-10-08T18:05:05.3890185Z   type: 'test'
2026-10-08T18:05:05.3890501Z   ...
2026-10-08T18:05:05.3891240Z # Subtest: unacknowledged dispatched effects become unknown on native shutdown
2026-10-08T18:05:05.3892321Z ok 116 - unacknowledged dispatched effects become unknown on native shutdown
2026-10-08T18:05:05.3892986Z   ---
2026-10-08T18:05:05.3893325Z   duration_ms: 3.696761
2026-10-08T18:05:05.3893687Z   type: 'test'
2026-10-08T18:05:05.3893998Z   ...
2026-10-08T18:05:05.3894613Z # Subtest: wrong credential is rejected without local API access
2026-10-08T18:05:05.3895488Z ok 117 - wrong credential is rejected without local API access
2026-10-08T18:05:05.3896051Z   ---
2026-10-08T18:05:05.3896575Z   duration_ms: 3.329309
2026-10-08T18:05:05.3896972Z   type: 'test'
2026-10-08T18:05:05.3897284Z   ...
2026-10-08T18:05:05.3897964Z # Subtest: handshake timeout closes the private socket without stale reuse
2026-10-08T18:05:05.3898977Z ok 118 - handshake timeout closes the private socket without stale reuse
2026-10-08T18:05:05.3899604Z   ---
2026-10-08T18:05:05.3899921Z   duration_ms: 101.146394
2026-10-08T18:05:05.3900332Z   type: 'test'
2026-10-08T18:05:05.3900666Z   ...
2026-10-08T18:05:05.3901300Z # Subtest: native response timeout preserves unknown-effect outcome
2026-10-08T18:05:05.3902214Z ok 119 - native response timeout preserves unknown-effect outcome
2026-10-08T18:05:05.3902862Z   ---
2026-10-08T18:05:05.3903192Z   duration_ms: 42.980738
2026-10-08T18:05:05.3903568Z   type: 'test'
2026-10-08T18:05:05.3903908Z   ...
2026-10-08T18:05:05.3904553Z # Subtest: existing socket is never unlinked or replaced by a second host
2026-10-08T18:05:05.3905533Z ok 120 - existing socket is never unlinked or replaced by a second host
2026-10-08T18:05:05.3906160Z   ---
2026-10-08T18:05:05.3906632Z   duration_ms: 1.496141
2026-10-08T18:05:05.3907005Z   type: 'test'
2026-10-08T18:05:05.3907341Z   ...
2026-10-08T18:05:05.3908054Z # Subtest: Native remains optional after merging the current permission catalog
2026-10-08T18:05:05.3909149Z ok 121 - Native remains optional after merging the current permission catalog
2026-10-08T18:05:05.3909824Z   ---
2026-10-08T18:05:05.3910147Z   duration_ms: 5.630296
2026-10-08T18:05:05.3910514Z   type: 'test'
2026-10-08T18:05:05.3911047Z   ...
2026-10-08T18:05:05.3911794Z # Subtest: strict production SW budget and fixed packaged Native transport entry
2026-10-08T18:05:05.3912887Z ok 122 - strict production SW budget and fixed packaged Native transport entry
2026-10-08T18:05:05.3913741Z   ---
2026-10-08T18:05:05.3914058Z   duration_ms: 0.262187
2026-10-08T18:05:05.3914435Z   type: 'test'
2026-10-08T18:05:05.3914761Z   ...
2026-10-08T18:05:05.3915402Z # Subtest: single exact same-extension static import allowed in SW only
2026-10-08T18:05:05.3916560Z ok 123 - single exact same-extension static import allowed in SW only
2026-10-08T18:05:05.3917166Z   ---
2026-10-08T18:05:05.3917479Z   duration_ms: 7.507686
2026-10-08T18:05:05.3917842Z   type: 'test'
2026-10-08T18:05:05.3918152Z   ...
2026-10-08T18:05:05.3919009Z # Subtest: fixed transport registers listeners on the original SW APIs; default-off does not connect
2026-10-08T18:05:05.3920401Z ok 124 - fixed transport registers listeners on the original SW APIs; default-off does not connect
2026-10-08T18:05:05.3921181Z   ---
2026-10-08T18:05:05.3921488Z   duration_ms: 0.819774
2026-10-08T18:05:05.3921847Z   type: 'test'
2026-10-08T18:05:05.3922169Z   ...
2026-10-08T18:05:05.3922918Z # Subtest: native framing uses UTF-8 byte length and handles split multibyte boundaries
2026-10-08T18:05:05.3924053Z ok 125 - native framing uses UTF-8 byte length and handles split multibyte boundaries
2026-10-08T18:05:05.3924744Z   ---
2026-10-08T18:05:05.3925058Z   duration_ms: 1.591128
2026-10-08T18:05:05.3925421Z   type: 'test'
2026-10-08T18:05:05.3925733Z   ...
2026-10-08T18:05:05.3926589Z # Subtest: private CLI line framing has bounded buffer and independent messages
2026-10-08T18:05:05.3927638Z ok 126 - private CLI line framing has bounded buffer and independent messages
2026-10-08T18:05:05.3928283Z   ---
2026-10-08T18:05:05.3928592Z   duration_ms: 1.916012
2026-10-08T18:05:05.3928952Z   type: 'test'
2026-10-08T18:05:05.3929272Z   ...
2026-10-08T18:05:05.3930046Z # Subtest: reject unsupported transport operations and malformed browser requests
2026-10-08T18:05:05.3931171Z ok 127 - reject unsupported transport operations and malformed browser requests
2026-10-08T18:05:05.3931925Z   ---
2026-10-08T18:05:05.3932252Z   duration_ms: 0.391418
2026-10-08T18:05:05.3932620Z   type: 'test'
2026-10-08T18:05:05.3932937Z   ...
2026-10-08T18:05:05.3933728Z # Subtest: stable digest pins equivalent JSON key order and rejects prototype pollution
2026-10-08T18:05:05.3934901Z ok 128 - stable digest pins equivalent JSON key order and rejects prototype pollution
2026-10-08T18:05:05.3935606Z   ---
2026-10-08T18:05:05.3935928Z   duration_ms: 7.414933
2026-10-08T18:05:05.3936443Z   type: 'test'
2026-10-08T18:05:05.3936766Z   ...
2026-10-08T18:05:05.5781474Z # {"kind":"historical-package-mutation","expectedPattern":"Dynamic execution reference","actualError":"Dynamic execution reference in agents/health.js: eval"}
2026-10-08T18:05:06.1903512Z # {"kind":"historical-package-mutation","expectedPattern":"Dynamic execution reference","actualError":"Dynamic execution reference in agents/health.js: Function"}
2026-10-08T18:05:06.1978584Z # Subtest: final classic scanner rejects eval alias and function-constructor references
2026-10-08T18:05:06.1988849Z ok 129 - final classic scanner rejects eval alias and function-constructor references
2026-10-08T18:05:06.1989719Z   ---
2026-10-08T18:05:06.1990160Z   duration_ms: 1512.414367
2026-10-08T18:05:06.1990611Z   type: 'test'
2026-10-08T18:05:06.1990972Z   ...
2026-10-08T18:05:06.7624698Z # {"kind":"historical-package-mutation","expectedPattern":"ENOENT|Missing","actualError":"Missing required resource: ui/tool-shell.css"}
2026-10-08T18:05:06.7671662Z # Subtest: final package cannot omit a referenced local asset
2026-10-08T18:05:06.7672801Z ok 130 - final package cannot omit a referenced local asset
2026-10-08T18:05:06.7673626Z   ---
2026-10-08T18:05:06.7674154Z   duration_ms: 568.83973
2026-10-08T18:05:06.7674735Z   type: 'test'
2026-10-08T18:05:06.7675261Z   ...
2026-10-08T18:05:07.6952492Z # {"kind":"historical-package-mutation","expectedPattern":"Unsafe HTML","actualError":"Unsafe HTML resources in ui/tool.html"}
2026-10-08T18:05:08.2159552Z # {"kind":"historical-package-mutation","expectedPattern":"Unexpected JS","actualError":"Unexpected JS/chunks: agents/bootstrap.js,agents/health.js,agents/page-agent.js,agents/page-relay.js,agents/selection-entry.js,chunk.js,framework/sdk-main.js,native-agent/settings.js,native-agent/transport.js,scripting/packaged/page-session.js,scripting/sandbox/sandbox.js,scripting/sandbox/worker-runtime.js,sidebar-tools/bridge.js,sw.js,ui/tool-shell.js,vendor/jquery-3.7.1.min.js"}
2026-10-08T18:05:08.2244520Z # Subtest: remote script and unexpected lazy chunk fail final package verification
2026-10-08T18:05:08.2309023Z ok 131 - remote script and unexpected lazy chunk fail final package verification
2026-10-08T18:05:08.2327122Z   ---
2026-10-08T18:05:08.2332582Z   duration_ms: 1454.533828
2026-10-08T18:05:08.2333246Z   type: 'test'
2026-10-08T18:05:08.2333755Z   ...
2026-10-08T18:05:08.8308393Z # {"kind":"historical-package-mutation","expectedPattern":"Missing|required|ENOENT","actualError":"Missing required resource: ui/tool.html"}
2026-10-08T18:05:09.1754756Z # {"kind":"historical-package-mutation","expectedPattern":"worker|entry|Missing","actualError":"Unexpected or missing worker entry"}
2026-10-08T18:05:09.1795579Z # Subtest: final package requires tool HTML/CSS and manifest worker references
2026-10-08T18:05:09.1797290Z ok 132 - final package requires tool HTML/CSS and manifest worker references
2026-10-08T18:05:09.1797717Z   ---
2026-10-08T18:05:09.1797943Z   duration_ms: 958.351176
2026-10-08T18:05:09.1798190Z   type: 'test'
2026-10-08T18:05:09.1798392Z   ...
2026-10-08T18:05:09.1977675Z # Subtest: pasting @require only inspects; trusted acquisition requests permission synchronously and full-hash approval unlocks unsaved edits
2026-10-08T18:05:09.1979764Z ok 133 - pasting @require only inspects; trusted acquisition requests permission synchronously and full-hash approval unlocks unsaved edits
2026-10-08T18:05:09.1981853Z   ---
2026-10-08T18:05:09.1982211Z   duration_ms: 33.63236
2026-10-08T18:05:09.1982600Z   type: 'test'
2026-10-08T18:05:09.1982933Z   ...
2026-10-08T18:05:09.1984041Z # Subtest: changing declarations clears an old lock and a late old review cannot replace the current source or become approvable
2026-10-08T18:05:09.1985773Z ok 134 - changing declarations clears an old lock and a late old review cannot replace the current source or become approvable
2026-10-08T18:05:09.1986914Z   ---
2026-10-08T18:05:09.1987244Z   duration_ms: 8.576521
2026-10-08T18:05:09.1987632Z   type: 'test'
2026-10-08T18:05:09.1987960Z   ...
2026-10-08T18:05:09.1988953Z # Subtest: approved cached bytes can be locked for explicitly selected classic mode without a CDN permission prompt
2026-10-08T18:05:09.1990520Z ok 135 - approved cached bytes can be locked for explicitly selected classic mode without a CDN permission prompt
2026-10-08T18:05:09.1991382Z   ---
2026-10-08T18:05:09.1991715Z   duration_ms: 6.750401
2026-10-08T18:05:09.1992088Z   type: 'test'
2026-10-08T18:05:09.1992411Z   ...
2026-10-08T18:05:09.1993399Z # Subtest: permission refusal stops acquisition and local files preserve their original bytes without a CDN request
2026-10-08T18:05:09.1994962Z ok 136 - permission refusal stops acquisition and local files preserve their original bytes without a CDN request
2026-10-08T18:05:09.1995826Z   ---
2026-10-08T18:05:09.1996139Z   duration_ms: 6.379389
2026-10-08T18:05:09.1996695Z   type: 'test'
2026-10-08T18:05:09.1997044Z   ...
2026-10-08T18:05:09.1998155Z # Subtest: add dependency edits only the true metadata block, leaves examples intact and refuses to hide an incomplete header
2026-10-08T18:05:09.1999821Z ok 137 - add dependency edits only the true metadata block, leaves examples intact and refuses to hide an incomplete header
2026-10-08T18:05:09.2000733Z   ---
2026-10-08T18:05:09.2001059Z   duration_ms: 5.429854
2026-10-08T18:05:09.2001429Z   type: 'test'
2026-10-08T18:05:09.2002026Z   ...
2026-10-08T18:05:09.2003099Z # Subtest: closing or changing source while permission/file reading is pending cancels acquisition and old approval handlers
2026-10-08T18:05:09.2004780Z ok 138 - closing or changing source while permission/file reading is pending cancels acquisition and old approval handlers
2026-10-08T18:05:09.2005902Z   ---
2026-10-08T18:05:09.2006226Z   duration_ms: 15.575334
2026-10-08T18:05:09.2007145Z   type: 'test'
2026-10-08T18:05:09.2007475Z   ...
2026-10-08T18:05:09.2008374Z # Subtest: review freezes dependency source selectors and lock status does not claim cache verification
2026-10-08T18:05:09.2009770Z ok 139 - review freezes dependency source selectors and lock status does not claim cache verification
2026-10-08T18:05:09.2010577Z   ---
2026-10-08T18:05:09.2010902Z   duration_ms: 3.501308
2026-10-08T18:05:09.2011281Z   type: 'test'
2026-10-08T18:05:09.2011597Z   ...
2026-10-08T18:05:09.2012587Z # Subtest: a late dependency inspection cannot replace the admission of current metadata with the old source policy
2026-10-08T18:05:09.2014126Z ok 140 - a late dependency inspection cannot replace the admission of current metadata with the old source policy
2026-10-08T18:05:09.2014990Z   ---
2026-10-08T18:05:09.2015304Z   duration_ms: 9.97974
2026-10-08T18:05:09.2015675Z   type: 'test'
2026-10-08T18:05:09.2015998Z   ...
2026-10-08T18:05:09.2017184Z # Subtest: repairing metadata during inspection uses current admission and retains a dependency-only lock
2026-10-08T18:05:09.2018635Z ok 141 - repairing metadata during inspection uses current admission and retains a dependency-only lock
2026-10-08T18:05:09.2019452Z   ---
2026-10-08T18:05:09.2019767Z   duration_ms: 3.580416
2026-10-08T18:05:09.2020133Z   type: 'test'
2026-10-08T18:05:09.2020456Z   ...
2026-10-08T18:05:09.2021573Z # Subtest: a newly unsupported policy cancels acquisition after the permission await even when dependencies are unchanged
2026-10-08T18:05:09.2023239Z ok 142 - a newly unsupported policy cancels acquisition after the permission await even when dependencies are unchanged
2026-10-08T18:05:09.2024148Z   ---
2026-10-08T18:05:09.2024474Z   duration_ms: 6.948076
2026-10-08T18:05:09.2024841Z   type: 'test'
2026-10-08T18:05:09.2025157Z   ...
2026-10-08T18:05:09.2026026Z # Subtest: approval revalidates current source even when an importer did not dispatch an input event
2026-10-08T18:05:09.2027588Z ok 143 - approval revalidates current source even when an importer did not dispatch an input event
2026-10-08T18:05:09.2028379Z   ---
2026-10-08T18:05:09.2028696Z   duration_ms: 5.643378
2026-10-08T18:05:09.2029073Z   type: 'test'
2026-10-08T18:05:09.2029391Z   ...
2026-10-08T18:05:09.2030331Z # Subtest: declared antifeatures remain visible as untrusted plain text through inspection and source edits
2026-10-08T18:05:09.2031796Z ok 144 - declared antifeatures remain visible as untrusted plain text through inspection and source edits
2026-10-08T18:05:09.2032626Z   ---
2026-10-08T18:05:09.2032937Z   duration_ms: 4.423934
2026-10-08T18:05:09.2033312Z   type: 'test'
2026-10-08T18:05:09.2033629Z   ...
2026-10-08T18:05:09.2034325Z # Subtest: explicit legacy adapter preserves R3 frozen USER_SCRIPT descriptors
2026-10-08T18:05:09.2035362Z ok 145 - explicit legacy adapter preserves R3 frozen USER_SCRIPT descriptors
2026-10-08T18:05:09.2036013Z   ---
2026-10-08T18:05:09.2036486Z   duration_ms: 11.425749
2026-10-08T18:05:09.2036870Z   type: 'test'
2026-10-08T18:05:09.2037192Z   ...
2026-10-08T18:05:09.2037904Z # Subtest: new pinned revision obtains different world and old revision unchanged
2026-10-08T18:05:09.2038962Z ok 146 - new pinned revision obtains different world and old revision unchanged
2026-10-08T18:05:09.2039618Z   ---
2026-10-08T18:05:09.2039934Z   duration_ms: 3.794684
2026-10-08T18:05:09.2040298Z   type: 'test'
2026-10-08T18:05:09.2040626Z   ...
2026-10-08T18:05:09.2041496Z # Subtest: fails closed without existing broker Available+install grant or with altered script hash
2026-10-08T18:05:09.2043031Z ok 147 - fails closed without existing broker Available+install grant or with altered script hash
2026-10-08T18:05:09.2043824Z   ---
2026-10-08T18:05:09.2044151Z   duration_ms: 4.071098
2026-10-08T18:05:09.2044529Z   type: 'test'
2026-10-08T18:05:09.2044846Z   ...
2026-10-08T18:05:09.2045618Z # Subtest: dependency version/sha/world lock enforced, library failure blocks injection
2026-10-08T18:05:09.2047165Z ok 148 - dependency version/sha/world lock enforced, library failure blocks injection
2026-10-08T18:05:09.2047866Z   ---
2026-10-08T18:05:09.2048191Z   duration_ms: 3.35804
2026-10-08T18:05:09.2048558Z   type: 'test'
2026-10-08T18:05:09.2048874Z   ...
2026-10-08T18:05:09.2049843Z # Subtest: D1 Page contract consumes actual manager locks and preserves generic classic globals without a wrapper
2026-10-08T18:05:09.2051344Z ok 149 - D1 Page contract consumes actual manager locks and preserves generic classic globals without a wrapper
2026-10-08T18:05:09.2052185Z   ---
2026-10-08T18:05:09.2052511Z   duration_ms: 56.053449
2026-10-08T18:05:09.2052893Z   type: 'test'
2026-10-08T18:05:09.2053215Z   ...
2026-10-08T18:05:09.2054192Z # Subtest: async-main Page revisions share immutable dependencies while registration identities remain isolated
2026-10-08T18:05:09.2055715Z ok 150 - async-main Page revisions share immutable dependencies while registration identities remain isolated
2026-10-08T18:05:09.2056755Z   ---
2026-10-08T18:05:09.2057080Z   duration_ms: 22.600443
2026-10-08T18:05:09.2057466Z   type: 'test'
2026-10-08T18:05:09.2057784Z   ...
2026-10-08T18:05:09.2058777Z # Subtest: full Page authority proof binds kind, entry, revision, dependency identity and every rule, not only matches
2026-10-08T18:05:09.2060344Z ok 151 - full Page authority proof binds kind, entry, revision, dependency identity and every rule, not only matches
2026-10-08T18:05:09.2061203Z   ---
2026-10-08T18:05:09.2061515Z   duration_ms: 30.058048
2026-10-08T18:05:09.2061890Z   type: 'test'
2026-10-08T18:05:09.2062205Z   ...
2026-10-08T18:05:09.2063223Z # Subtest: Page source/metadata/asset tampering is blocked and old Controller/R3 formats require an explicit path
2026-10-08T18:05:09.2064742Z ok 152 - Page source/metadata/asset tampering is blocked and old Controller/R3 formats require an explicit path
2026-10-08T18:05:09.2065584Z   ---
2026-10-08T18:05:09.2065925Z   duration_ms: 16.250466
2026-10-08T18:05:09.2066433Z   type: 'test'
2026-10-08T18:05:09.2066786Z   ...
2026-10-08T18:05:09.2067675Z # Subtest: named async main() evaluates in exact USER_SCRIPT main document without durable Task or registration
2026-10-08T18:05:09.2069178Z ok 153 - named async main() evaluates in exact USER_SCRIPT main document without durable Task or registration
2026-10-08T18:05:09.2070096Z   ---
2026-10-08T18:05:09.2070446Z   duration_ms: 24.584801
2026-10-08T18:05:09.2070857Z   type: 'test'
2026-10-08T18:05:09.2071203Z   ...
2026-10-08T18:05:09.2072190Z # Subtest: no injection after document change, permission revoke, Controller slot, invalid sender or API opt-in
2026-10-08T18:05:09.2073726Z ok 154 - no injection after document change, permission revoke, Controller slot, invalid sender or API opt-in
2026-10-08T18:05:09.2074575Z   ---
2026-10-08T18:05:09.2074900Z   duration_ms: 6.286747
2026-10-08T18:05:09.2075285Z   type: 'test'
2026-10-08T18:05:09.2075630Z   ...
2026-10-08T18:05:09.2076657Z # Subtest: incorrect browser document receipt and native script errors cannot claim success
2026-10-08T18:05:09.2077906Z ok 155 - incorrect browser document receipt and native script errors cannot claim success
2026-10-08T18:05:09.2078645Z   ---
2026-10-08T18:05:09.2078973Z   duration_ms: 12.688114
2026-10-08T18:05:09.2079364Z   type: 'test'
2026-10-08T18:05:09.2079698Z   ...
2026-10-08T18:05:09.2080602Z # Subtest: source, site and requested execution world cannot be forged through preview protocol
2026-10-08T18:05:09.2081874Z ok 156 - source, site and requested execution world cannot be forged through preview protocol
2026-10-08T18:05:09.2082628Z   ---
2026-10-08T18:05:09.2083269Z   duration_ms: 2.873091
2026-10-08T18:05:09.2083973Z   type: 'test'
2026-10-08T18:05:09.2084314Z   ...
2026-10-08T18:05:09.2085563Z # Subtest: verified pinned jQuery bytes precede preview main, without Service Worker evaluation
2026-10-08T18:05:09.2087041Z ok 157 - verified pinned jQuery bytes precede preview main, without Service Worker evaluation
2026-10-08T18:05:09.2087673Z   ---
2026-10-08T18:05:09.2087882Z   duration_ms: 13.090264
2026-10-08T18:05:09.2088116Z   type: 'test'
2026-10-08T18:05:09.2088359Z   ...
2026-10-08T18:05:09.2089316Z # Subtest: manifest and build verifier accept broad required sites and a finite API permission catalog
2026-10-08T18:05:09.2090812Z ok 158 - manifest and build verifier accept broad required sites and a finite API permission catalog
2026-10-08T18:05:09.2091667Z   ---
2026-10-08T18:05:09.2092031Z   duration_ms: 12.022356
2026-10-08T18:05:09.2092438Z   type: 'test'
2026-10-08T18:05:09.2092773Z   ...
2026-10-08T18:05:09.2093725Z # Subtest: declared optional plugin permission requests reject unknown, required and duplicate names
2026-10-08T18:05:09.2095189Z ok 159 - declared optional plugin permission requests reject unknown, required and duplicate names
2026-10-08T18:05:09.2096172Z   ---
2026-10-08T18:05:09.2096776Z   duration_ms: 0.577734
2026-10-08T18:05:09.2097182Z   type: 'test'
2026-10-08T18:05:09.2097542Z   ...
2026-10-08T18:05:09.2098444Z # Subtest: API grant starts synchronously inside trusted UI click and verifies the native state
2026-10-08T18:05:09.2099843Z ok 160 - API grant starts synchronously inside trusted UI click and verifies the native state
2026-10-08T18:05:09.2100657Z   ---
2026-10-08T18:05:09.2101236Z   duration_ms: 0.919459
2026-10-08T18:05:09.2101651Z   type: 'test'
2026-10-08T18:05:09.2102148Z   ...
2026-10-08T18:05:09.2102954Z # Subtest: a plugin cannot silently escalate permissions on deny or an untrusted event
2026-10-08T18:05:09.2104181Z ok 161 - a plugin cannot silently escalate permissions on deny or an untrusted event
2026-10-08T18:05:09.2104883Z   ---
2026-10-08T18:05:09.2105218Z   duration_ms: 0.49475
2026-10-08T18:05:09.2105587Z   type: 'test'
2026-10-08T18:05:09.2105914Z   ...
2026-10-08T18:05:09.2107104Z # Subtest: three-file ESM Page project becomes one locally hashed JS consumed by existing USER_SCRIPT compiler
2026-10-08T18:05:09.2108211Z ok 162 - three-file ESM Page project becomes one locally hashed JS consumed by existing USER_SCRIPT compiler
2026-10-08T18:05:09.2108701Z   ---
2026-10-08T18:05:09.2109075Z   duration_ms: 1070.280802
2026-10-08T18:05:09.2109550Z   type: 'test'
2026-10-08T18:05:09.2109913Z   ...
2026-10-08T18:05:09.2111006Z # Subtest: Controller ESM project produces the existing genuine Task v1 Candidate import format, not an Available claim
2026-10-08T18:05:09.2112796Z ok 163 - Controller ESM project produces the existing genuine Task v1 Candidate import format, not an Available claim
2026-10-08T18:05:09.2113674Z   ---
2026-10-08T18:05:09.2114043Z   duration_ms: 206.26411
2026-10-08T18:05:09.2114482Z   type: 'test'
2026-10-08T18:05:09.2114866Z   ...
2026-10-08T18:05:09.2115877Z # Subtest: development mode emits readable program JS, draft metadata and a separate local source map only
2026-10-08T18:05:09.2117483Z ok 164 - development mode emits readable program JS, draft metadata and a separate local source map only
2026-10-08T18:05:09.2118418Z   ---
2026-10-08T18:05:09.2118783Z   duration_ms: 95.386819
2026-10-08T18:05:09.2119208Z   type: 'test'
2026-10-08T18:05:09.2119578Z   ...
2026-10-08T18:05:09.2120406Z # Subtest: development source map maps final generated throw position back to local authoring module
2026-10-08T18:05:09.2121835Z ok 165 - development source map maps final generated throw position back to local authoring module
2026-10-08T18:05:09.2122694Z   ---
2026-10-08T18:05:09.2123090Z   duration_ms: 51.791377
2026-10-08T18:05:09.2123535Z   type: 'test'
2026-10-08T18:05:09.2123908Z   ...
2026-10-08T18:05:09.2124797Z # Subtest: an unbundled asset is rejected rather than included in a supposedly complete project
2026-10-08T18:05:09.2126535Z ok 166 - an unbundled asset is rejected rather than included in a supposedly complete project
2026-10-08T18:05:09.2127389Z   ---
2026-10-08T18:05:09.2127761Z   duration_ms: 7.17597
2026-10-08T18:05:09.2128110Z   type: 'test'
2026-10-08T18:05:09.2128496Z   ...
2026-10-08T18:05:09.2129573Z # Subtest: webpack dependency failures report project, phase and importing source location
2026-10-08T18:05:09.2130751Z ok 167 - webpack dependency failures report project, phase and importing source location
2026-10-08T18:05:09.2131559Z   ---
2026-10-08T18:05:09.2131938Z   duration_ms: 196.816126
2026-10-08T18:05:09.2132410Z   type: 'test'
2026-10-08T18:05:09.2132779Z   ...
2026-10-08T18:05:09.2133399Z # Subtest: untrusted remote and dynamic ESM imports are rejected before Webpack
2026-10-08T18:05:09.2134377Z ok 168 - untrusted remote and dynamic ESM imports are rejected before Webpack
2026-10-08T18:05:09.2135090Z   ---
2026-10-08T18:05:09.2135450Z   duration_ms: 8.023024
2026-10-08T18:05:09.2135869Z   type: 'test'
2026-10-08T18:05:09.2136423Z   ...
2026-10-08T18:05:09.2137131Z # Subtest: a frozen output directory rejects replacement without quietly publishing new bytes
2026-10-08T18:05:09.2138531Z ok 169 - a frozen output directory rejects replacement without quietly publishing new bytes
2026-10-08T18:05:09.2139324Z   ---
2026-10-08T18:05:09.2139713Z   duration_ms: 372.378391
2026-10-08T18:05:09.2140164Z   type: 'test'
2026-10-08T18:05:09.2140558Z   ...
2026-10-08T18:05:09.2141290Z # Subtest: matching archive reuses only recorded component scope and retains untested/failed cases
2026-10-08T18:05:09.2142041Z ok 170 - matching archive reuses only recorded component scope and retains untested/failed cases
2026-10-08T18:05:09.2142487Z   ---
2026-10-08T18:05:09.2142684Z   duration_ms: 79.085914
2026-10-08T18:05:09.2142914Z   type: 'test'
2026-10-08T18:05:09.2143108Z   ...
2026-10-08T18:05:09.2143546Z # Subtest: documentation and observer changes alone do not invalidate product inputs
2026-10-08T18:05:09.2144200Z ok 171 - documentation and observer changes alone do not invalidate product inputs
2026-10-08T18:05:09.2144598Z   ---
2026-10-08T18:05:09.2144796Z   duration_ms: 100.897583
2026-10-08T18:05:09.2145027Z   type: 'test'
2026-10-08T18:05:09.2145217Z   ...
2026-10-08T18:05:09.2145726Z # Subtest: changed source, dependency, manifest and fixture are reported without rewriting old PASS
2026-10-08T18:05:09.2146766Z ok 172 - changed source, dependency, manifest and fixture are reported without rewriting old PASS
2026-10-08T18:05:09.2147219Z   ---
2026-10-08T18:05:09.2147425Z   duration_ms: 68.086846
2026-10-08T18:05:09.2147652Z   type: 'test'
2026-10-08T18:05:09.2147843Z   ...
2026-10-08T18:05:09.2148318Z # Subtest: unknown or different package identity cannot authorize reuse
2026-10-08T18:05:09.2148864Z ok 173 - unknown or different package identity cannot authorize reuse
2026-10-08T18:05:09.2149211Z   ---
2026-10-08T18:05:09.2149401Z   duration_ms: 101.052149
2026-10-08T18:05:09.2149636Z   type: 'test'
2026-10-08T18:05:09.2149829Z   ...
2026-10-08T18:05:09.2150120Z # Subtest: trusted index hash rejects edited index
2026-10-08T18:05:09.2150522Z ok 174 - trusted index hash rejects edited index
2026-10-08T18:05:09.2150809Z   ---
2026-10-08T18:05:09.2151004Z   duration_ms: 42.115352
2026-10-08T18:05:09.2151232Z   type: 'test'
2026-10-08T18:05:09.2151438Z   ...
2026-10-08T18:05:09.2151794Z # Subtest: missing, changed and duplicate raw evidence prevents reuse
2026-10-08T18:05:09.2152313Z ok 175 - missing, changed and duplicate raw evidence prevents reuse
2026-10-08T18:05:09.2152662Z   ---
2026-10-08T18:05:09.2152854Z   duration_ms: 149.430831
2026-10-08T18:05:09.2153080Z   type: 'test'
2026-10-08T18:05:09.2153442Z   ...
2026-10-08T18:05:09.2154028Z # Subtest: archive paths reject traversal and symlink escape
2026-10-08T18:05:09.2154828Z ok 176 - archive paths reject traversal and symlink escape
2026-10-08T18:05:09.2155365Z   ---
2026-10-08T18:05:09.2155677Z   duration_ms: 173.510082
2026-10-08T18:05:09.2156073Z   type: 'test'
2026-10-08T18:05:09.2156614Z   ...
2026-10-08T18:05:09.2157817Z # Subtest: service results, wrong revision/document and incomplete retirement cannot replace controller result
2026-10-08T18:05:09.2159129Z ok 177 - service results, wrong revision/document and incomplete retirement cannot replace controller result
2026-10-08T18:05:09.2159756Z   ---
2026-10-08T18:05:09.2159965Z   duration_ms: 154.553503
2026-10-08T18:05:09.2160197Z   type: 'test'
2026-10-08T18:05:09.2160391Z   ...
2026-10-08T18:05:09.2160736Z # Subtest: the observed package must match the indexed package
2026-10-08T18:05:09.2161221Z ok 178 - the observed package must match the indexed package
2026-10-08T18:05:09.2161545Z   ---
2026-10-08T18:05:09.2161742Z   duration_ms: 57.377859
2026-10-08T18:05:09.2161980Z   type: 'test'
2026-10-08T18:05:09.2162178Z   ...
2026-10-08T18:05:09.2162593Z # Subtest: Page preview reuse requires its indexed exact-document native receipt
2026-10-08T18:05:09.2163223Z ok 179 - Page preview reuse requires its indexed exact-document native receipt
2026-10-08T18:05:09.2163613Z   ---
2026-10-08T18:05:09.2163809Z   duration_ms: 95.383964
2026-10-08T18:05:09.2164075Z   type: 'test'
2026-10-08T18:05:09.2164276Z   ...
2026-10-08T18:05:09.2164669Z # Subtest: saved revision identity must match complete source bytes
2026-10-08T18:05:09.2165231Z ok 180 - saved revision identity must match complete source bytes
2026-10-08T18:05:09.2165586Z   ---
2026-10-08T18:05:09.2165802Z   duration_ms: 84.847072
2026-10-08T18:05:09.2166047Z   type: 'test'
2026-10-08T18:05:09.2166511Z   ...
2026-10-08T18:05:09.2167054Z # Subtest: same bytes cannot hide a changed product file mode or symbolic-link target closure
2026-10-08T18:05:09.2167799Z ok 181 - same bytes cannot hide a changed product file mode or symbolic-link target closure
2026-10-08T18:05:09.2168271Z   ---
2026-10-08T18:05:09.2168487Z   duration_ms: 149.500631
2026-10-08T18:05:09.2168718Z   type: 'test'
2026-10-08T18:05:09.2168934Z   ...
2026-10-08T18:05:09.2169507Z # Subtest: contradictory or missing success outcome is rejected; explicit expected errors retain their scope
2026-10-08T18:05:09.2170380Z ok 182 - contradictory or missing success outcome is rejected; explicit expected errors retain their scope
2026-10-08T18:05:09.2170902Z   ---
2026-10-08T18:05:09.2171114Z   duration_ms: 111.135773
2026-10-08T18:05:09.2171366Z   type: 'test'
2026-10-08T18:05:09.2171584Z   ...
2026-10-08T18:05:09.2172102Z # Subtest: multi-file ESM authoring project is a source contract, not an installed program
2026-10-08T18:05:09.2172839Z ok 183 - multi-file ESM authoring project is a source contract, not an installed program
2026-10-08T18:05:09.2173308Z   ---
2026-10-08T18:05:09.2173523Z   duration_ms: 41.055176
2026-10-08T18:05:09.2173771Z   type: 'test'
2026-10-08T18:05:09.2173992Z   ...
2026-10-08T18:05:09.2174461Z # Subtest: imports cannot escape project or load remote modules at browser runtime
2026-10-08T18:05:09.2175128Z ok 184 - imports cannot escape project or load remote modules at browser runtime
2026-10-08T18:05:09.2175554Z   ---
2026-10-08T18:05:09.2175762Z   duration_ms: 12.207986
2026-10-08T18:05:09.2176010Z   type: 'test'
2026-10-08T18:05:09.2176226Z   ...
2026-10-08T18:05:09.2176952Z # Subtest: entry diagnostics distinguish missing and non-function defaults with source location
2026-10-08T18:05:09.2177758Z ok 185 - entry diagnostics distinguish missing and non-function defaults with source location
2026-10-08T18:05:09.2178236Z   ---
2026-10-08T18:05:09.2178435Z   duration_ms: 16.01484
2026-10-08T18:05:09.2178686Z   type: 'test'
2026-10-08T18:05:09.2178897Z   ...
2026-10-08T18:05:09.2179333Z # Subtest: dynamic import is not quietly kept as an unlocked runtime dependency
2026-10-08T18:05:09.2179990Z ok 186 - dynamic import is not quietly kept as an unlocked runtime dependency
2026-10-08T18:05:09.2180423Z   ---
2026-10-08T18:05:09.2180645Z   duration_ms: 7.056938
2026-10-08T18:05:09.2180896Z   type: 'test'
2026-10-08T18:05:09.2181091Z   ...
2026-10-08T18:05:09.2181712Z # Subtest: npm imports require declared dependencies and a committed matching npm lock
2026-10-08T18:05:09.2182434Z ok 187 - npm imports require declared dependencies and a committed matching npm lock
2026-10-08T18:05:09.2182886Z   ---
2026-10-08T18:05:09.2183095Z   duration_ms: 12.872479
2026-10-08T18:05:09.2183326Z   type: 'test'
2026-10-08T18:05:09.2183682Z   ...
2026-10-08T18:05:09.2184163Z # Subtest: Page/Controller source contracts remain discriminated without changing Task v1
2026-10-08T18:05:09.2184885Z ok 188 - Page/Controller source contracts remain discriminated without changing Task v1
2026-10-08T18:05:09.2185309Z   ---
2026-10-08T18:05:09.2185516Z   duration_ms: 10.101628
2026-10-08T18:05:09.2185740Z   type: 'test'
2026-10-08T18:05:09.2185933Z   ...
2026-10-08T18:05:09.2187316Z # Subtest: assets can be listed and hashed but never silently injected
2026-10-08T18:05:09.2188710Z ok 189 - assets can be listed and hashed but never silently injected
2026-10-08T18:05:09.2189615Z   ---
2026-10-08T18:05:09.2190098Z   duration_ms: 16.503279
2026-10-08T18:05:09.2202946Z   type: 'test'
2026-10-08T18:05:09.2203360Z   ...
2026-10-08T18:05:09.2204185Z # Subtest: source snapshots and executable hashes are independently checked before import
2026-10-08T18:05:09.2205415Z ok 190 - source snapshots and executable hashes are independently checked before import
2026-10-08T18:05:09.2206148Z   ---
2026-10-08T18:05:09.2206707Z   duration_ms: 14.252111
2026-10-08T18:05:09.2207106Z   type: 'test'
2026-10-08T18:05:09.2207423Z   ...
2026-10-08T18:05:09.2208391Z # Subtest: project file selection only changes the read-only viewer; execution uses exact frozen build
2026-10-08T18:05:09.2209797Z ok 191 - project file selection only changes the read-only viewer; execution uses exact frozen build
2026-10-08T18:05:09.2210548Z   ---
2026-10-08T18:05:09.2210863Z   duration_ms: 3.609923
2026-10-08T18:05:09.2211249Z   type: 'test'
2026-10-08T18:05:09.2211577Z   ...
2026-10-08T18:05:09.2212511Z # Subtest: R8 catalog has 188 single-owner capabilities, 40 complete tasks and an acyclic phased plan
2026-10-08T18:05:09.2213886Z ok 192 - R8 catalog has 188 single-owner capabilities, 40 complete tasks and an acyclic phased plan
2026-10-08T18:05:09.2214693Z   ---
2026-10-08T18:05:09.2215011Z   duration_ms: 7.440842
2026-10-08T18:05:09.2215410Z   type: 'test'
2026-10-08T18:05:09.2215789Z   ...
2026-10-08T18:05:09.2216877Z # Subtest: omitted deferred capability, duplicate primary ownership and invented capability fail the coverage gate
2026-10-08T18:05:09.2217814Z ok 193 - omitted deferred capability, duplicate primary ownership and invented capability fail the coverage gate
2026-10-08T18:05:09.2218649Z   ---
2026-10-08T18:05:09.2219004Z   duration_ms: 7.976938
2026-10-08T18:05:09.2219377Z   type: 'test'
2026-10-08T18:05:09.2219708Z   ...
2026-10-08T18:05:09.2220624Z # Subtest: invalid prerequisite, circular work ordering and duplicate catalog identity are rejected
2026-10-08T18:05:09.2222051Z ok 194 - invalid prerequisite, circular work ordering and duplicate catalog identity are rejected
2026-10-08T18:05:09.2222918Z   ---
2026-10-08T18:05:09.2223291Z   duration_ms: 16.745238
2026-10-08T18:05:09.2223711Z   type: 'test'
2026-10-08T18:05:09.2224054Z   ...
2026-10-08T18:05:09.2224822Z # Subtest: importing a JS draft leaves saved versions and running source independent
2026-10-08T18:05:09.2226014Z ok 195 - importing a JS draft leaves saved versions and running source independent
2026-10-08T18:05:09.2227020Z   ---
2026-10-08T18:05:09.2227387Z   duration_ms: 25.639853
2026-10-08T18:05:09.2227803Z   type: 'test'
2026-10-08T18:05:09.2228162Z   ...
2026-10-08T18:05:09.2229142Z # Subtest: draft import rejects empty/oversized sources and active saves without overwriting the editor
2026-10-08T18:05:09.2230672Z ok 196 - draft import rejects empty/oversized sources and active saves without overwriting the editor
2026-10-08T18:05:09.2231535Z   ---
2026-10-08T18:05:09.2231899Z   duration_ms: 7.148628
2026-10-08T18:05:09.2232313Z   type: 'test'
2026-10-08T18:05:09.2232673Z   ...
2026-10-08T18:05:09.2233892Z # Subtest: catalog draft import updates dependency review from the new source without saving or running
2026-10-08T18:05:09.2235576Z ok 197 - catalog draft import updates dependency review from the new source without saving or running
2026-10-08T18:05:09.2236687Z   ---
2026-10-08T18:05:09.2237079Z   duration_ms: 7.118794
2026-10-08T18:05:09.2237734Z   type: 'test'
2026-10-08T18:05:09.2238103Z   ...
2026-10-08T18:05:09.2239096Z # Subtest: Save persists revision/hash without requesting permission, creating a Run, or executing code
2026-10-08T18:05:09.2240636Z ok 198 - Save persists revision/hash without requesting permission, creating a Run, or executing code
2026-10-08T18:05:09.2241501Z   ---
2026-10-08T18:05:09.2241825Z   duration_ms: 5.313888
2026-10-08T18:05:09.2242203Z   type: 'test'
2026-10-08T18:05:09.2242536Z   ...
2026-10-08T18:05:09.2243490Z # Subtest: reopened editor lists saved scripts without running and loads the selected latest head explicitly
2026-10-08T18:05:09.2244914Z ok 199 - reopened editor lists saved scripts without running and loads the selected latest head explicitly
2026-10-08T18:05:09.2245684Z   ---
2026-10-08T18:05:09.2246000Z   duration_ms: 5.377398
2026-10-08T18:05:09.2246699Z   type: 'test'
2026-10-08T18:05:09.2247050Z   ...
2026-10-08T18:05:09.2247947Z # Subtest: loading a historical revision does not turn it into the latest Save CAS head
2026-10-08T18:05:09.2249187Z ok 200 - loading a historical revision does not turn it into the latest Save CAS head
2026-10-08T18:05:09.2249828Z   ---
2026-10-08T18:05:09.2250033Z   duration_ms: 5.919273
2026-10-08T18:05:09.2250258Z   type: 'test'
2026-10-08T18:05:09.2250449Z   ...
2026-10-08T18:05:09.2250885Z # Subtest: Delete tombstones the latest head and refreshes the saved-script selector
2026-10-08T18:05:09.2251520Z ok 201 - Delete tombstones the latest head and refreshes the saved-script selector
2026-10-08T18:05:09.2251912Z   ---
2026-10-08T18:05:09.2252105Z   duration_ms: 6.13276
2026-10-08T18:05:09.2252328Z   type: 'test'
2026-10-08T18:05:09.2252519Z   ...
2026-10-08T18:05:09.2253055Z # Subtest: saved A stays immutable; Run freezes unsaved B/params/page A; editing C and Save do not replace B
2026-10-08T18:05:09.2253872Z ok 202 - saved A stays immutable; Run freezes unsaved B/params/page A; editing C and Save do not replace B
2026-10-08T18:05:09.2254338Z   ---
2026-10-08T18:05:09.2254527Z   duration_ms: 8.35953
2026-10-08T18:05:09.2254753Z   type: 'test'
2026-10-08T18:05:09.2254941Z   ...
2026-10-08T18:05:09.2255425Z # Subtest: a brand-new unsaved draft runs with an empty script ID and never creates a saved revision
2026-10-08T18:05:09.2256165Z ok 203 - a brand-new unsaved draft runs with an empty script ID and never creates a saved revision
2026-10-08T18:05:09.2257253Z   ---
2026-10-08T18:05:09.2257605Z   duration_ms: 10.790589
2026-10-08T18:05:09.2258014Z   type: 'test'
2026-10-08T18:05:09.2258253Z   ...
2026-10-08T18:05:09.2258892Z # Subtest: permission preparation rejects a switched page; closing the editor during permission never admits a run
2026-10-08T18:05:09.2259787Z ok 204 - permission preparation rejects a switched page; closing the editor during permission never admits a run
2026-10-08T18:05:09.2260283Z   ---
2026-10-08T18:05:09.2260476Z   duration_ms: 13.826734
2026-10-08T18:05:09.2260704Z   type: 'test'
2026-10-08T18:05:09.2260902Z   ...
2026-10-08T18:05:09.2261421Z # Subtest: Stop uses the formal RunHost abort/retirement path and persists stopped with the original pin
2026-10-08T18:05:09.2262227Z ok 205 - Stop uses the formal RunHost abort/retirement path and persists stopped with the original pin
2026-10-08T18:05:09.2262700Z   ---
2026-10-08T18:05:09.2262899Z   duration_ms: 11.977783
2026-10-08T18:05:09.2263125Z   type: 'test'
2026-10-08T18:05:09.2263323Z   ...
2026-10-08T18:05:09.2263848Z # Subtest: pagehide invokes RunHost host-close; reopened editor only reads the durable interrupted Result
2026-10-08T18:05:09.2264945Z ok 206 - pagehide invokes RunHost host-close; reopened editor only reads the durable interrupted Result
2026-10-08T18:05:09.2265791Z   ---
2026-10-08T18:05:09.2266576Z   duration_ms: 6.203582
2026-10-08T18:05:09.2267001Z   type: 'test'
2026-10-08T18:05:09.2267344Z   ...
2026-10-08T18:05:09.2268284Z # Subtest: late Save/Load replies do not overwrite another script selection or edits made during loading
2026-10-08T18:05:09.2269868Z ok 207 - late Save/Load replies do not overwrite another script selection or edits made during loading
2026-10-08T18:05:09.2270681Z   ---
2026-10-08T18:05:09.2271006Z   duration_ms: 5.644493
2026-10-08T18:05:09.2271381Z   type: 'test'
2026-10-08T18:05:09.2271723Z   ...
2026-10-08T18:05:09.2272539Z # Subtest: late saved-script selector load cannot overwrite edits made during loading
2026-10-08T18:05:09.2273700Z ok 208 - late saved-script selector load cannot overwrite edits made during loading
2026-10-08T18:05:09.2274387Z   ---
2026-10-08T18:05:09.2274712Z   duration_ms: 5.563883
2026-10-08T18:05:09.2275095Z   type: 'test'
2026-10-08T18:05:09.2275419Z   ...
2026-10-08T18:05:09.2276207Z # Subtest: an older snapshot reply cannot disable Run after a newer durable observation
2026-10-08T18:05:09.2277585Z ok 209 - an older snapshot reply cannot disable Run after a newer durable observation
2026-10-08T18:05:09.2278290Z   ---
2026-10-08T18:05:09.2278609Z   duration_ms: 11.514665
2026-10-08T18:05:09.2279007Z   type: 'test'
2026-10-08T18:05:09.2279329Z   ...
2026-10-08T18:05:09.2280063Z # Subtest: an older snapshot error cannot overwrite a newer successful durable view
2026-10-08T18:05:09.2281305Z ok 210 - an older snapshot error cannot overwrite a newer successful durable view
2026-10-08T18:05:09.2282083Z   ---
2026-10-08T18:05:09.2282408Z   duration_ms: 12.495758
2026-10-08T18:05:09.2282790Z   type: 'test'
2026-10-08T18:05:09.2283109Z   ...
2026-10-08T18:05:09.2284228Z # Subtest: the permission request remains synchronous in the click fixture; denied permission and invalid params execute nothing
2026-10-08T18:05:09.2285921Z ok 211 - the permission request remains synchronous in the click fixture; denied permission and invalid params execute nothing
2026-10-08T18:05:09.2287003Z   ---
2026-10-08T18:05:09.2287308Z   duration_ms: 5.45477
2026-10-08T18:05:09.2287667Z   type: 'test'
2026-10-08T18:05:09.2287966Z   ...
2026-10-08T18:05:09.2288852Z # Subtest: DOM preview binds frozen source, dependency choice and exact current document from trusted click
2026-10-08T18:05:09.2290257Z ok 212 - DOM preview binds frozen source, dependency choice and exact current document from trusted click
2026-10-08T18:05:09.2291070Z   ---
2026-10-08T18:05:09.2291380Z   duration_ms: 3.514082
2026-10-08T18:05:09.2291758Z   type: 'test'
2026-10-08T18:05:09.2292109Z   ...
2026-10-08T18:05:09.2292998Z # Subtest: DOM preview refuses to inject when the active document changes while permission is pending
2026-10-08T18:05:09.2294356Z ok 213 - DOM preview refuses to inject when the active document changes while permission is pending
2026-10-08T18:05:09.2295146Z   ---
2026-10-08T18:05:09.2295457Z   duration_ms: 5.85184
2026-10-08T18:05:09.2295820Z   type: 'test'
2026-10-08T18:05:09.2296136Z   ...
2026-10-08T18:05:09.2297154Z # Subtest: Developer Stop cannot cancel the formal Task or another view using the shared RunHost
2026-10-08T18:05:09.2298456Z ok 214 - Developer Stop cannot cancel the formal Task or another view using the shared RunHost
2026-10-08T18:05:09.2299220Z   ---
2026-10-08T18:05:09.2299569Z   duration_ms: 5.976851
2026-10-08T18:05:09.2299942Z   type: 'test'
2026-10-08T18:05:09.2300267Z   ...
2026-10-08T18:05:09.2301185Z # Subtest: project import displays source while Save and Run freeze compiled bytes and the original hash
2026-10-08T18:05:09.2302659Z ok 215 - project import displays source while Save and Run freeze compiled bytes and the original hash
2026-10-08T18:05:09.2303135Z   ---
2026-10-08T18:05:09.2303328Z   duration_ms: 14.056189
2026-10-08T18:05:09.2303552Z   type: 'test'
2026-10-08T18:05:09.2303745Z   ...
2026-10-08T18:05:09.2304253Z # Subtest: invalid project envelope leaves the previous editor source and no execution or saved revision
2026-10-08T18:05:09.2305416Z ok 216 - invalid project envelope leaves the previous editor source and no execution or saved revision
2026-10-08T18:05:09.2306471Z   ---
2026-10-08T18:05:09.2306825Z   duration_ms: 6.48194
2026-10-08T18:05:09.2307200Z   type: 'test'
2026-10-08T18:05:09.2307522Z   ...
2026-10-08T18:05:09.2308144Z # Subtest: same-window catalog hands off exact source without invoking a runner
2026-10-08T18:05:09.2308769Z ok 217 - same-window catalog hands off exact source without invoking a runner
2026-10-08T18:05:09.2309157Z   ---
2026-10-08T18:05:09.2309357Z   duration_ms: 2.304915
2026-10-08T18:05:09.2309580Z   type: 'test'
2026-10-08T18:05:09.2309772Z   ...
2026-10-08T18:05:09.2310308Z # Subtest: draft handoff refuses other windows, senders, content pages, private tabs and catalog recipients
2026-10-08T18:05:09.2311129Z ok 218 - draft handoff refuses other windows, senders, content pages, private tabs and catalog recipients
2026-10-08T18:05:09.2311594Z   ---
2026-10-08T18:05:09.2311787Z   duration_ms: 0.511932
2026-10-08T18:05:09.2312009Z   type: 'test'
2026-10-08T18:05:09.2312204Z   ...
2026-10-08T18:05:09.2312614Z # Subtest: editor rejection is returned explicitly without claiming import success
2026-10-08T18:05:09.2313231Z ok 219 - editor rejection is returned explicitly without claiming import success
2026-10-08T18:05:09.2313612Z   ---
2026-10-08T18:05:09.2313797Z   duration_ms: 0.287674
2026-10-08T18:05:09.2314021Z   type: 'test'
2026-10-08T18:05:09.2314207Z   ...
2026-10-08T18:05:09.2314693Z # Subtest: RunHost freezes a draft source variant and parameters before awaiting the host connection
2026-10-08T18:05:09.2315450Z ok 220 - RunHost freezes a draft source variant and parameters before awaiting the host connection
2026-10-08T18:05:09.2315895Z   ---
2026-10-08T18:05:09.2316081Z   duration_ms: 4.86822
2026-10-08T18:05:09.2316541Z   type: 'test'
2026-10-08T18:05:09.2316901Z   ...
2026-10-08T18:05:09.2317373Z # Subtest: saved script API retains explicit scriptId/revision/contentHash admission
2026-10-08T18:05:09.2318028Z ok 221 - saved script API retains explicit scriptId/revision/contentHash admission
2026-10-08T18:05:09.2318430Z   ---
2026-10-08T18:05:09.2318620Z   duration_ms: 0.627707
2026-10-08T18:05:09.2318836Z   type: 'test'
2026-10-08T18:05:09.2319035Z   ...
2026-10-08T18:05:09.2319395Z # Subtest: manifest exposes tool.html as a global Chrome Side Panel
2026-10-08T18:05:09.2319913Z ok 222 - manifest exposes tool.html as a global Chrome Side Panel
2026-10-08T18:05:09.2320254Z   ---
2026-10-08T18:05:09.2320441Z   duration_ms: 10.30703
2026-10-08T18:05:09.2320655Z   type: 'test'
2026-10-08T18:05:09.2320850Z   ...
2026-10-08T18:05:09.2321150Z # Subtest: product shell has no popup-window fallback
2026-10-08T18:05:09.2321560Z ok 223 - product shell has no popup-window fallback
2026-10-08T18:05:09.2321853Z   ---
2026-10-08T18:05:09.2322048Z   duration_ms: 2.665726
2026-10-08T18:05:09.2322264Z   type: 'test'
2026-10-08T18:05:09.2322456Z   ...
2026-10-08T18:05:09.2322884Z # Subtest: default Run freezes Current Page then revalidates before existing RunHost
2026-10-08T18:05:09.2323508Z ok 224 - default Run freezes Current Page then revalidates before existing RunHost
2026-10-08T18:05:09.2323902Z   ---
2026-10-08T18:05:09.2324097Z   duration_ms: 4.262754
2026-10-08T18:05:09.2324313Z   type: 'test'
2026-10-08T18:05:09.2324508Z   ...
2026-10-08T18:05:09.2324993Z # Subtest: trusted Side Panel run sends the exact unsaved draft to the original Controller authority
2026-10-08T18:05:09.2325738Z ok 225 - trusted Side Panel run sends the exact unsaved draft to the original Controller authority
2026-10-08T18:05:09.2326173Z   ---
2026-10-08T18:05:09.2326579Z   duration_ms: 3.176895
2026-10-08T18:05:09.2326806Z   type: 'test'
2026-10-08T18:05:09.2326999Z   ...
2026-10-08T18:05:09.2327332Z # Subtest: R6 uses valid tab roles with labelled content panels
2026-10-08T18:05:09.2327809Z ok 226 - R6 uses valid tab roles with labelled content panels
2026-10-08T18:05:09.2328120Z   ---
2026-10-08T18:05:09.2328305Z   duration_ms: 1.735155
2026-10-08T18:05:09.2328675Z   type: 'test'
2026-10-08T18:05:09.2328874Z   ...
2026-10-08T18:05:09.2329324Z # Subtest: R4 Sidebar sections preserve consumer controls and keep engineering tools folded
2026-10-08T18:05:09.2330003Z ok 227 - R4 Sidebar sections preserve consumer controls and keep engineering tools folded
2026-10-08T18:05:09.2330532Z   ---
2026-10-08T18:05:09.2330717Z   duration_ms: 4.080896
2026-10-08T18:05:09.2330927Z   type: 'test'
2026-10-08T18:05:09.2331115Z   ...
2026-10-08T18:05:09.2331538Z # Subtest: Sidebar starts at its three tabs without repeating Chrome extension identity
2026-10-08T18:05:09.2332170Z ok 228 - Sidebar starts at its three tabs without repeating Chrome extension identity
2026-10-08T18:05:09.2332562Z   ---
2026-10-08T18:05:09.2332748Z   duration_ms: 2.436239
2026-10-08T18:05:09.2332961Z   type: 'test'
2026-10-08T18:05:09.2333159Z   ...
2026-10-08T18:05:09.2333595Z # Subtest: three project folders: genuine ESM graphs and fixed CSS/JSON/PNG byte hashes
2026-10-08T18:05:09.2334242Z ok 229 - three project folders: genuine ESM graphs and fixed CSS/JSON/PNG byte hashes
2026-10-08T18:05:09.2334633Z   ---
2026-10-08T18:05:09.2334829Z   duration_ms: 39.821535
2026-10-08T18:05:09.2335061Z   type: 'test'
2026-10-08T18:05:09.2335249Z   ...
2026-10-08T18:05:09.2335734Z # Subtest: Page ESM bundles into USER_SCRIPT and repeated execution creates only one visible marker
2026-10-08T18:05:09.2336835Z ok 230 - Page ESM bundles into USER_SCRIPT and repeated execution creates only one visible marker
2026-10-08T18:05:09.2337523Z   ---
2026-10-08T18:05:09.2337729Z   duration_ms: 827.09709
2026-10-08T18:05:09.2337951Z   type: 'test'
2026-10-08T18:05:09.2338141Z   ...
2026-10-08T18:05:09.2338597Z # Subtest: Controller ESM emits a Task v1 Candidate and invokes only approved Locator methods
2026-10-08T18:05:09.2339276Z ok 231 - Controller ESM emits a Task v1 Candidate and invokes only approved Locator methods
2026-10-08T18:05:09.2339690Z   ---
2026-10-08T18:05:09.2339887Z   duration_ms: 245.959703
2026-10-08T18:05:09.2340129Z   type: 'test'
2026-10-08T18:05:09.2340314Z   ...
2026-10-08T18:05:09.2340813Z # Subtest: unsupported CSS/JSON/PNG may be validated but MUST be rejected by the JS-only build adapter
2026-10-08T18:05:09.2341574Z ok 232 - unsupported CSS/JSON/PNG may be validated but MUST be rejected by the JS-only build adapter
2026-10-08T18:05:09.2342020Z   ---
2026-10-08T18:05:09.2342207Z   duration_ms: 9.430731
2026-10-08T18:05:09.2342427Z   type: 'test'
2026-10-08T18:05:09.2342614Z   ...
2026-10-08T18:05:09.2342988Z # Subtest: tool contract is independent of Task v1 and is closed by default
2026-10-08T18:05:09.2343548Z ok 233 - tool contract is independent of Task v1 and is closed by default
2026-10-08T18:05:09.2343903Z   ---
2026-10-08T18:05:09.2344088Z   duration_ms: 5.042223
2026-10-08T18:05:09.2344305Z   type: 'test'
2026-10-08T18:05:09.2344500Z   ...
2026-10-08T18:05:09.2344933Z # Subtest: native tool directory packs JS/CSS/HTML and a local image into a portable JSON
2026-10-08T18:05:09.2345590Z ok 234 - native tool directory packs JS/CSS/HTML and a local image into a portable JSON
2026-10-08T18:05:09.2345991Z   ---
2026-10-08T18:05:09.2346185Z   duration_ms: 14.731756
2026-10-08T18:05:09.2346673Z   type: 'test'
2026-10-08T18:05:09.2346869Z   ...
2026-10-08T18:05:09.2347319Z # Subtest: new sandbox uses isolated Chrome MV3 resource and a narrow host message protocol
2026-10-08T18:05:09.2347983Z ok 235 - new sandbox uses isolated Chrome MV3 resource and a narrow host message protocol
2026-10-08T18:05:09.2348400Z   ---
2026-10-08T18:05:09.2348595Z   duration_ms: 4.577559
2026-10-08T18:05:09.2348818Z   type: 'test'
2026-10-08T18:05:09.2349006Z   ...
2026-10-08T18:05:09.2349528Z # Subtest: R3 remains immutable reference; R4 preview keeps installed Discover and independent full catalog
2026-10-08T18:05:09.2350327Z ok 236 - R3 remains immutable reference; R4 preview keeps installed Discover and independent full catalog
2026-10-08T18:05:09.2350784Z   ---
2026-10-08T18:05:09.2350972Z   duration_ms: 6.687201
2026-10-08T18:05:09.2351329Z   type: 'test'
2026-10-08T18:05:09.2351531Z   ...
2026-10-08T18:05:09.2352063Z # Subtest: R5 official sidebar preserves three views, privileged controls, compact discovery and task history
2026-10-08T18:05:09.2352893Z ok 237 - R5 official sidebar preserves three views, privileged controls, compact discovery and task history
2026-10-08T18:05:09.2353478Z   ---
2026-10-08T18:05:09.2353669Z   duration_ms: 3.138925
2026-10-08T18:05:09.2353885Z   type: 'test'
2026-10-08T18:05:09.2354074Z   ...
2026-10-08T18:05:09.2354533Z # Subtest: R5 keeps one derived interactive prototype with installed-only compact discovery
2026-10-08T18:05:09.2355218Z ok 238 - R5 keeps one derived interactive prototype with installed-only compact discovery
2026-10-08T18:05:09.2355635Z   ---
2026-10-08T18:05:09.2355822Z   duration_ms: 1.949414
2026-10-08T18:05:09.2356047Z   type: 'test'
2026-10-08T18:05:09.2356459Z   ...
2026-10-08T18:05:09.2356999Z # Subtest: required all-url host is the single source of truth; no optional host prompts at startup
2026-10-08T18:05:09.2357733Z ok 239 - required all-url host is the single source of truth; no optional host prompts at startup
2026-10-08T18:05:09.2358164Z   ---
2026-10-08T18:05:09.2358356Z   duration_ms: 3.38889
2026-10-08T18:05:09.2358578Z   type: 'test'
2026-10-08T18:05:09.2358770Z   ...
2026-10-08T18:05:09.2359197Z # Subtest: a trusted click can re-request withheld required host access without options
2026-10-08T18:05:09.2359858Z ok 240 - a trusted click can re-request withheld required host access without options
2026-10-08T18:05:09.2360253Z   ---
2026-10-08T18:05:09.2360444Z   duration_ms: 0.826286
2026-10-08T18:05:09.2360659Z   type: 'test'
2026-10-08T18:05:09.2360855Z   ...
2026-10-08T18:05:09.2361315Z # Subtest: untrusted events cannot change permission; native denial never fabricates approval
2026-10-08T18:05:09.2362025Z ok 241 - untrusted events cannot change permission; native denial never fabricates approval
2026-10-08T18:05:09.2362450Z   ---
2026-10-08T18:05:09.2362642Z   duration_ms: 1.294206
2026-10-08T18:05:09.2362860Z   type: 'test'
2026-10-08T18:05:09.2363057Z   ...
2026-10-08T18:05:09.2363474Z # Subtest: Chrome site access restrictions invalidate status and never auto-regrant
2026-10-08T18:05:09.2364102Z ok 242 - Chrome site access restrictions invalidate status and never auto-regrant
2026-10-08T18:05:09.2364500Z   ---
2026-10-08T18:05:09.2364692Z   duration_ms: 0.62387
2026-10-08T18:05:09.2364907Z   type: 'test'
2026-10-08T18:05:09.2365101Z   ...
2026-10-08T18:05:09.2365539Z # Subtest: Chrome onAdded event cannot erase actual approved status during raced refresh
2026-10-08T18:05:09.2366206Z ok 243 - Chrome onAdded event cannot erase actual approved status during raced refresh
2026-10-08T18:05:09.2366858Z   ---
2026-10-08T18:05:09.2367060Z   duration_ms: 1.331154
2026-10-08T18:05:09.2367282Z   type: 'test'
2026-10-08T18:05:09.2367473Z   ...
2026-10-08T18:05:09.2367940Z # Subtest: core API status is separately queried; it never grants applications automatically
2026-10-08T18:05:09.2368638Z ok 244 - core API status is separately queried; it never grants applications automatically
2026-10-08T18:05:09.2369055Z   ---
2026-10-08T18:05:09.2369253Z   duration_ms: 0.858777
2026-10-08T18:05:09.2369470Z   type: 'test'
2026-10-08T18:05:09.2369664Z   ...
2026-10-08T18:05:09.2370085Z # Subtest: developer site controls remain nested in the original three-tab workbench
2026-10-08T18:05:09.2370724Z ok 245 - developer site controls remain nested in the original three-tab workbench
2026-10-08T18:05:09.2371112Z   ---
2026-10-08T18:05:09.2371306Z   duration_ms: 15.161254
2026-10-08T18:05:09.2371533Z   type: 'test'
2026-10-08T18:05:09.2371743Z   ...
2026-10-08T18:05:09.2372300Z # Subtest: package hashes and closed schema reject forged status, altered source, extra permissions and invalid params
2026-10-08T18:05:09.2373181Z ok 246 - package hashes and closed schema reject forged status, altered source, extra permissions and invalid params
2026-10-08T18:05:09.2373676Z   ---
2026-10-08T18:05:09.2373999Z   duration_ms: 18.539534
2026-10-08T18:05:09.2374236Z   type: 'test'
2026-10-08T18:05:09.2374426Z   ...
2026-10-08T18:05:09.2374990Z # Subtest: candidate cannot install without matching trustworthy native run, then exact Available version can install
2026-10-08T18:05:09.2376020Z ok 247 - candidate cannot install without matching trustworthy native run, then exact Available version can install
2026-10-08T18:05:09.2376809Z   ---
2026-10-08T18:05:09.2377009Z   duration_ms: 19.60792
2026-10-08T18:05:09.2377234Z   type: 'test'
2026-10-08T18:05:09.2377431Z   ...
2026-10-08T18:05:09.2377818Z # Subtest: same task version cannot replace even a correctly hashed package
2026-10-08T18:05:09.2378383Z ok 248 - same task version cannot replace even a correctly hashed package
2026-10-08T18:05:09.2378752Z   ---
2026-10-08T18:05:09.2378944Z   duration_ms: 6.163738
2026-10-08T18:05:09.2379166Z   type: 'test'
2026-10-08T18:05:09.2379361Z   ...
2026-10-08T18:05:09.2379840Z # Subtest: the checked-in sample is an authentic v1 package with exact manifest and source hashes
2026-10-08T18:05:09.2380598Z ok 249 - the checked-in sample is an authentic v1 package with exact manifest and source hashes
2026-10-08T18:05:09.2381033Z   ---
2026-10-08T18:05:09.2381234Z   duration_ms: 2.85153
2026-10-08T18:05:09.2381455Z   type: 'test'
2026-10-08T18:05:09.2381640Z   ...
2026-10-08T18:05:09.2382161Z # Subtest: formal verification refuses altered admission identity, failed effects and mismatched receipts
2026-10-08T18:05:09.2382982Z ok 250 - formal verification refuses altered admission identity, failed effects and mismatched receipts
2026-10-08T18:05:09.2383467Z   ---
2026-10-08T18:05:09.2383669Z   duration_ms: 20.803222
2026-10-08T18:05:09.2383899Z   type: 'test'
2026-10-08T18:05:09.2384092Z   ...
2026-10-08T18:05:09.2384546Z # Subtest: invalid task schema and origin return typed errors instead of generic exceptions
2026-10-08T18:05:09.2385234Z ok 251 - invalid task schema and origin return typed errors instead of generic exceptions
2026-10-08T18:05:09.2385650Z   ---
2026-10-08T18:05:09.2385849Z   duration_ms: 2.177538
2026-10-08T18:05:09.2386067Z   type: 'test'
2026-10-08T18:05:09.2386446Z   ...
2026-10-08T18:05:09.2387072Z # Subtest: entering Sidebar task views reads external installations without executing and preserves unchanged form inputs
2026-10-08T18:05:09.2388016Z ok 252 - entering Sidebar task views reads external installations without executing and preserves unchanged form inputs
2026-10-08T18:05:09.2388539Z   ---
2026-10-08T18:05:09.2388735Z   duration_ms: 33.467364
2026-10-08T18:05:09.2388958Z   type: 'test'
2026-10-08T18:05:09.2389148Z   ...
2026-10-08T18:05:09.2389671Z # Subtest: installed tasks default page, render schema form and freeze the exact saved version/params/target
2026-10-08T18:05:09.2390492Z ok 253 - installed tasks default page, render schema form and freeze the exact saved version/params/target
2026-10-08T18:05:09.2390961Z   ---
2026-10-08T18:05:09.2391148Z   duration_ms: 23.742606
2026-10-08T18:05:09.2391372Z   type: 'test'
2026-10-08T18:05:09.2391567Z   ...
2026-10-08T18:05:09.2392014Z # Subtest: installed task can be explicitly forked into an independent unsaved editor draft
2026-10-08T18:05:09.2392710Z ok 254 - installed task can be explicitly forked into an independent unsaved editor draft
2026-10-08T18:05:09.2393119Z   ---
2026-10-08T18:05:09.2393306Z   duration_ms: 10.800146
2026-10-08T18:05:09.2393533Z   type: 'test'
2026-10-08T18:05:09.2393721Z   ...
2026-10-08T18:05:09.2394196Z # Subtest: task Stop cannot cancel another view's in-flight draft; parameter form never navigates
2026-10-08T18:05:09.2394929Z ok 255 - task Stop cannot cancel another view's in-flight draft; parameter form never navigates
2026-10-08T18:05:09.2395361Z   ---
2026-10-08T18:05:09.2395551Z   duration_ms: 23.870995
2026-10-08T18:05:09.2395771Z   type: 'test'
2026-10-08T18:05:09.2395968Z   ...
2026-10-08T18:05:09.2396627Z # Subtest: installed task refuses stale target after async installed-version lookup
2026-10-08T18:05:09.2397411Z ok 256 - installed task refuses stale target after async installed-version lookup
2026-10-08T18:05:09.2397815Z   ---
2026-10-08T18:05:09.2398009Z   duration_ms: 10.550944
2026-10-08T18:05:09.2398231Z   type: 'test'
2026-10-08T18:05:09.2398425Z   ...
2026-10-08T18:05:09.2398859Z # Subtest: task cards retain readable selection and do not surface raw IDs as the main UI
2026-10-08T18:05:09.2399627Z ok 257 - task cards retain readable selection and do not surface raw IDs as the main UI
2026-10-08T18:05:09.2400029Z   ---
2026-10-08T18:05:09.2400223Z   duration_ms: 4.053555
2026-10-08T18:05:09.2400441Z   type: 'test'
2026-10-08T18:05:09.2400628Z   ...
2026-10-08T18:05:09.2401178Z # Subtest: Sidebar Discover searches installed tasks only and selects a task without running or opening the catalog
2026-10-08T18:05:09.2402044Z ok 258 - Sidebar Discover searches installed tasks only and selects a task without running or opening the catalog
2026-10-08T18:05:09.2402533Z   ---
2026-10-08T18:05:09.2402725Z   duration_ms: 9.405605
2026-10-08T18:05:09.2402946Z   type: 'test'
2026-10-08T18:05:09.2403138Z   ...
2026-10-08T18:05:09.2403566Z # Subtest: Discover filter controls are real view filters and cannot start another run
2026-10-08T18:05:09.2404206Z ok 259 - Discover filter controls are real view filters and cannot start another run
2026-10-08T18:05:09.2404599Z   ---
2026-10-08T18:05:09.2404793Z   duration_ms: 14.563853
2026-10-08T18:05:09.2405012Z   type: 'test'
2026-10-08T18:05:09.2405198Z   ...
2026-10-08T18:05:09.2405645Z # Subtest: opening the separate full-size catalog preserves its import and management view
2026-10-08T18:05:09.2406534Z ok 260 - opening the separate full-size catalog preserves its import and management view
2026-10-08T18:05:09.2406957Z   ---
2026-10-08T18:05:09.2407144Z   duration_ms: 3.891975
2026-10-08T18:05:09.2407367Z   type: 'test'
2026-10-08T18:05:09.2407557Z   ...
2026-10-08T18:05:09.2408083Z # Subtest: full-size catalog keeps its own reader after real install and re-reads the single Task Catalog state
2026-10-08T18:05:09.2408918Z ok 261 - full-size catalog keeps its own reader after real install and re-reads the single Task Catalog state
2026-10-08T18:05:09.2409390Z   ---
2026-10-08T18:05:09.2409579Z   duration_ms: 10.704038
2026-10-08T18:05:09.2409805Z   type: 'test'
2026-10-08T18:05:09.2409994Z   ...
2026-10-08T18:05:09.2410474Z # Subtest: idle Discover has no fixed footer and inline import still opens the authenticated catalog
2026-10-08T18:05:09.2411206Z ok 262 - idle Discover has no fixed footer and inline import still opens the authenticated catalog
2026-10-08T18:05:09.2411644Z   ---
2026-10-08T18:05:09.2411833Z   duration_ms: 16.087365
2026-10-08T18:05:09.2412052Z   type: 'test'
2026-10-08T18:05:09.2412253Z   ...
2026-10-08T18:05:09.2412609Z # Subtest: R5 result/history stay out of sight until a task has runs
2026-10-08T18:05:09.2413107Z ok 263 - R5 result/history stay out of sight until a task has runs
2026-10-08T18:05:09.2413441Z   ---
2026-10-08T18:05:09.2413631Z   duration_ms: 15.924503
2026-10-08T18:05:09.2413857Z   type: 'test'
2026-10-08T18:05:09.2414064Z   ...
2026-10-08T18:05:09.2414566Z # Subtest: card view retains original action identities, history and parameter form across tab changes
2026-10-08T18:05:09.2415354Z ok 264 - card view retains original action identities, history and parameter form across tab changes
2026-10-08T18:05:09.2415823Z   ---
2026-10-08T18:05:09.2416015Z   duration_ms: 12.41061
2026-10-08T18:05:09.2416415Z   type: 'test'
2026-10-08T18:05:09.2416665Z   ...
2026-10-08T18:05:09.2417166Z # Subtest: switching between two installed tasks preserves each independent unsaved parameter input
2026-10-08T18:05:09.2417923Z ok 265 - switching between two installed tasks preserves each independent unsaved parameter input
2026-10-08T18:05:09.2418372Z   ---
2026-10-08T18:05:09.2418569Z   duration_ms: 4.337092
2026-10-08T18:05:09.2418791Z   type: 'test'
2026-10-08T18:05:09.2418980Z   ...
2026-10-08T18:05:09.2419320Z # Subtest: R6 accessible roving tabs support Arrow and Home/End
2026-10-08T18:05:09.2419925Z ok 266 - R6 accessible roving tabs support Arrow and Home/End
2026-10-08T18:05:09.2420252Z   ---
2026-10-08T18:05:09.2420444Z   duration_ms: 3.918043
2026-10-08T18:05:09.2420668Z   type: 'test'
2026-10-08T18:05:09.2420859Z   ...
2026-10-08T18:05:09.2421275Z # Subtest: R6 task card refresh, keyboard selection and Discover handoff restore focus
2026-10-08T18:05:09.2422026Z ok 267 - R6 task card refresh, keyboard selection and Discover handoff restore focus
2026-10-08T18:05:09.2422424Z   ---
2026-10-08T18:05:09.2422616Z   duration_ms: 6.726915
2026-10-08T18:05:09.2422843Z   type: 'test'
2026-10-08T18:05:09.2423035Z   ...
2026-10-08T18:05:09.2423432Z # Subtest: R6 late run start/result cannot become the newly selected task status
2026-10-08T18:05:09.2424028Z ok 268 - R6 late run start/result cannot become the newly selected task status
2026-10-08T18:05:09.2424402Z   ---
2026-10-08T18:05:09.2424594Z   duration_ms: 19.07679
2026-10-08T18:05:09.2424815Z   type: 'test'
2026-10-08T18:05:09.2425010Z   ...
2026-10-08T18:05:09.2425442Z # Subtest: R6 previous-version notices and results do not leak after installed upgrade
2026-10-08T18:05:09.2426087Z ok 269 - R6 previous-version notices and results do not leak after installed upgrade
2026-10-08T18:05:09.2426705Z   ---
2026-10-08T18:05:09.2426911Z   duration_ms: 13.878971
2026-10-08T18:05:09.2427140Z   type: 'test'
2026-10-08T18:05:09.2427342Z   ...
2026-10-08T18:05:09.2427841Z # Subtest: two extension documents share only a refresh hint and re-read authoritative installed state
2026-10-08T18:05:09.2428605Z ok 270 - two extension documents share only a refresh hint and re-read authoritative installed state
2026-10-08T18:05:09.2429063Z   ---
2026-10-08T18:05:09.2429255Z   duration_ms: 34.470619
2026-10-08T18:05:09.2429485Z   type: 'test'
2026-10-08T18:05:09.2429680Z   ...
2026-10-08T18:05:09.2430170Z # Subtest: catalog installation stays in the complete directory and directs running back to Sidebar
2026-10-08T18:05:09.2430947Z ok 271 - catalog installation stays in the complete directory and directs running back to Sidebar
2026-10-08T18:05:09.2431390Z   ---
2026-10-08T18:05:09.2431581Z   duration_ms: 14.643441
2026-10-08T18:05:09.2431799Z   type: 'test'
2026-10-08T18:05:09.2431990Z   ...
2026-10-08T18:05:09.2432464Z # Subtest: catalog JS import hands source to Sidebar and never enters a view with a hidden runner
2026-10-08T18:05:09.2433185Z ok 272 - catalog JS import hands source to Sidebar and never enters a view with a hidden runner
2026-10-08T18:05:09.2433613Z   ---
2026-10-08T18:05:09.2433808Z   duration_ms: 3.92178
2026-10-08T18:05:09.2434028Z   type: 'test'
2026-10-08T18:05:09.2434220Z   ...
2026-10-08T18:05:09.2434699Z # Subtest: missing Sidebar refuses import with an actionable message, without losing the directory
2026-10-08T18:05:09.2435436Z ok 273 - missing Sidebar refuses import with an actionable message, without losing the directory
2026-10-08T18:05:09.2435871Z   ---
2026-10-08T18:05:09.2436062Z   duration_ms: 5.954439
2026-10-08T18:05:09.2436514Z   type: 'test'
2026-10-08T18:05:09.2436724Z   ...
2026-10-08T18:05:09.2437207Z # Subtest: catalog draft transport errors retain their cause instead of claiming Sidebar is missing
2026-10-08T18:05:09.2437963Z ok 274 - catalog draft transport errors retain their cause instead of claiming Sidebar is missing
2026-10-08T18:05:09.2438406Z   ---
2026-10-08T18:05:09.2438597Z   duration_ms: 4.837433
2026-10-08T18:05:09.2438821Z   type: 'test'
2026-10-08T18:05:09.2439010Z   ...
2026-10-08T18:05:09.2439463Z # Subtest: receiving a source-only import selects Sidebar Developer without creating a run
2026-10-08T18:05:09.2440151Z ok 275 - receiving a source-only import selects Sidebar Developer without creating a run
2026-10-08T18:05:09.2440564Z   ---
2026-10-08T18:05:09.2440755Z   duration_ms: 4.100462
2026-10-08T18:05:09.2440974Z   type: 'test'
2026-10-08T18:05:09.2441175Z   ...
2026-10-08T18:05:09.2441601Z # Subtest: R6.1 task-owned Stop is the sole cross-view action and names the launching task
2026-10-08T18:05:09.2442377Z ok 276 - R6.1 task-owned Stop is the sole cross-view action and names the launching task
2026-10-08T18:05:09.2442787Z   ---
2026-10-08T18:05:09.2442980Z   duration_ms: 20.817708
2026-10-08T18:05:09.2443210Z   type: 'test'
2026-10-08T18:05:09.2443407Z   ...
2026-10-08T18:05:09.2443971Z # Subtest: R6.1 a draft-owned run exposes only its Stop when viewing Tasks or Discover
2026-10-08T18:05:09.2444590Z ok 277 - R6.1 a draft-owned run exposes only its Stop when viewing Tasks or Discover
2026-10-08T18:05:09.2444979Z   ---
2026-10-08T18:05:09.2445168Z   duration_ms: 2.760682
2026-10-08T18:05:09.2445383Z   type: 'test'
2026-10-08T18:05:09.2445577Z   ...
2026-10-08T18:05:09.2446000Z # Subtest: R6.1 stop-only footer CSS hides all non-owner actions without hiding Stop
2026-10-08T18:05:09.2446828Z ok 278 - R6.1 stop-only footer CSS hides all non-owner actions without hiding Stop
2026-10-08T18:05:09.2447215Z   ---
2026-10-08T18:05:09.2447409Z   duration_ms: 22.084967
2026-10-08T18:05:09.2447634Z   type: 'test'
2026-10-08T18:05:09.2447834Z   ...
2026-10-08T18:05:09.2448737Z # Subtest: real manager → approval → preview executes two ordered sources, reuses draft locks offline, and rechecks new GM grants
2026-10-08T18:05:09.2449806Z ok 279 - real manager → approval → preview executes two ordered sources, reuses draft locks offline, and rechecks new GM grants
2026-10-08T18:05:09.2450349Z   ---
2026-10-08T18:05:09.2450546Z   duration_ms: 93.334465
2026-10-08T18:05:09.2450772Z   type: 'test'
2026-10-08T18:05:09.2450965Z   ...
2026-10-08T18:05:09.2451562Z # Subtest: classic top-level const runs repeatedly in fresh worlds; trailing comments and ASI do not consume the next source
2026-10-08T18:05:09.2452504Z ok 280 - classic top-level const runs repeatedly in fresh worlds; trailing comments and ASI do not consume the next source
2026-10-08T18:05:09.2453029Z   ---
2026-10-08T18:05:09.2453223Z   duration_ms: 28.736437
2026-10-08T18:05:09.2453451Z   type: 'test'
2026-10-08T18:05:09.2453640Z   ...
2026-10-08T18:05:09.2454144Z # Subtest: a synchronous dependency failure prevents later libraries and the consumer from executing
2026-10-08T18:05:09.2454912Z ok 281 - a synchronous dependency failure prevents later libraries and the consumer from executing
2026-10-08T18:05:09.2455361Z   ---
2026-10-08T18:05:09.2455560Z   duration_ms: 30.089417
2026-10-08T18:05:09.2455789Z   type: 'test'
2026-10-08T18:05:09.2455981Z   ...
2026-10-08T18:05:09.2456733Z # Subtest: an absent user main cannot fall back to a dependency global main or an async-main-looking comment
2026-10-08T18:05:09.2457550Z ok 282 - an absent user main cannot fall back to a dependency global main or an async-main-looking comment
2026-10-08T18:05:09.2458012Z   ---
2026-10-08T18:05:09.2458203Z   duration_ms: 21.979408
2026-10-08T18:05:09.2458434Z   type: 'test'
2026-10-08T18:05:09.2458625Z   ...
2026-10-08T18:05:09.2459233Z # Subtest: simulated Chromium named-world exhaustion falls back to default, fails the isolation probe, and injects no user code
2026-10-08T18:05:09.2460200Z ok 283 - simulated Chromium named-world exhaustion falls back to default, fails the isolation probe, and injects no user code
2026-10-08T18:05:09.2460739Z   ---
2026-10-08T18:05:09.2460930Z   duration_ms: 14.894167
2026-10-08T18:05:09.2461153Z   type: 'test'
2026-10-08T18:05:09.2461348Z   ...
2026-10-08T18:05:09.2462014Z # Subtest: document budget survives service restart and navigation cleanup; closing a tab releases the ledger even when the API is disabled
2026-10-08T18:05:09.2463069Z ok 284 - document budget survives service restart and navigation cleanup; closing a tab releases the ledger even when the API is disabled
2026-10-08T18:05:09.2463644Z   ---
2026-10-08T18:05:09.2463834Z   duration_ms: 70.52563
2026-10-08T18:05:09.2464053Z   type: 'test'
2026-10-08T18:05:09.2464248Z   ...
2026-10-08T18:05:09.2464430Z 1..284
2026-10-08T18:05:09.2464620Z # tests 284
2026-10-08T18:05:09.2464809Z # suites 0
2026-10-08T18:05:09.2465002Z # pass 279
2026-10-08T18:05:09.2465185Z # fail 0
2026-10-08T18:05:09.2465372Z # cancelled 0
2026-10-08T18:05:09.2465711Z # skipped 5
2026-10-08T18:05:09.2465902Z # todo 0
2026-10-08T18:05:09.2466107Z # duration_ms 5743.964534
2026-10-08T18:05:09.2571167Z Post job cleanup.
2026-10-08T18:05:09.3788613Z (node:4634) [DEP0040] DeprecationWarning: The `punycode` module is deprecated. Please use a userland alternative instead.
2026-10-08T18:05:09.3790580Z (Use `node --trace-deprecation ...` to show where the warning was created)
2026-10-08T18:05:09.3792949Z Cache hit occurred on the primary key node-cache-Linux-x64-npm-b8ba1b1e75b534e8b18fa308aa4c06e83b4d486ff426239c6fd9007055bc4cce, not saving cache.
2026-10-08T18:05:09.3952020Z Post job cleanup.
2026-10-08T18:05:09.4780808Z [command]/usr/bin/git version
2026-10-08T18:05:09.4823980Z git version 2.55.0
2026-10-08T18:05:09.4864868Z Temporarily overriding HOME='/home/runner/work/_temp/f1ebc8c3-92a0-44ae-9482-b20a3c1ae246' before making global git config changes
2026-10-08T18:05:09.4866765Z Adding repository directory to the temporary git global config as a safe directory
2026-10-08T18:05:09.4871166Z [command]/usr/bin/git config --global --add safe.directory /home/runner/work/opendesk-browser/opendesk-browser
2026-10-08T18:05:09.4910996Z [command]/usr/bin/git config --local --name-only --get-regexp core\.sshCommand
2026-10-08T18:05:09.4953770Z [command]/usr/bin/git submodule foreach --recursive sh -c "git config --local --name-only --get-regexp 'core\.sshCommand' && git config --local --unset-all 'core.sshCommand' || :"
2026-10-08T18:05:09.5218404Z [command]/usr/bin/git config --local --name-only --get-regexp http\.https\:\/\/github\.com\/\.extraheader
2026-10-08T18:05:09.5248026Z http.https://github.com/.extraheader
2026-10-08T18:05:09.5260644Z [command]/usr/bin/git config --local --unset-all http.https://github.com/.extraheader
2026-10-08T18:05:09.5298737Z [command]/usr/bin/git submodule foreach --recursive sh -c "git config --local --name-only --get-regexp 'http\.https\:\/\/github\.com\/\.extraheader' && git config --local --unset-all 'http.https://github.com/.extraheader' || :"
2026-10-08T18:05:09.5594941Z [command]/usr/bin/git config --local --name-only --get-regexp ^includeIf\.gitdir:
2026-10-08T18:05:09.5649758Z [command]/usr/bin/git submodule foreach --recursive git config --local --show-origin --name-only --get-regexp remote.origin.url
2026-10-08T18:05:09.6128025Z Cleaning up orphan processes
2026-10-08T18:05:09.6456901Z ##[warning]Node.js 20 is deprecated. The following actions target Node.js 20 but are being forced to run on Node.js 24: actions/checkout@v4, actions/setup-node@v4. For more information see: https://github.blog/changelog/2025-09-19-deprecation-of-node-20-on-github-actions-runners/
