2026-10-08T17:14:38.1671921Z Current runner version: '2.337.0'
2026-10-08T17:14:38.1696713Z ##[group]Runner Image Provisioner
2026-10-08T17:14:38.1697604Z Hosted Compute Agent
2026-10-08T17:14:38.1698289Z Version: 20261002.596
2026-10-08T17:14:38.1698967Z Commit: c3d12f3313a95f25162a1503be624f3b0617f8c0
2026-10-08T17:14:38.1699721Z Build Date: 2026-10-02T22:28:27Z
2026-10-08T17:14:38.1700457Z Worker ID: {8de20155-ab11-4458-b145-ec3ab5eaa058}
2026-10-08T17:14:38.1701151Z Region: westus
2026-10-08T17:14:38.1701699Z Cloud: Azure
2026-10-08T17:14:38.1702290Z ##[endgroup]
2026-10-08T17:14:38.1704279Z ##[group]Operating System
2026-10-08T17:14:38.1705101Z Ubuntu
2026-10-08T17:14:38.1705769Z 24.04.5
2026-10-08T17:14:38.1706268Z LTS
2026-10-08T17:14:38.1706837Z ##[endgroup]
2026-10-08T17:14:38.1707382Z ##[group]Runner Image
2026-10-08T17:14:38.1708353Z Image: ubuntu-24.04
2026-10-08T17:14:38.1708994Z Version: 20261004.327.1
2026-10-08T17:14:38.1710290Z Included Software: https://github.com/actions/runner-images/blob/ubuntu24/20261004.327/images/ubuntu/Ubuntu2404-Readme.md
2026-10-08T17:14:38.1711848Z Image Release: https://github.com/actions/runner-images/releases/tag/ubuntu24%2F20261004.327
2026-10-08T17:14:38.1712839Z ##[endgroup]
2026-10-08T17:14:38.1714247Z ##[group]GITHUB_TOKEN Permissions
2026-10-08T17:14:38.1716409Z Contents: read
2026-10-08T17:14:38.1717137Z Metadata: read
2026-10-08T17:14:38.1717690Z ##[endgroup]
2026-10-08T17:14:38.1719753Z Secret source: Actions
2026-10-08T17:14:38.1720746Z Cache mode: write
2026-10-08T17:14:38.1721753Z Prepare workflow directory
2026-10-08T17:14:38.2050958Z Prepare all required actions
2026-10-08T17:14:38.2100008Z Getting action download info
2026-10-08T17:14:38.6019809Z Download action repository 'actions/checkout@v4' (SHA:11d5960a326750d5838078e36cf38b85af677262)
2026-10-08T17:14:38.7048669Z Download action repository 'actions/setup-node@v4' (SHA:49933ea5288caeca8642d1e84afbd3f7d6820020)
2026-10-08T17:14:38.8928873Z Complete job name: bridge-components
2026-10-08T17:14:38.9738929Z ##[group]Run actions/checkout@v4
2026-10-08T17:14:38.9739828Z with:
2026-10-08T17:14:38.9740305Z   repository: shopable-ai/opendesk-browser
2026-10-08T17:14:38.9744565Z   token: ***
2026-10-08T17:14:38.9745009Z   ssh-strict: true
2026-10-08T17:14:38.9745448Z   ssh-user: git
2026-10-08T17:14:38.9745890Z   persist-credentials: true
2026-10-08T17:14:38.9746376Z   clean: true
2026-10-08T17:14:38.9746813Z   sparse-checkout-cone-mode: true
2026-10-08T17:14:38.9747326Z   fetch-depth: 1
2026-10-08T17:14:38.9747748Z   fetch-tags: false
2026-10-08T17:14:38.9748179Z   show-progress: true
2026-10-08T17:14:38.9748607Z   lfs: false
2026-10-08T17:14:38.9749007Z   submodules: false
2026-10-08T17:14:38.9749443Z   set-safe-directory: true
2026-10-08T17:14:38.9749935Z   allow-unsafe-pr-checkout: false
2026-10-08T17:14:38.9750853Z ##[endgroup]
2026-10-08T17:14:39.0770639Z Syncing repository: shopable-ai/opendesk-browser
2026-10-08T17:14:39.0773212Z ##[group]Getting Git version info
2026-10-08T17:14:39.0774870Z Working directory is '/home/runner/work/opendesk-browser/opendesk-browser'
2026-10-08T17:14:39.0776667Z [command]/usr/bin/git version
2026-10-08T17:14:39.0840345Z git version 2.55.0
2026-10-08T17:14:39.0862765Z ##[endgroup]
2026-10-08T17:14:39.0885312Z Temporarily overriding HOME='/home/runner/work/_temp/fcbc8c39-5f13-4af9-bb0b-82aa540951aa' before making global git config changes
2026-10-08T17:14:39.0887886Z Adding repository directory to the temporary git global config as a safe directory
2026-10-08T17:14:39.0890101Z [command]/usr/bin/git config --global --add safe.directory /home/runner/work/opendesk-browser/opendesk-browser
2026-10-08T17:14:39.0947684Z Deleting the contents of '/home/runner/work/opendesk-browser/opendesk-browser'
2026-10-08T17:14:39.0952116Z ##[group]Initializing the repository
2026-10-08T17:14:39.0956451Z [command]/usr/bin/git init /home/runner/work/opendesk-browser/opendesk-browser
2026-10-08T17:14:39.1083940Z hint: Using 'master' as the name for the initial branch. This default branch name
2026-10-08T17:14:39.1085586Z hint: will change to "main" in Git 3.0. To configure the initial branch name
2026-10-08T17:14:39.1087395Z hint: to use in all of your new repositories, which will suppress this warning,
2026-10-08T17:14:39.1088589Z hint: call:
2026-10-08T17:14:39.1089275Z hint:
2026-10-08T17:14:39.1090169Z hint: 	git config --global init.defaultBranch <name>
2026-10-08T17:14:39.1091166Z hint:
2026-10-08T17:14:39.1092089Z hint: Names commonly chosen instead of 'master' are 'main', 'trunk' and
2026-10-08T17:14:39.1093871Z hint: 'development'. The just-created branch can be renamed via this command:
2026-10-08T17:14:39.1095179Z hint:
2026-10-08T17:14:39.1095838Z hint: 	git branch -m <name>
2026-10-08T17:14:39.1096579Z hint:
2026-10-08T17:14:39.1097569Z hint: Disable this message with "git config set advice.defaultBranchName false"
2026-10-08T17:14:39.1099416Z Initialized empty Git repository in /home/runner/work/opendesk-browser/opendesk-browser/.git/
2026-10-08T17:14:39.1102369Z [command]/usr/bin/git remote add origin https://github.com/shopable-ai/opendesk-browser
2026-10-08T17:14:39.1188294Z ##[endgroup]
2026-10-08T17:14:39.1189647Z ##[group]Disabling automatic garbage collection
2026-10-08T17:14:39.1192686Z [command]/usr/bin/git config --local gc.auto 0
2026-10-08T17:14:39.1226028Z ##[endgroup]
2026-10-08T17:14:39.1227253Z ##[group]Setting up auth
2026-10-08T17:14:39.1234787Z [command]/usr/bin/git config --local --name-only --get-regexp core\.sshCommand
2026-10-08T17:14:39.1275142Z [command]/usr/bin/git submodule foreach --recursive sh -c "git config --local --name-only --get-regexp 'core\.sshCommand' && git config --local --unset-all 'core.sshCommand' || :"
2026-10-08T17:14:39.1694417Z [command]/usr/bin/git config --local --name-only --get-regexp http\.https\:\/\/github\.com\/\.extraheader
2026-10-08T17:14:39.1732078Z [command]/usr/bin/git submodule foreach --recursive sh -c "git config --local --name-only --get-regexp 'http\.https\:\/\/github\.com\/\.extraheader' && git config --local --unset-all 'http.https://github.com/.extraheader' || :"
2026-10-08T17:14:39.1960522Z [command]/usr/bin/git config --local --name-only --get-regexp ^includeIf\.gitdir:
2026-10-08T17:14:39.1997655Z [command]/usr/bin/git submodule foreach --recursive git config --local --show-origin --name-only --get-regexp remote.origin.url
2026-10-08T17:14:39.2220718Z [command]/usr/bin/git config --local http.https://github.com/.extraheader AUTHORIZATION: basic ***
2026-10-08T17:14:39.2261559Z ##[endgroup]
2026-10-08T17:14:39.2262622Z ##[group]Fetching the repository
2026-10-08T17:14:39.2271527Z [command]/usr/bin/git -c protocol.version=2 fetch --no-tags --prune --no-recurse-submodules --depth=1 origin +75e4cde417bc885e7bf2117beca8ac66c56fabb7:refs/remotes/origin/agent/native-agent-bridge-r1-20261008
2026-10-08T17:14:41.9325541Z From https://github.com/shopable-ai/opendesk-browser
2026-10-08T17:14:41.9327343Z  * [new ref]         75e4cde417bc885e7bf2117beca8ac66c56fabb7 -> origin/agent/native-agent-bridge-r1-20261008
2026-10-08T17:14:41.9332832Z ##[endgroup]
2026-10-08T17:14:41.9334593Z ##[group]Determining the checkout info
2026-10-08T17:14:41.9335760Z ##[endgroup]
2026-10-08T17:14:41.9342855Z [command]/usr/bin/git sparse-checkout disable
2026-10-08T17:14:41.9406938Z [command]/usr/bin/git config --local --unset-all extensions.worktreeConfig
2026-10-08T17:14:41.9445181Z ##[group]Checking out the ref
2026-10-08T17:14:41.9452958Z [command]/usr/bin/git checkout --progress --force -B agent/native-agent-bridge-r1-20261008 refs/remotes/origin/agent/native-agent-bridge-r1-20261008
2026-10-08T17:14:42.9659008Z Updating files:  70% (9112/12923)
2026-10-08T17:14:42.9704578Z Updating files:  71% (9176/12923)
2026-10-08T17:14:42.9855727Z Updating files:  72% (9305/12923)
2026-10-08T17:14:42.9939081Z Updating files:  73% (9434/12923)
2026-10-08T17:14:42.9991391Z Updating files:  74% (9564/12923)
2026-10-08T17:14:43.0134778Z Updating files:  75% (9693/12923)
2026-10-08T17:14:43.0208442Z Updating files:  76% (9822/12923)
2026-10-08T17:14:43.0268162Z Updating files:  77% (9951/12923)
2026-10-08T17:14:43.0343914Z Updating files:  78% (10080/12923)
2026-10-08T17:14:43.0477129Z Updating files:  79% (10210/12923)
2026-10-08T17:14:43.0555769Z Updating files:  80% (10339/12923)
2026-10-08T17:14:43.0603444Z Updating files:  81% (10468/12923)
2026-10-08T17:14:43.0753854Z Updating files:  82% (10597/12923)
2026-10-08T17:14:43.0829676Z Updating files:  83% (10727/12923)
2026-10-08T17:14:43.0887315Z Updating files:  84% (10856/12923)
2026-10-08T17:14:43.1008255Z Updating files:  85% (10985/12923)
2026-10-08T17:14:43.1101359Z Updating files:  86% (11114/12923)
2026-10-08T17:14:43.1189114Z Updating files:  87% (11244/12923)
2026-10-08T17:14:43.1446864Z Updating files:  88% (11373/12923)
2026-10-08T17:14:43.1778899Z Updating files:  89% (11502/12923)
2026-10-08T17:14:43.1951952Z Updating files:  90% (11631/12923)
2026-10-08T17:14:43.2030129Z Updating files:  91% (11760/12923)
2026-10-08T17:14:43.2119645Z Updating files:  92% (11890/12923)
2026-10-08T17:14:43.2451934Z Updating files:  93% (12019/12923)
2026-10-08T17:14:43.3315235Z Updating files:  94% (12148/12923)
2026-10-08T17:14:43.3690685Z Updating files:  95% (12277/12923)
2026-10-08T17:14:43.4332409Z Updating files:  96% (12407/12923)
2026-10-08T17:14:43.4898570Z Updating files:  97% (12536/12923)
2026-10-08T17:14:43.5634846Z Updating files:  98% (12665/12923)
2026-10-08T17:14:43.6083487Z Updating files:  99% (12794/12923)
2026-10-08T17:14:43.6084719Z Updating files: 100% (12923/12923)
2026-10-08T17:14:43.6085693Z Updating files: 100% (12923/12923), done.
2026-10-08T17:14:43.6287914Z Switched to a new branch 'agent/native-agent-bridge-r1-20261008'
2026-10-08T17:14:43.6306248Z branch 'agent/native-agent-bridge-r1-20261008' set up to track 'origin/agent/native-agent-bridge-r1-20261008'.
2026-10-08T17:14:43.6393187Z ##[endgroup]
2026-10-08T17:14:43.6440019Z [command]/usr/bin/git log -1 --format=%H
2026-10-08T17:14:43.6465450Z 75e4cde417bc885e7bf2117beca8ac66c56fabb7
2026-10-08T17:14:43.6766650Z ##[group]Run actions/setup-node@v4
2026-10-08T17:14:43.6766958Z with:
2026-10-08T17:14:43.6767196Z   node-version: 22
2026-10-08T17:14:43.6767403Z   cache: npm
2026-10-08T17:14:43.6767596Z   always-auth: false
2026-10-08T17:14:43.6767814Z   check-latest: false
2026-10-08T17:14:43.6770747Z   token: ***
2026-10-08T17:14:43.6770959Z ##[endgroup]
2026-10-08T17:14:43.8440223Z Found in cache @ /opt/hostedtoolcache/node/22.23.3/x64
2026-10-08T17:14:43.8446538Z (node:2292) [DEP0040] DeprecationWarning: The `punycode` module is deprecated. Please use a userland alternative instead.
2026-10-08T17:14:43.8448298Z (Use `node --trace-deprecation ...` to show where the warning was created)
2026-10-08T17:14:43.8450122Z ##[group]Environment details
2026-10-08T17:14:44.8408665Z node: v22.23.3
2026-10-08T17:14:44.8409210Z npm: 10.9.9
2026-10-08T17:14:44.8409536Z yarn: 1.22.22
2026-10-08T17:14:44.8411322Z ##[endgroup]
2026-10-08T17:14:44.8454138Z [command]/opt/hostedtoolcache/node/22.23.3/x64/bin/npm config get cache
2026-10-08T17:14:44.9654411Z /home/runner/.npm
2026-10-08T17:14:45.2408218Z Cache hit for: node-cache-Linux-x64-npm-b8ba1b1e75b534e8b18fa308aa4c06e83b4d486ff426239c6fd9007055bc4cce
2026-10-08T17:14:45.2510382Z (node:2292) [DEP0169] DeprecationWarning: `url.parse()` behavior is not standardized and prone to errors that have security implications. Use the WHATWG URL API instead. CVEs are not issued for `url.parse()` vulnerabilities.
2026-10-08T17:14:46.5322585Z Received 4194304 of 15714701 (26.7%), 4.0 MBs/sec
2026-10-08T17:14:46.7834916Z Received 15714701 of 15714701 (100.0%), 12.0 MBs/sec
2026-10-08T17:14:46.7835524Z Cache Size: ~15 MB (15714701 B)
2026-10-08T17:14:46.7864407Z [command]/usr/bin/tar -xf /home/runner/work/_temp/574cf189-9551-4dfd-b137-1e73b3b618ea/cache.tzst -P -C /home/runner/work/opendesk-browser/opendesk-browser --use-compress-program unzstd
2026-10-08T17:14:46.8605497Z Cache restored successfully
2026-10-08T17:14:46.8616983Z Cache restored from key: node-cache-Linux-x64-npm-b8ba1b1e75b534e8b18fa308aa4c06e83b4d486ff426239c6fd9007055bc4cce
2026-10-08T17:14:46.8779954Z ##[group]Run npm ci --ignore-scripts --no-audit --no-fund
2026-10-08T17:14:46.8780686Z [36;1mnpm ci --ignore-scripts --no-audit --no-fund[0m
2026-10-08T17:14:46.9090346Z shell: /usr/bin/bash -e {0}
2026-10-08T17:14:46.9090695Z ##[endgroup]
2026-10-08T17:14:49.4489094Z 
2026-10-08T17:14:49.4498712Z added 240 packages in 2s
2026-10-08T17:14:49.5010145Z ##[group]Run node --test tests/environment/native-agent-wire.test.mjs tests/environment/native-agent-host.test.mjs tests/environment/native-agent-bridge.test.mjs tests/environment/native-agent-native-host.test.mjs tests/environment/native-agent-package.test.mjs tests/environment/compact-schema.test.mjs tests/environment/agent-to-task-fixtures.test.mjs
2026-10-08T17:14:49.5012825Z [36;1mnode --test tests/environment/native-agent-wire.test.mjs tests/environment/native-agent-host.test.mjs tests/environment/native-agent-bridge.test.mjs tests/environment/native-agent-native-host.test.mjs tests/environment/native-agent-package.test.mjs tests/environment/compact-schema.test.mjs tests/environment/agent-to-task-fixtures.test.mjs[0m
2026-10-08T17:14:49.5081016Z shell: /usr/bin/bash -e {0}
2026-10-08T17:14:49.5081280Z ##[endgroup]
2026-10-08T17:14:49.5724931Z TAP version 13
2026-10-08T17:14:49.6122880Z # Subtest: read-only Agent observation draft retains the main R6.2 bounded snapshot contract
2026-10-08T17:14:49.6125079Z ok 1 - read-only Agent observation draft retains the main R6.2 bounded snapshot contract
2026-10-08T17:14:49.6126208Z   ---
2026-10-08T17:14:49.6126911Z   duration_ms: 7.374414
2026-10-08T17:14:49.6127668Z   type: 'test'
2026-10-08T17:14:49.6128312Z   ...
2026-10-08T17:14:49.6206465Z # Subtest: modern Locator Task candidate is exact and immutable, never pre-verified
2026-10-08T17:14:49.6228160Z ok 2 - modern Locator Task candidate is exact and immutable, never pre-verified
2026-10-08T17:14:49.6229590Z   ---
2026-10-08T17:14:49.6230257Z   duration_ms: 9.867438
2026-10-08T17:14:49.6231036Z   type: 'test'
2026-10-08T17:14:49.6231636Z   ...
2026-10-08T17:14:49.7349607Z # Subtest: fixed production protocol Schema uses variable-width LZW and decodes byte-for-byte to the audited object
2026-10-08T17:14:49.7405085Z ok 3 - fixed production protocol Schema uses variable-width LZW and decodes byte-for-byte to the audited object
2026-10-08T17:14:49.7423981Z   ---
2026-10-08T17:14:49.7425629Z   duration_ms: 111.748267
2026-10-08T17:14:49.7447963Z   type: 'test'
2026-10-08T17:14:49.7455485Z   ...
2026-10-08T17:14:49.7456793Z # Subtest: small and non-ASCII schemas still round-trip through existing smaller-of-two-formats selection
2026-10-08T17:14:49.7458634Z ok 4 - small and non-ASCII schemas still round-trip through existing smaller-of-two-formats selection
2026-10-08T17:14:49.7459695Z   ---
2026-10-08T17:14:49.7460251Z   duration_ms: 1.124018
2026-10-08T17:14:49.7460900Z   type: 'test'
2026-10-08T17:14:49.7461450Z   ...
2026-10-08T17:14:49.7615151Z # Subtest: startup permission check cannot reconnect after permission-removed
2026-10-08T17:14:49.7642856Z ok 5 - startup permission check cannot reconnect after permission-removed
2026-10-08T17:14:49.7644045Z   ---
2026-10-08T17:14:49.7646928Z   duration_ms: 14.377376
2026-10-08T17:14:49.7647654Z   type: 'test'
2026-10-08T17:14:49.7648232Z   ...
2026-10-08T17:14:49.7649064Z # Subtest: startup permission check cannot reconnect after dispose
2026-10-08T17:14:49.7650177Z ok 6 - startup permission check cannot reconnect after dispose
2026-10-08T17:14:49.7650951Z   ---
2026-10-08T17:14:49.7651465Z   duration_ms: 1.364367
2026-10-08T17:14:49.7652019Z   type: 'test'
2026-10-08T17:14:49.7652510Z   ...
2026-10-08T17:14:49.7653498Z # Subtest: reserved mutation never dispatches across disable
2026-10-08T17:14:49.7654534Z ok 7 - reserved mutation never dispatches across disable
2026-10-08T17:14:49.7655293Z   ---
2026-10-08T17:14:49.7655842Z   duration_ms: 12.223026
2026-10-08T17:14:49.7656622Z   type: 'test'
2026-10-08T17:14:49.7657287Z   ...
2026-10-08T17:14:49.7658177Z # Subtest: reserved mutation never dispatches across permission-removed
2026-10-08T17:14:49.7659790Z ok 8 - reserved mutation never dispatches across permission-removed
2026-10-08T17:14:49.7660613Z   ---
2026-10-08T17:14:49.7661123Z   duration_ms: 8.698496
2026-10-08T17:14:49.7661678Z   type: 'test'
2026-10-08T17:14:49.7662179Z   ...
2026-10-08T17:14:49.7663638Z # Subtest: reserved mutation never dispatches across disconnect-reconnect
2026-10-08T17:14:49.7664967Z ok 9 - reserved mutation never dispatches across disconnect-reconnect
2026-10-08T17:14:49.7665794Z   ---
2026-10-08T17:14:49.7666297Z   duration_ms: 8.189697
2026-10-08T17:14:49.7666849Z   type: 'test'
2026-10-08T17:14:49.7667368Z   ...
2026-10-08T17:14:49.7668159Z # Subtest: reserved mutation never dispatches across disable-enable
2026-10-08T17:14:49.7669283Z ok 10 - reserved mutation never dispatches across disable-enable
2026-10-08T17:14:49.7670049Z   ---
2026-10-08T17:14:49.7670544Z   duration_ms: 5.721229
2026-10-08T17:14:49.7671090Z   type: 'test'
2026-10-08T17:14:49.7671587Z   ...
2026-10-08T17:14:49.7672346Z # Subtest: reserved mutation never dispatches across dispose
2026-10-08T17:14:49.7673642Z ok 11 - reserved mutation never dispatches across dispose
2026-10-08T17:14:49.7674459Z   ---
2026-10-08T17:14:49.7675084Z   duration_ms: 8.653392
2026-10-08T17:14:49.7675746Z   type: 'test'
2026-10-08T17:14:49.7676281Z   ...
2026-10-08T17:14:49.7677229Z # Subtest: Native permission is rechecked immediately before dispatch
2026-10-08T17:14:49.7678468Z ok 12 - Native permission is rechecked immediately before dispatch
2026-10-08T17:14:49.7679252Z   ---
2026-10-08T17:14:49.7679782Z   duration_ms: 6.607944
2026-10-08T17:14:49.7680335Z   type: 'test'
2026-10-08T17:14:49.7680866Z   ...
2026-10-08T17:14:49.7681979Z # Subtest: a late disconnect from an old Native port cannot cancel a new connection request
2026-10-08T17:14:49.7683731Z ok 13 - a late disconnect from an old Native port cannot cancel a new connection request
2026-10-08T17:14:49.7684811Z   ---
2026-10-08T17:14:49.7685383Z   duration_ms: 12.567618
2026-10-08T17:14:49.7685995Z   type: 'test'
2026-10-08T17:14:49.7686563Z   ...
2026-10-08T17:14:49.7687494Z # Subtest: a pending enable permission check cannot overwrite disable
2026-10-08T17:14:49.7688765Z ok 14 - a pending enable permission check cannot overwrite disable
2026-10-08T17:14:49.7689665Z   ---
2026-10-08T17:14:49.7690243Z   duration_ms: 3.646196
2026-10-08T17:14:49.7690892Z   type: 'test'
2026-10-08T17:14:49.7691448Z   ...
2026-10-08T17:14:49.7692503Z # Subtest: a pending enable permission check cannot overwrite permission-removed
2026-10-08T17:14:49.7694155Z ok 15 - a pending enable permission check cannot overwrite permission-removed
2026-10-08T17:14:49.7695237Z   ---
2026-10-08T17:14:49.7695866Z   duration_ms: 2.337683
2026-10-08T17:14:49.7696574Z   type: 'test'
2026-10-08T17:14:49.7697188Z   ...
2026-10-08T17:14:49.7698186Z # Subtest: a pending enable storage write cannot persist over a newer disable
2026-10-08T17:14:49.7699567Z ok 16 - a pending enable storage write cannot persist over a newer disable
2026-10-08T17:14:49.7700589Z   ---
2026-10-08T17:14:49.7701226Z   duration_ms: 2.720368
2026-10-08T17:14:49.7701904Z   type: 'test'
2026-10-08T17:14:49.7702509Z   ...
2026-10-08T17:14:49.7703926Z # Subtest: an old Host ACK cannot match a new connection read with the same external requestId
2026-10-08T17:14:49.7705541Z ok 17 - an old Host ACK cannot match a new connection read with the same external requestId
2026-10-08T17:14:49.7706542Z   ---
2026-10-08T17:14:49.7707131Z   duration_ms: 17.425706
2026-10-08T17:14:49.7707847Z   type: 'test'
2026-10-08T17:14:49.7708481Z   ...
2026-10-08T17:14:49.7709521Z # Subtest: enabled Native handshake sends version and correct extension identity
2026-10-08T17:14:49.7710957Z ok 18 - enabled Native handshake sends version and correct extension identity
2026-10-08T17:14:49.7712008Z   ---
2026-10-08T17:14:49.7712607Z   duration_ms: 3.850167
2026-10-08T17:14:49.7713568Z   type: 'test'
2026-10-08T17:14:49.7714318Z   ...
2026-10-08T17:14:49.7715515Z # Subtest: default-off requires a packaged Settings sender and real granted Native permission
2026-10-08T17:14:49.7717508Z ok 19 - default-off requires a packaged Settings sender and real granted Native permission
2026-10-08T17:14:49.7718611Z   ---
2026-10-08T17:14:49.7719240Z   duration_ms: 1.648647
2026-10-08T17:14:49.7719937Z   type: 'test'
2026-10-08T17:14:49.7720799Z   ...
2026-10-08T17:14:49.7722021Z # Subtest: request hash journal deduplicates after real Host admission; conflicting bytes fail
2026-10-08T17:14:49.7723951Z ok 20 - request hash journal deduplicates after real Host admission; conflicting bytes fail
2026-10-08T17:14:49.7725175Z   ---
2026-10-08T17:14:49.7725893Z   duration_ms: 21.871783
2026-10-08T17:14:49.7726598Z   type: 'test'
2026-10-08T17:14:49.7727210Z   ...
2026-10-08T17:14:49.7728323Z # Subtest: dispatched but unanswered calls are never retried, even if same id reappears
2026-10-08T17:14:49.7729870Z ok 21 - dispatched but unanswered calls are never retried, even if same id reappears
2026-10-08T17:14:49.7730946Z   ---
2026-10-08T17:14:49.7731565Z   duration_ms: 10.699443
2026-10-08T17:14:49.7732170Z   type: 'test'
2026-10-08T17:14:49.7732750Z   ...
2026-10-08T17:14:49.7734042Z # Subtest: no live registered Host means no run reservation or Worker execution
2026-10-08T17:14:49.7735539Z ok 22 - no live registered Host means no run reservation or Worker execution
2026-10-08T17:14:49.7736557Z   ---
2026-10-08T17:14:49.7737160Z   duration_ms: 1.239514
2026-10-08T17:14:49.7737876Z   type: 'test'
2026-10-08T17:14:49.7738517Z   ...
2026-10-08T17:14:49.7784782Z # Subtest: run.get and run.stop cannot inspect arbitrary Sidebar-owned Run records
2026-10-08T17:14:49.7786261Z ok 23 - run.get and run.stop cannot inspect arbitrary Sidebar-owned Run records
2026-10-08T17:14:49.7794247Z   ---
2026-10-08T17:14:49.7794677Z   duration_ms: 4.825808
2026-10-08T17:14:49.7795135Z   type: 'test'
2026-10-08T17:14:49.7795531Z   ...
2026-10-08T17:14:49.8015720Z # Subtest: ACK journal write failure after Host action remains OUTCOME_UNKNOWN and never replays
2026-10-08T17:14:49.8059461Z ok 24 - ACK journal write failure after Host action remains OUTCOME_UNKNOWN and never replays
2026-10-08T17:14:49.8084163Z   ---
2026-10-08T17:14:49.8112745Z   duration_ms: 18.925085
2026-10-08T17:14:49.8129086Z   type: 'test'
2026-10-08T17:14:49.8129849Z   ...
2026-10-08T17:14:49.8177247Z # Subtest: run.get and run.stop remain pinned to the original authenticated Host registration
2026-10-08T17:14:49.8182561Z ok 25 - run.get and run.stop remain pinned to the original authenticated Host registration
2026-10-08T17:14:49.8183856Z   ---
2026-10-08T17:14:49.8184484Z   duration_ms: 23.115847
2026-10-08T17:14:49.8185100Z   type: 'test'
2026-10-08T17:14:49.8185632Z   ...
2026-10-08T17:14:49.8415140Z # Subtest: current target is live Sidebar snapshot, not active tab chosen by CLI
2026-10-08T17:14:49.8416402Z ok 26 - current target is live Sidebar snapshot, not active tab chosen by CLI
2026-10-08T17:14:49.8433959Z   ---
2026-10-08T17:14:49.8474172Z   duration_ms: 3.601132
2026-10-08T17:14:49.8474975Z   type: 'test'
2026-10-08T17:14:49.8499575Z   ...
2026-10-08T17:14:49.8500670Z # Subtest: external draft uses exact RunHost with frozen borrowed target and controller requestId
2026-10-08T17:14:49.8502170Z ok 27 - external draft uses exact RunHost with frozen borrowed target and controller requestId
2026-10-08T17:14:49.8503109Z   ---
2026-10-08T17:14:49.8503835Z   duration_ms: 1.155968
2026-10-08T17:14:49.8504390Z   type: 'test'
2026-10-08T17:14:49.8504870Z   ...
2026-10-08T17:14:49.8517327Z # Subtest: Host ACK correlation preserves the external Controller admission requestId
2026-10-08T17:14:49.8518786Z ok 28 - Host ACK correlation preserves the external Controller admission requestId
2026-10-08T17:14:49.8536670Z   ---
2026-10-08T17:14:49.8537238Z   duration_ms: 0.823297
2026-10-08T17:14:49.8537700Z   type: 'test'
2026-10-08T17:14:49.8538038Z   ...
2026-10-08T17:14:49.8538514Z # Subtest: permissions and document id fail before admission (no Chrome prompt)
2026-10-08T17:14:49.8539178Z ok 29 - permissions and document id fail before admission (no Chrome prompt)
2026-10-08T17:14:49.8539877Z   ---
2026-10-08T17:14:49.8540093Z   duration_ms: 3.491968
2026-10-08T17:14:49.8540347Z   type: 'test'
2026-10-08T17:14:49.8540545Z   ...
2026-10-08T17:14:49.8540911Z # Subtest: saved requires pinned exact revision and source hash
2026-10-08T17:14:49.8541589Z ok 30 - saved requires pinned exact revision and source hash
2026-10-08T17:14:49.8542288Z   ---
2026-10-08T17:14:49.8542641Z   duration_ms: 1.186875
2026-10-08T17:14:49.8543036Z   type: 'test'
2026-10-08T17:14:49.8543728Z   ...
2026-10-08T17:14:49.8544597Z # Subtest: run.get removes unrelated Sidebar run history from Controller snapshot projection
2026-10-08T17:14:49.8545878Z ok 31 - run.get removes unrelated Sidebar run history from Controller snapshot projection
2026-10-08T17:14:49.8546643Z   ---
2026-10-08T17:14:49.8546986Z   duration_ms: 0.491097
2026-10-08T17:14:49.8547387Z   type: 'test'
2026-10-08T17:14:49.8547736Z   ...
2026-10-08T17:14:49.8548401Z # Subtest: identity is pinned; invalid origin cannot launch a server
2026-10-08T17:14:49.8549354Z ok 32 - identity is pinned; invalid origin cannot launch a server
2026-10-08T17:14:49.8549957Z   ---
2026-10-08T17:14:49.8550296Z   duration_ms: 1.912891
2026-10-08T17:14:49.8550684Z   type: 'test'
2026-10-08T17:14:49.8551023Z   ...
2026-10-08T17:14:49.8551812Z # Subtest: framed Chrome welcome, authenticated local IPC, request and exact response
2026-10-08T17:14:49.8552957Z ok 33 - framed Chrome welcome, authenticated local IPC, request and exact response
2026-10-08T17:14:49.8554931Z   ---
2026-10-08T17:14:49.8555170Z   duration_ms: 19.819213
2026-10-08T17:14:49.8555416Z   type: 'test'
2026-10-08T17:14:49.8555621Z   ...
2026-10-08T17:14:49.8556037Z # Subtest: duplicate inflight request ID is rejected, not dispatched again
2026-10-08T17:14:49.8556624Z ok 34 - duplicate inflight request ID is rejected, not dispatched again
2026-10-08T17:14:49.8556987Z   ---
2026-10-08T17:14:49.8557198Z   duration_ms: 18.762143
2026-10-08T17:14:49.8557439Z   type: 'test'
2026-10-08T17:14:49.8557637Z   ...
2026-10-08T17:14:49.8558055Z # Subtest: unacknowledged dispatched effects become unknown on native shutdown
2026-10-08T17:14:49.8558671Z ok 35 - unacknowledged dispatched effects become unknown on native shutdown
2026-10-08T17:14:49.8559049Z   ---
2026-10-08T17:14:49.8559255Z   duration_ms: 5.607868
2026-10-08T17:14:49.8559490Z   type: 'test'
2026-10-08T17:14:49.8559686Z   ...
2026-10-08T17:14:49.8560033Z # Subtest: wrong credential is rejected without local API access
2026-10-08T17:14:49.8560531Z ok 36 - wrong credential is rejected without local API access
2026-10-08T17:14:49.8560858Z   ---
2026-10-08T17:14:49.8561053Z   duration_ms: 4.40907
2026-10-08T17:14:49.8561687Z   type: 'test'
2026-10-08T17:14:49.8561888Z   ...
2026-10-08T17:14:49.9445221Z # Subtest: handshake timeout closes the private socket without stale reuse
2026-10-08T17:14:49.9446413Z ok 37 - handshake timeout closes the private socket without stale reuse
2026-10-08T17:14:49.9447276Z   ---
2026-10-08T17:14:49.9447667Z   duration_ms: 101.534389
2026-10-08T17:14:49.9448095Z   type: 'test'
2026-10-08T17:14:49.9448457Z   ...
2026-10-08T17:14:49.9876939Z # Subtest: native response timeout preserves unknown-effect outcome
2026-10-08T17:14:49.9878629Z ok 38 - native response timeout preserves unknown-effect outcome
2026-10-08T17:14:49.9879604Z   ---
2026-10-08T17:14:49.9880226Z   duration_ms: 43.160221
2026-10-08T17:14:49.9880934Z   type: 'test'
2026-10-08T17:14:49.9881570Z   ...
2026-10-08T17:14:49.9882563Z # Subtest: existing socket is never unlinked or replaced by a second host
2026-10-08T17:14:49.9884250Z ok 39 - existing socket is never unlinked or replaced by a second host
2026-10-08T17:14:49.9885251Z   ---
2026-10-08T17:14:49.9885889Z   duration_ms: 1.242089
2026-10-08T17:14:49.9886596Z   type: 'test'
2026-10-08T17:14:49.9887223Z   ...
2026-10-08T17:14:49.9940007Z # Subtest: Native remains optional after merging the current permission catalog
2026-10-08T17:14:49.9941455Z ok 40 - Native remains optional after merging the current permission catalog
2026-10-08T17:14:49.9942849Z   ---
2026-10-08T17:14:49.9943568Z   duration_ms: 11.565498
2026-10-08T17:14:49.9944052Z   type: 'test'
2026-10-08T17:14:49.9944492Z   ...
2026-10-08T17:14:49.9945614Z # Subtest: strict production SW budget and fixed packaged Native transport entry
2026-10-08T17:14:49.9946883Z ok 41 - strict production SW budget and fixed packaged Native transport entry
2026-10-08T17:14:49.9947659Z   ---
2026-10-08T17:14:49.9948035Z   duration_ms: 0.275084
2026-10-08T17:14:49.9948468Z   type: 'test'
2026-10-08T17:14:49.9948856Z   ...
2026-10-08T17:14:49.9949601Z # Subtest: single exact same-extension static import allowed in SW only
2026-10-08T17:14:49.9950870Z ok 42 - single exact same-extension static import allowed in SW only
2026-10-08T17:14:49.9951724Z   ---
2026-10-08T17:14:49.9952249Z   duration_ms: 9.364119
2026-10-08T17:14:49.9953949Z   type: 'test'
2026-10-08T17:14:49.9962321Z   ...
2026-10-08T17:14:49.9963739Z # Subtest: fixed transport registers listeners on the original SW APIs; default-off does not connect
2026-10-08T17:14:49.9965425Z ok 43 - fixed transport registers listeners on the original SW APIs; default-off does not connect
2026-10-08T17:14:49.9966452Z   ---
2026-10-08T17:14:49.9966996Z   duration_ms: 1.12468
2026-10-08T17:14:49.9967613Z   type: 'test'
2026-10-08T17:14:49.9968185Z   ...
2026-10-08T17:14:49.9969225Z # Subtest: native framing uses UTF-8 byte length and handles split multibyte boundaries
2026-10-08T17:14:49.9970641Z ok 44 - native framing uses UTF-8 byte length and handles split multibyte boundaries
2026-10-08T17:14:49.9978108Z   ---
2026-10-08T17:14:49.9978786Z   duration_ms: 1.82197
2026-10-08T17:14:49.9979519Z   type: 'test'
2026-10-08T17:14:49.9980167Z   ...
2026-10-08T17:14:49.9981276Z # Subtest: private CLI line framing has bounded buffer and independent messages
2026-10-08T17:14:49.9982873Z ok 45 - private CLI line framing has bounded buffer and independent messages
2026-10-08T17:14:49.9984110Z   ---
2026-10-08T17:14:49.9984744Z   duration_ms: 2.123053
2026-10-08T17:14:49.9985375Z   type: 'test'
2026-10-08T17:14:49.9985981Z   ...
2026-10-08T17:14:49.9986990Z # Subtest: reject unsupported transport operations and malformed browser requests
2026-10-08T17:14:49.9988474Z ok 46 - reject unsupported transport operations and malformed browser requests
2026-10-08T17:14:49.9989526Z   ---
2026-10-08T17:14:49.9989919Z   duration_ms: 0.449218
2026-10-08T17:14:49.9990367Z   type: 'test'
2026-10-08T17:14:49.9990740Z   ...
2026-10-08T17:14:49.9991542Z # Subtest: stable digest pins equivalent JSON key order and rejects prototype pollution
2026-10-08T17:14:49.9992914Z ok 47 - stable digest pins equivalent JSON key order and rejects prototype pollution
2026-10-08T17:14:49.9993874Z   ---
2026-10-08T17:14:49.9994230Z   duration_ms: 8.509784
2026-10-08T17:14:49.9994629Z   type: 'test'
2026-10-08T17:14:49.9994889Z   ...
2026-10-08T17:14:49.9995082Z 1..47
2026-10-08T17:14:49.9995270Z # tests 47
2026-10-08T17:14:49.9995472Z # suites 0
2026-10-08T17:14:49.9995671Z # pass 47
2026-10-08T17:14:49.9995855Z # fail 0
2026-10-08T17:14:49.9996047Z # cancelled 0
2026-10-08T17:14:49.9996250Z # skipped 0
2026-10-08T17:14:49.9996461Z # todo 0
2026-10-08T17:14:49.9996680Z # duration_ms 447.084951
2026-10-08T17:14:50.0068333Z ##[group]Run node --test tests/environment/script-editor.test.mjs tests/environment/sidebar-draft-runhost.test.mjs tests/environment/task-workbench.test.mjs tests/environment/sidebar-product-contract.test.mjs
2026-10-08T17:14:50.0071100Z [36;1mnode --test tests/environment/script-editor.test.mjs tests/environment/sidebar-draft-runhost.test.mjs tests/environment/task-workbench.test.mjs tests/environment/sidebar-product-contract.test.mjs[0m
2026-10-08T17:14:50.0157623Z shell: /usr/bin/bash -e {0}
2026-10-08T17:14:50.0158053Z ##[endgroup]
2026-10-08T17:14:50.0755775Z TAP version 13
2026-10-08T17:14:50.1785829Z # Subtest: importing a JS draft leaves saved versions and running source independent
2026-10-08T17:14:50.1792812Z ok 1 - importing a JS draft leaves saved versions and running source independent
2026-10-08T17:14:50.1794206Z   ---
2026-10-08T17:14:50.1794833Z   duration_ms: 22.643195
2026-10-08T17:14:50.1795510Z   type: 'test'
2026-10-08T17:14:50.1796063Z   ...
2026-10-08T17:14:50.1854828Z # Subtest: draft import rejects empty/oversized sources and active saves without overwriting the editor
2026-10-08T17:14:50.1855827Z ok 2 - draft import rejects empty/oversized sources and active saves without overwriting the editor
2026-10-08T17:14:50.1856314Z   ---
2026-10-08T17:14:50.1856536Z   duration_ms: 5.864785
2026-10-08T17:14:50.1876891Z   type: 'test'
2026-10-08T17:14:50.1877242Z   ...
2026-10-08T17:14:50.1916255Z # Subtest: catalog draft import updates dependency review from the new source without saving or running
2026-10-08T17:14:50.1923845Z ok 3 - catalog draft import updates dependency review from the new source without saving or running
2026-10-08T17:14:50.1924549Z   ---
2026-10-08T17:14:50.1925107Z   duration_ms: 7.315216
2026-10-08T17:14:50.1925606Z   type: 'test'
2026-10-08T17:14:50.1926008Z   ...
2026-10-08T17:14:50.1963231Z # Subtest: Save persists revision/hash without requesting permission, creating a Run, or executing code
2026-10-08T17:14:50.1969106Z ok 4 - Save persists revision/hash without requesting permission, creating a Run, or executing code
2026-10-08T17:14:50.1969915Z   ---
2026-10-08T17:14:50.1970537Z   duration_ms: 4.572836
2026-10-08T17:14:50.1971172Z   type: 'test'
2026-10-08T17:14:50.1971515Z   ...
2026-10-08T17:14:50.2028299Z # Subtest: reopened editor lists saved scripts without running and loads the selected latest head explicitly
2026-10-08T17:14:50.2029619Z ok 5 - reopened editor lists saved scripts without running and loads the selected latest head explicitly
2026-10-08T17:14:50.2030339Z   ---
2026-10-08T17:14:50.2030686Z   duration_ms: 5.737349
2026-10-08T17:14:50.2031050Z   type: 'test'
2026-10-08T17:14:50.2031382Z   ...
2026-10-08T17:14:50.2075540Z # Subtest: loading a historical revision does not turn it into the latest Save CAS head
2026-10-08T17:14:50.2080141Z ok 6 - loading a historical revision does not turn it into the latest Save CAS head
2026-10-08T17:14:50.2080775Z   ---
2026-10-08T17:14:50.2081122Z   duration_ms: 5.65775
2026-10-08T17:14:50.2081494Z   type: 'test'
2026-10-08T17:14:50.2081822Z   ...
2026-10-08T17:14:50.2134339Z # Subtest: Delete tombstones the latest head and refreshes the saved-script selector
2026-10-08T17:14:50.2135324Z ok 7 - Delete tombstones the latest head and refreshes the saved-script selector
2026-10-08T17:14:50.2135750Z   ---
2026-10-08T17:14:50.2135970Z   duration_ms: 5.320371
2026-10-08T17:14:50.2136220Z   type: 'test'
2026-10-08T17:14:50.2136429Z   ...
2026-10-08T17:14:50.2222736Z # Subtest: saved A stays immutable; Run freezes unsaved B/params/page A; editing C and Save do not replace B
2026-10-08T17:14:50.2224584Z ok 8 - saved A stays immutable; Run freezes unsaved B/params/page A; editing C and Save do not replace B
2026-10-08T17:14:50.2225442Z   ---
2026-10-08T17:14:50.2225819Z   duration_ms: 8.061167
2026-10-08T17:14:50.2226242Z   type: 'test'
2026-10-08T17:14:50.2226623Z   ...
2026-10-08T17:14:50.2268542Z # Subtest: a brand-new unsaved draft runs with an empty script ID and never creates a saved revision
2026-10-08T17:14:50.2269968Z ok 9 - a brand-new unsaved draft runs with an empty script ID and never creates a saved revision
2026-10-08T17:14:50.2270496Z   ---
2026-10-08T17:14:50.2270708Z   duration_ms: 5.206496
2026-10-08T17:14:50.2270954Z   type: 'test'
2026-10-08T17:14:50.2271157Z   ...
2026-10-08T17:14:50.2403168Z # Subtest: permission preparation rejects a switched page; closing the editor during permission never admits a run
2026-10-08T17:14:50.2405402Z ok 10 - permission preparation rejects a switched page; closing the editor during permission never admits a run
2026-10-08T17:14:50.2406540Z   ---
2026-10-08T17:14:50.2407064Z   duration_ms: 13.704821
2026-10-08T17:14:50.2407680Z   type: 'test'
2026-10-08T17:14:50.2408230Z   ...
2026-10-08T17:14:50.2498983Z # Subtest: Stop uses the formal RunHost abort/retirement path and persists stopped with the original pin
2026-10-08T17:14:50.2501686Z ok 11 - Stop uses the formal RunHost abort/retirement path and persists stopped with the original pin
2026-10-08T17:14:50.2502965Z   ---
2026-10-08T17:14:50.2503806Z   duration_ms: 9.049724
2026-10-08T17:14:50.2504477Z   type: 'test'
2026-10-08T17:14:50.2505085Z   ...
2026-10-08T17:14:50.2598292Z # Subtest: pagehide invokes RunHost host-close; reopened editor only reads the durable interrupted Result
2026-10-08T17:14:50.2605744Z ok 12 - pagehide invokes RunHost host-close; reopened editor only reads the durable interrupted Result
2026-10-08T17:14:50.2606973Z   ---
2026-10-08T17:14:50.2607588Z   duration_ms: 6.279702
2026-10-08T17:14:50.2608272Z   type: 'test'
2026-10-08T17:14:50.2608900Z   ...
2026-10-08T17:14:50.2629143Z # Subtest: late Save/Load replies do not overwrite another script selection or edits made during loading
2026-10-08T17:14:50.2634574Z ok 13 - late Save/Load replies do not overwrite another script selection or edits made during loading
2026-10-08T17:14:50.2636442Z   ---
2026-10-08T17:14:50.2636963Z   duration_ms: 7.32896
2026-10-08T17:14:50.2637449Z   type: 'test'
2026-10-08T17:14:50.2638547Z   ...
2026-10-08T17:14:50.2677760Z # Subtest: late saved-script selector load cannot overwrite edits made during loading
2026-10-08T17:14:50.2678954Z ok 14 - late saved-script selector load cannot overwrite edits made during loading
2026-10-08T17:14:50.2679544Z   ---
2026-10-08T17:14:50.2679885Z   duration_ms: 4.561284
2026-10-08T17:14:50.2680248Z   type: 'test'
2026-10-08T17:14:50.2680584Z   ...
2026-10-08T17:14:50.2784509Z # Subtest: an older snapshot reply cannot disable Run after a newer durable observation
2026-10-08T17:14:50.2785944Z ok 15 - an older snapshot reply cannot disable Run after a newer durable observation
2026-10-08T17:14:50.2786862Z   ---
2026-10-08T17:14:50.2787270Z   duration_ms: 9.181227
2026-10-08T17:14:50.2787783Z   type: 'test'
2026-10-08T17:14:50.2788203Z   ...
2026-10-08T17:14:50.2861084Z # Subtest: an older snapshot error cannot overwrite a newer successful durable view
2026-10-08T17:14:50.2862342Z ok 16 - an older snapshot error cannot overwrite a newer successful durable view
2026-10-08T17:14:50.2863093Z   ---
2026-10-08T17:14:50.2863755Z   duration_ms: 8.586597
2026-10-08T17:14:50.2864157Z   type: 'test'
2026-10-08T17:14:50.2864530Z   ...
2026-10-08T17:14:50.2923605Z # Subtest: the permission request remains synchronous in the click fixture; denied permission and invalid params execute nothing
2026-10-08T17:14:50.2924968Z ok 17 - the permission request remains synchronous in the click fixture; denied permission and invalid params execute nothing
2026-10-08T17:14:50.2925544Z   ---
2026-10-08T17:14:50.2925756Z   duration_ms: 6.548753
2026-10-08T17:14:50.2925990Z   type: 'test'
2026-10-08T17:14:50.2926197Z   ...
2026-10-08T17:14:50.2985147Z # Subtest: DOM preview binds frozen source, dependency choice and exact current document from trusted click
2026-10-08T17:14:50.3015174Z ok 18 - DOM preview binds frozen source, dependency choice and exact current document from trusted click
2026-10-08T17:14:50.3016292Z   ---
2026-10-08T17:14:50.3016674Z   duration_ms: 6.520962
2026-10-08T17:14:50.3017510Z   type: 'test'
2026-10-08T17:14:50.3017894Z   ...
2026-10-08T17:14:50.3051730Z # Subtest: DOM preview refuses to inject when the active document changes while permission is pending
2026-10-08T17:14:50.3053536Z ok 19 - DOM preview refuses to inject when the active document changes while permission is pending
2026-10-08T17:14:50.3054809Z   ---
2026-10-08T17:14:50.3055048Z   duration_ms: 6.784742
2026-10-08T17:14:50.3055297Z   type: 'test'
2026-10-08T17:14:50.3055509Z   ...
2026-10-08T17:14:50.3117700Z # Subtest: Developer Stop cannot cancel the formal Task or another view using the shared RunHost
2026-10-08T17:14:50.3119331Z ok 20 - Developer Stop cannot cancel the formal Task or another view using the shared RunHost
2026-10-08T17:14:50.3120296Z   ---
2026-10-08T17:14:50.3120818Z   duration_ms: 5.90388
2026-10-08T17:14:50.3121092Z   type: 'test'
2026-10-08T17:14:50.3124160Z   ...
2026-10-08T17:14:50.3219818Z # Subtest: project import displays source while Save and Run freeze compiled bytes and the original hash
2026-10-08T17:14:50.3221470Z ok 21 - project import displays source while Save and Run freeze compiled bytes and the original hash
2026-10-08T17:14:50.3222307Z   ---
2026-10-08T17:14:50.3222539Z   duration_ms: 10.612198
2026-10-08T17:14:50.3222792Z   type: 'test'
2026-10-08T17:14:50.3222999Z   ...
2026-10-08T17:14:50.3250759Z # Subtest: invalid project envelope leaves the previous editor source and no execution or saved revision
2026-10-08T17:14:50.3251955Z ok 22 - invalid project envelope leaves the previous editor source and no execution or saved revision
2026-10-08T17:14:50.3252454Z   ---
2026-10-08T17:14:50.3252712Z   duration_ms: 3.123961
2026-10-08T17:14:50.3252963Z   type: 'test'
2026-10-08T17:14:50.3253171Z   ...
2026-10-08T17:14:50.6095096Z # Subtest: RunHost freezes a draft source variant and parameters before awaiting the host connection
2026-10-08T17:14:50.6109001Z ok 23 - RunHost freezes a draft source variant and parameters before awaiting the host connection
2026-10-08T17:14:50.6124704Z   ---
2026-10-08T17:14:50.6125155Z   duration_ms: 3.292155
2026-10-08T17:14:50.6125590Z   type: 'test'
2026-10-08T17:14:50.6125925Z   ...
2026-10-08T17:14:50.6126477Z # Subtest: saved script API retains explicit scriptId/revision/contentHash admission
2026-10-08T17:14:50.6127715Z ok 24 - saved script API retains explicit scriptId/revision/contentHash admission
2026-10-08T17:14:50.6128252Z   ---
2026-10-08T17:14:50.6128465Z   duration_ms: 0.428771
2026-10-08T17:14:50.6128699Z   type: 'test'
2026-10-08T17:14:50.6128903Z   ...
2026-10-08T17:14:50.6129283Z # Subtest: manifest exposes tool.html as a global Chrome Side Panel
2026-10-08T17:14:50.6129819Z ok 25 - manifest exposes tool.html as a global Chrome Side Panel
2026-10-08T17:14:50.6130164Z   ---
2026-10-08T17:14:50.6130378Z   duration_ms: 11.522177
2026-10-08T17:14:50.6130611Z   type: 'test'
2026-10-08T17:14:50.6130806Z   ...
2026-10-08T17:14:50.6131122Z # Subtest: product shell has no popup-window fallback
2026-10-08T17:14:50.6131548Z ok 26 - product shell has no popup-window fallback
2026-10-08T17:14:50.6131847Z   ---
2026-10-08T17:14:50.6132052Z   duration_ms: 4.364938
2026-10-08T17:14:50.6132278Z   type: 'test'
2026-10-08T17:14:50.6132475Z   ...
2026-10-08T17:14:50.6132906Z # Subtest: default Run freezes Current Page then revalidates before existing RunHost
2026-10-08T17:14:50.6133831Z ok 27 - default Run freezes Current Page then revalidates before existing RunHost
2026-10-08T17:14:50.6134228Z   ---
2026-10-08T17:14:50.6134420Z   duration_ms: 6.033271
2026-10-08T17:14:50.6134650Z   type: 'test'
2026-10-08T17:14:50.6134843Z   ...
2026-10-08T17:14:50.6135354Z # Subtest: trusted Side Panel run sends the exact unsaved draft to the original Controller authority
2026-10-08T17:14:50.6136119Z ok 28 - trusted Side Panel run sends the exact unsaved draft to the original Controller authority
2026-10-08T17:14:50.6136570Z   ---
2026-10-08T17:14:50.6136762Z   duration_ms: 3.076211
2026-10-08T17:14:50.6136987Z   type: 'test'
2026-10-08T17:14:50.6137178Z   ...
2026-10-08T17:14:50.6137821Z # Subtest: R6 uses valid tab roles with labelled content panels
2026-10-08T17:14:50.6138323Z ok 29 - R6 uses valid tab roles with labelled content panels
2026-10-08T17:14:50.6138642Z   ---
2026-10-08T17:14:50.6138833Z   duration_ms: 1.562096
2026-10-08T17:14:50.6139052Z   type: 'test'
2026-10-08T17:14:50.6139248Z   ...
2026-10-08T17:14:50.6139702Z # Subtest: R4 Sidebar sections preserve consumer controls and keep engineering tools folded
2026-10-08T17:14:50.6140389Z ok 30 - R4 Sidebar sections preserve consumer controls and keep engineering tools folded
2026-10-08T17:14:50.6140812Z   ---
2026-10-08T17:14:50.6141004Z   duration_ms: 4.177969
2026-10-08T17:14:50.6141222Z   type: 'test'
2026-10-08T17:14:50.6141424Z   ...
2026-10-08T17:14:50.6142031Z # Subtest: Sidebar starts at its three tabs without repeating Chrome extension identity
2026-10-08T17:14:50.6142689Z ok 31 - Sidebar starts at its three tabs without repeating Chrome extension identity
2026-10-08T17:14:50.6143097Z   ---
2026-10-08T17:14:50.6143784Z   duration_ms: 2.239671
2026-10-08T17:14:50.6144255Z   type: 'test'
2026-10-08T17:14:50.6144612Z   ...
2026-10-08T17:14:50.7440698Z # Subtest: entering Sidebar task views reads external installations without executing and preserves unchanged form inputs
2026-10-08T17:14:50.7442995Z ok 32 - entering Sidebar task views reads external installations without executing and preserves unchanged form inputs
2026-10-08T17:14:50.7444715Z   ---
2026-10-08T17:14:50.7445212Z   duration_ms: 28.370045
2026-10-08T17:14:50.7445737Z   type: 'test'
2026-10-08T17:14:50.7446192Z   ...
2026-10-08T17:14:50.7456238Z # Subtest: installed tasks default page, render schema form and freeze the exact saved version/params/target
2026-10-08T17:14:50.7457966Z ok 33 - installed tasks default page, render schema form and freeze the exact saved version/params/target
2026-10-08T17:14:50.7459094Z   ---
2026-10-08T17:14:50.7459599Z   duration_ms: 21.887685
2026-10-08T17:14:50.7460187Z   type: 'test'
2026-10-08T17:14:50.7460703Z   ...
2026-10-08T17:14:50.7461769Z # Subtest: installed task can be explicitly forked into an independent unsaved editor draft
2026-10-08T17:14:50.7463578Z ok 34 - installed task can be explicitly forked into an independent unsaved editor draft
2026-10-08T17:14:50.7464436Z   ---
2026-10-08T17:14:50.7464857Z   duration_ms: 7.351923
2026-10-08T17:14:50.7465295Z   type: 'test'
2026-10-08T17:14:50.7465675Z   ...
2026-10-08T17:14:50.7487849Z # Subtest: task Stop cannot cancel another view's in-flight draft; parameter form never navigates
2026-10-08T17:14:50.7501811Z ok 35 - task Stop cannot cancel another view's in-flight draft; parameter form never navigates
2026-10-08T17:14:50.7513882Z   ---
2026-10-08T17:14:50.7514246Z   duration_ms: 10.777807
2026-10-08T17:14:50.7514731Z   type: 'test'
2026-10-08T17:14:50.7515111Z   ...
2026-10-08T17:14:50.7515881Z # Subtest: installed task refuses stale target after async installed-version lookup
2026-10-08T17:14:50.7516979Z ok 36 - installed task refuses stale target after async installed-version lookup
2026-10-08T17:14:50.7517395Z   ---
2026-10-08T17:14:50.7517607Z   duration_ms: 9.124973
2026-10-08T17:14:50.7517833Z   type: 'test'
2026-10-08T17:14:50.7518035Z   ...
2026-10-08T17:14:50.7518506Z # Subtest: task cards retain readable selection and do not surface raw IDs as the main UI
2026-10-08T17:14:50.7519193Z ok 37 - task cards retain readable selection and do not surface raw IDs as the main UI
2026-10-08T17:14:50.7519605Z   ---
2026-10-08T17:14:50.7519817Z   duration_ms: 3.662607
2026-10-08T17:14:50.7520045Z   type: 'test'
2026-10-08T17:14:50.7520243Z   ...
2026-10-08T17:14:50.7520807Z # Subtest: Sidebar Discover searches installed tasks only and selects a task without running or opening the catalog
2026-10-08T17:14:50.7521692Z ok 38 - Sidebar Discover searches installed tasks only and selects a task without running or opening the catalog
2026-10-08T17:14:50.7522193Z   ---
2026-10-08T17:14:50.7522381Z   duration_ms: 8.328305
2026-10-08T17:14:50.7522608Z   type: 'test'
2026-10-08T17:14:50.7523211Z   ...
2026-10-08T17:14:50.7524300Z # Subtest: Discover filter controls are real view filters and cannot start another run
2026-10-08T17:14:50.7525556Z ok 39 - Discover filter controls are real view filters and cannot start another run
2026-10-08T17:14:50.7526334Z   ---
2026-10-08T17:14:50.7526699Z   duration_ms: 11.487785
2026-10-08T17:14:50.7527125Z   type: 'test'
2026-10-08T17:14:50.7527483Z   ...
2026-10-08T17:14:50.7528350Z # Subtest: opening the separate full-size catalog preserves its import and management view
2026-10-08T17:14:50.7529644Z ok 40 - opening the separate full-size catalog preserves its import and management view
2026-10-08T17:14:50.7530429Z   ---
2026-10-08T17:14:50.7530780Z   duration_ms: 2.9897
2026-10-08T17:14:50.7531445Z   type: 'test'
2026-10-08T17:14:50.7531803Z   ...
2026-10-08T17:14:50.7532828Z # Subtest: full-size catalog keeps its own reader after real install and re-reads the single Task Catalog state
2026-10-08T17:14:50.7534640Z ok 41 - full-size catalog keeps its own reader after real install and re-reads the single Task Catalog state
2026-10-08T17:14:50.7535549Z   ---
2026-10-08T17:14:50.7535917Z   duration_ms: 6.533375
2026-10-08T17:14:50.7536341Z   type: 'test'
2026-10-08T17:14:50.7536702Z   ...
2026-10-08T17:14:50.7537637Z # Subtest: idle Discover has no fixed footer and inline import still opens the authenticated catalog
2026-10-08T17:14:50.7539068Z ok 42 - idle Discover has no fixed footer and inline import still opens the authenticated catalog
2026-10-08T17:14:50.7539890Z   ---
2026-10-08T17:14:50.7540246Z   duration_ms: 15.219418
2026-10-08T17:14:50.7540672Z   type: 'test'
2026-10-08T17:14:50.7541039Z   ...
2026-10-08T17:14:50.7541707Z # Subtest: R5 result/history stay out of sight until a task has runs
2026-10-08T17:14:50.7542634Z ok 43 - R5 result/history stay out of sight until a task has runs
2026-10-08T17:14:50.7543217Z   ---
2026-10-08T17:14:50.7543866Z   duration_ms: 7.468631
2026-10-08T17:14:50.7544288Z   type: 'test'
2026-10-08T17:14:50.7544642Z   ...
2026-10-08T17:14:50.7545608Z # Subtest: card view retains original action identities, history and parameter form across tab changes
2026-10-08T17:14:50.7547037Z ok 44 - card view retains original action identities, history and parameter form across tab changes
2026-10-08T17:14:50.7547912Z   ---
2026-10-08T17:14:50.7548291Z   duration_ms: 10.502053
2026-10-08T17:14:50.7548690Z   type: 'test'
2026-10-08T17:14:50.7549054Z   ...
2026-10-08T17:14:50.7550035Z # Subtest: switching between two installed tasks preserves each independent unsaved parameter input
2026-10-08T17:14:50.7551510Z ok 45 - switching between two installed tasks preserves each independent unsaved parameter input
2026-10-08T17:14:50.7552370Z   ---
2026-10-08T17:14:50.7552759Z   duration_ms: 3.692272
2026-10-08T17:14:50.7553205Z   type: 'test'
2026-10-08T17:14:50.7553878Z   ...
2026-10-08T17:14:50.7554555Z # Subtest: R6 accessible roving tabs support Arrow and Home/End
2026-10-08T17:14:50.7555499Z ok 46 - R6 accessible roving tabs support Arrow and Home/End
2026-10-08T17:14:50.7556134Z   ---
2026-10-08T17:14:50.7556554Z   duration_ms: 3.890732
2026-10-08T17:14:50.7556929Z   type: 'test'
2026-10-08T17:14:50.7557225Z   ...
2026-10-08T17:14:50.7557670Z # Subtest: R6 task card refresh, keyboard selection and Discover handoff restore focus
2026-10-08T17:14:50.7558351Z ok 47 - R6 task card refresh, keyboard selection and Discover handoff restore focus
2026-10-08T17:14:50.7558744Z   ---
2026-10-08T17:14:50.7558959Z   duration_ms: 6.562208
2026-10-08T17:14:50.7559186Z   type: 'test'
2026-10-08T17:14:50.7559379Z   ...
2026-10-08T17:14:50.7559786Z # Subtest: R6 late run start/result cannot become the newly selected task status
2026-10-08T17:14:50.7560377Z ok 48 - R6 late run start/result cannot become the newly selected task status
2026-10-08T17:14:50.7560761Z   ---
2026-10-08T17:14:50.7560965Z   duration_ms: 11.108605
2026-10-08T17:14:50.7561195Z   type: 'test'
2026-10-08T17:14:50.7561384Z   ...
2026-10-08T17:14:50.7562009Z # Subtest: R6 previous-version notices and results do not leak after installed upgrade
2026-10-08T17:14:50.7562675Z ok 49 - R6 previous-version notices and results do not leak after installed upgrade
2026-10-08T17:14:50.7563078Z   ---
2026-10-08T17:14:50.7563580Z   duration_ms: 11.857963
2026-10-08T17:14:50.7563824Z   type: 'test'
2026-10-08T17:14:50.7564016Z   ...
2026-10-08T17:14:50.7564522Z # Subtest: two extension documents share only a refresh hint and re-read authoritative installed state
2026-10-08T17:14:50.7565322Z ok 50 - two extension documents share only a refresh hint and re-read authoritative installed state
2026-10-08T17:14:50.7565786Z   ---
2026-10-08T17:14:50.7565979Z   duration_ms: 368.912787
2026-10-08T17:14:50.7566216Z   type: 'test'
2026-10-08T17:14:50.7566476Z   ...
2026-10-08T17:14:50.7567742Z # Subtest: catalog installation stays in the complete directory and directs running back to Sidebar
2026-10-08T17:14:50.7569177Z ok 51 - catalog installation stays in the complete directory and directs running back to Sidebar
2026-10-08T17:14:50.7570044Z   ---
2026-10-08T17:14:50.7570427Z   duration_ms: 12.764656
2026-10-08T17:14:50.7570882Z   type: 'test'
2026-10-08T17:14:50.7571175Z   ...
2026-10-08T17:14:50.7865158Z # Subtest: catalog JS import hands source to Sidebar and never enters a view with a hidden runner
2026-10-08T17:14:50.7894506Z ok 52 - catalog JS import hands source to Sidebar and never enters a view with a hidden runner
2026-10-08T17:14:50.7904277Z   ---
2026-10-08T17:14:50.7910923Z   duration_ms: 5.059474
2026-10-08T17:14:50.7935423Z   type: 'test'
2026-10-08T17:14:50.7936254Z   ...
2026-10-08T17:14:50.7938067Z # Subtest: missing Sidebar refuses import with an actionable message, without losing the directory
2026-10-08T17:14:50.7939631Z ok 53 - missing Sidebar refuses import with an actionable message, without losing the directory
2026-10-08T17:14:50.7940529Z   ---
2026-10-08T17:14:50.7940888Z   duration_ms: 31.301838
2026-10-08T17:14:50.7941310Z   type: 'test'
2026-10-08T17:14:50.7941662Z   ...
2026-10-08T17:14:50.7989996Z # Subtest: catalog draft transport errors retain their cause instead of claiming Sidebar is missing
2026-10-08T17:14:50.7991700Z ok 54 - catalog draft transport errors retain their cause instead of claiming Sidebar is missing
2026-10-08T17:14:50.7992381Z   ---
2026-10-08T17:14:50.7992623Z   duration_ms: 6.859646
2026-10-08T17:14:50.7992869Z   type: 'test'
2026-10-08T17:14:50.7993135Z   ...
2026-10-08T17:14:50.8014821Z # Subtest: receiving a source-only import selects Sidebar Developer without creating a run
2026-10-08T17:14:50.8016218Z ok 55 - receiving a source-only import selects Sidebar Developer without creating a run
2026-10-08T17:14:50.8017514Z   ---
2026-10-08T17:14:50.8017753Z   duration_ms: 2.392565
2026-10-08T17:14:50.8018006Z   type: 'test'
2026-10-08T17:14:50.8018230Z   ...
2026-10-08T17:14:50.8179341Z # Subtest: R6.1 task-owned Stop is the sole cross-view action and names the launching task
2026-10-08T17:14:50.8180863Z ok 56 - R6.1 task-owned Stop is the sole cross-view action and names the launching task
2026-10-08T17:14:50.8181840Z   ---
2026-10-08T17:14:50.8182316Z   duration_ms: 16.369865
2026-10-08T17:14:50.8182886Z   type: 'test'
2026-10-08T17:14:50.8183752Z   ...
2026-10-08T17:14:50.8199083Z # Subtest: R6.1 a draft-owned run exposes only its Stop when viewing Tasks or Discover
2026-10-08T17:14:50.8200985Z ok 57 - R6.1 a draft-owned run exposes only its Stop when viewing Tasks or Discover
2026-10-08T17:14:50.8201683Z   ---
2026-10-08T17:14:50.8211756Z   duration_ms: 2.405701
2026-10-08T17:14:50.8212210Z   type: 'test'
2026-10-08T17:14:50.8212562Z   ...
2026-10-08T17:14:50.8240408Z # Subtest: R6.1 stop-only footer CSS hides all non-owner actions without hiding Stop
2026-10-08T17:14:50.8242463Z ok 58 - R6.1 stop-only footer CSS hides all non-owner actions without hiding Stop
2026-10-08T17:14:50.8243759Z   ---
2026-10-08T17:14:50.8244161Z   duration_ms: 4.133636
2026-10-08T17:14:50.8244620Z   type: 'test'
2026-10-08T17:14:50.8245018Z   ...
2026-10-08T17:14:50.8453872Z 1..58
2026-10-08T17:14:50.8454859Z # tests 58
2026-10-08T17:14:50.8455548Z # suites 0
2026-10-08T17:14:50.8456470Z # pass 58
2026-10-08T17:14:50.8457250Z # fail 0
2026-10-08T17:14:50.8458008Z # cancelled 0
2026-10-08T17:14:50.8458730Z # skipped 0
2026-10-08T17:14:50.8479004Z # todo 0
2026-10-08T17:14:50.8479649Z # duration_ms 792.154086
2026-10-08T17:14:50.8953886Z ##[group]Run npm run check
2026-10-08T17:14:50.8954498Z [36;1mnpm run check[0m
2026-10-08T17:14:50.9030528Z shell: /usr/bin/bash -e {0}
2026-10-08T17:14:50.9030795Z ##[endgroup]
2026-10-08T17:14:51.1192351Z 
2026-10-08T17:14:51.1192942Z > opendesk-browser@0.1.0 check
2026-10-08T17:14:51.1193838Z > node scripts/check-source.mjs
2026-10-08T17:14:51.1194046Z 
2026-10-08T17:14:54.8285462Z Syntax checked 157 source/test/build files; scripts/build-contract.mjs entries, fixed SDK/control entries, strict CSP and original MIT checked
2026-10-08T17:14:54.8440078Z ##[group]Run npm run build
2026-10-08T17:14:54.8440374Z [36;1mnpm run build[0m
2026-10-08T17:14:54.8503830Z shell: /usr/bin/bash -e {0}
2026-10-08T17:14:54.8504115Z ##[endgroup]
2026-10-08T17:14:54.9484633Z 
2026-10-08T17:14:54.9485189Z > opendesk-browser@0.1.0 build
2026-10-08T17:14:54.9485719Z > node scripts/build.mjs production
2026-10-08T17:14:54.9486012Z 
2026-10-08T17:14:55.4119979Z [log] 
2026-10-08T17:14:55.4120892Z WXT 0.21.4
2026-10-08T17:14:55.5460922Z [info] Generating types...
2026-10-08T17:14:55.6909318Z [success] Finished in 279 ms
2026-10-08T17:14:56.1244589Z [log] 
2026-10-08T17:14:56.1245033Z WXT 0.21.4
2026-10-08T17:14:56.2397926Z [info] Building chrome-mv3 for production with Vite 7.3.6
2026-10-08T17:14:56.3809301Z [?25l
2026-10-08T17:14:56.3876767Z ⠋ Preparing...[K
2026-10-08T17:14:56.4727439Z ⠋ [1/13] sw[K
2026-10-08T17:14:56.6324770Z ⠙ [1/13] sw[K
2026-10-08T17:14:56.7829577Z ⠹ [1/13] sw[K
2026-10-08T17:14:56.8761157Z ⠸ [1/13] sw[K
2026-10-08T17:14:57.4576874Z ⠼ [1/13] sw[K
2026-10-08T17:14:57.5379332Z ⠴ [1/13] sw[K
2026-10-08T17:14:57.6195113Z ⠦ [1/13] sw[K
2026-10-08T17:14:57.6983657Z ⠧ [1/13] sw[K
2026-10-08T17:14:57.7778618Z ⠇ [1/13] sw[K
2026-10-08T17:14:57.8581161Z ⠏ [1/13] sw[K
2026-10-08T17:14:57.9384165Z ⠋ [1/13] sw[K
2026-10-08T17:14:58.0195213Z ⠙ [1/13] sw[K
2026-10-08T17:14:58.1005184Z ⠹ [1/13] sw[K
2026-10-08T17:14:58.1799680Z ⠸ [1/13] sw[K
2026-10-08T17:14:58.2588506Z ⠼ [1/13] sw[K
2026-10-08T17:14:58.3394733Z ⠴ [1/13] sw[K
2026-10-08T17:14:58.4214995Z ⠦ [1/13] sw[K
2026-10-08T17:14:58.4987955Z ⠧ [1/13] sw[K
2026-10-08T17:14:58.5792206Z ⠇ [1/13] sw[K
2026-10-08T17:14:58.6595001Z ⠏ [1/13] sw[K
2026-10-08T17:14:58.7396436Z ⠋ [1/13] sw[K
2026-10-08T17:14:58.8199312Z ⠙ [1/13] sw[K
2026-10-08T17:14:58.9001413Z ⠹ [1/13] sw[K
2026-10-08T17:14:58.9805639Z ⠸ [1/13] sw[K
2026-10-08T17:14:59.0597715Z ⠼ [1/13] sw[K
2026-10-08T17:14:59.1484671Z ⠴ [1/13] sw[K
2026-10-08T17:14:59.2267116Z ⠦ [1/13] sw[K
2026-10-08T17:14:59.3069167Z ⠧ [1/13] sw[K
2026-10-08T17:14:59.3871566Z ⠇ [1/13] sw[K
2026-10-08T17:14:59.4672183Z ⠏ [1/13] sw[K
2026-10-08T17:14:59.5475296Z ⠋ [1/13] sw[K
2026-10-08T17:14:59.6277059Z ⠙ [1/13] sw[K
2026-10-08T17:14:59.7080393Z ⠹ [1/13] sw[K
2026-10-08T17:14:59.7882881Z ⠸ [1/13] sw[K
2026-10-08T17:14:59.8704581Z ⠼ [1/13] sw[K
2026-10-08T17:14:59.9524768Z ⠴ [1/13] sw[K
2026-10-08T17:15:00.0297000Z ⠦ [1/13] sw[K
2026-10-08T17:15:00.1099404Z ⠧ [1/13] sw[K
2026-10-08T17:15:00.1902214Z ⠇ [1/13] sw[K
2026-10-08T17:15:00.2705241Z ⠏ [1/13] sw[K
2026-10-08T17:15:00.3498507Z ⠋ [1/13] sw[K
2026-10-08T17:15:00.4301122Z ⠙ [1/13] sw[K
2026-10-08T17:15:00.5105516Z ⠹ [1/13] sw[K
2026-10-08T17:15:00.5898460Z ⠸ [1/13] sw[K
2026-10-08T17:15:00.6700537Z ⠼ [1/13] sw[K
2026-10-08T17:15:00.7502768Z ⠴ [1/13] sw[K
2026-10-08T17:15:00.8305736Z ⠦ [1/13] sw[K
2026-10-08T17:15:00.9097839Z ⠧ [1/13] sw[K
2026-10-08T17:15:00.9835177Z ⠇ [1/13] sw[K
2026-10-08T17:15:00.9896699Z ⠇ [2/13] bootstrap[K
2026-10-08T17:15:01.0706307Z ⠏ [2/13] bootstrap[K
2026-10-08T17:15:01.1510001Z ⠋ [2/13] bootstrap[K
2026-10-08T17:15:01.1974785Z ⠙ [2/13] bootstrap[K
2026-10-08T17:15:01.2311467Z ⠙ [3/13] health[K
2026-10-08T17:15:01.3109331Z ⠹ [3/13] health[K
2026-10-08T17:15:01.3558590Z ⠸ [3/13] health[K
2026-10-08T17:15:01.4080587Z ⠸ [4/13] page-agent[K
2026-10-08T17:15:01.4869724Z ⠼ [4/13] page-agent[K
2026-10-08T17:15:01.5675326Z ⠴ [4/13] page-agent[K
2026-10-08T17:15:01.6494937Z ⠦ [4/13] page-agent[K
2026-10-08T17:15:01.7300360Z ⠧ [4/13] page-agent[K
2026-10-08T17:15:01.8094749Z ⠇ [4/13] page-agent[K
2026-10-08T17:15:01.8733915Z ⠏ [4/13] page-agent[K
2026-10-08T17:15:01.8894078Z ⠏ [5/13] page-relay[K
2026-10-08T17:15:01.9690942Z ⠋ [5/13] page-relay[K
2026-10-08T17:15:02.0491435Z ⠙ [5/13] page-relay[K
2026-10-08T17:15:02.1294135Z ⠹ [5/13] page-relay[K
2026-10-08T17:15:02.2104813Z ⠸ [5/13] page-relay[K
2026-10-08T17:15:02.2906395Z ⠼ [5/13] page-relay[K
2026-10-08T17:15:02.3709227Z ⠴ [5/13] page-relay[K
2026-10-08T17:15:02.3769435Z ⠦ [5/13] page-relay[K
2026-10-08T17:15:02.4713784Z ⠦ [6/13] page-session[K
2026-10-08T17:15:02.5508730Z ⠧ [6/13] page-session[K
2026-10-08T17:15:02.6324761Z ⠇ [6/13] page-session[K
2026-10-08T17:15:02.7114212Z ⠏ [6/13] page-session[K
2026-10-08T17:15:02.7916905Z ⠋ [6/13] page-session[K
2026-10-08T17:15:02.8794834Z ⠙ [6/13] page-session[K
2026-10-08T17:15:02.9584788Z ⠹ [6/13] page-session[K
2026-10-08T17:15:03.0415154Z ⠸ [6/13] page-session[K
2026-10-08T17:15:03.1168873Z ⠼ [6/13] page-session[K
2026-10-08T17:15:03.1985279Z ⠴ [6/13] page-session[K
2026-10-08T17:15:03.2316518Z ⠦ [6/13] page-session[K
2026-10-08T17:15:03.2767168Z ⠦ [7/13] sandbox[K
2026-10-08T17:15:03.3568276Z ⠧ [7/13] sandbox[K
2026-10-08T17:15:03.4370560Z ⠇ [7/13] sandbox[K
2026-10-08T17:15:03.5124766Z ⠏ [7/13] sandbox[K
2026-10-08T17:15:03.5166133Z ⠏ [8/13] sdk-main[K
2026-10-08T17:15:03.6034957Z ⠋ [8/13] sdk-main[K
2026-10-08T17:15:03.6827270Z ⠙ [8/13] sdk-main[K
2026-10-08T17:15:03.7630306Z ⠹ [8/13] sdk-main[K
2026-10-08T17:15:03.8432811Z ⠸ [8/13] sdk-main[K
2026-10-08T17:15:03.9236803Z ⠼ [8/13] sdk-main[K
2026-10-08T17:15:04.0055223Z ⠴ [8/13] sdk-main[K
2026-10-08T17:15:04.0865121Z ⠦ [8/13] sdk-main[K
2026-10-08T17:15:04.1694397Z ⠧ [8/13] sdk-main[K
2026-10-08T17:15:04.2468845Z ⠇ [8/13] sdk-main[K
2026-10-08T17:15:04.2795029Z ⠏ [8/13] sdk-main[K
2026-10-08T17:15:04.3276145Z ⠏ [9/13] selection-entry[K
2026-10-08T17:15:04.4078408Z ⠋ [9/13] selection-entry[K
2026-10-08T17:15:04.4185258Z ⠙ [9/13] selection-entry[K
2026-10-08T17:15:04.4879761Z ⠙ [10/13] settings[K
2026-10-08T17:15:04.5682360Z ⠹ [10/13] settings[K
2026-10-08T17:15:04.6475920Z ⠸ [10/13] settings[K
2026-10-08T17:15:04.6480077Z ⠼ [10/13] settings[K
2026-10-08T17:15:04.7276760Z ⠼ [11/13] tool-shell[K
2026-10-08T17:15:04.9746839Z ⠴ [11/13] tool-shell[K
2026-10-08T17:15:05.0550052Z ⠦ [11/13] tool-shell[K
2026-10-08T17:15:05.1395439Z ⠧ [11/13] tool-shell[K
2026-10-08T17:15:05.2172851Z ⠇ [11/13] tool-shell[K
2026-10-08T17:15:05.2985421Z ⠏ [11/13] tool-shell[K
2026-10-08T17:15:05.3804794Z ⠋ [11/13] tool-shell[K
2026-10-08T17:15:05.4588491Z ⠙ [11/13] tool-shell[K
2026-10-08T17:15:05.5394521Z ⠹ [11/13] tool-shell[K
2026-10-08T17:15:05.6196297Z ⠸ [11/13] tool-shell[K
2026-10-08T17:15:05.6998321Z ⠼ [11/13] tool-shell[K
2026-10-08T17:15:05.7830618Z ⠴ [11/13] tool-shell[K
2026-10-08T17:15:05.8603982Z ⠦ [11/13] tool-shell[K
2026-10-08T17:15:05.9428185Z ⠧ [11/13] tool-shell[K
2026-10-08T17:15:06.0208760Z ⠇ [11/13] tool-shell[K
2026-10-08T17:15:06.1011805Z ⠏ [11/13] tool-shell[K
2026-10-08T17:15:06.1813790Z ⠋ [11/13] tool-shell[K
2026-10-08T17:15:06.2664161Z ⠙ [11/13] tool-shell[K
2026-10-08T17:15:06.3494990Z ⠹ [11/13] tool-shell[K
2026-10-08T17:15:06.4274642Z ⠸ [11/13] tool-shell[K
2026-10-08T17:15:06.5095424Z ⠼ [11/13] tool-shell[K
2026-10-08T17:15:06.5914777Z ⠴ [11/13] tool-shell[K
2026-10-08T17:15:06.6694182Z ⠦ [11/13] tool-shell[K
2026-10-08T17:15:06.7496838Z ⠧ [11/13] tool-shell[K
2026-10-08T17:15:06.8334845Z ⠇ [11/13] tool-shell[K
2026-10-08T17:15:06.9109024Z ⠏ [11/13] tool-shell[K
2026-10-08T17:15:06.9911751Z ⠋ [11/13] tool-shell[K
2026-10-08T17:15:07.0727025Z ⠙ [11/13] tool-shell[K
2026-10-08T17:15:07.1196475Z ⠹ [11/13] tool-shell[K
2026-10-08T17:15:07.1667268Z ⠹ [12/13] transport[K
2026-10-08T17:15:07.2472282Z ⠸ [12/13] transport[K
2026-10-08T17:15:07.3285022Z ⠼ [12/13] transport[K
2026-10-08T17:15:07.4104749Z ⠴ [12/13] transport[K
2026-10-08T17:15:07.4889638Z ⠦ [12/13] transport[K
2026-10-08T17:15:07.5564412Z ⠧ [12/13] transport[K
2026-10-08T17:15:07.5687195Z ⠧ [13/13] worker-runtime[K
2026-10-08T17:15:07.6694972Z ⠇ [13/13] worker-runtime[K
2026-10-08T17:15:07.7469121Z ⠏ [13/13] worker-runtime[K
2026-10-08T17:15:07.8271812Z ⠋ [13/13] worker-runtime[K
2026-10-08T17:15:07.9074579Z ⠙ [13/13] worker-runtime[K
2026-10-08T17:15:07.9916487Z ⠹ [13/13] worker-runtime[K
2026-10-08T17:15:08.0706879Z ⠸ [13/13] worker-runtime[K
2026-10-08T17:15:08.1509075Z ⠼ [13/13] worker-runtime[K
2026-10-08T17:15:08.2334621Z ⠴ [13/13] worker-runtime[K
2026-10-08T17:15:08.3115291Z ⠦ [13/13] worker-runtime[K
2026-10-08T17:15:08.3922119Z ⠧ [13/13] worker-runtime[K
2026-10-08T17:15:08.4552086Z ⠇ [13/13] worker-runtime[K
2026-10-08T17:15:08.4552861Z [K[?25h
2026-10-08T17:15:08.4577951Z [K[?25h[success] Built extension in 12.2 s
2026-10-08T17:15:08.4578940Z   ├─ dist/production/manifest.json                        1.20 kB  
2026-10-08T17:15:08.4579897Z   ├─ dist/production/native-agent/settings.html           1.83 kB  
2026-10-08T17:15:08.4580887Z   ├─ dist/production/scripting/sandbox/sandbox.html       385 B    
2026-10-08T17:15:08.4581911Z   ├─ dist/production/ui/target-bootstrap.html             200 B    
2026-10-08T17:15:08.4583066Z   ├─ dist/production/ui/tool.html                         21.23 kB 
2026-10-08T17:15:08.4584848Z   ├─ dist/production/agents/bootstrap.js                  21.47 kB 
2026-10-08T17:15:08.4586262Z   ├─ dist/production/agents/health.js                     828 B    
2026-10-08T17:15:08.4587626Z   ├─ dist/production/agents/page-agent.js                 34.35 kB 
2026-10-08T17:15:08.4588911Z   ├─ dist/production/agents/page-relay.js                 35.28 kB 
2026-10-08T17:15:08.4590173Z   ├─ dist/production/agents/selection-entry.js            383 B    
2026-10-08T17:15:08.4591383Z   ├─ dist/production/framework/sdk-main.js                49.54 kB 
2026-10-08T17:15:08.4592670Z   ├─ dist/production/native-agent/settings.js             22.16 kB 
2026-10-08T17:15:08.4594166Z   ├─ dist/production/native-agent/transport.js            29.30 kB 
2026-10-08T17:15:08.4595458Z   ├─ dist/production/scripting/packaged/page-session.js   55.08 kB 
2026-10-08T17:15:08.4596716Z   ├─ dist/production/scripting/sandbox/sandbox.js         4.01 kB  
2026-10-08T17:15:08.4598001Z   ├─ dist/production/scripting/sandbox/worker-runtime.js  49.68 kB 
2026-10-08T17:15:08.4599247Z   ├─ dist/production/sw.js                                324.76 kB
2026-10-08T17:15:08.4600471Z   ├─ dist/production/ui/tool-shell.js                     177.24 kB
2026-10-08T17:15:08.4601748Z   ├─ dist/production/vendor/jquery-3.7.1.min.js           87.53 kB 
2026-10-08T17:15:08.4603038Z   ├─ dist/production/ui/tool-shell.css                    19.09 kB 
2026-10-08T17:15:08.4604580Z   ├─ dist/production/icons/notification.png               595 B    
2026-10-08T17:15:08.4605901Z   ├─ dist/production/licenses/jquery-MIT.txt              1.10 kB  
2026-10-08T17:15:08.4607173Z   └─ dist/production/licenses/todo-user-vue-MIT.txt       1.10 kB  
2026-10-08T17:15:08.4608433Z Σ Total size: 938.32 kB                                 
2026-10-08T17:15:08.4609287Z [success] Finished in 12.3 s
2026-10-08T17:15:09.2528106Z {"mode":"production","builder":"wxt","status":"passed","packageHash":"f7923ca48742439bc86102aadc78455d00af48eacc63183881de7553a6a29f2d","assets":24}
2026-10-08T17:15:09.2765876Z ##[group]Run npm run build:dev
2026-10-08T17:15:09.2766208Z [36;1mnpm run build:dev[0m
2026-10-08T17:15:09.2829951Z shell: /usr/bin/bash -e {0}
2026-10-08T17:15:09.2830220Z ##[endgroup]
2026-10-08T17:15:09.3914042Z 
2026-10-08T17:15:09.3914835Z > opendesk-browser@0.1.0 build:dev
2026-10-08T17:15:09.3915495Z > node scripts/build.mjs development
2026-10-08T17:15:09.3915832Z 
2026-10-08T17:15:09.8607804Z [log] 
2026-10-08T17:15:09.8608251Z WXT 0.21.4
2026-10-08T17:15:09.9860627Z [info] Generating types...
2026-10-08T17:15:10.1389977Z [success] Finished in 279 ms
2026-10-08T17:15:10.5568026Z [log] 
2026-10-08T17:15:10.5568467Z WXT 0.21.4
2026-10-08T17:15:10.6882388Z [info] Building chrome-mv3 for development with Vite 7.3.6
2026-10-08T17:15:10.8194189Z [?25l
2026-10-08T17:15:10.8255881Z ⠋ Preparing...[K
2026-10-08T17:15:10.8994574Z ⠋ [1/13] sw[K
2026-10-08T17:15:11.0904878Z ⠙ [1/13] sw[K
2026-10-08T17:15:11.2054944Z ⠹ [1/13] sw[K
2026-10-08T17:15:11.2874938Z ⠸ [1/13] sw[K
2026-10-08T17:15:11.8692361Z ⠼ [1/13] sw[K
2026-10-08T17:15:11.9494005Z ⠴ [1/13] sw[K
2026-10-08T17:15:12.0295964Z ⠦ [1/13] sw[K
2026-10-08T17:15:12.1099326Z ⠧ [1/13] sw[K
2026-10-08T17:15:12.1901083Z ⠇ [1/13] sw[K
2026-10-08T17:15:12.2704767Z ⠏ [1/13] sw[K
2026-10-08T17:15:12.3524764Z ⠋ [1/13] sw[K
2026-10-08T17:15:12.4309173Z ⠙ [1/13] sw[K
2026-10-08T17:15:12.5111784Z ⠹ [1/13] sw[K
2026-10-08T17:15:12.5952401Z ⠸ [1/13] sw[K
2026-10-08T17:15:12.6764758Z ⠼ [1/13] sw[K
2026-10-08T17:15:12.7541727Z ⠴ [1/13] sw[K
2026-10-08T17:15:12.8344882Z ⠦ [1/13] sw[K
2026-10-08T17:15:12.9140780Z ⠧ [1/13] sw[K
2026-10-08T17:15:12.9943415Z ⠇ [1/13] sw[K
2026-10-08T17:15:13.0746429Z ⠏ [1/13] sw[K
2026-10-08T17:15:13.1538540Z ⠋ [1/13] sw[K
2026-10-08T17:15:13.2340999Z ⠙ [1/13] sw[K
2026-10-08T17:15:13.3144337Z ⠹ [1/13] sw[K
2026-10-08T17:15:13.3946542Z ⠸ [1/13] sw[K
2026-10-08T17:15:13.4784770Z ⠼ [1/13] sw[K
2026-10-08T17:15:13.5551079Z ⠴ [1/13] sw[K
2026-10-08T17:15:13.6354571Z ⠦ [1/13] sw[K
2026-10-08T17:15:13.7156209Z ⠧ [1/13] sw[K
2026-10-08T17:15:13.7958733Z ⠇ [1/13] sw[K
2026-10-08T17:15:13.8765520Z ⠏ [1/13] sw[K
2026-10-08T17:15:13.9562074Z ⠋ [1/13] sw[K
2026-10-08T17:15:14.0365093Z ⠙ [1/13] sw[K
2026-10-08T17:15:14.1157498Z ⠹ [1/13] sw[K
2026-10-08T17:15:14.1959300Z ⠸ [1/13] sw[K
2026-10-08T17:15:14.2773464Z ⠼ [1/13] sw[K
2026-10-08T17:15:14.3576736Z ⠴ [1/13] sw[K
2026-10-08T17:15:14.4379091Z ⠦ [1/13] sw[K
2026-10-08T17:15:14.5188989Z ⠧ [1/13] sw[K
2026-10-08T17:15:14.5991124Z ⠇ [1/13] sw[K
2026-10-08T17:15:14.6793776Z ⠏ [1/13] sw[K
2026-10-08T17:15:14.7596424Z ⠋ [1/13] sw[K
2026-10-08T17:15:14.8399471Z ⠙ [1/13] sw[K
2026-10-08T17:15:14.9206105Z ⠹ [1/13] sw[K
2026-10-08T17:15:15.0008608Z ⠸ [1/13] sw[K
2026-10-08T17:15:15.0811272Z ⠼ [1/13] sw[K
2026-10-08T17:15:15.1614152Z ⠴ [1/13] sw[K
2026-10-08T17:15:15.2416128Z ⠦ [1/13] sw[K
2026-10-08T17:15:15.4728025Z ⠧ [1/13] sw[K
2026-10-08T17:15:15.4759930Z ⠇ [1/13] sw[K
2026-10-08T17:15:15.5534365Z ⠇ [2/13] bootstrap[K
2026-10-08T17:15:15.6335612Z ⠏ [2/13] bootstrap[K
2026-10-08T17:15:15.7008800Z ⠋ [2/13] bootstrap[K
2026-10-08T17:15:15.7184378Z ⠋ [3/13] health[K
2026-10-08T17:15:15.7977005Z ⠙ [3/13] health[K
2026-10-08T17:15:15.8761603Z ⠹ [3/13] health[K
2026-10-08T17:15:15.8783059Z ⠹ [4/13] page-agent[K
2026-10-08T17:15:15.9586548Z ⠸ [4/13] page-agent[K
2026-10-08T17:15:16.0394769Z ⠼ [4/13] page-agent[K
2026-10-08T17:15:16.1187454Z ⠴ [4/13] page-agent[K
2026-10-08T17:15:16.2004301Z ⠦ [4/13] page-agent[K
2026-10-08T17:15:16.2824955Z ⠧ [4/13] page-agent[K
2026-10-08T17:15:16.3604804Z ⠇ [4/13] page-agent[K
2026-10-08T17:15:16.4237167Z ⠏ [4/13] page-agent[K
2026-10-08T17:15:16.4424944Z ⠏ [5/13] page-relay[K
2026-10-08T17:15:16.5203894Z ⠋ [5/13] page-relay[K
2026-10-08T17:15:16.6005228Z ⠙ [5/13] page-relay[K
2026-10-08T17:15:16.6806870Z ⠹ [5/13] page-relay[K
2026-10-08T17:15:16.7634967Z ⠸ [5/13] page-relay[K
2026-10-08T17:15:16.8454915Z ⠼ [5/13] page-relay[K
2026-10-08T17:15:16.9221349Z ⠴ [5/13] page-relay[K
2026-10-08T17:15:16.9586024Z ⠦ [5/13] page-relay[K
2026-10-08T17:15:17.0061645Z ⠦ [6/13] page-session[K
2026-10-08T17:15:17.0858083Z ⠧ [6/13] page-session[K
2026-10-08T17:15:17.1666053Z ⠇ [6/13] page-session[K
2026-10-08T17:15:17.2475323Z ⠏ [6/13] page-session[K
2026-10-08T17:15:17.3271208Z ⠋ [6/13] page-session[K
2026-10-08T17:15:17.4104915Z ⠙ [6/13] page-session[K
2026-10-08T17:15:17.4888054Z ⠹ [6/13] page-session[K
2026-10-08T17:15:17.5690417Z ⠸ [6/13] page-session[K
2026-10-08T17:15:17.6494478Z ⠼ [6/13] page-session[K
2026-10-08T17:15:17.7295945Z ⠴ [6/13] page-session[K
2026-10-08T17:15:17.8100440Z ⠦ [6/13] page-session[K
2026-10-08T17:15:17.8674876Z ⠧ [6/13] page-session[K
2026-10-08T17:15:17.8960643Z ⠧ [7/13] sandbox[K
2026-10-08T17:15:17.9760364Z ⠇ [7/13] sandbox[K
2026-10-08T17:15:18.0584828Z ⠏ [7/13] sandbox[K
2026-10-08T17:15:18.1384802Z ⠋ [7/13] sandbox[K
2026-10-08T17:15:18.1632269Z ⠙ [7/13] sandbox[K
2026-10-08T17:15:18.2163101Z ⠙ [8/13] sdk-main[K
2026-10-08T17:15:18.2963410Z ⠹ [8/13] sdk-main[K
2026-10-08T17:15:18.3765027Z ⠸ [8/13] sdk-main[K
2026-10-08T17:15:18.4566621Z ⠼ [8/13] sdk-main[K
2026-10-08T17:15:18.5394791Z ⠴ [8/13] sdk-main[K
2026-10-08T17:15:18.6214721Z ⠦ [8/13] sdk-main[K
2026-10-08T17:15:18.7024670Z ⠧ [8/13] sdk-main[K
2026-10-08T17:15:18.7810933Z ⠇ [8/13] sdk-main[K
2026-10-08T17:15:18.8625748Z ⠏ [8/13] sdk-main[K
2026-10-08T17:15:18.9455099Z ⠋ [8/13] sdk-main[K
2026-10-08T17:15:18.9462130Z ⠙ [8/13] sdk-main[K
2026-10-08T17:15:19.0247599Z ⠙ [9/13] selection-entry[K
2026-10-08T17:15:19.0890215Z ⠹ [9/13] selection-entry[K
2026-10-08T17:15:19.1183888Z ⠹ [10/13] settings[K
2026-10-08T17:15:19.1983177Z ⠸ [10/13] settings[K
2026-10-08T17:15:19.2815142Z ⠼ [10/13] settings[K
2026-10-08T17:15:19.3318000Z ⠴ [10/13] settings[K
2026-10-08T17:15:19.3621086Z ⠴ [11/13] tool-shell[K
2026-10-08T17:15:19.6384067Z ⠦ [11/13] tool-shell[K
2026-10-08T17:15:19.7185248Z ⠧ [11/13] tool-shell[K
2026-10-08T17:15:19.8004849Z ⠇ [11/13] tool-shell[K
2026-10-08T17:15:19.8789638Z ⠏ [11/13] tool-shell[K
2026-10-08T17:15:19.9590955Z ⠋ [11/13] tool-shell[K
2026-10-08T17:15:20.0404794Z ⠙ [11/13] tool-shell[K
2026-10-08T17:15:20.1196361Z ⠹ [11/13] tool-shell[K
2026-10-08T17:15:20.2034779Z ⠸ [11/13] tool-shell[K
2026-10-08T17:15:20.2824930Z ⠼ [11/13] tool-shell[K
2026-10-08T17:15:20.3604335Z ⠴ [11/13] tool-shell[K
2026-10-08T17:15:20.4406807Z ⠦ [11/13] tool-shell[K
2026-10-08T17:15:20.5208852Z ⠧ [11/13] tool-shell[K
2026-10-08T17:15:20.6011558Z ⠇ [11/13] tool-shell[K
2026-10-08T17:15:20.6814565Z ⠏ [11/13] tool-shell[K
2026-10-08T17:15:20.7627175Z ⠋ [11/13] tool-shell[K
2026-10-08T17:15:20.8429322Z ⠙ [11/13] tool-shell[K
2026-10-08T17:15:20.9231866Z ⠹ [11/13] tool-shell[K
2026-10-08T17:15:21.0049840Z ⠸ [11/13] tool-shell[K
2026-10-08T17:15:21.0836892Z ⠼ [11/13] tool-shell[K
2026-10-08T17:15:21.1640698Z ⠴ [11/13] tool-shell[K
2026-10-08T17:15:21.2443704Z ⠦ [11/13] tool-shell[K
2026-10-08T17:15:21.3246790Z ⠧ [11/13] tool-shell[K
2026-10-08T17:15:21.4038957Z ⠇ [11/13] tool-shell[K
2026-10-08T17:15:21.4841507Z ⠏ [11/13] tool-shell[K
2026-10-08T17:15:21.5512749Z ⠋ [11/13] tool-shell[K
2026-10-08T17:15:21.5637209Z ⠋ [12/13] transport[K
2026-10-08T17:15:21.6456105Z ⠙ [12/13] transport[K
2026-10-08T17:15:21.7258185Z ⠹ [12/13] transport[K
2026-10-08T17:15:21.8060727Z ⠸ [12/13] transport[K
2026-10-08T17:15:21.8863834Z ⠼ [12/13] transport[K
2026-10-08T17:15:21.9659615Z ⠴ [12/13] transport[K
2026-10-08T17:15:21.9836101Z ⠦ [12/13] transport[K
2026-10-08T17:15:22.0684638Z ⠦ [13/13] worker-runtime[K
2026-10-08T17:15:22.1478977Z ⠧ [13/13] worker-runtime[K
2026-10-08T17:15:22.2280842Z ⠇ [13/13] worker-runtime[K
2026-10-08T17:15:22.3083665Z ⠏ [13/13] worker-runtime[K
2026-10-08T17:15:22.3901089Z ⠋ [13/13] worker-runtime[K
2026-10-08T17:15:22.4690328Z ⠙ [13/13] worker-runtime[K
2026-10-08T17:15:22.5494483Z ⠹ [13/13] worker-runtime[K
2026-10-08T17:15:22.6297446Z ⠸ [13/13] worker-runtime[K
2026-10-08T17:15:22.7105441Z ⠼ [13/13] worker-runtime[K
2026-10-08T17:15:22.7898661Z ⠴ [13/13] worker-runtime[K
2026-10-08T17:15:22.7902480Z ⠦ [13/13] worker-runtime[K
2026-10-08T17:15:22.7902973Z [K[?25h
2026-10-08T17:15:22.7931085Z [K[?25h[success] Built extension in 12.1 s
2026-10-08T17:15:22.7932377Z   ├─ dist/development/manifest.json                            1.52 kB  
2026-10-08T17:15:22.7933955Z   ├─ dist/development/native-agent/settings.html               1.83 kB  
2026-10-08T17:15:22.7935313Z   ├─ dist/development/scripting/sandbox/sandbox.html           385 B    
2026-10-08T17:15:22.7936602Z   ├─ dist/development/ui/target-bootstrap.html                 200 B    
2026-10-08T17:15:22.7937894Z   ├─ dist/development/ui/tool.html                             21.23 kB 
2026-10-08T17:15:22.7939190Z   ├─ dist/development/agents/bootstrap.js                      21.70 kB 
2026-10-08T17:15:22.7940472Z   ├─ dist/development/agents/bootstrap.js.map                  65.33 kB 
2026-10-08T17:15:22.7941769Z   ├─ dist/development/agents/health.js                         1.06 kB  
2026-10-08T17:15:22.7943059Z   ├─ dist/development/agents/health.js.map                     15.04 kB 
2026-10-08T17:15:22.7944612Z   ├─ dist/development/agents/page-agent.js                     34.59 kB 
2026-10-08T17:15:22.7946495Z   ├─ dist/development/agents/page-agent.js.map                 95.31 kB 
2026-10-08T17:15:22.7947751Z   ├─ dist/development/agents/page-relay.js                     35.52 kB 
2026-10-08T17:15:22.7948964Z   ├─ dist/development/agents/page-relay.js.map                 113.01 kB
2026-10-08T17:15:22.7950227Z   ├─ dist/development/agents/selection-entry.js                638 B    
2026-10-08T17:15:22.7951459Z   ├─ dist/development/agents/selection-entry.js.map            968 B    
2026-10-08T17:15:22.7952729Z   ├─ dist/development/framework/sdk-main.js                    49.77 kB 
2026-10-08T17:15:22.7954252Z   ├─ dist/development/framework/sdk-main.js.map                152.75 kB
2026-10-08T17:15:22.7955579Z   ├─ dist/development/native-agent/settings.js                 22.39 kB 
2026-10-08T17:15:22.7956876Z   ├─ dist/development/native-agent/settings.js.map             58.37 kB 
2026-10-08T17:15:22.7958152Z   ├─ dist/development/native-agent/transport.js                29.53 kB 
2026-10-08T17:15:22.7959454Z   ├─ dist/development/native-agent/transport.js.map            89.73 kB 
2026-10-08T17:15:22.7960732Z   ├─ dist/development/scripting/packaged/page-session.js       55.33 kB 
2026-10-08T17:15:22.7962027Z   ├─ dist/development/scripting/packaged/page-session.js.map   174.29 kB
2026-10-08T17:15:22.7963560Z   ├─ dist/development/scripting/sandbox/sandbox.js             4.24 kB  
2026-10-08T17:15:22.7964840Z   ├─ dist/development/scripting/sandbox/sandbox.js.map         11.64 kB 
2026-10-08T17:15:22.7966165Z   ├─ dist/development/scripting/sandbox/worker-runtime.js      49.94 kB 
2026-10-08T17:15:22.7967542Z   ├─ dist/development/scripting/sandbox/worker-runtime.js.map  156.91 kB
2026-10-08T17:15:22.7968869Z   ├─ dist/development/sw.js                                    324.93 kB
2026-10-08T17:15:22.7970122Z   ├─ dist/development/sw.js.map                                962.64 kB
2026-10-08T17:15:22.7971422Z   ├─ dist/development/ui/tool-shell.js                         177.48 kB
2026-10-08T17:15:22.7972702Z   ├─ dist/development/ui/tool-shell.js.map                     527.09 kB
2026-10-08T17:15:22.7974272Z   ├─ dist/development/vendor/jquery-3.7.1.min.js               87.53 kB 
2026-10-08T17:15:22.7975582Z   ├─ dist/development/ui/tool-shell.css                        19.09 kB 
2026-10-08T17:15:22.7976850Z   ├─ dist/development/icons/notification.png                   595 B    
2026-10-08T17:15:22.7978152Z   ├─ dist/development/licenses/jquery-MIT.txt                  1.10 kB  
2026-10-08T17:15:22.7979441Z   └─ dist/development/licenses/todo-user-vue-MIT.txt           1.10 kB  
2026-10-08T17:15:22.7980721Z Σ Total size: 3.36 MB                                        
2026-10-08T17:15:22.7981651Z [success] Finished in 12.2 s
2026-10-08T17:15:23.5140535Z {"mode":"development","builder":"wxt","status":"passed","packageHash":"a9af0f2ceb240d540be3167d19078cd09388d635e3c5b8240be78a43f22ae1d7","assets":37}
2026-10-08T17:15:23.5344301Z ##[group]Run npm run verify
2026-10-08T17:15:23.5344639Z [36;1mnpm run verify[0m
2026-10-08T17:15:23.5407178Z shell: /usr/bin/bash -e {0}
2026-10-08T17:15:23.5407456Z ##[endgroup]
2026-10-08T17:15:23.6435266Z 
2026-10-08T17:15:23.6435932Z > opendesk-browser@0.1.0 verify
2026-10-08T17:15:23.6437191Z > node scripts/verify-package.mjs dist/production && node scripts/verify-package.mjs dist/development
2026-10-08T17:15:23.6438028Z 
2026-10-08T17:15:24.2732454Z {"status":"passed","manifestVersion":3,"classicEntries":["agents/bootstrap.js","agents/health.js","agents/page-agent.js","agents/page-relay.js","agents/selection-entry.js","framework/sdk-main.js","native-agent/settings.js","native-agent/transport.js","scripting/packaged/page-session.js","scripting/sandbox/sandbox.js","scripting/sandbox/worker-runtime.js","sw.js","ui/tool-shell.js","vendor/jquery-3.7.1.min.js"],"htmlChecked":["ui/tool.html","native-agent/settings.html","ui/target-bootstrap.html","scripting/sandbox/sandbox.html"],"assetsChecked":["icons/notification.png","licenses/todo-user-vue-MIT.txt","licenses/jquery-MIT.txt","framework/sdk-resources.json"],"sdkResources":{"schemaVersion":1,"resources":[{"path":"framework/sdk-main.js","bytes":49539,"sha256":"432c30ab8c60086a05335616f5f48014377a2b4cb6e0df197a1477d15df31fee"},{"path":"agents/page-relay.js","bytes":35276,"sha256":"cd61d0935d4670b6f593540c0a75b900e18c37db93a124dfd2a29f7826c5125a"}]},"sdkEntries":{"MAIN":"framework/sdk-main.js","ISOLATED":"agents/page-relay.js"},"privilegedDynamicExecutionFound":false,"approvedDynamicExecution":[{"file":"scripting/sandbox/worker-runtime.js","approvedAsyncBodyConstructors":1,"execution":"Host fetches fixed bytes; Blob classic Worker only inside opaque sandbox"}],"sandbox":{"pages":["scripting/sandbox/sandbox.html"],"csp":"sandbox allow-scripts; default-src 'none'; script-src 'self' 'unsafe-eval'; worker-src blob:; connect-src 'none'; child-src 'none'; img-src 'none'; style-src 'none'; base-uri 'none'; form-action 'none'"},"packageHash":"f7923ca48742439bc86102aadc78455d00af48eacc63183881de7553a6a29f2d","hashRecipe":"SHA256 UTF-8 JSON.stringify(path-sorted [{path,bytes,sha256}]); exact file bytes","files":[{"path":"agents/bootstrap.js","bytes":21466,"sha256":"1b1b17378eb90a7f1d2e10b071e226648974975e56cbe12c6b1dbd5bf715c79c"},{"path":"agents/health.js","bytes":828,"sha256":"48b43e028694d4fcc376d32539ab2d55ebd58359fce01219cff250fd4b5a6f65"},{"path":"agents/page-agent.js","bytes":34347,"sha256":"35a38017342eff0fc2726e834d435e33cc60ae3452cfca0b8a5b72093b3a2c4c"},{"path":"agents/page-relay.js","bytes":35276,"sha256":"cd61d0935d4670b6f593540c0a75b900e18c37db93a124dfd2a29f7826c5125a"},{"path":"agents/selection-entry.js","bytes":383,"sha256":"0265146d80cd448c28ecd1231574d0bd6ba9f20d6991b09250478decc3e89fbb"},{"path":"framework/sdk-main.js","bytes":49539,"sha256":"432c30ab8c60086a05335616f5f48014377a2b4cb6e0df197a1477d15df31fee"},{"path":"framework/sdk-resources.json","bytes":359,"sha256":"747353949442c7bdf588f73a9e2a048d9471dc71aaa86adedf11ae0fd221cf8b"},{"path":"icons/notification.png","bytes":595,"sha256":"efb5caddc95697204e98f9e7319119095ea195fa02448904bc985e90e96d4de6"},{"path":"licenses/jquery-MIT.txt","bytes":1097,"sha256":"d4db9ebe6f29f5168eac45ad713f055623ac5d0dcd5ba92da23d650ae012020d"},{"path":"licenses/todo-user-vue-MIT.txt","bytes":1096,"sha256":"e301f131f52747f87193c4a41d3d5c09e6c021cc664a6a3101a2213635f03f29"},{"path":"manifest.json","bytes":1201,"sha256":"e1efc8ec08a08961b7d48304439ae802d3b9d60afa44034b8a8a5054d53f0034"},{"path":"native-agent/settings.html","bytes":1826,"sha256":"8763896451244519f856a7a9f5c2284348bc3b8adbd0aaa3a674932e95d5fecf"},{"path":"native-agent/settings.js","bytes":22157,"sha256":"7018e9e3e7a0dcf7392e270f8512b4d4b815d8db5940da26587ad938d13b971d"},{"path":"native-agent/transport.js","bytes":29297,"sha256":"112dff86a490ece497668e4420053ce0d48121e2de12360da177add825b30421"},{"path":"scripting/packaged/page-session.js","bytes":55082,"sha256":"bd346556fa4a137b804a6255fefc6617ce1bcd01719dd0637bb6a54e9b90b377"},{"path":"scripting/sandbox/sandbox.html","bytes":385,"sha256":"aa7362ce87a270f45005dde0e9cf14bf1d86bd4bd15fce37f14515638ef3b536"},{"path":"scripting/sandbox/sandbox.js","bytes":4010,"sha256":"4b735c3d8d6d6059a549b59122d4d1d56811c121c6ad1b7eeadca6cf3e15640e"},{"path":"scripting/sandbox/worker-runtime.js","bytes":49683,"sha256":"406de1f7b5ebffc7ce4a67696d5e35d24e27e9bae3b93cacec10cae6100c19f1"},{"path":"sw.js","bytes":324759,"sha256":"d6cc620373b220ba80b1ed45c04845147b1cf924227560946ca246ce8c68b75d"},{"path":"ui/target-bootstrap.html","bytes":200,"sha256":"b52748e3bf14e6931924843c0b8bc626ad8929b3b1bb6b63524b39238dc5d13c"},{"path":"ui/tool-shell.css","bytes":19090,"sha256":"cd3f89c5025b325830d114135ad47885d13a4a5f17d36d9e63038423c837976c"},{"path":"ui/tool-shell.js","bytes":177238,"sha256":"6d479dcd9ce99fecbc775588cc6b961fdbdfc4bcd35419b8d9ad3d816964a101"},{"path":"ui/tool.html","bytes":21232,"sha256":"c27502c481bdc9029331aa1dda32bc06985dabe1edbacb3a64ddde1536722ac9"},{"path":"vendor/jquery-3.7.1.min.js","bytes":87533,"sha256":"fc9a93dd241f6b045cbff0481cf4e1901becd0e12fb45166a8f17f95823f0b1a"}]}
2026-10-08T17:15:24.9149580Z {"status":"passed","manifestVersion":3,"classicEntries":["agents/bootstrap.js","agents/health.js","agents/page-agent.js","agents/page-relay.js","agents/selection-entry.js","framework/sdk-main.js","native-agent/settings.js","native-agent/transport.js","scripting/packaged/page-session.js","scripting/sandbox/sandbox.js","scripting/sandbox/worker-runtime.js","sw.js","ui/tool-shell.js","vendor/jquery-3.7.1.min.js"],"htmlChecked":["ui/tool.html","native-agent/settings.html","ui/target-bootstrap.html","scripting/sandbox/sandbox.html"],"assetsChecked":["icons/notification.png","licenses/todo-user-vue-MIT.txt","licenses/jquery-MIT.txt","framework/sdk-resources.json"],"sdkResources":{"schemaVersion":1,"resources":[{"path":"framework/sdk-main.js","bytes":49773,"sha256":"903bb9d0bbd1a48a92db218934aa730fd817dc8c211017d61b65b8a27ac25bb8"},{"path":"agents/page-relay.js","bytes":35516,"sha256":"1e75308cd25090fa6ab1b33823ad4844ddab51e172166a3fd028a0a983854e65"}]},"sdkEntries":{"MAIN":"framework/sdk-main.js","ISOLATED":"agents/page-relay.js"},"privilegedDynamicExecutionFound":false,"approvedDynamicExecution":[{"file":"scripting/sandbox/worker-runtime.js","approvedAsyncBodyConstructors":1,"execution":"Host fetches fixed bytes; Blob classic Worker only inside opaque sandbox"}],"sandbox":{"pages":["scripting/sandbox/sandbox.html"],"csp":"sandbox allow-scripts; default-src 'none'; script-src 'self' 'unsafe-eval'; worker-src blob:; connect-src 'none'; child-src 'none'; img-src 'none'; style-src 'none'; base-uri 'none'; form-action 'none'"},"packageHash":"a9af0f2ceb240d540be3167d19078cd09388d635e3c5b8240be78a43f22ae1d7","hashRecipe":"SHA256 UTF-8 JSON.stringify(path-sorted [{path,bytes,sha256}]); exact file bytes","files":[{"path":"agents/bootstrap.js","bytes":21703,"sha256":"9556baeec50d2c2fbd4c5391e34bab41c3d9aa9d6d416a4a89b205809542beb5"},{"path":"agents/bootstrap.js.map","bytes":65334,"sha256":"72024fdb0695ffff3a2296cfda4ddb2f96c6f5da8a260d2098c5516f2421b840"},{"path":"agents/health.js","bytes":1056,"sha256":"0fdbd009c25751599b50a9ff902d5c1a71fafb15a526ee64e5a1082b86ed7e7d"},{"path":"agents/health.js.map","bytes":15038,"sha256":"13ab8c72f5d5a8d82b65a38c7c455d8abf1ea4ab6c8878443a316fde59414b51"},{"path":"agents/page-agent.js","bytes":34587,"sha256":"23929816fb4342e44814992a820651ce5b0e5de8b827c32fa2498caccfc01283"},{"path":"agents/page-agent.js.map","bytes":95306,"sha256":"ec0f23bd47621fb6cf855b2c1999b4746ab13cb31b1add032787cde50a8db72e"},{"path":"agents/page-relay.js","bytes":35516,"sha256":"1e75308cd25090fa6ab1b33823ad4844ddab51e172166a3fd028a0a983854e65"},{"path":"agents/page-relay.js.map","bytes":113008,"sha256":"e399a9d2068b239aa9389f4616a4012ded4240d909d18df443769d3ed3df9348"},{"path":"agents/selection-entry.js","bytes":638,"sha256":"b86047d8de3434afe4161d07376ca71a4ea18bc870663be9a606b62c19a42d80"},{"path":"agents/selection-entry.js.map","bytes":968,"sha256":"f2ee1d5e62016c3f1854811589f17382f0f0e69ea9a3635484fe02734b7eb0f4"},{"path":"framework/sdk-main.js","bytes":49773,"sha256":"903bb9d0bbd1a48a92db218934aa730fd817dc8c211017d61b65b8a27ac25bb8"},{"path":"framework/sdk-main.js.map","bytes":152746,"sha256":"a3ac2c7cfa6a0cc3d74f8bee60a8e7b3bf35f4fea4316b599b3b4d35b2a52b03"},{"path":"framework/sdk-resources.json","bytes":359,"sha256":"6f6597ecccf98b85cf1889e8c413a64b712f6cf44976b8ab778d836e14a5f5a6"},{"path":"icons/notification.png","bytes":595,"sha256":"efb5caddc95697204e98f9e7319119095ea195fa02448904bc985e90e96d4de6"},{"path":"licenses/jquery-MIT.txt","bytes":1097,"sha256":"d4db9ebe6f29f5168eac45ad713f055623ac5d0dcd5ba92da23d650ae012020d"},{"path":"licenses/todo-user-vue-MIT.txt","bytes":1096,"sha256":"e301f131f52747f87193c4a41d3d5c09e6c021cc664a6a3101a2213635f03f29"},{"path":"manifest.json","bytes":1523,"sha256":"e6670098b865f36a8529c648f8e85ad5c3b36239c4b1880a296680a638cf0da8"},{"path":"native-agent/settings.html","bytes":1826,"sha256":"8763896451244519f856a7a9f5c2284348bc3b8adbd0aaa3a674932e95d5fecf"},{"path":"native-agent/settings.js","bytes":22391,"sha256":"606318ea6d225e92a72dc13e700f015dbd9a6d148f896eea09114205024fedd6"},{"path":"native-agent/settings.js.map","bytes":58367,"sha256":"4aef7296f6663d8a5d72a623f7f604ae7e9d0eb1d28f881b0a88ce748c2fb58e"},{"path":"native-agent/transport.js","bytes":29534,"sha256":"9541f51d2800df30bd69f7c6ac94e33cf496aea4b0287bf7d5989aacd50e6706"},{"path":"native-agent/transport.js.map","bytes":89731,"sha256":"bd60a744b5bf89e94ad2b485b9f19aff9a73e9daab184a5092ac4094459c1838"},{"path":"scripting/packaged/page-session.js","bytes":55328,"sha256":"fbc94b97dde28dd1a5ac99db3ecf861aa9b6374c85474b05e1d722f6520f3343"},{"path":"scripting/packaged/page-session.js.map","bytes":174289,"sha256":"954210c4f3cf3aeefc1422e4ff51980b3d2b3643485c7d55ae80dfce25d0f5f5"},{"path":"scripting/sandbox/sandbox.html","bytes":385,"sha256":"aa7362ce87a270f45005dde0e9cf14bf1d86bd4bd15fce37f14515638ef3b536"},{"path":"scripting/sandbox/sandbox.js","bytes":4241,"sha256":"e5e5069e25a85673c3880d555a42ecaea414e7c6dabacccd4589874bad7e8631"},{"path":"scripting/sandbox/sandbox.js.map","bytes":11636,"sha256":"2b3be0c1d212193b207fc20165a11866806b1c31cc2653ebac5036a9ea3374d6"},{"path":"scripting/sandbox/worker-runtime.js","bytes":49935,"sha256":"91865c2b35e45a17f18866368c7fa0d2cffcddc86a5deaefef8a746747a5d889"},{"path":"scripting/sandbox/worker-runtime.js.map","bytes":156913,"sha256":"2477b61c175dac272fe8f9afa65fe42d28959bf1b7b5d1c434fe936e3439d270"},{"path":"sw.js","bytes":324931,"sha256":"95928562d2361928327d3ea7929eb5c4b6f44f25ab0c71fbd270a346bd297003"},{"path":"sw.js.map","bytes":962642,"sha256":"cea1149dd4266deca3f5924dca3385cba8445cee2216aadc26fcdd0588e8cbf5"},{"path":"ui/target-bootstrap.html","bytes":200,"sha256":"b52748e3bf14e6931924843c0b8bc626ad8929b3b1bb6b63524b39238dc5d13c"},{"path":"ui/tool-shell.css","bytes":19090,"sha256":"cd3f89c5025b325830d114135ad47885d13a4a5f17d36d9e63038423c837976c"},{"path":"ui/tool-shell.js","bytes":177478,"sha256":"dcfe7b03dfff253f9c4188ac82e01af6485753bd2500cf0f2ca21eeb3e6c4d74"},{"path":"ui/tool-shell.js.map","bytes":527093,"sha256":"bf014656c48b2d45c6eb665ad2e21f893049204e40282b4c94c0445b5448cc3f"},{"path":"ui/tool.html","bytes":21232,"sha256":"c27502c481bdc9029331aa1dda32bc06985dabe1edbacb3a64ddde1536722ac9"},{"path":"vendor/jquery-3.7.1.min.js","bytes":87533,"sha256":"fc9a93dd241f6b045cbff0481cf4e1901becd0e12fb45166a8f17f95823f0b1a"}]}
2026-10-08T17:15:24.9338138Z ##[group]Run npm test
2026-10-08T17:15:24.9338632Z [36;1mnpm test[0m
2026-10-08T17:15:24.9404969Z shell: /usr/bin/bash -e {0}
2026-10-08T17:15:24.9415774Z ##[endgroup]
2026-10-08T17:15:25.0488150Z 
2026-10-08T17:15:25.0488681Z > opendesk-browser@0.1.0 test
2026-10-08T17:15:25.0489430Z > node --test tests/environment/*.test.mjs
2026-10-08T17:15:25.0489742Z 
2026-10-08T17:15:25.1076584Z TAP version 13
2026-10-08T17:15:25.1705107Z # Subtest: AI-to-Task sample is a valid immutable Task v1 Candidate with exact checked-in source
2026-10-08T17:15:25.1724762Z ok 1 - AI-to-Task sample is a valid immutable Task v1 Candidate with exact checked-in source
2026-10-08T17:15:25.1726065Z   ---
2026-10-08T17:15:25.1726847Z   duration_ms: 15.808178
2026-10-08T17:15:25.1727600Z   type: 'test'
2026-10-08T17:15:25.1728271Z   ...
2026-10-08T17:15:25.1765494Z # Subtest: tampering cannot grant publication state or replace the source hash
2026-10-08T17:15:25.1784815Z ok 2 - tampering cannot grant publication state or replace the source hash
2026-10-08T17:15:25.1801146Z   ---
2026-10-08T17:15:25.1801783Z   duration_ms: 7.330945
2026-10-08T17:15:25.1802396Z   type: 'test'
2026-10-08T17:15:25.1802931Z   ...
2026-10-08T17:15:25.1804418Z # Subtest: modern candidate only uses implemented Locator actions with an explicit business-result wait
2026-10-08T17:15:25.1806124Z ok 3 - modern candidate only uses implemented Locator actions with an explicit business-result wait
2026-10-08T17:15:25.1807166Z   ---
2026-10-08T17:15:25.1807742Z   duration_ms: 1.616089
2026-10-08T17:15:25.1808349Z   type: 'test'
2026-10-08T17:15:25.1808884Z   ...
2026-10-08T17:15:25.1815619Z # Subtest: observation draft is bounded, read-only and valid Controller async main
2026-10-08T17:15:25.1817410Z ok 4 - observation draft is bounded, read-only and valid Controller async main
2026-10-08T17:15:25.1818365Z   ---
2026-10-08T17:15:25.1818960Z   duration_ms: 2.772175
2026-10-08T17:15:25.1819560Z   type: 'test'
2026-10-08T17:15:25.1820113Z   ...
2026-10-08T17:15:25.1821275Z # Subtest: AI-to-Task samples target the original HTML fixture rather than inventing a second page
2026-10-08T17:15:25.1822867Z ok 5 - AI-to-Task samples target the original HTML fixture rather than inventing a second page
2026-10-08T17:15:25.1824267Z   ---
2026-10-08T17:15:25.1824885Z   duration_ms: 1.610078
2026-10-08T17:15:25.1825608Z   type: 'test'
2026-10-08T17:15:25.1826239Z   ...
2026-10-08T17:15:25.1921093Z # Subtest: read-only Agent observation draft retains the main R6.2 bounded snapshot contract
2026-10-08T17:15:25.1934958Z ok 6 - read-only Agent observation draft retains the main R6.2 bounded snapshot contract
2026-10-08T17:15:25.1943851Z   ---
2026-10-08T17:15:25.1944321Z   duration_ms: 7.057196
2026-10-08T17:15:25.1944815Z   type: 'test'
2026-10-08T17:15:25.1945216Z   ...
2026-10-08T17:15:25.1946003Z # Subtest: modern Locator Task candidate is exact and immutable, never pre-verified
2026-10-08T17:15:25.1947222Z ok 7 - modern Locator Task candidate is exact and immutable, never pre-verified
2026-10-08T17:15:25.1947986Z   ---
2026-10-08T17:15:25.1948408Z   duration_ms: 9.970776
2026-10-08T17:15:25.1948918Z   type: 'test'
2026-10-08T17:15:25.1949343Z   ...
2026-10-08T17:15:25.2655099Z # Subtest: real loopback HTTP server serves static JSON, HTML and true 404/non-JSON
2026-10-08T17:15:25.2688881Z ok 8 - real loopback HTTP server serves static JSON, HTML and true 404/non-JSON
2026-10-08T17:15:25.2689663Z   ---
2026-10-08T17:15:25.2727432Z   duration_ms: 64.912866
2026-10-08T17:15:25.2728039Z   type: 'test'
2026-10-08T17:15:25.2728528Z   ...
2026-10-08T17:15:25.4587854Z # Subtest: real loopback HTTP server emits status/POST body and delayed responses
2026-10-08T17:15:25.4590514Z ok 9 - real loopback HTTP server emits status/POST body and delayed responses
2026-10-08T17:15:25.4591271Z   ---
2026-10-08T17:15:25.4591634Z   duration_ms: 204.645946
2026-10-08T17:15:25.4592102Z   type: 'test'
2026-10-08T17:15:25.4592456Z   ...
2026-10-08T17:15:26.7903607Z # Subtest: one ordinary HTML page exposes unique, stable automation targets
2026-10-08T17:15:26.7904979Z ok 10 - one ordinary HTML page exposes unique, stable automation targets
2026-10-08T17:15:26.7905891Z   ---
2026-10-08T17:15:26.7906560Z   duration_ms: 13.721454
2026-10-08T17:15:26.7907219Z   type: 'test'
2026-10-08T17:15:26.7907767Z   ...
2026-10-08T17:15:26.7909083Z # Subtest: the unchanged signed v1 task still targets \#name → \#submit → \#done
2026-10-08T17:15:26.7910511Z ok 11 - the unchanged signed v1 task still targets \#name → \#submit → \#done
2026-10-08T17:15:26.7911380Z   ---
2026-10-08T17:15:26.7912037Z   duration_ms: 2.896005
2026-10-08T17:15:26.7912639Z   type: 'test'
2026-10-08T17:15:26.7913193Z   ...
2026-10-08T17:15:26.7914606Z # Subtest: modern search retains an initially filled field and deliberately replaces its submit button
2026-10-08T17:15:26.7916280Z ok 12 - modern search retains an initially filled field and deliberately replaces its submit button
2026-10-08T17:15:26.7917312Z   ---
2026-10-08T17:15:26.7917857Z   duration_ms: 1.773962
2026-10-08T17:15:26.7918455Z   type: 'test'
2026-10-08T17:15:26.7919005Z   ...
2026-10-08T17:15:26.7920076Z # Subtest: async scene sends only local fetches and distinguishes loading, 404, abort and timeout
2026-10-08T17:15:26.7921578Z ok 13 - async scene sends only local fetches and distinguishes loading, 404, abort and timeout
2026-10-08T17:15:26.7922558Z   ---
2026-10-08T17:15:26.7923093Z   duration_ms: 3.043528
2026-10-08T17:15:26.7923944Z   type: 'test'
2026-10-08T17:15:26.7924496Z   ...
2026-10-08T17:15:26.7945673Z # Subtest: HTTP panel defaults to genuine local JSON and OpenDesk SDK without auto-request
2026-10-08T17:15:26.7964794Z ok 14 - HTTP panel defaults to genuine local JSON and OpenDesk SDK without auto-request
2026-10-08T17:15:26.7966066Z   ---
2026-10-08T17:15:26.7970887Z   duration_ms: 2.163435
2026-10-08T17:15:26.7971507Z   type: 'test'
2026-10-08T17:15:26.7972039Z   ...
2026-10-08T17:15:26.7973123Z # Subtest: the single canonical page exposes seven navigable groups and honest Locator fixtures
2026-10-08T17:15:26.7974920Z ok 15 - the single canonical page exposes seven navigable groups and honest Locator fixtures
2026-10-08T17:15:26.7975883Z   ---
2026-10-08T17:15:26.7976400Z   duration_ms: 3.046294
2026-10-08T17:15:26.7976960Z   type: 'test'
2026-10-08T17:15:26.7977471Z   ...
2026-10-08T17:15:26.7978433Z # Subtest: Locator fixture actions, late insertion, and reset mutate only observable DOM
2026-10-08T17:15:26.7979806Z ok 16 - Locator fixture actions, late insertion, and reset mutate only observable DOM
2026-10-08T17:15:26.7980707Z   ---
2026-10-08T17:15:26.7981213Z   duration_ms: 1527.100335
2026-10-08T17:15:26.7981794Z   type: 'test'
2026-10-08T17:15:26.7982311Z   ...
2026-10-08T17:15:26.8283029Z # Subtest: HTTP panel sends no request until click and shows real status/content without HTML injection
2026-10-08T17:15:26.8285038Z ok 17 - HTTP panel sends no request until click and shows real status/content without HTML injection
2026-10-08T17:15:26.8286030Z   ---
2026-10-08T17:15:26.8286697Z   duration_ms: 38.399723
2026-10-08T17:15:26.8287353Z   type: 'test'
2026-10-08T17:15:26.8287875Z   ...
2026-10-08T17:15:26.8453068Z # Subtest: HTTP panel preserves actual 404 and abort/reset cannot resurrect late replies
2026-10-08T17:15:26.8480426Z ok 18 - HTTP panel preserves actual 404 and abort/reset cannot resurrect late replies
2026-10-08T17:15:26.8496571Z   ---
2026-10-08T17:15:26.8509062Z   duration_ms: 17.07004
2026-10-08T17:15:26.8534178Z   type: 'test'
2026-10-08T17:15:26.8534863Z   ...
2026-10-08T17:15:26.8536198Z # Subtest: axiosx MAIN SDK calls existing facade for actual return projection, not fetch fallback
2026-10-08T17:15:26.8537824Z ok 19 - axiosx MAIN SDK calls existing facade for actual return projection, not fetch fallback
2026-10-08T17:15:26.8539075Z   ---
2026-10-08T17:15:26.8543707Z   duration_ms: 6.717787
2026-10-08T17:15:26.8544699Z   type: 'test'
2026-10-08T17:15:26.8545347Z   ...
2026-10-08T17:15:26.8594982Z # Subtest: uninstalled or non-network SDK errors are explicit and never fall back to fetch
2026-10-08T17:15:26.8604556Z ok 20 - uninstalled or non-network SDK errors are explicit and never fall back to fetch
2026-10-08T17:15:26.8623938Z   ---
2026-10-08T17:15:26.8652588Z   duration_ms: 6.493471
2026-10-08T17:15:26.8653144Z   type: 'test'
2026-10-08T17:15:26.8653868Z   ...
2026-10-08T17:15:26.8740326Z # Subtest: axiosx E_HTTP keeps actual status/response and cancellation discards late UI only
2026-10-08T17:15:26.8760671Z ok 21 - axiosx E_HTTP keeps actual status/response and cancellation discards late UI only
2026-10-08T17:15:26.8794074Z   ---
2026-10-08T17:15:26.8808304Z   duration_ms: 9.648315
2026-10-08T17:15:26.8873616Z   type: 'test'
2026-10-08T17:15:26.8874048Z   ...
2026-10-08T17:15:26.8904523Z # Subtest: axiosx Controller Worker and Page API draft files keep their separate boundaries
2026-10-08T17:15:26.8937113Z ok 22 - axiosx Controller Worker and Page API draft files keep their separate boundaries
2026-10-08T17:15:26.8950809Z   ---
2026-10-08T17:15:26.8958813Z   duration_ms: 6.698302
2026-10-08T17:15:26.8959242Z   type: 'test'
2026-10-08T17:15:26.8959592Z   ...
2026-10-08T17:15:26.8960411Z # Subtest: inline JavaScript parses without a third-party runtime or external resources
2026-10-08T17:15:26.8961633Z ok 23 - inline JavaScript parses without a third-party runtime or external resources
2026-10-08T17:15:26.8962350Z   ---
2026-10-08T17:15:26.8962692Z   duration_ms: 2.119053
2026-10-08T17:15:26.8963091Z   type: 'test'
2026-10-08T17:15:26.8963651Z   ...
2026-10-08T17:15:26.8964515Z # Subtest: manual browser testing has exactly one canonical HTML and no obsolete advertised URL
2026-10-08T17:15:26.8965781Z ok 24 - manual browser testing has exactly one canonical HTML and no obsolete advertised URL
2026-10-08T17:15:26.8966914Z   ---
2026-10-08T17:15:26.8967239Z   duration_ms: 3.90112
2026-10-08T17:15:26.8967618Z   type: 'test'
2026-10-08T17:15:26.8967941Z   ...
2026-10-08T17:15:26.9105211Z # Subtest: product shell configures the Chrome Side Panel action and never creates a popup
2026-10-08T17:15:26.9114587Z ok 25 - product shell configures the Chrome Side Panel action and never creates a popup
2026-10-08T17:15:26.9115783Z   ---
2026-10-08T17:15:26.9116373Z   duration_ms: 2.215211
2026-10-08T17:15:26.9117039Z   type: 'test'
2026-10-08T17:15:26.9117714Z   ...
2026-10-08T17:15:26.9118873Z # Subtest: tool sender accepts top-level Side Panel documents and rejects foreign or nested senders
2026-10-08T17:15:26.9120527Z ok 26 - tool sender accepts top-level Side Panel documents and rejects foreign or nested senders
2026-10-08T17:15:26.9121619Z   ---
2026-10-08T17:15:26.9122242Z   duration_ms: 0.57653
2026-10-08T17:15:26.9122947Z   type: 'test'
2026-10-08T17:15:26.9123892Z   ...
2026-10-08T17:15:26.9125121Z # Subtest: URL policy rejects restricted/file/credentials and preserves exact origin including port
2026-10-08T17:15:26.9126854Z ok 27 - URL policy rejects restricted/file/credentials and preserves exact origin including port
2026-10-08T17:15:26.9127969Z   ---
2026-10-08T17:15:26.9128577Z   duration_ms: 0.605574
2026-10-08T17:15:26.9129240Z   type: 'test'
2026-10-08T17:15:26.9129817Z   ...
2026-10-08T17:15:26.9130944Z # Subtest: health waits for sender readiness and binds Chrome document metadata, not file result
2026-10-08T17:15:26.9132550Z ok 28 - health waits for sender readiness and binds Chrome document metadata, not file result
2026-10-08T17:15:26.9133847Z   ---
2026-10-08T17:15:26.9134438Z   duration_ms: 9.953812
2026-10-08T17:15:26.9135166Z   type: 'test'
2026-10-08T17:15:26.9135888Z   ...
2026-10-08T17:15:26.9136622Z # Subtest: revoked permission blocks even previously installed agent
2026-10-08T17:15:26.9137653Z ok 29 - revoked permission blocks even previously installed agent
2026-10-08T17:15:26.9138430Z   ---
2026-10-08T17:15:26.9139030Z   duration_ms: 2.475194
2026-10-08T17:15:26.9139532Z   type: 'test'
2026-10-08T17:15:26.9139991Z   ...
2026-10-08T17:15:26.9141319Z # Subtest: reload, cross-origin and closed tab reject bound target without automatic reinjection
2026-10-08T17:15:26.9142744Z ok 30 - reload, cross-origin and closed tab reject bound target without automatic reinjection
2026-10-08T17:15:26.9144674Z   ---
2026-10-08T17:15:26.9145264Z   duration_ms: 6.202781
2026-10-08T17:15:26.9145869Z   type: 'test'
2026-10-08T17:15:26.9146419Z   ...
2026-10-08T17:15:26.9147346Z # Subtest: forged health nonce and fake sender cannot satisfy exact target
2026-10-08T17:15:26.9148622Z ok 31 - forged health nonce and fake sender cannot satisfy exact target
2026-10-08T17:15:26.9149499Z   ---
2026-10-08T17:15:26.9150051Z   duration_ms: 3.077832
2026-10-08T17:15:26.9150659Z   type: 'test'
2026-10-08T17:15:26.9151192Z   ...
2026-10-08T17:15:26.9152174Z # Subtest: missing module has no capabilities or runner and can be mounted/disposed
2026-10-08T17:15:26.9153947Z ok 32 - missing module has no capabilities or runner and can be mounted/disposed
2026-10-08T17:15:26.9154877Z   ---
2026-10-08T17:15:26.9155432Z   duration_ms: 0.662449
2026-10-08T17:15:26.9156034Z   type: 'test'
2026-10-08T17:15:26.9156586Z   ...
2026-10-08T17:15:26.9157571Z # Subtest: Side Panel configuration failure is surfaced without a popup fallback
2026-10-08T17:15:26.9159011Z ok 33 - Side Panel configuration failure is surfaced without a popup fallback
2026-10-08T17:15:26.9159953Z   ---
2026-10-08T17:15:26.9160481Z   duration_ms: 0.558607
2026-10-08T17:15:26.9161043Z   type: 'test'
2026-10-08T17:15:26.9161626Z   ...
2026-10-08T17:15:26.9162489Z # Subtest: unknown authorization mode is rejected before another injection
2026-10-08T17:15:26.9164799Z ok 34 - unknown authorization mode is rejected before another injection
2026-10-08T17:15:26.9165675Z   ---
2026-10-08T17:15:26.9166192Z   duration_ms: 3.674669
2026-10-08T17:15:26.9167038Z   type: 'test'
2026-10-08T17:15:26.9167540Z   ...
2026-10-08T17:15:26.9168498Z # Subtest: permission revoke reports permission failure even when Chrome hides tab URL
2026-10-08T17:15:26.9169907Z ok 35 - permission revoke reports permission failure even when Chrome hides tab URL
2026-10-08T17:15:26.9170869Z   ---
2026-10-08T17:15:26.9171396Z   duration_ms: 1.884898
2026-10-08T17:15:26.9171966Z   type: 'test'
2026-10-08T17:15:26.9172495Z   ...
2026-10-08T17:15:26.9173789Z # Subtest: permission revoked during tabs.get is diagnosed before inspecting its hidden URL
2026-10-08T17:15:26.9196962Z ok 36 - permission revoked during tabs.get is diagnosed before inspecting its hidden URL
2026-10-08T17:15:26.9198160Z   ---
2026-10-08T17:15:26.9198719Z   duration_ms: 1.959286
2026-10-08T17:15:26.9199349Z   type: 'test'
2026-10-08T17:15:26.9199984Z   ...
2026-10-08T17:15:26.9201058Z # Subtest: repeated agent ready preserves optional authorization and cannot bypass revoke
2026-10-08T17:15:26.9202562Z ok 37 - repeated agent ready preserves optional authorization and cannot bypass revoke
2026-10-08T17:15:26.9203845Z   ---
2026-10-08T17:15:26.9204548Z   duration_ms: 2.291653
2026-10-08T17:15:26.9205183Z   type: 'test'
2026-10-08T17:15:26.9205757Z   ...
2026-10-08T17:15:26.9206761Z # Subtest: same-document concurrent binding resolves all readiness waiters
2026-10-08T17:15:26.9208011Z ok 38 - same-document concurrent binding resolves all readiness waiters
2026-10-08T17:15:26.9208857Z   ---
2026-10-08T17:15:26.9209367Z   duration_ms: 2.315106
2026-10-08T17:15:26.9209930Z   type: 'test'
2026-10-08T17:15:26.9210452Z   ...
2026-10-08T17:15:26.9211469Z # Subtest: document invalidation and revoke while awaiting reply reject late health success
2026-10-08T17:15:26.9212925Z ok 39 - document invalidation and revoke while awaiting reply reject late health success
2026-10-08T17:15:26.9214282Z   ---
2026-10-08T17:15:26.9214815Z   duration_ms: 2.044304
2026-10-08T17:15:26.9215392Z   type: 'test'
2026-10-08T17:15:26.9215909Z   ...
2026-10-08T17:15:26.9216954Z # Subtest: missing Side Panel sender documentId resolves only unique native instance context
2026-10-08T17:15:26.9218447Z ok 40 - missing Side Panel sender documentId resolves only unique native instance context
2026-10-08T17:15:26.9219394Z   ---
2026-10-08T17:15:26.9220236Z   duration_ms: 2.035848
2026-10-08T17:15:26.9220825Z   type: 'test'
2026-10-08T17:15:26.9221320Z   ...
2026-10-08T17:15:26.9222512Z # Subtest: fixed production protocol Schema uses variable-width LZW and decodes byte-for-byte to the audited object
2026-10-08T17:15:26.9224755Z ok 41 - fixed production protocol Schema uses variable-width LZW and decodes byte-for-byte to the audited object
2026-10-08T17:15:26.9226312Z   ---
2026-10-08T17:15:26.9227118Z   duration_ms: 65.817756
2026-10-08T17:15:26.9227766Z   type: 'test'
2026-10-08T17:15:26.9228293Z   ...
2026-10-08T17:15:26.9229474Z # Subtest: small and non-ASCII schemas still round-trip through existing smaller-of-two-formats selection
2026-10-08T17:15:26.9231186Z ok 42 - small and non-ASCII schemas still round-trip through existing smaller-of-two-formats selection
2026-10-08T17:15:26.9232261Z   ---
2026-10-08T17:15:26.9232768Z   duration_ms: 0.846441
2026-10-08T17:15:26.9233590Z   type: 'test'
2026-10-08T17:15:26.9234221Z   ...
2026-10-08T17:15:26.9235025Z # Subtest: async main receives page/params lexically without platform arguments
2026-10-08T17:15:26.9236157Z ok 43 - async main receives page/params lexically without platform arguments
2026-10-08T17:15:26.9236835Z   ---
2026-10-08T17:15:26.9237169Z   duration_ms: 1.548273
2026-10-08T17:15:26.9237557Z   type: 'test'
2026-10-08T17:15:26.9237892Z   ...
2026-10-08T17:15:26.9238504Z # Subtest: main return preserves falsy values including undefined
2026-10-08T17:15:26.9239380Z ok 44 - main return preserves falsy values including undefined
2026-10-08T17:15:26.9239944Z   ---
2026-10-08T17:15:26.9240266Z   duration_ms: 0.363123
2026-10-08T17:15:26.9240650Z   type: 'test'
2026-10-08T17:15:26.9240974Z   ...
2026-10-08T17:15:26.9256410Z # Subtest: prior async-body scripts still execute and return correctly
2026-10-08T17:15:26.9309789Z ok 45 - prior async-body scripts still execute and return correctly
2026-10-08T17:15:26.9310554Z   ---
2026-10-08T17:15:26.9310948Z   duration_ms: 0.237641
2026-10-08T17:15:26.9311432Z   type: 'test'
2026-10-08T17:15:26.9311846Z   ...
2026-10-08T17:15:26.9312559Z # Subtest: main faults are errors rather than silent empty results
2026-10-08T17:15:26.9313745Z ok 46 - main faults are errors rather than silent empty results
2026-10-08T17:15:26.9314414Z   ---
2026-10-08T17:15:26.9314776Z   duration_ms: 0.643224
2026-10-08T17:15:26.9315162Z   type: 'test'
2026-10-08T17:15:26.9315495Z   ...
2026-10-08T17:15:26.9316459Z # Subtest: worker fault preserves a bounded raw generated stack without claiming a source mapping
2026-10-08T17:15:26.9317826Z ok 47 - worker fault preserves a bounded raw generated stack without claiming a source mapping
2026-10-08T17:15:26.9318681Z   ---
2026-10-08T17:15:26.9319035Z   duration_ms: 23.503057
2026-10-08T17:15:26.9319440Z   type: 'test'
2026-10-08T17:15:26.9319855Z   ...
2026-10-08T17:15:26.9320941Z # Subtest: navigation starts invalidate the visible old document before tabs updates and recover after failure or commit
2026-10-08T17:15:26.9322608Z ok 48 - navigation starts invalidate the visible old document before tabs updates and recover after failure or commit
2026-10-08T17:15:26.9323723Z   ---
2026-10-08T17:15:26.9324173Z   duration_ms: 8.814357
2026-10-08T17:15:26.9325137Z   type: 'test'
2026-10-08T17:15:26.9332852Z   ...
2026-10-08T17:15:26.9334691Z # Subtest: loading and unloaded tabs never expose their still-visible old document as a runnable candidate
2026-10-08T17:15:26.9336825Z ok 49 - loading and unloaded tabs never expose their still-visible old document as a runnable candidate
2026-10-08T17:15:26.9337943Z   ---
2026-10-08T17:15:26.9338446Z   duration_ms: 1.009002
2026-10-08T17:15:26.9338995Z   type: 'test'
2026-10-08T17:15:26.9339501Z   ...
2026-10-08T17:15:26.9340528Z # Subtest: a tab becoming loading after frame observation fails the final candidate confirmation
2026-10-08T17:15:26.9342035Z ok 50 - a tab becoming loading after frame observation fails the final candidate confirmation
2026-10-08T17:15:26.9342966Z   ---
2026-10-08T17:15:26.9343939Z   duration_ms: 0.321196
2026-10-08T17:15:26.9347158Z   type: 'test'
2026-10-08T17:15:26.9347682Z   ...
2026-10-08T17:15:26.9348809Z # Subtest: Sidebar binds to its own browser window and exposes only the active HTTP(S) main document
2026-10-08T17:15:26.9350316Z ok 51 - Sidebar binds to its own browser window and exposes only the active HTTP(S) main document
2026-10-08T17:15:26.9351265Z   ---
2026-10-08T17:15:26.9351754Z   duration_ms: 1.503149
2026-10-08T17:15:26.9352290Z   type: 'test'
2026-10-08T17:15:26.9352780Z   ...
2026-10-08T17:15:26.9353952Z # Subtest: same-URL tab switch cannot replace the captured run candidate
2026-10-08T17:15:26.9355104Z ok 52 - same-URL tab switch cannot replace the captured run candidate
2026-10-08T17:15:26.9356025Z   ---
2026-10-08T17:15:26.9356515Z   duration_ms: 0.397387
2026-10-08T17:15:26.9357056Z   type: 'test'
2026-10-08T17:15:26.9357773Z   ...
2026-10-08T17:15:26.9358682Z # Subtest: SPA URL change before admission is stale even when documentId is unchanged
2026-10-08T17:15:26.9360080Z ok 53 - SPA URL change before admission is stale even when documentId is unchanged
2026-10-08T17:15:26.9360935Z   ---
2026-10-08T17:15:26.9361409Z   duration_ms: 0.32315
2026-10-08T17:15:26.9361947Z   type: 'test'
2026-10-08T17:15:26.9362429Z   ...
2026-10-08T17:15:26.9363610Z # Subtest: reload/full navigation invalidates the old candidate instead of matching by URL
2026-10-08T17:15:26.9365034Z ok 54 - reload/full navigation invalidates the old candidate instead of matching by URL
2026-10-08T17:15:26.9365982Z   ---
2026-10-08T17:15:26.9366471Z   duration_ms: 0.345521
2026-10-08T17:15:26.9367019Z   type: 'test'
2026-10-08T17:15:26.9367507Z   ...
2026-10-08T17:15:26.9368518Z # Subtest: Current Page follows activation events but never falls back to a previous valid page
2026-10-08T17:15:26.9370249Z ok 55 - Current Page follows activation events but never falls back to a previous valid page
2026-10-08T17:15:26.9371173Z   ---
2026-10-08T17:15:26.9371663Z   duration_ms: 3.332865
2026-10-08T17:15:26.9372214Z   type: 'test'
2026-10-08T17:15:26.9372705Z   ...
2026-10-08T17:15:26.9373837Z # Subtest: two Sidebar instances bind independently to their containing browser windows
2026-10-08T17:15:26.9375331Z ok 56 - two Sidebar instances bind independently to their containing browser windows
2026-10-08T17:15:26.9376199Z   ---
2026-10-08T17:15:26.9376684Z   duration_ms: 0.683027
2026-10-08T17:15:26.9377229Z   type: 'test'
2026-10-08T17:15:26.9377717Z   ...
2026-10-08T17:15:26.9378445Z # Subtest: dispose releases all browser event subscriptions
2026-10-08T17:15:26.9379403Z ok 57 - dispose releases all browser event subscriptions
2026-10-08T17:15:26.9380106Z   ---
2026-10-08T17:15:26.9380589Z   duration_ms: 0.674432
2026-10-08T17:15:26.9381141Z   type: 'test'
2026-10-08T17:15:26.9381619Z   ...
2026-10-08T17:15:26.9382493Z # Subtest: a late revalidation cannot overwrite a newer Current Page observation
2026-10-08T17:15:26.9383916Z ok 58 - a late revalidation cannot overwrite a newer Current Page observation
2026-10-08T17:15:26.9384727Z   ---
2026-10-08T17:15:26.9385210Z   duration_ms: 2.283298
2026-10-08T17:15:26.9385795Z   type: 'test'
2026-10-08T17:15:26.9386316Z   ...
2026-10-08T17:15:26.9387273Z # Subtest: a disposed Sidebar cannot capture or finish an in-flight candidate validation
2026-10-08T17:15:26.9388660Z ok 59 - a disposed Sidebar cannot capture or finish an in-flight candidate validation
2026-10-08T17:15:26.9389534Z   ---
2026-10-08T17:15:26.9390022Z   duration_ms: 1.958975
2026-10-08T17:15:26.9390557Z   type: 'test'
2026-10-08T17:15:26.9391046Z   ...
2026-10-08T17:15:26.9392336Z # Subtest: inspection only parses and lists download permissions; explicit actions and post-download hash review are separate
2026-10-08T17:15:26.9394494Z ok 60 - inspection only parses and lists download permissions; explicit actions and post-download hash review are separate
2026-10-08T17:15:26.9395726Z   ---
2026-10-08T17:15:26.9396237Z   duration_ms: 39.926256
2026-10-08T17:15:26.9396783Z   type: 'test'
2026-10-08T17:15:26.9397281Z   ...
2026-10-08T17:15:26.9398662Z # Subtest: packaged jQuery and a second ordinary library use ordered generic assets; source provenance is explicit
2026-10-08T17:15:26.9400514Z ok 61 - packaged jQuery and a second ordinary library use ordered generic assets; source provenance is explicit
2026-10-08T17:15:26.9401569Z   ---
2026-10-08T17:15:26.9402065Z   duration_ms: 11.227676
2026-10-08T17:15:26.9402606Z   type: 'test'
2026-10-08T17:15:26.9403092Z   ...
2026-10-08T17:15:26.9404640Z # Subtest: approved locks run offline after a new manager instance and draft edits; source/mode changes require a new lock
2026-10-08T17:15:26.9406473Z ok 62 - approved locks run offline after a new manager instance and draft edits; source/mode changes require a new lock
2026-10-08T17:15:26.9407575Z   ---
2026-10-08T17:15:26.9408063Z   duration_ms: 5.806225
2026-10-08T17:15:26.9408604Z   type: 'test'
2026-10-08T17:15:26.9409101Z   ...
2026-10-08T17:15:26.9410282Z # Subtest: duplicate declarations preserve execution order, shared bytes do not share another namespace approval
2026-10-08T17:15:26.9412041Z ok 63 - duplicate declarations preserve execution order, shared bytes do not share another namespace approval
2026-10-08T17:15:26.9413109Z   ---
2026-10-08T17:15:26.9413815Z   duration_ms: 9.093746
2026-10-08T17:15:26.9414354Z   type: 'test'
2026-10-08T17:15:26.9414844Z   ...
2026-10-08T17:15:26.9416009Z # Subtest: a local file adapter preserves declared URL and original file bytes without claiming a network download
2026-10-08T17:15:26.9417753Z ok 64 - a local file adapter preserves declared URL and original file bytes without claiming a network download
2026-10-08T17:15:26.9418818Z   ---
2026-10-08T17:15:26.9419304Z   duration_ms: 7.671767
2026-10-08T17:15:26.9420065Z   type: 'test'
2026-10-08T17:15:26.9420562Z   ...
2026-10-08T17:15:26.9421798Z # Subtest: same URL updates produce new immutable locks; selecting approved old bytes stays offline and deterministic
2026-10-08T17:15:26.9423807Z ok 65 - same URL updates produce new immutable locks; selecting approved old bytes stays offline and deterministic
2026-10-08T17:15:26.9424899Z   ---
2026-10-08T17:15:26.9425386Z   duration_ms: 18.030041
2026-10-08T17:15:26.9425940Z   type: 'test'
2026-10-08T17:15:26.9426424Z   ...
2026-10-08T17:15:26.9427472Z # Subtest: SRI validates original bytes with SHA-256/384/512 and does not silently approve a mismatch
2026-10-08T17:15:26.9429017Z ok 66 - SRI validates original bytes with SHA-256/384/512 and does not silently approve a mismatch
2026-10-08T17:15:26.9429980Z   ---
2026-10-08T17:15:26.9430465Z   duration_ms: 15.67504
2026-10-08T17:15:26.9431012Z   type: 'test'
2026-10-08T17:15:26.9431498Z   ...
2026-10-08T17:15:26.9432617Z # Subtest: downloader rejects redirects, HTML/JSON, malformed UTF-8, private IPs and excess streaming bytes
2026-10-08T17:15:26.9434722Z ok 67 - downloader rejects redirects, HTML/JSON, malformed UTF-8, private IPs and excess streaming bytes
2026-10-08T17:15:26.9435762Z   ---
2026-10-08T17:15:26.9436251Z   duration_ms: 8.730162
2026-10-08T17:15:26.9436824Z   type: 'test'
2026-10-08T17:15:26.9437312Z   ...
2026-10-08T17:15:26.9438498Z # Subtest: permission revocation and stale host during network/hash work never commit an approvable review or lock
2026-10-08T17:15:26.9440274Z ok 68 - permission revocation and stale host during network/hash work never commit an approvable review or lock
2026-10-08T17:15:26.9441342Z   ---
2026-10-08T17:15:26.9441826Z   duration_ms: 5.522058
2026-10-08T17:15:26.9442365Z   type: 'test'
2026-10-08T17:15:26.9442867Z   ...
2026-10-08T17:15:26.9444280Z # Subtest: asset, review provenance and lock tampering fail closed; quota failure atomically rolls back prepared assets
2026-10-08T17:15:26.9446133Z ok 69 - asset, review provenance and lock tampering fail closed; quota failure atomically rolls back prepared assets
2026-10-08T17:15:26.9447215Z   ---
2026-10-08T17:15:26.9447707Z   duration_ms: 13.437828
2026-10-08T17:15:26.9448254Z   type: 'test'
2026-10-08T17:15:26.9448739Z   ...
2026-10-08T17:15:26.9450149Z # Subtest: ordinary JS and metadata-looking strings remain source; real BOM/blank-prefixed CRLF header is preserved
2026-10-08T17:15:26.9451974Z ok 70 - ordinary JS and metadata-looking strings remain source; real BOM/blank-prefixed CRLF header is preserved
2026-10-08T17:15:26.9453057Z   ---
2026-10-08T17:15:26.9453769Z   duration_ms: 3.242137
2026-10-08T17:15:26.9454324Z   type: 'test'
2026-10-08T17:15:26.9454819Z   ...
2026-10-08T17:15:26.9455995Z # Subtest: leading copyright comments do not hide real dependencies or privileges; malformed markers fail closed
2026-10-08T17:15:26.9504591Z ok 71 - leading copyright comments do not hide real dependencies or privileges; malformed markers fail closed
2026-10-08T17:15:26.9513906Z   ---
2026-10-08T17:15:26.9541240Z   duration_ms: 2.164487
2026-10-08T17:15:26.9541934Z   type: 'test'
2026-10-08T17:15:26.9542440Z   ...
2026-10-08T17:15:26.9543987Z # Subtest: standard unpinned @require is importable and reviewable, including duplicate execution order
2026-10-08T17:15:26.9545795Z ok 72 - standard unpinned @require is importable and reviewable, including duplicate execution order
2026-10-08T17:15:26.9546911Z   ---
2026-10-08T17:15:26.9547497Z   duration_ms: 1.358691
2026-10-08T17:15:26.9548126Z   type: 'test'
2026-10-08T17:15:26.9548699Z   ...
2026-10-08T17:15:26.9550183Z # Subtest: TM hex/Base64, SRI tokens, percent-encoded fragments and multiple strong hashes canonicalize without losing plus signs
2026-10-08T17:15:26.9552353Z ok 73 - TM hex/Base64, SRI tokens, percent-encoded fragments and multiple strong hashes canonicalize without losing plus signs
2026-10-08T17:15:26.9553930Z   ---
2026-10-08T17:15:26.9554521Z   duration_ms: 2.222955
2026-10-08T17:15:26.9555156Z   type: 'test'
2026-10-08T17:15:26.9556137Z   ...
2026-10-08T17:15:26.9557273Z # Subtest: malformed or conflicting integrity is preserved for diagnosis and cannot be admitted
2026-10-08T17:15:26.9558847Z ok 74 - malformed or conflicting integrity is preserved for diagnosis and cannot be admitted
2026-10-08T17:15:26.9559903Z   ---
2026-10-08T17:15:26.9560467Z   duration_ms: 1.560567
2026-10-08T17:15:26.9561067Z   type: 'test'
2026-10-08T17:15:26.9561659Z   ...
2026-10-08T17:15:26.9562953Z # Subtest: weak integrity does not masquerade as verified SRI; mixed declarations keep strong requirements
2026-10-08T17:15:26.9565082Z ok 75 - weak integrity does not masquerade as verified SRI; mixed declarations keep strong requirements
2026-10-08T17:15:26.9566167Z   ---
2026-10-08T17:15:26.9566740Z   duration_ms: 0.822165
2026-10-08T17:15:26.9567355Z   type: 'test'
2026-10-08T17:15:26.9567907Z   ...
2026-10-08T17:15:26.9569032Z # Subtest: relative dependencies use actual importer provenance, never a page URL or @downloadURL
2026-10-08T17:15:26.9570564Z ok 76 - relative dependencies use actual importer provenance, never a page URL or @downloadURL
2026-10-08T17:15:26.9571468Z   ---
2026-10-08T17:15:26.9571948Z   duration_ms: 2.079739
2026-10-08T17:15:26.9572639Z   type: 'test'
2026-10-08T17:15:26.9573145Z   ...
2026-10-08T17:15:26.9574582Z # Subtest: unsupported grants/resources/directives do not prevent import or hide later dependencies
2026-10-08T17:15:26.9576191Z ok 77 - unsupported grants/resources/directives do not prevent import or hide later dependencies
2026-10-08T17:15:26.9577225Z   ---
2026-10-08T17:15:26.9577806Z   duration_ms: 0.733321
2026-10-08T17:15:26.9578433Z   type: 'test'
2026-10-08T17:15:26.9578979Z   ...
2026-10-08T17:15:26.9580074Z # Subtest: entry modes remain explicit and native match/frame/timing mappings are inspectable
2026-10-08T17:15:26.9581633Z ok 78 - entry modes remain explicit and native match/frame/timing mappings are inspectable
2026-10-08T17:15:26.9582645Z   ---
2026-10-08T17:15:26.9583215Z   duration_ms: 1.824586
2026-10-08T17:15:26.9584133Z   type: 'test'
2026-10-08T17:15:26.9584696Z   ...
2026-10-08T17:15:26.9586057Z # Subtest: large valid headers no longer fail at 64 lines or 8 dependencies; real bounds fail closed with import diagnostics
2026-10-08T17:15:26.9630234Z ok 79 - large valid headers no longer fail at 64 lines or 8 dependencies; real bounds fail closed with import diagnostics
2026-10-08T17:15:26.9631510Z   ---
2026-10-08T17:15:26.9632111Z   duration_ms: 5.448201
2026-10-08T17:15:26.9632753Z   type: 'test'
2026-10-08T17:15:26.9633570Z   ...
2026-10-08T17:15:26.9634729Z # Subtest: daily development profile is deterministic per worktree, not fresh every invocation
2026-10-08T17:15:26.9636353Z ok 80 - daily development profile is deterministic per worktree, not fresh every invocation
2026-10-08T17:15:26.9637404Z   ---
2026-10-08T17:15:26.9637987Z   duration_ms: 1.479325
2026-10-08T17:15:26.9638585Z   type: 'test'
2026-10-08T17:15:26.9639147Z   ...
2026-10-08T17:15:26.9640029Z # Subtest: profile path rejects relative, unsafe or ambiguous names
2026-10-08T17:15:26.9641220Z ok 81 - profile path rejects relative, unsafe or ambiguous names
2026-10-08T17:15:26.9642009Z   ---
2026-10-08T17:15:26.9642525Z   duration_ms: 0.542517
2026-10-08T17:15:26.9643079Z   type: 'test'
2026-10-08T17:15:26.9643875Z   ...
2026-10-08T17:15:26.9645050Z # Subtest: interactive CFT flags preserve a single stable profile and extension location without bypasses
2026-10-08T17:15:26.9646722Z ok 82 - interactive CFT flags preserve a single stable profile and extension location without bypasses
2026-10-08T17:15:26.9647732Z   ---
2026-10-08T17:15:26.9648237Z   duration_ms: 1.400239
2026-10-08T17:15:26.9648818Z   type: 'test'
2026-10-08T17:15:26.9649382Z   ...
2026-10-08T17:15:26.9650241Z # Subtest: the formal native launcher remains isolated and unmodified
2026-10-08T17:15:26.9651373Z ok 83 - the formal native launcher remains isolated and unmodified
2026-10-08T17:15:26.9652189Z   ---
2026-10-08T17:15:26.9652699Z   duration_ms: 9.503667
2026-10-08T17:15:26.9653817Z   type: 'test'
2026-10-08T17:15:26.9654399Z   ...
2026-10-08T17:15:26.9655390Z # Subtest: startup permission check cannot reconnect after permission-removed
2026-10-08T17:15:26.9656756Z ok 84 - startup permission check cannot reconnect after permission-removed
2026-10-08T17:15:26.9657717Z   ---
2026-10-08T17:15:26.9658288Z   duration_ms: 8.534418
2026-10-08T17:15:26.9658906Z   type: 'test'
2026-10-08T17:15:26.9659475Z   ...
2026-10-08T17:15:26.9660354Z # Subtest: startup permission check cannot reconnect after dispose
2026-10-08T17:15:26.9661568Z ok 85 - startup permission check cannot reconnect after dispose
2026-10-08T17:15:26.9662422Z   ---
2026-10-08T17:15:26.9662996Z   duration_ms: 2.136425
2026-10-08T17:15:26.9664050Z   type: 'test'
2026-10-08T17:15:26.9670615Z   ...
2026-10-08T17:15:26.9671601Z # Subtest: reserved mutation never dispatches across disable
2026-10-08T17:15:26.9672737Z ok 86 - reserved mutation never dispatches across disable
2026-10-08T17:15:26.9673851Z   ---
2026-10-08T17:15:26.9674473Z   duration_ms: 10.733068
2026-10-08T17:15:26.9675101Z   type: 'test'
2026-10-08T17:15:26.9675681Z   ...
2026-10-08T17:15:26.9676607Z # Subtest: reserved mutation never dispatches across permission-removed
2026-10-08T17:15:26.9677873Z ok 87 - reserved mutation never dispatches across permission-removed
2026-10-08T17:15:26.9678727Z   ---
2026-10-08T17:15:26.9679257Z   duration_ms: 6.886029
2026-10-08T17:15:26.9679817Z   type: 'test'
2026-10-08T17:15:26.9680320Z   ...
2026-10-08T17:15:26.9681168Z # Subtest: reserved mutation never dispatches across disconnect-reconnect
2026-10-08T17:15:26.9682362Z ok 88 - reserved mutation never dispatches across disconnect-reconnect
2026-10-08T17:15:26.9683172Z   ---
2026-10-08T17:15:26.9683936Z   duration_ms: 6.834083
2026-10-08T17:15:26.9684484Z   type: 'test'
2026-10-08T17:15:26.9684980Z   ...
2026-10-08T17:15:26.9685764Z # Subtest: reserved mutation never dispatches across disable-enable
2026-10-08T17:15:26.9686858Z ok 89 - reserved mutation never dispatches across disable-enable
2026-10-08T17:15:26.9687662Z   ---
2026-10-08T17:15:26.9688179Z   duration_ms: 6.477781
2026-10-08T17:15:26.9688763Z   type: 'test'
2026-10-08T17:15:26.9689288Z   ...
2026-10-08T17:15:26.9690046Z # Subtest: reserved mutation never dispatches across dispose
2026-10-08T17:15:26.9691371Z ok 90 - reserved mutation never dispatches across dispose
2026-10-08T17:15:26.9692139Z   ---
2026-10-08T17:15:26.9692643Z   duration_ms: 6.46045
2026-10-08T17:15:26.9693193Z   type: 'test'
2026-10-08T17:15:26.9694082Z   ...
2026-10-08T17:15:26.9694931Z # Subtest: Native permission is rechecked immediately before dispatch
2026-10-08T17:15:26.9696132Z ok 91 - Native permission is rechecked immediately before dispatch
2026-10-08T17:15:26.9696928Z   ---
2026-10-08T17:15:26.9697435Z   duration_ms: 5.494557
2026-10-08T17:15:26.9698025Z   type: 'test'
2026-10-08T17:15:26.9698561Z   ...
2026-10-08T17:15:26.9699732Z # Subtest: a late disconnect from an old Native port cannot cancel a new connection request
2026-10-08T17:15:26.9701240Z ok 92 - a late disconnect from an old Native port cannot cancel a new connection request
2026-10-08T17:15:26.9702404Z   ---
2026-10-08T17:15:26.9702945Z   duration_ms: 11.957441
2026-10-08T17:15:26.9703955Z   type: 'test'
2026-10-08T17:15:26.9706156Z   ...
2026-10-08T17:15:26.9707089Z # Subtest: a pending enable permission check cannot overwrite disable
2026-10-08T17:15:26.9708551Z ok 93 - a pending enable permission check cannot overwrite disable
2026-10-08T17:15:26.9709408Z   ---
2026-10-08T17:15:26.9709935Z   duration_ms: 3.291278
2026-10-08T17:15:26.9710517Z   type: 'test'
2026-10-08T17:15:26.9711032Z   ...
2026-10-08T17:15:26.9711985Z # Subtest: a pending enable permission check cannot overwrite permission-removed
2026-10-08T17:15:26.9713585Z ok 94 - a pending enable permission check cannot overwrite permission-removed
2026-10-08T17:15:26.9714533Z   ---
2026-10-08T17:15:26.9715121Z   duration_ms: 1.364963
2026-10-08T17:15:26.9715893Z   type: 'test'
2026-10-08T17:15:26.9743867Z   ...
2026-10-08T17:15:26.9774298Z # Subtest: a pending enable storage write cannot persist over a newer disable
2026-10-08T17:15:26.9775701Z ok 95 - a pending enable storage write cannot persist over a newer disable
2026-10-08T17:15:26.9784127Z   ---
2026-10-08T17:15:26.9784778Z   duration_ms: 2.511421
2026-10-08T17:15:26.9785483Z   type: 'test'
2026-10-08T17:15:26.9786081Z   ...
2026-10-08T17:15:26.9787212Z # Subtest: an old Host ACK cannot match a new connection read with the same external requestId
2026-10-08T17:15:26.9788776Z ok 96 - an old Host ACK cannot match a new connection read with the same external requestId
2026-10-08T17:15:26.9789818Z   ---
2026-10-08T17:15:26.9790416Z   duration_ms: 15.086117
2026-10-08T17:15:26.9791090Z   type: 'test'
2026-10-08T17:15:26.9791666Z   ...
2026-10-08T17:15:26.9792668Z # Subtest: enabled Native handshake sends version and correct extension identity
2026-10-08T17:15:26.9794359Z ok 97 - enabled Native handshake sends version and correct extension identity
2026-10-08T17:15:26.9795350Z   ---
2026-10-08T17:15:26.9795885Z   duration_ms: 0.972855
2026-10-08T17:15:26.9796518Z   type: 'test'
2026-10-08T17:15:26.9807192Z   ...
2026-10-08T17:15:26.9808327Z # Subtest: default-off requires a packaged Settings sender and real granted Native permission
2026-10-08T17:15:26.9809974Z ok 98 - default-off requires a packaged Settings sender and real granted Native permission
2026-10-08T17:15:26.9811144Z   ---
2026-10-08T17:15:26.9811737Z   duration_ms: 0.546284
2026-10-08T17:15:26.9812366Z   type: 'test'
2026-10-08T17:15:26.9812911Z   ...
2026-10-08T17:15:26.9814236Z # Subtest: request hash journal deduplicates after real Host admission; conflicting bytes fail
2026-10-08T17:15:26.9815834Z ok 99 - request hash journal deduplicates after real Host admission; conflicting bytes fail
2026-10-08T17:15:26.9816941Z   ---
2026-10-08T17:15:26.9817537Z   duration_ms: 10.68022
2026-10-08T17:15:26.9818154Z   type: 'test'
2026-10-08T17:15:26.9818683Z   ...
2026-10-08T17:15:26.9819713Z # Subtest: dispatched but unanswered calls are never retried, even if same id reappears
2026-10-08T17:15:26.9821139Z ok 100 - dispatched but unanswered calls are never retried, even if same id reappears
2026-10-08T17:15:26.9822041Z   ---
2026-10-08T17:15:26.9822546Z   duration_ms: 8.922148
2026-10-08T17:15:26.9823770Z   type: 'test'
2026-10-08T17:15:26.9824360Z   ...
2026-10-08T17:15:26.9825323Z # Subtest: no live registered Host means no run reservation or Worker execution
2026-10-08T17:15:26.9826590Z ok 101 - no live registered Host means no run reservation or Worker execution
2026-10-08T17:15:26.9827435Z   ---
2026-10-08T17:15:26.9827945Z   duration_ms: 1.979864
2026-10-08T17:15:26.9828510Z   type: 'test'
2026-10-08T17:15:26.9829001Z   ...
2026-10-08T17:15:26.9829901Z # Subtest: run.get and run.stop cannot inspect arbitrary Sidebar-owned Run records
2026-10-08T17:15:26.9831183Z ok 102 - run.get and run.stop cannot inspect arbitrary Sidebar-owned Run records
2026-10-08T17:15:26.9832082Z   ---
2026-10-08T17:15:26.9832664Z   duration_ms: 1.771217
2026-10-08T17:15:26.9833501Z   type: 'test'
2026-10-08T17:15:26.9834096Z   ...
2026-10-08T17:15:26.9835164Z # Subtest: ACK journal write failure after Host action remains OUTCOME_UNKNOWN and never replays
2026-10-08T17:15:26.9836938Z ok 103 - ACK journal write failure after Host action remains OUTCOME_UNKNOWN and never replays
2026-10-08T17:15:26.9838221Z   ---
2026-10-08T17:15:26.9838827Z   duration_ms: 15.844966
2026-10-08T17:15:26.9839541Z   type: 'test'
2026-10-08T17:15:26.9840110Z   ...
2026-10-08T17:15:26.9841209Z # Subtest: run.get and run.stop remain pinned to the original authenticated Host registration
2026-10-08T17:15:26.9842818Z ok 104 - run.get and run.stop remain pinned to the original authenticated Host registration
2026-10-08T17:15:26.9844118Z   ---
2026-10-08T17:15:26.9844674Z   duration_ms: 24.116165
2026-10-08T17:15:26.9845308Z   type: 'test'
2026-10-08T17:15:26.9845884Z   ...
2026-10-08T17:15:26.9847024Z # Subtest: real macOS Chrome: packaged extension, trusted Options click and Native CLI handshake
2026-10-08T17:15:26.9849052Z ok 105 - real macOS Chrome: packaged extension, trusted Options click and Native CLI handshake # SKIP
2026-10-08T17:15:26.9850249Z   ---
2026-10-08T17:15:26.9850962Z   duration_ms: 0.781
2026-10-08T17:15:26.9851608Z   type: 'test'
2026-10-08T17:15:26.9852213Z   ...
2026-10-08T17:15:26.9853528Z # Subtest: current target is live Sidebar snapshot, not active tab chosen by CLI
2026-10-08T17:15:26.9854937Z ok 106 - current target is live Sidebar snapshot, not active tab chosen by CLI
2026-10-08T17:15:26.9855910Z   ---
2026-10-08T17:15:26.9856521Z   duration_ms: 2.509738
2026-10-08T17:15:26.9857184Z   type: 'test'
2026-10-08T17:15:26.9857776Z   ...
2026-10-08T17:15:26.9858961Z # Subtest: external draft uses exact RunHost with frozen borrowed target and controller requestId
2026-10-08T17:15:26.9860644Z ok 107 - external draft uses exact RunHost with frozen borrowed target and controller requestId
2026-10-08T17:15:26.9861704Z   ---
2026-10-08T17:15:26.9862229Z   duration_ms: 0.8889
2026-10-08T17:15:26.9862849Z   type: 'test'
2026-10-08T17:15:26.9863688Z   ...
2026-10-08T17:15:26.9864749Z # Subtest: Host ACK correlation preserves the external Controller admission requestId
2026-10-08T17:15:26.9866245Z ok 108 - Host ACK correlation preserves the external Controller admission requestId
2026-10-08T17:15:26.9867267Z   ---
2026-10-08T17:15:26.9867818Z   duration_ms: 0.613358
2026-10-08T17:15:26.9868417Z   type: 'test'
2026-10-08T17:15:26.9868957Z   ...
2026-10-08T17:15:26.9869915Z # Subtest: permissions and document id fail before admission (no Chrome prompt)
2026-10-08T17:15:26.9871226Z ok 109 - permissions and document id fail before admission (no Chrome prompt)
2026-10-08T17:15:26.9872105Z   ---
2026-10-08T17:15:26.9872619Z   duration_ms: 2.098004
2026-10-08T17:15:26.9873494Z   type: 'test'
2026-10-08T17:15:26.9874056Z   ...
2026-10-08T17:15:26.9874860Z # Subtest: saved requires pinned exact revision and source hash
2026-10-08T17:15:26.9875909Z ok 110 - saved requires pinned exact revision and source hash
2026-10-08T17:15:26.9876674Z   ---
2026-10-08T17:15:26.9877168Z   duration_ms: 0.815805
2026-10-08T17:15:26.9877717Z   type: 'test'
2026-10-08T17:15:26.9878208Z   ...
2026-10-08T17:15:26.9879439Z # Subtest: run.get removes unrelated Sidebar run history from Controller snapshot projection
2026-10-08T17:15:26.9881060Z ok 111 - run.get removes unrelated Sidebar run history from Controller snapshot projection
2026-10-08T17:15:26.9882127Z   ---
2026-10-08T17:15:26.9882724Z   duration_ms: 0.37206
2026-10-08T17:15:26.9883572Z   type: 'test'
2026-10-08T17:15:26.9884136Z   ...
2026-10-08T17:15:26.9885239Z # Subtest: macOS isolated Native Host install, private socket, real wrapper and authenticated CLI IPC
2026-10-08T17:15:26.9886885Z ok 112 - macOS isolated Native Host install, private socket, real wrapper and authenticated CLI IPC # SKIP
2026-10-08T17:15:26.9887896Z   ---
2026-10-08T17:15:26.9888373Z   duration_ms: 1.68126
2026-10-08T17:15:26.9888943Z   type: 'test'
2026-10-08T17:15:26.9889469Z   ...
2026-10-08T17:15:26.9890537Z # Subtest: macOS Chrome for Testing uses its own manifest and cannot replace Google Chrome registration
2026-10-08T17:15:26.9892178Z ok 113 - macOS Chrome for Testing uses its own manifest and cannot replace Google Chrome registration # SKIP
2026-10-08T17:15:26.9893197Z   ---
2026-10-08T17:15:26.9893941Z   duration_ms: 0.192296
2026-10-08T17:15:26.9894501Z   type: 'test'
2026-10-08T17:15:26.9895097Z   ...
2026-10-08T17:15:26.9896321Z # Subtest: macOS Chrome for Testing manifest is isolated from regular Chrome and launches the real native host
2026-10-08T17:15:26.9898154Z ok 114 - macOS Chrome for Testing manifest is isolated from regular Chrome and launches the real native host # SKIP
2026-10-08T17:15:26.9899314Z   ---
2026-10-08T17:15:26.9899848Z   duration_ms: 0.129701
2026-10-08T17:15:26.9900436Z   type: 'test'
2026-10-08T17:15:26.9900968Z   ...
2026-10-08T17:15:26.9901837Z # Subtest: identity is pinned; invalid origin cannot launch a server
2026-10-08T17:15:26.9903634Z ok 115 - identity is pinned; invalid origin cannot launch a server
2026-10-08T17:15:26.9904441Z   ---
2026-10-08T17:15:26.9904925Z   duration_ms: 2.245477
2026-10-08T17:15:26.9905456Z   type: 'test'
2026-10-08T17:15:26.9905925Z   ...
2026-10-08T17:15:26.9906906Z # Subtest: framed Chrome welcome, authenticated local IPC, request and exact response
2026-10-08T17:15:26.9908284Z ok 116 - framed Chrome welcome, authenticated local IPC, request and exact response
2026-10-08T17:15:26.9909159Z   ---
2026-10-08T17:15:26.9909638Z   duration_ms: 13.122914
2026-10-08T17:15:26.9910174Z   type: 'test'
2026-10-08T17:15:26.9910648Z   ...
2026-10-08T17:15:26.9911512Z # Subtest: duplicate inflight request ID is rejected, not dispatched again
2026-10-08T17:15:26.9912732Z ok 117 - duplicate inflight request ID is rejected, not dispatched again
2026-10-08T17:15:26.9913810Z   ---
2026-10-08T17:15:26.9914300Z   duration_ms: 3.655574
2026-10-08T17:15:26.9914818Z   type: 'test'
2026-10-08T17:15:26.9915290Z   ...
2026-10-08T17:15:26.9916202Z # Subtest: unacknowledged dispatched effects become unknown on native shutdown
2026-10-08T17:15:26.9917502Z ok 118 - unacknowledged dispatched effects become unknown on native shutdown
2026-10-08T17:15:26.9918350Z   ---
2026-10-08T17:15:26.9918823Z   duration_ms: 3.47568
2026-10-08T17:15:26.9919353Z   type: 'test'
2026-10-08T17:15:26.9919826Z   ...
2026-10-08T17:15:26.9920587Z # Subtest: wrong credential is rejected without local API access
2026-10-08T17:15:26.9921644Z ok 119 - wrong credential is rejected without local API access
2026-10-08T17:15:26.9922395Z   ---
2026-10-08T17:15:26.9922875Z   duration_ms: 3.183208
2026-10-08T17:15:26.9923624Z   type: 'test'
2026-10-08T17:15:26.9924126Z   ...
2026-10-08T17:15:26.9924977Z # Subtest: handshake timeout closes the private socket without stale reuse
2026-10-08T17:15:26.9926212Z ok 120 - handshake timeout closes the private socket without stale reuse
2026-10-08T17:15:26.9927019Z   ---
2026-10-08T17:15:26.9927499Z   duration_ms: 101.276371
2026-10-08T17:15:26.9928045Z   type: 'test'
2026-10-08T17:15:26.9928522Z   ...
2026-10-08T17:15:26.9929324Z # Subtest: native response timeout preserves unknown-effect outcome
2026-10-08T17:15:26.9930463Z ok 121 - native response timeout preserves unknown-effect outcome
2026-10-08T17:15:26.9931445Z   ---
2026-10-08T17:15:26.9931954Z   duration_ms: 43.591831
2026-10-08T17:15:26.9932498Z   type: 'test'
2026-10-08T17:15:26.9932969Z   ...
2026-10-08T17:15:26.9934023Z # Subtest: existing socket is never unlinked or replaced by a second host
2026-10-08T17:15:26.9935275Z ok 122 - existing socket is never unlinked or replaced by a second host
2026-10-08T17:15:26.9936079Z   ---
2026-10-08T17:15:26.9936548Z   duration_ms: 1.458066
2026-10-08T17:15:26.9937029Z   type: 'test'
2026-10-08T17:15:26.9937442Z   ...
2026-10-08T17:15:26.9938227Z # Subtest: Native remains optional after merging the current permission catalog
2026-10-08T17:15:26.9939573Z ok 123 - Native remains optional after merging the current permission catalog
2026-10-08T17:15:26.9940437Z   ---
2026-10-08T17:15:26.9940902Z   duration_ms: 5.321716
2026-10-08T17:15:26.9941429Z   type: 'test'
2026-10-08T17:15:26.9941892Z   ...
2026-10-08T17:15:26.9942776Z # Subtest: strict production SW budget and fixed packaged Native transport entry
2026-10-08T17:15:26.9944315Z ok 124 - strict production SW budget and fixed packaged Native transport entry
2026-10-08T17:15:26.9945142Z   ---
2026-10-08T17:15:26.9945626Z   duration_ms: 0.25865
2026-10-08T17:15:26.9946145Z   type: 'test'
2026-10-08T17:15:26.9946679Z   ...
2026-10-08T17:15:26.9947531Z # Subtest: single exact same-extension static import allowed in SW only
2026-10-08T17:15:26.9948683Z ok 125 - single exact same-extension static import allowed in SW only
2026-10-08T17:15:26.9949492Z   ---
2026-10-08T17:15:26.9949969Z   duration_ms: 7.017583
2026-10-08T17:15:26.9950492Z   type: 'test'
2026-10-08T17:15:26.9950953Z   ...
2026-10-08T17:15:26.9952062Z # Subtest: fixed transport registers listeners on the original SW APIs; default-off does not connect
2026-10-08T17:15:26.9954268Z ok 126 - fixed transport registers listeners on the original SW APIs; default-off does not connect
2026-10-08T17:15:26.9955303Z   ---
2026-10-08T17:15:26.9955832Z   duration_ms: 0.728632
2026-10-08T17:15:26.9956388Z   type: 'test'
2026-10-08T17:15:26.9956907Z   ...
2026-10-08T17:15:26.9957879Z # Subtest: native framing uses UTF-8 byte length and handles split multibyte boundaries
2026-10-08T17:15:26.9959238Z ok 127 - native framing uses UTF-8 byte length and handles split multibyte boundaries
2026-10-08T17:15:26.9960101Z   ---
2026-10-08T17:15:26.9960549Z   duration_ms: 1.599719
2026-10-08T17:15:26.9961056Z   type: 'test'
2026-10-08T17:15:26.9961483Z   ...
2026-10-08T17:15:26.9962332Z # Subtest: private CLI line framing has bounded buffer and independent messages
2026-10-08T17:15:26.9963802Z ok 128 - private CLI line framing has bounded buffer and independent messages
2026-10-08T17:15:26.9964660Z   ---
2026-10-08T17:15:26.9965102Z   duration_ms: 1.871332
2026-10-08T17:15:26.9965667Z   type: 'test'
2026-10-08T17:15:26.9966126Z   ...
2026-10-08T17:15:26.9966985Z # Subtest: reject unsupported transport operations and malformed browser requests
2026-10-08T17:15:26.9968251Z ok 129 - reject unsupported transport operations and malformed browser requests
2026-10-08T17:15:26.9969084Z   ---
2026-10-08T17:15:26.9969533Z   duration_ms: 0.388922
2026-10-08T17:15:26.9970047Z   type: 'test'
2026-10-08T17:15:26.9970521Z   ...
2026-10-08T17:15:26.9971422Z # Subtest: stable digest pins equivalent JSON key order and rejects prototype pollution
2026-10-08T17:15:26.9972759Z ok 130 - stable digest pins equivalent JSON key order and rejects prototype pollution
2026-10-08T17:15:26.9973860Z   ---
2026-10-08T17:15:26.9974308Z   duration_ms: 7.349549
2026-10-08T17:15:26.9974816Z   type: 'test'
2026-10-08T17:15:26.9975269Z   ...
2026-10-08T17:15:27.2755469Z # {"kind":"historical-package-mutation","expectedPattern":"Dynamic execution reference","actualError":"Dynamic execution reference in agents/health.js: eval"}
2026-10-08T17:15:27.9053547Z # {"kind":"historical-package-mutation","expectedPattern":"Dynamic execution reference","actualError":"Dynamic execution reference in agents/health.js: Function"}
2026-10-08T17:15:27.9100435Z # Subtest: final classic scanner rejects eval alias and function-constructor references
2026-10-08T17:15:27.9109837Z ok 131 - final classic scanner rejects eval alias and function-constructor references
2026-10-08T17:15:27.9112564Z   ---
2026-10-08T17:15:27.9113473Z   duration_ms: 1574.487717
2026-10-08T17:15:27.9115075Z   type: 'test'
2026-10-08T17:15:27.9116658Z   ...
2026-10-08T17:15:28.4039901Z # {"kind":"historical-package-mutation","expectedPattern":"ENOENT|Missing","actualError":"Missing required resource: ui/tool-shell.css"}
2026-10-08T17:15:28.4106636Z # Subtest: final package cannot omit a referenced local asset
2026-10-08T17:15:28.4108436Z ok 132 - final package cannot omit a referenced local asset
2026-10-08T17:15:28.4109305Z   ---
2026-10-08T17:15:28.4110437Z   duration_ms: 500.119462
2026-10-08T17:15:28.4111104Z   type: 'test'
2026-10-08T17:15:28.4111679Z   ...
2026-10-08T17:15:29.3419244Z # {"kind":"historical-package-mutation","expectedPattern":"Unsafe HTML","actualError":"Unsafe HTML resources in ui/tool.html"}
2026-10-08T17:15:29.6638030Z # {"kind":"historical-package-mutation","expectedPattern":"Unexpected JS","actualError":"Unexpected JS/chunks: agents/bootstrap.js,agents/health.js,agents/page-agent.js,agents/page-relay.js,agents/selection-entry.js,chunk.js,framework/sdk-main.js,native-agent/settings.js,native-agent/transport.js,scripting/packaged/page-session.js,scripting/sandbox/sandbox.js,scripting/sandbox/worker-runtime.js,sw.js,ui/tool-shell.js,vendor/jquery-3.7.1.min.js"}
2026-10-08T17:15:29.6661563Z # Subtest: remote script and unexpected lazy chunk fail final package verification
2026-10-08T17:15:29.6663089Z ok 133 - remote script and unexpected lazy chunk fail final package verification
2026-10-08T17:15:29.6663988Z   ---
2026-10-08T17:15:29.6664553Z   duration_ms: 1255.797766
2026-10-08T17:15:29.6664999Z   type: 'test'
2026-10-08T17:15:29.6665317Z   ...
2026-10-08T17:15:29.9976904Z # {"kind":"historical-package-mutation","expectedPattern":"Missing|required|ENOENT","actualError":"Missing required resource: ui/tool.html"}
2026-10-08T17:15:30.3323035Z # {"kind":"historical-package-mutation","expectedPattern":"worker|entry|Missing","actualError":"Unexpected or missing worker entry"}
2026-10-08T17:15:30.3349142Z # Subtest: final package requires tool HTML/CSS and manifest worker references
2026-10-08T17:15:30.3350440Z ok 134 - final package requires tool HTML/CSS and manifest worker references
2026-10-08T17:15:30.3351087Z   ---
2026-10-08T17:15:30.3351570Z   duration_ms: 668.86218
2026-10-08T17:15:30.3352036Z   type: 'test'
2026-10-08T17:15:30.3352390Z   ...
2026-10-08T17:15:30.3555368Z # Subtest: pasting @require only inspects; trusted acquisition requests permission synchronously and full-hash approval unlocks unsaved edits
2026-10-08T17:15:30.3575014Z ok 135 - pasting @require only inspects; trusted acquisition requests permission synchronously and full-hash approval unlocks unsaved edits
2026-10-08T17:15:30.3575859Z   ---
2026-10-08T17:15:30.3576227Z   duration_ms: 44.794872
2026-10-08T17:15:30.3576744Z   type: 'test'
2026-10-08T17:15:30.3577265Z   ...
2026-10-08T17:15:30.3578425Z # Subtest: changing declarations clears an old lock and a late old review cannot replace the current source or become approvable
2026-10-08T17:15:30.3580264Z ok 136 - changing declarations clears an old lock and a late old review cannot replace the current source or become approvable
2026-10-08T17:15:30.3581225Z   ---
2026-10-08T17:15:30.3581573Z   duration_ms: 6.908581
2026-10-08T17:15:30.3581961Z   type: 'test'
2026-10-08T17:15:30.3582301Z   ...
2026-10-08T17:15:30.3583501Z # Subtest: approved cached bytes can be locked for explicitly selected classic mode without a CDN permission prompt
2026-10-08T17:15:30.3585037Z ok 137 - approved cached bytes can be locked for explicitly selected classic mode without a CDN permission prompt
2026-10-08T17:15:30.3585665Z   ---
2026-10-08T17:15:30.3585876Z   duration_ms: 8.660422
2026-10-08T17:15:30.3586120Z   type: 'test'
2026-10-08T17:15:30.3586326Z   ...
2026-10-08T17:15:30.3587227Z # Subtest: permission refusal stops acquisition and local files preserve their original bytes without a CDN request
2026-10-08T17:15:30.3588149Z ok 138 - permission refusal stops acquisition and local files preserve their original bytes without a CDN request
2026-10-08T17:15:30.3588658Z   ---
2026-10-08T17:15:30.3588868Z   duration_ms: 5.530684
2026-10-08T17:15:30.3589103Z   type: 'test'
2026-10-08T17:15:30.3589300Z   ...
2026-10-08T17:15:30.3589919Z # Subtest: add dependency edits only the true metadata block, leaves examples intact and refuses to hide an incomplete header
2026-10-08T17:15:30.3590924Z ok 139 - add dependency edits only the true metadata block, leaves examples intact and refuses to hide an incomplete header
2026-10-08T17:15:30.3591462Z   ---
2026-10-08T17:15:30.3591664Z   duration_ms: 7.356994
2026-10-08T17:15:30.3591885Z   type: 'test'
2026-10-08T17:15:30.3592082Z   ...
2026-10-08T17:15:30.3592685Z # Subtest: closing or changing source while permission/file reading is pending cancels acquisition and old approval handlers
2026-10-08T17:15:30.3594458Z ok 140 - closing or changing source while permission/file reading is pending cancels acquisition and old approval handlers
2026-10-08T17:15:30.3595421Z   ---
2026-10-08T17:15:30.3595750Z   duration_ms: 13.994551
2026-10-08T17:15:30.3596145Z   type: 'test'
2026-10-08T17:15:30.3596462Z   ...
2026-10-08T17:15:30.3597266Z # Subtest: review freezes dependency source selectors and lock status does not claim cache verification
2026-10-08T17:15:30.3598164Z ok 141 - review freezes dependency source selectors and lock status does not claim cache verification
2026-10-08T17:15:30.3598707Z   ---
2026-10-08T17:15:30.3598908Z   duration_ms: 3.935035
2026-10-08T17:15:30.3599135Z   type: 'test'
2026-10-08T17:15:30.3599534Z   ...
2026-10-08T17:15:30.3599963Z # Subtest: explicit legacy adapter preserves R3 frozen USER_SCRIPT descriptors
2026-10-08T17:15:30.3600573Z ok 142 - explicit legacy adapter preserves R3 frozen USER_SCRIPT descriptors
2026-10-08T17:15:30.3600951Z   ---
2026-10-08T17:15:30.3601164Z   duration_ms: 17.310825
2026-10-08T17:15:30.3601396Z   type: 'test'
2026-10-08T17:15:30.3601614Z   ...
2026-10-08T17:15:30.3602038Z # Subtest: new pinned revision obtains different world and old revision unchanged
2026-10-08T17:15:30.3602659Z ok 143 - new pinned revision obtains different world and old revision unchanged
2026-10-08T17:15:30.3603045Z   ---
2026-10-08T17:15:30.3603558Z   duration_ms: 6.015136
2026-10-08T17:15:30.3603817Z   type: 'test'
2026-10-08T17:15:30.3604020Z   ...
2026-10-08T17:15:30.3604537Z # Subtest: fails closed without existing broker Available+install grant or with altered script hash
2026-10-08T17:15:30.3605333Z ok 144 - fails closed without existing broker Available+install grant or with altered script hash
2026-10-08T17:15:30.3605806Z   ---
2026-10-08T17:15:30.3606006Z   duration_ms: 5.84128
2026-10-08T17:15:30.3606238Z   type: 'test'
2026-10-08T17:15:30.3606434Z   ...
2026-10-08T17:15:30.3606882Z # Subtest: dependency version/sha/world lock enforced, library failure blocks injection
2026-10-08T17:15:30.3607565Z ok 145 - dependency version/sha/world lock enforced, library failure blocks injection
2026-10-08T17:15:30.3607976Z   ---
2026-10-08T17:15:30.3608172Z   duration_ms: 2.744764
2026-10-08T17:15:30.3608399Z   type: 'test'
2026-10-08T17:15:30.3608596Z   ...
2026-10-08T17:15:30.3609148Z # Subtest: D1 Page contract consumes actual manager locks and preserves generic classic globals without a wrapper
2026-10-08T17:15:30.3610002Z ok 146 - D1 Page contract consumes actual manager locks and preserves generic classic globals without a wrapper
2026-10-08T17:15:30.3610495Z   ---
2026-10-08T17:15:30.3610688Z   duration_ms: 62.249835
2026-10-08T17:15:30.3610914Z   type: 'test'
2026-10-08T17:15:30.3611109Z   ...
2026-10-08T17:15:30.3611660Z # Subtest: async-main Page revisions share immutable dependencies while registration identities remain isolated
2026-10-08T17:15:30.3612515Z ok 147 - async-main Page revisions share immutable dependencies while registration identities remain isolated
2026-10-08T17:15:30.3613149Z   ---
2026-10-08T17:15:30.3613665Z   duration_ms: 21.572394
2026-10-08T17:15:30.3613913Z   type: 'test'
2026-10-08T17:15:30.3614113Z   ...
2026-10-08T17:15:30.3614683Z # Subtest: full Page authority proof binds kind, entry, revision, dependency identity and every rule, not only matches
2026-10-08T17:15:30.3615584Z ok 148 - full Page authority proof binds kind, entry, revision, dependency identity and every rule, not only matches
2026-10-08T17:15:30.3616102Z   ---
2026-10-08T17:15:30.3616299Z   duration_ms: 40.691907
2026-10-08T17:15:30.3616528Z   type: 'test'
2026-10-08T17:15:30.3616717Z   ...
2026-10-08T17:15:30.3617278Z # Subtest: Page source/metadata/asset tampering is blocked and old Controller/R3 formats require an explicit path
2026-10-08T17:15:30.3618154Z ok 149 - Page source/metadata/asset tampering is blocked and old Controller/R3 formats require an explicit path
2026-10-08T17:15:30.3618650Z   ---
2026-10-08T17:15:30.3618851Z   duration_ms: 40.092274
2026-10-08T17:15:30.3619081Z   type: 'test'
2026-10-08T17:15:30.3619274Z   ...
2026-10-08T17:15:30.3619815Z # Subtest: named async main() evaluates in exact USER_SCRIPT main document without durable Task or registration
2026-10-08T17:15:30.3620643Z ok 150 - named async main() evaluates in exact USER_SCRIPT main document without durable Task or registration
2026-10-08T17:15:30.3621118Z   ---
2026-10-08T17:15:30.3621314Z   duration_ms: 17.230285
2026-10-08T17:15:30.3621539Z   type: 'test'
2026-10-08T17:15:30.3621736Z   ...
2026-10-08T17:15:30.3622284Z # Subtest: no injection after document change, permission revoke, Controller slot, invalid sender or API opt-in
2026-10-08T17:15:30.3623122Z ok 151 - no injection after document change, permission revoke, Controller slot, invalid sender or API opt-in
2026-10-08T17:15:30.3624562Z   ---
2026-10-08T17:15:30.3624924Z   duration_ms: 7.141313
2026-10-08T17:15:30.3625318Z   type: 'test'
2026-10-08T17:15:30.3625679Z   ...
2026-10-08T17:15:30.3626519Z # Subtest: incorrect browser document receipt and native script errors cannot claim success
2026-10-08T17:15:30.3627800Z ok 152 - incorrect browser document receipt and native script errors cannot claim success
2026-10-08T17:15:30.3628552Z   ---
2026-10-08T17:15:30.3628893Z   duration_ms: 12.491061
2026-10-08T17:15:30.3629294Z   type: 'test'
2026-10-08T17:15:30.3629633Z   ...
2026-10-08T17:15:30.3630490Z # Subtest: source, site and requested execution world cannot be forged through preview protocol
2026-10-08T17:15:30.3631796Z ok 153 - source, site and requested execution world cannot be forged through preview protocol
2026-10-08T17:15:30.3632395Z   ---
2026-10-08T17:15:30.3632597Z   duration_ms: 1.175902
2026-10-08T17:15:30.3632825Z   type: 'test'
2026-10-08T17:15:30.3633030Z   ...
2026-10-08T17:15:30.3633819Z # Subtest: verified pinned jQuery bytes precede preview main, without Service Worker evaluation
2026-10-08T17:15:30.3634590Z ok 154 - verified pinned jQuery bytes precede preview main, without Service Worker evaluation
2026-10-08T17:15:30.3635044Z   ---
2026-10-08T17:15:30.3635254Z   duration_ms: 14.034275
2026-10-08T17:15:30.3635491Z   type: 'test'
2026-10-08T17:15:30.3635694Z   ...
2026-10-08T17:15:30.3636207Z # Subtest: manifest and build verifier accept broad required sites and a finite API permission catalog
2026-10-08T17:15:30.3636996Z ok 155 - manifest and build verifier accept broad required sites and a finite API permission catalog
2026-10-08T17:15:30.3637459Z   ---
2026-10-08T17:15:30.3637652Z   duration_ms: 6.007037
2026-10-08T17:15:30.3637879Z   type: 'test'
2026-10-08T17:15:30.3638082Z   ...
2026-10-08T17:15:30.3638579Z # Subtest: declared optional plugin permission requests reject unknown, required and duplicate names
2026-10-08T17:15:30.3639481Z ok 156 - declared optional plugin permission requests reject unknown, required and duplicate names
2026-10-08T17:15:30.3640399Z   ---
2026-10-08T17:15:30.3640762Z   duration_ms: 0.436761
2026-10-08T17:15:30.3641183Z   type: 'test'
2026-10-08T17:15:30.3641534Z   ...
2026-10-08T17:15:30.3642684Z # Subtest: API grant starts synchronously inside trusted UI click and verifies the native state
2026-10-08T17:15:30.3644339Z ok 157 - API grant starts synchronously inside trusted UI click and verifies the native state
2026-10-08T17:15:30.3645156Z   ---
2026-10-08T17:15:30.3645520Z   duration_ms: 0.676496
2026-10-08T17:15:30.3645926Z   type: 'test'
2026-10-08T17:15:30.3646273Z   ...
2026-10-08T17:15:30.3647102Z # Subtest: a plugin cannot silently escalate permissions on deny or an untrusted event
2026-10-08T17:15:30.3648345Z ok 158 - a plugin cannot silently escalate permissions on deny or an untrusted event
2026-10-08T17:15:30.3649114Z   ---
2026-10-08T17:15:30.3649478Z   duration_ms: 0.344179
2026-10-08T17:15:30.3649892Z   type: 'test'
2026-10-08T17:15:30.3650262Z   ...
2026-10-08T17:15:30.3651302Z # Subtest: three-file ESM Page project becomes one locally hashed JS consumed by existing USER_SCRIPT compiler
2026-10-08T17:15:30.3652924Z ok 159 - three-file ESM Page project becomes one locally hashed JS consumed by existing USER_SCRIPT compiler
2026-10-08T17:15:30.3654133Z   ---
2026-10-08T17:15:30.3654520Z   duration_ms: 1059.514071
2026-10-08T17:15:30.3654977Z   type: 'test'
2026-10-08T17:15:30.3655348Z   ...
2026-10-08T17:15:30.3656476Z # Subtest: Controller ESM project produces the existing genuine Task v1 Candidate import format, not an Available claim
2026-10-08T17:15:30.3658165Z ok 160 - Controller ESM project produces the existing genuine Task v1 Candidate import format, not an Available claim
2026-10-08T17:15:30.3659092Z   ---
2026-10-08T17:15:30.3659432Z   duration_ms: 213.668719
2026-10-08T17:15:30.3659882Z   type: 'test'
2026-10-08T17:15:30.3660174Z   ...
2026-10-08T17:15:30.3660715Z # Subtest: development mode emits readable program JS, draft metadata and a separate local source map only
2026-10-08T17:15:30.3661736Z ok 161 - development mode emits readable program JS, draft metadata and a separate local source map only
2026-10-08T17:15:30.3662204Z   ---
2026-10-08T17:15:30.3662404Z   duration_ms: 94.678647
2026-10-08T17:15:30.3662650Z   type: 'test'
2026-10-08T17:15:30.3662847Z   ...
2026-10-08T17:15:30.3663649Z # Subtest: development source map maps final generated throw position back to local authoring module
2026-10-08T17:15:30.3664435Z ok 162 - development source map maps final generated throw position back to local authoring module
2026-10-08T17:15:30.3664894Z   ---
2026-10-08T17:15:30.3665096Z   duration_ms: 40.010664
2026-10-08T17:15:30.3665325Z   type: 'test'
2026-10-08T17:15:30.3665526Z   ...
2026-10-08T17:15:30.3666006Z # Subtest: an unbundled asset is rejected rather than included in a supposedly complete project
2026-10-08T17:15:30.3666727Z ok 163 - an unbundled asset is rejected rather than included in a supposedly complete project
2026-10-08T17:15:30.3667177Z   ---
2026-10-08T17:15:30.3667373Z   duration_ms: 7.963479
2026-10-08T17:15:30.3667596Z   type: 'test'
2026-10-08T17:15:30.3667791Z   ...
2026-10-08T17:15:30.3668248Z # Subtest: webpack dependency failures report project, phase and importing source location
2026-10-08T17:15:30.3668940Z ok 164 - webpack dependency failures report project, phase and importing source location
2026-10-08T17:15:30.3669368Z   ---
2026-10-08T17:15:30.3669566Z   duration_ms: 197.55133
2026-10-08T17:15:30.3669793Z   type: 'test'
2026-10-08T17:15:30.3669984Z   ...
2026-10-08T17:15:30.3670487Z # Subtest: untrusted remote and dynamic ESM imports are rejected before Webpack
2026-10-08T17:15:30.3671088Z ok 165 - untrusted remote and dynamic ESM imports are rejected before Webpack
2026-10-08T17:15:30.3671507Z   ---
2026-10-08T17:15:30.3671727Z   duration_ms: 6.951911
2026-10-08T17:15:30.3671972Z   type: 'test'
2026-10-08T17:15:30.3672167Z   ...
2026-10-08T17:15:30.3672694Z # Subtest: a frozen output directory rejects replacement without quietly publishing new bytes
2026-10-08T17:15:30.3673733Z ok 166 - a frozen output directory rejects replacement without quietly publishing new bytes
2026-10-08T17:15:30.3674216Z   ---
2026-10-08T17:15:30.3674425Z   duration_ms: 398.777369
2026-10-08T17:15:30.3674849Z   type: 'test'
2026-10-08T17:15:30.3675084Z   ...
2026-10-08T17:15:30.3675590Z # Subtest: multi-file ESM authoring project is a source contract, not an installed program
2026-10-08T17:15:30.3676338Z ok 167 - multi-file ESM authoring project is a source contract, not an installed program
2026-10-08T17:15:30.3676790Z   ---
2026-10-08T17:15:30.3677009Z   duration_ms: 33.829872
2026-10-08T17:15:30.3677244Z   type: 'test'
2026-10-08T17:15:30.3677459Z   ...
2026-10-08T17:15:30.3677917Z # Subtest: imports cannot escape project or load remote modules at browser runtime
2026-10-08T17:15:30.3678620Z ok 168 - imports cannot escape project or load remote modules at browser runtime
2026-10-08T17:15:30.3679027Z   ---
2026-10-08T17:15:30.3679250Z   duration_ms: 11.787726
2026-10-08T17:15:30.3679560Z   type: 'test'
2026-10-08T17:15:30.3679777Z   ...
2026-10-08T17:15:30.3680297Z # Subtest: entry diagnostics distinguish missing and non-function defaults with source location
2026-10-08T17:15:30.3681093Z ok 169 - entry diagnostics distinguish missing and non-function defaults with source location
2026-10-08T17:15:30.3681575Z   ---
2026-10-08T17:15:30.3681772Z   duration_ms: 12.160227
2026-10-08T17:15:30.3682018Z   type: 'test'
2026-10-08T17:15:30.3682236Z   ...
2026-10-08T17:15:30.3682672Z # Subtest: dynamic import is not quietly kept as an unlocked runtime dependency
2026-10-08T17:15:30.3683543Z ok 170 - dynamic import is not quietly kept as an unlocked runtime dependency
2026-10-08T17:15:30.3683962Z   ---
2026-10-08T17:15:30.3684191Z   duration_ms: 7.874864
2026-10-08T17:15:30.3684494Z   type: 'test'
2026-10-08T17:15:30.3684742Z   ...
2026-10-08T17:15:30.3685223Z # Subtest: npm imports require declared dependencies and a committed matching npm lock
2026-10-08T17:15:30.3686087Z ok 171 - npm imports require declared dependencies and a committed matching npm lock
2026-10-08T17:15:30.3686521Z   ---
2026-10-08T17:15:30.3686738Z   duration_ms: 16.0469
2026-10-08T17:15:30.3686978Z   type: 'test'
2026-10-08T17:15:30.3687179Z   ...
2026-10-08T17:15:30.3687680Z # Subtest: Page/Controller source contracts remain discriminated without changing Task v1
2026-10-08T17:15:30.3688436Z ok 172 - Page/Controller source contracts remain discriminated without changing Task v1
2026-10-08T17:15:30.3688887Z   ---
2026-10-08T17:15:30.3689106Z   duration_ms: 9.200322
2026-10-08T17:15:30.3689349Z   type: 'test'
2026-10-08T17:15:30.3689545Z   ...
2026-10-08T17:15:30.3689910Z # Subtest: assets can be listed and hashed but never silently injected
2026-10-08T17:15:30.3690487Z ok 173 - assets can be listed and hashed but never silently injected
2026-10-08T17:15:30.3690837Z   ---
2026-10-08T17:15:30.3691028Z   duration_ms: 15.296598
2026-10-08T17:15:30.3691287Z   type: 'test'
2026-10-08T17:15:30.3691480Z   ...
2026-10-08T17:15:30.3692020Z # Subtest: source snapshots and executable hashes are independently checked before import
2026-10-08T17:15:30.3693673Z ok 174 - source snapshots and executable hashes are independently checked before import
2026-10-08T17:15:30.3694537Z   ---
2026-10-08T17:15:30.3694948Z   duration_ms: 16.419652
2026-10-08T17:15:30.3695228Z   type: 'test'
2026-10-08T17:15:30.3695521Z   ...
2026-10-08T17:15:30.3696145Z # Subtest: project file selection only changes the read-only viewer; execution uses exact frozen build
2026-10-08T17:15:30.3696960Z ok 175 - project file selection only changes the read-only viewer; execution uses exact frozen build
2026-10-08T17:15:30.3697426Z   ---
2026-10-08T17:15:30.3697629Z   duration_ms: 4.330889
2026-10-08T17:15:30.3697863Z   type: 'test'
2026-10-08T17:15:30.3698066Z   ...
2026-10-08T17:15:30.3698499Z # Subtest: importing a JS draft leaves saved versions and running source independent
2026-10-08T17:15:30.3699149Z ok 176 - importing a JS draft leaves saved versions and running source independent
2026-10-08T17:15:30.3699550Z   ---
2026-10-08T17:15:30.3699751Z   duration_ms: 25.897451
2026-10-08T17:15:30.3699982Z   type: 'test'
2026-10-08T17:15:30.3700181Z   ...
2026-10-08T17:15:30.3700867Z # Subtest: draft import rejects empty/oversized sources and active saves without overwriting the editor
2026-10-08T17:15:30.3701674Z ok 177 - draft import rejects empty/oversized sources and active saves without overwriting the editor
2026-10-08T17:15:30.3702140Z   ---
2026-10-08T17:15:30.3702334Z   duration_ms: 6.378786
2026-10-08T17:15:30.3702556Z   type: 'test'
2026-10-08T17:15:30.3702747Z   ...
2026-10-08T17:15:30.3703503Z # Subtest: catalog draft import updates dependency review from the new source without saving or running
2026-10-08T17:15:30.3704346Z ok 178 - catalog draft import updates dependency review from the new source without saving or running
2026-10-08T17:15:30.3704806Z   ---
2026-10-08T17:15:30.3705005Z   duration_ms: 7.2033
2026-10-08T17:15:30.3705231Z   type: 'test'
2026-10-08T17:15:30.3705421Z   ...
2026-10-08T17:15:30.3705934Z # Subtest: Save persists revision/hash without requesting permission, creating a Run, or executing code
2026-10-08T17:15:30.3706719Z ok 179 - Save persists revision/hash without requesting permission, creating a Run, or executing code
2026-10-08T17:15:30.3707177Z   ---
2026-10-08T17:15:30.3707375Z   duration_ms: 5.056654
2026-10-08T17:15:30.3707595Z   type: 'test'
2026-10-08T17:15:30.3707786Z   ...
2026-10-08T17:15:30.3708321Z # Subtest: reopened editor lists saved scripts without running and loads the selected latest head explicitly
2026-10-08T17:15:30.3709154Z ok 180 - reopened editor lists saved scripts without running and loads the selected latest head explicitly
2026-10-08T17:15:30.3709671Z   ---
2026-10-08T17:15:30.3709862Z   duration_ms: 4.496144
2026-10-08T17:15:30.3710087Z   type: 'test'
2026-10-08T17:15:30.3710280Z   ...
2026-10-08T17:15:30.3710717Z # Subtest: loading a historical revision does not turn it into the latest Save CAS head
2026-10-08T17:15:30.3711531Z ok 181 - loading a historical revision does not turn it into the latest Save CAS head
2026-10-08T17:15:30.3711936Z   ---
2026-10-08T17:15:30.3712125Z   duration_ms: 6.210173
2026-10-08T17:15:30.3712356Z   type: 'test'
2026-10-08T17:15:30.3712554Z   ...
2026-10-08T17:15:30.3713012Z # Subtest: Delete tombstones the latest head and refreshes the saved-script selector
2026-10-08T17:15:30.3713920Z ok 182 - Delete tombstones the latest head and refreshes the saved-script selector
2026-10-08T17:15:30.3714321Z   ---
2026-10-08T17:15:30.3714517Z   duration_ms: 4.991944
2026-10-08T17:15:30.3714743Z   type: 'test'
2026-10-08T17:15:30.3714939Z   ...
2026-10-08T17:15:30.3715466Z # Subtest: saved A stays immutable; Run freezes unsaved B/params/page A; editing C and Save do not replace B
2026-10-08T17:15:30.3716318Z ok 183 - saved A stays immutable; Run freezes unsaved B/params/page A; editing C and Save do not replace B
2026-10-08T17:15:30.3716826Z   ---
2026-10-08T17:15:30.3717015Z   duration_ms: 9.908609
2026-10-08T17:15:30.3717234Z   type: 'test'
2026-10-08T17:15:30.3717431Z   ...
2026-10-08T17:15:30.3717918Z # Subtest: a brand-new unsaved draft runs with an empty script ID and never creates a saved revision
2026-10-08T17:15:30.3718695Z ok 184 - a brand-new unsaved draft runs with an empty script ID and never creates a saved revision
2026-10-08T17:15:30.3719145Z   ---
2026-10-08T17:15:30.3719335Z   duration_ms: 12.798091
2026-10-08T17:15:30.3719561Z   type: 'test'
2026-10-08T17:15:30.3719752Z   ...
2026-10-08T17:15:30.3720324Z # Subtest: permission preparation rejects a switched page; closing the editor during permission never admits a run
2026-10-08T17:15:30.3721207Z ok 185 - permission preparation rejects a switched page; closing the editor during permission never admits a run
2026-10-08T17:15:30.3721711Z   ---
2026-10-08T17:15:30.3721908Z   duration_ms: 17.068867
2026-10-08T17:15:30.3722132Z   type: 'test'
2026-10-08T17:15:30.3722330Z   ...
2026-10-08T17:15:30.3722853Z # Subtest: Stop uses the formal RunHost abort/retirement path and persists stopped with the original pin
2026-10-08T17:15:30.3724000Z ok 186 - Stop uses the formal RunHost abort/retirement path and persists stopped with the original pin
2026-10-08T17:15:30.3724614Z   ---
2026-10-08T17:15:30.3724824Z   duration_ms: 6.040301
2026-10-08T17:15:30.3725045Z   type: 'test'
2026-10-08T17:15:30.3725239Z   ...
2026-10-08T17:15:30.3725767Z # Subtest: pagehide invokes RunHost host-close; reopened editor only reads the durable interrupted Result
2026-10-08T17:15:30.3726571Z ok 187 - pagehide invokes RunHost host-close; reopened editor only reads the durable interrupted Result
2026-10-08T17:15:30.3727042Z   ---
2026-10-08T17:15:30.3727236Z   duration_ms: 5.82511
2026-10-08T17:15:30.3727459Z   type: 'test'
2026-10-08T17:15:30.3727649Z   ...
2026-10-08T17:15:30.3728147Z # Subtest: late Save/Load replies do not overwrite another script selection or edits made during loading
2026-10-08T17:15:30.3728946Z ok 188 - late Save/Load replies do not overwrite another script selection or edits made during loading
2026-10-08T17:15:30.3729402Z   ---
2026-10-08T17:15:30.3729591Z   duration_ms: 8.430586
2026-10-08T17:15:30.3729820Z   type: 'test'
2026-10-08T17:15:30.3730012Z   ...
2026-10-08T17:15:30.3730447Z # Subtest: late saved-script selector load cannot overwrite edits made during loading
2026-10-08T17:15:30.3731112Z ok 189 - late saved-script selector load cannot overwrite edits made during loading
2026-10-08T17:15:30.3731519Z   ---
2026-10-08T17:15:30.3731708Z   duration_ms: 5.467577
2026-10-08T17:15:30.3731936Z   type: 'test'
2026-10-08T17:15:30.3732127Z   ...
2026-10-08T17:15:30.3732551Z # Subtest: an older snapshot reply cannot disable Run after a newer durable observation
2026-10-08T17:15:30.3733476Z ok 190 - an older snapshot reply cannot disable Run after a newer durable observation
2026-10-08T17:15:30.3734101Z   ---
2026-10-08T17:15:30.3734499Z   duration_ms: 8.512917
2026-10-08T17:15:30.3734994Z   type: 'test'
2026-10-08T17:15:30.3735264Z   ...
2026-10-08T17:15:30.3748607Z # Subtest: an older snapshot error cannot overwrite a newer successful durable view
2026-10-08T17:15:30.3749723Z ok 191 - an older snapshot error cannot overwrite a newer successful durable view
2026-10-08T17:15:30.3750364Z   ---
2026-10-08T17:15:30.3750702Z   duration_ms: 25.871114
2026-10-08T17:15:30.3751082Z   type: 'test'
2026-10-08T17:15:30.3751397Z   ...
2026-10-08T17:15:30.3752420Z # Subtest: the permission request remains synchronous in the click fixture; denied permission and invalid params execute nothing
2026-10-08T17:15:30.3754429Z ok 192 - the permission request remains synchronous in the click fixture; denied permission and invalid params execute nothing
2026-10-08T17:15:30.3755436Z   ---
2026-10-08T17:15:30.3755777Z   duration_ms: 7.844388
2026-10-08T17:15:30.3756181Z   type: 'test'
2026-10-08T17:15:30.3756521Z   ...
2026-10-08T17:15:30.3757500Z # Subtest: DOM preview binds frozen source, dependency choice and exact current document from trusted click
2026-10-08T17:15:30.3759005Z ok 193 - DOM preview binds frozen source, dependency choice and exact current document from trusted click
2026-10-08T17:15:30.3759845Z   ---
2026-10-08T17:15:30.3760182Z   duration_ms: 5.956993
2026-10-08T17:15:30.3760571Z   type: 'test'
2026-10-08T17:15:30.3760901Z   ...
2026-10-08T17:15:30.3761808Z # Subtest: DOM preview refuses to inject when the active document changes while permission is pending
2026-10-08T17:15:30.3763179Z ok 194 - DOM preview refuses to inject when the active document changes while permission is pending
2026-10-08T17:15:30.3764160Z   ---
2026-10-08T17:15:30.3764488Z   duration_ms: 5.656517
2026-10-08T17:15:30.3764881Z   type: 'test'
2026-10-08T17:15:30.3765211Z   ...
2026-10-08T17:15:30.3766075Z # Subtest: Developer Stop cannot cancel the formal Task or another view using the shared RunHost
2026-10-08T17:15:30.3767416Z ok 195 - Developer Stop cannot cancel the formal Task or another view using the shared RunHost
2026-10-08T17:15:30.3768198Z   ---
2026-10-08T17:15:30.3768530Z   duration_ms: 4.162475
2026-10-08T17:15:30.3768969Z   type: 'test'
2026-10-08T17:15:30.3769312Z   ...
2026-10-08T17:15:30.3770262Z # Subtest: project import displays source while Save and Run freeze compiled bytes and the original hash
2026-10-08T17:15:30.3771907Z ok 196 - project import displays source while Save and Run freeze compiled bytes and the original hash
2026-10-08T17:15:30.3772698Z   ---
2026-10-08T17:15:30.3773006Z   duration_ms: 11.725891
2026-10-08T17:15:30.3773557Z   type: 'test'
2026-10-08T17:15:30.3773873Z   ...
2026-10-08T17:15:30.3774742Z # Subtest: invalid project envelope leaves the previous editor source and no execution or saved revision
2026-10-08T17:15:30.3776068Z ok 197 - invalid project envelope leaves the previous editor source and no execution or saved revision
2026-10-08T17:15:30.3776850Z   ---
2026-10-08T17:15:30.3777153Z   duration_ms: 6.429652
2026-10-08T17:15:30.3777505Z   type: 'test'
2026-10-08T17:15:30.3777821Z   ...
2026-10-08T17:15:30.3778522Z # Subtest: same-window catalog hands off exact source without invoking a runner
2026-10-08T17:15:30.3779667Z ok 198 - same-window catalog hands off exact source without invoking a runner
2026-10-08T17:15:30.3780341Z   ---
2026-10-08T17:15:30.3780673Z   duration_ms: 1.959377
2026-10-08T17:15:30.3781091Z   type: 'test'
2026-10-08T17:15:30.3781415Z   ...
2026-10-08T17:15:30.3782347Z # Subtest: draft handoff refuses other windows, senders, content pages, private tabs and catalog recipients
2026-10-08T17:15:30.3783955Z ok 199 - draft handoff refuses other windows, senders, content pages, private tabs and catalog recipients
2026-10-08T17:15:30.3784794Z   ---
2026-10-08T17:15:30.3785130Z   duration_ms: 0.340221
2026-10-08T17:15:30.3785511Z   type: 'test'
2026-10-08T17:15:30.3785822Z   ...
2026-10-08T17:15:30.3786524Z # Subtest: editor rejection is returned explicitly without claiming import success
2026-10-08T17:15:30.3787639Z ok 200 - editor rejection is returned explicitly without claiming import success
2026-10-08T17:15:30.3788509Z   ---
2026-10-08T17:15:30.3788843Z   duration_ms: 0.31815
2026-10-08T17:15:30.3789223Z   type: 'test'
2026-10-08T17:15:30.3789547Z   ...
2026-10-08T17:15:30.3790397Z # Subtest: RunHost freezes a draft source variant and parameters before awaiting the host connection
2026-10-08T17:15:30.3791705Z ok 201 - RunHost freezes a draft source variant and parameters before awaiting the host connection
2026-10-08T17:15:30.3792488Z   ---
2026-10-08T17:15:30.3792815Z   duration_ms: 4.583537
2026-10-08T17:15:30.3793205Z   type: 'test'
2026-10-08T17:15:30.3793756Z   ...
2026-10-08T17:15:30.3794510Z # Subtest: saved script API retains explicit scriptId/revision/contentHash admission
2026-10-08T17:15:30.3795773Z ok 202 - saved script API retains explicit scriptId/revision/contentHash admission
2026-10-08T17:15:30.3796400Z   ---
2026-10-08T17:15:30.3796597Z   duration_ms: 0.650517
2026-10-08T17:15:30.3796824Z   type: 'test'
2026-10-08T17:15:30.3797012Z   ...
2026-10-08T17:15:30.3797381Z # Subtest: manifest exposes tool.html as a global Chrome Side Panel
2026-10-08T17:15:30.3797916Z ok 203 - manifest exposes tool.html as a global Chrome Side Panel
2026-10-08T17:15:30.3798254Z   ---
2026-10-08T17:15:30.3798597Z   duration_ms: 10.612345
2026-10-08T17:15:30.3799018Z   type: 'test'
2026-10-08T17:15:30.3799360Z   ...
2026-10-08T17:15:30.3799895Z # Subtest: product shell has no popup-window fallback
2026-10-08T17:15:30.3800376Z ok 204 - product shell has no popup-window fallback
2026-10-08T17:15:30.3800728Z   ---
2026-10-08T17:15:30.3800927Z   duration_ms: 2.642594
2026-10-08T17:15:30.3801152Z   type: 'test'
2026-10-08T17:15:30.3801359Z   ...
2026-10-08T17:15:30.3801780Z # Subtest: default Run freezes Current Page then revalidates before existing RunHost
2026-10-08T17:15:30.3802420Z ok 205 - default Run freezes Current Page then revalidates before existing RunHost
2026-10-08T17:15:30.3802818Z   ---
2026-10-08T17:15:30.3803021Z   duration_ms: 3.79984
2026-10-08T17:15:30.3803667Z   type: 'test'
2026-10-08T17:15:30.3804125Z   ...
2026-10-08T17:15:30.3804993Z # Subtest: trusted Side Panel run sends the exact unsaved draft to the original Controller authority
2026-10-08T17:15:30.3805963Z ok 206 - trusted Side Panel run sends the exact unsaved draft to the original Controller authority
2026-10-08T17:15:30.3806430Z   ---
2026-10-08T17:15:30.3806646Z   duration_ms: 2.718607
2026-10-08T17:15:30.3806881Z   type: 'test'
2026-10-08T17:15:30.3807083Z   ...
2026-10-08T17:15:30.3807447Z # Subtest: R6 uses valid tab roles with labelled content panels
2026-10-08T17:15:30.3807951Z ok 207 - R6 uses valid tab roles with labelled content panels
2026-10-08T17:15:30.3808278Z   ---
2026-10-08T17:15:30.3808480Z   duration_ms: 1.793907
2026-10-08T17:15:30.3808714Z   type: 'test'
2026-10-08T17:15:30.3808913Z   ...
2026-10-08T17:15:30.3809370Z # Subtest: R4 Sidebar sections preserve consumer controls and keep engineering tools folded
2026-10-08T17:15:30.3810080Z ok 208 - R4 Sidebar sections preserve consumer controls and keep engineering tools folded
2026-10-08T17:15:30.3810508Z   ---
2026-10-08T17:15:30.3810702Z   duration_ms: 3.849013
2026-10-08T17:15:30.3810934Z   type: 'test'
2026-10-08T17:15:30.3811128Z   ...
2026-10-08T17:15:30.3811569Z # Subtest: Sidebar starts at its three tabs without repeating Chrome extension identity
2026-10-08T17:15:30.3812218Z ok 209 - Sidebar starts at its three tabs without repeating Chrome extension identity
2026-10-08T17:15:30.3812620Z   ---
2026-10-08T17:15:30.3812815Z   duration_ms: 2.837265
2026-10-08T17:15:30.3813038Z   type: 'test'
2026-10-08T17:15:30.3813476Z   ...
2026-10-08T17:15:30.3814101Z # Subtest: R3 remains immutable reference; R4 preview keeps installed Discover and independent full catalog
2026-10-08T17:15:30.3814922Z ok 210 - R3 remains immutable reference; R4 preview keeps installed Discover and independent full catalog
2026-10-08T17:15:30.3815407Z   ---
2026-10-08T17:15:30.3815609Z   duration_ms: 10.363052
2026-10-08T17:15:30.3815838Z   type: 'test'
2026-10-08T17:15:30.3816193Z   ...
2026-10-08T17:15:30.3816727Z # Subtest: R5 official sidebar preserves three views, privileged controls, compact discovery and task history
2026-10-08T17:15:30.3817549Z ok 211 - R5 official sidebar preserves three views, privileged controls, compact discovery and task history
2026-10-08T17:15:30.3818034Z   ---
2026-10-08T17:15:30.3818226Z   duration_ms: 4.962449
2026-10-08T17:15:30.3818449Z   type: 'test'
2026-10-08T17:15:30.3818638Z   ...
2026-10-08T17:15:30.3819099Z # Subtest: R5 keeps one derived interactive prototype with installed-only compact discovery
2026-10-08T17:15:30.3819803Z ok 212 - R5 keeps one derived interactive prototype with installed-only compact discovery
2026-10-08T17:15:30.3820223Z   ---
2026-10-08T17:15:30.3820423Z   duration_ms: 3.107868
2026-10-08T17:15:30.3820644Z   type: 'test'
2026-10-08T17:15:30.3820840Z   ...
2026-10-08T17:15:30.3821331Z # Subtest: required all-url host is the single source of truth; no optional host prompts at startup
2026-10-08T17:15:30.3822079Z ok 213 - required all-url host is the single source of truth; no optional host prompts at startup
2026-10-08T17:15:30.3822527Z   ---
2026-10-08T17:15:30.3822719Z   duration_ms: 4.808844
2026-10-08T17:15:30.3822945Z   type: 'test'
2026-10-08T17:15:30.3823135Z   ...
2026-10-08T17:15:30.3823856Z # Subtest: a trusted click can re-request withheld required host access without options
2026-10-08T17:15:30.3824519Z ok 214 - a trusted click can re-request withheld required host access without options
2026-10-08T17:15:30.3824914Z   ---
2026-10-08T17:15:30.3825108Z   duration_ms: 1.119999
2026-10-08T17:15:30.3825333Z   type: 'test'
2026-10-08T17:15:30.3825524Z   ...
2026-10-08T17:15:30.3825994Z # Subtest: untrusted events cannot change permission; native denial never fabricates approval
2026-10-08T17:15:30.3826706Z ok 215 - untrusted events cannot change permission; native denial never fabricates approval
2026-10-08T17:15:30.3827140Z   ---
2026-10-08T17:15:30.3827335Z   duration_ms: 1.443088
2026-10-08T17:15:30.3827560Z   type: 'test'
2026-10-08T17:15:30.3827752Z   ...
2026-10-08T17:15:30.3828174Z # Subtest: Chrome site access restrictions invalidate status and never auto-regrant
2026-10-08T17:15:30.3828799Z ok 216 - Chrome site access restrictions invalidate status and never auto-regrant
2026-10-08T17:15:30.3829329Z   ---
2026-10-08T17:15:30.3829532Z   duration_ms: 0.67949
2026-10-08T17:15:30.3829759Z   type: 'test'
2026-10-08T17:15:30.3829956Z   ...
2026-10-08T17:15:30.3830404Z # Subtest: Chrome onAdded event cannot erase actual approved status during raced refresh
2026-10-08T17:15:30.3831076Z ok 217 - Chrome onAdded event cannot erase actual approved status during raced refresh
2026-10-08T17:15:30.3831490Z   ---
2026-10-08T17:15:30.3831681Z   duration_ms: 1.507277
2026-10-08T17:15:30.3831901Z   type: 'test'
2026-10-08T17:15:30.3832091Z   ...
2026-10-08T17:15:30.3832556Z # Subtest: core API status is separately queried; it never grants applications automatically
2026-10-08T17:15:30.3833248Z ok 218 - core API status is separately queried; it never grants applications automatically
2026-10-08T17:15:30.3833817Z   ---
2026-10-08T17:15:30.3834016Z   duration_ms: 0.975551
2026-10-08T17:15:30.3834233Z   type: 'test'
2026-10-08T17:15:30.3834425Z   ...
2026-10-08T17:15:30.3834860Z # Subtest: developer site controls remain nested in the original three-tab workbench
2026-10-08T17:15:30.3835515Z ok 219 - developer site controls remain nested in the original three-tab workbench
2026-10-08T17:15:30.3835966Z   ---
2026-10-08T17:15:30.3836169Z   duration_ms: 15.428753
2026-10-08T17:15:30.3836400Z   type: 'test'
2026-10-08T17:15:30.3836594Z   ...
2026-10-08T17:15:30.3837165Z # Subtest: package hashes and closed schema reject forged status, altered source, extra permissions and invalid params
2026-10-08T17:15:30.3838054Z ok 220 - package hashes and closed schema reject forged status, altered source, extra permissions and invalid params
2026-10-08T17:15:30.3838560Z   ---
2026-10-08T17:15:30.3838754Z   duration_ms: 18.254978
2026-10-08T17:15:30.3839113Z   type: 'test'
2026-10-08T17:15:30.3839306Z   ...
2026-10-08T17:15:30.3839891Z # Subtest: candidate cannot install without matching trustworthy native run, then exact Available version can install
2026-10-08T17:15:30.3840814Z ok 221 - candidate cannot install without matching trustworthy native run, then exact Available version can install
2026-10-08T17:15:30.3841329Z   ---
2026-10-08T17:15:30.3841524Z   duration_ms: 21.435601
2026-10-08T17:15:30.3841754Z   type: 'test'
2026-10-08T17:15:30.3841944Z   ...
2026-10-08T17:15:30.3842334Z # Subtest: same task version cannot replace even a correctly hashed package
2026-10-08T17:15:30.3842906Z ok 222 - same task version cannot replace even a correctly hashed package
2026-10-08T17:15:30.3843394Z   ---
2026-10-08T17:15:30.3843591Z   duration_ms: 6.823133
2026-10-08T17:15:30.3843815Z   type: 'test'
2026-10-08T17:15:30.3844009Z   ...
2026-10-08T17:15:30.3844488Z # Subtest: the checked-in sample is an authentic v1 package with exact manifest and source hashes
2026-10-08T17:15:30.3845216Z ok 223 - the checked-in sample is an authentic v1 package with exact manifest and source hashes
2026-10-08T17:15:30.3845652Z   ---
2026-10-08T17:15:30.3845845Z   duration_ms: 2.903889
2026-10-08T17:15:30.3846064Z   type: 'test'
2026-10-08T17:15:30.3846262Z   ...
2026-10-08T17:15:30.3846791Z # Subtest: formal verification refuses altered admission identity, failed effects and mismatched receipts
2026-10-08T17:15:30.3847606Z ok 224 - formal verification refuses altered admission identity, failed effects and mismatched receipts
2026-10-08T17:15:30.3848087Z   ---
2026-10-08T17:15:30.3848274Z   duration_ms: 22.7014
2026-10-08T17:15:30.3848495Z   type: 'test'
2026-10-08T17:15:30.3848688Z   ...
2026-10-08T17:15:30.3849143Z # Subtest: invalid task schema and origin return typed errors instead of generic exceptions
2026-10-08T17:15:30.3849826Z ok 225 - invalid task schema and origin return typed errors instead of generic exceptions
2026-10-08T17:15:30.3850240Z   ---
2026-10-08T17:15:30.3850439Z   duration_ms: 1.946132
2026-10-08T17:15:30.3850658Z   type: 'test'
2026-10-08T17:15:30.3850848Z   ...
2026-10-08T17:15:30.3851449Z # Subtest: entering Sidebar task views reads external installations without executing and preserves unchanged form inputs
2026-10-08T17:15:30.3852512Z ok 226 - entering Sidebar task views reads external installations without executing and preserves unchanged form inputs
2026-10-08T17:15:30.3853048Z   ---
2026-10-08T17:15:30.3853941Z   duration_ms: 30.515103
2026-10-08T17:15:30.3854399Z   type: 'test'
2026-10-08T17:15:30.3854762Z   ...
2026-10-08T17:15:30.3855350Z # Subtest: installed tasks default page, render schema form and freeze the exact saved version/params/target
2026-10-08T17:15:30.3856198Z ok 227 - installed tasks default page, render schema form and freeze the exact saved version/params/target
2026-10-08T17:15:30.3856679Z   ---
2026-10-08T17:15:30.3856885Z   duration_ms: 22.263956
2026-10-08T17:15:30.3857119Z   type: 'test'
2026-10-08T17:15:30.3857318Z   ...
2026-10-08T17:15:30.3857791Z # Subtest: installed task can be explicitly forked into an independent unsaved editor draft
2026-10-08T17:15:30.3858492Z ok 228 - installed task can be explicitly forked into an independent unsaved editor draft
2026-10-08T17:15:30.3858908Z   ---
2026-10-08T17:15:30.3859111Z   duration_ms: 6.451985
2026-10-08T17:15:30.3859342Z   type: 'test'
2026-10-08T17:15:30.3859535Z   ...
2026-10-08T17:15:30.3860029Z # Subtest: task Stop cannot cancel another view's in-flight draft; parameter form never navigates
2026-10-08T17:15:30.3860775Z ok 229 - task Stop cannot cancel another view's in-flight draft; parameter form never navigates
2026-10-08T17:15:30.3861215Z   ---
2026-10-08T17:15:30.3861409Z   duration_ms: 7.044514
2026-10-08T17:15:30.3861634Z   type: 'test'
2026-10-08T17:15:30.3861829Z   ...
2026-10-08T17:15:30.3862254Z # Subtest: installed task refuses stale target after async installed-version lookup
2026-10-08T17:15:30.3862890Z ok 230 - installed task refuses stale target after async installed-version lookup
2026-10-08T17:15:30.3863722Z   ---
2026-10-08T17:15:30.3863919Z   duration_ms: 7.235708
2026-10-08T17:15:30.3864143Z   type: 'test'
2026-10-08T17:15:30.3864341Z   ...
2026-10-08T17:15:30.3864790Z # Subtest: task cards retain readable selection and do not surface raw IDs as the main UI
2026-10-08T17:15:30.3865459Z ok 231 - task cards retain readable selection and do not surface raw IDs as the main UI
2026-10-08T17:15:30.3865876Z   ---
2026-10-08T17:15:30.3866074Z   duration_ms: 3.406289
2026-10-08T17:15:30.3866297Z   type: 'test'
2026-10-08T17:15:30.3866492Z   ...
2026-10-08T17:15:30.3867068Z # Subtest: Sidebar Discover searches installed tasks only and selects a task without running or opening the catalog
2026-10-08T17:15:30.3867950Z ok 232 - Sidebar Discover searches installed tasks only and selects a task without running or opening the catalog
2026-10-08T17:15:30.3868456Z   ---
2026-10-08T17:15:30.3868659Z   duration_ms: 8.062505
2026-10-08T17:15:30.3868879Z   type: 'test'
2026-10-08T17:15:30.3869076Z   ...
2026-10-08T17:15:30.3869512Z # Subtest: Discover filter controls are real view filters and cannot start another run
2026-10-08T17:15:30.3870160Z ok 233 - Discover filter controls are real view filters and cannot start another run
2026-10-08T17:15:30.3870556Z   ---
2026-10-08T17:15:30.3870768Z   duration_ms: 11.343369
2026-10-08T17:15:30.3870992Z   type: 'test'
2026-10-08T17:15:30.3871182Z   ...
2026-10-08T17:15:30.3871641Z # Subtest: opening the separate full-size catalog preserves its import and management view
2026-10-08T17:15:30.3872325Z ok 234 - opening the separate full-size catalog preserves its import and management view
2026-10-08T17:15:30.3872744Z   ---
2026-10-08T17:15:30.3872936Z   duration_ms: 3.074576
2026-10-08T17:15:30.3873161Z   type: 'test'
2026-10-08T17:15:30.3873598Z   ...
2026-10-08T17:15:30.3874158Z # Subtest: full-size catalog keeps its own reader after real install and re-reads the single Task Catalog state
2026-10-08T17:15:30.3875004Z ok 235 - full-size catalog keeps its own reader after real install and re-reads the single Task Catalog state
2026-10-08T17:15:30.3875492Z   ---
2026-10-08T17:15:30.3875681Z   duration_ms: 5.453903
2026-10-08T17:15:30.3875903Z   type: 'test'
2026-10-08T17:15:30.3876093Z   ...
2026-10-08T17:15:30.3876724Z # Subtest: idle Discover has no fixed footer and inline import still opens the authenticated catalog
2026-10-08T17:15:30.3877504Z ok 236 - idle Discover has no fixed footer and inline import still opens the authenticated catalog
2026-10-08T17:15:30.3877957Z   ---
2026-10-08T17:15:30.3878154Z   duration_ms: 11.974222
2026-10-08T17:15:30.3878390Z   type: 'test'
2026-10-08T17:15:30.3878581Z   ...
2026-10-08T17:15:30.3878937Z # Subtest: R5 result/history stay out of sight until a task has runs
2026-10-08T17:15:30.3879490Z ok 237 - R5 result/history stay out of sight until a task has runs
2026-10-08T17:15:30.3879829Z   ---
2026-10-08T17:15:30.3880023Z   duration_ms: 10.485477
2026-10-08T17:15:30.3880247Z   type: 'test'
2026-10-08T17:15:30.3880448Z   ...
2026-10-08T17:15:30.3880953Z # Subtest: card view retains original action identities, history and parameter form across tab changes
2026-10-08T17:15:30.3881728Z ok 238 - card view retains original action identities, history and parameter form across tab changes
2026-10-08T17:15:30.3882191Z   ---
2026-10-08T17:15:30.3882380Z   duration_ms: 10.631112
2026-10-08T17:15:30.3882603Z   type: 'test'
2026-10-08T17:15:30.3882801Z   ...
2026-10-08T17:15:30.3883527Z # Subtest: switching between two installed tasks preserves each independent unsaved parameter input
2026-10-08T17:15:30.3884311Z ok 239 - switching between two installed tasks preserves each independent unsaved parameter input
2026-10-08T17:15:30.3884766Z   ---
2026-10-08T17:15:30.3884965Z   duration_ms: 2.984358
2026-10-08T17:15:30.3885195Z   type: 'test'
2026-10-08T17:15:30.3885396Z   ...
2026-10-08T17:15:30.3885740Z # Subtest: R6 accessible roving tabs support Arrow and Home/End
2026-10-08T17:15:30.3886230Z ok 240 - R6 accessible roving tabs support Arrow and Home/End
2026-10-08T17:15:30.3886743Z   ---
2026-10-08T17:15:30.3886946Z   duration_ms: 4.636394
2026-10-08T17:15:30.3887165Z   type: 'test'
2026-10-08T17:15:30.3887360Z   ...
2026-10-08T17:15:30.3887799Z # Subtest: R6 task card refresh, keyboard selection and Discover handoff restore focus
2026-10-08T17:15:30.3888466Z ok 241 - R6 task card refresh, keyboard selection and Discover handoff restore focus
2026-10-08T17:15:30.3888865Z   ---
2026-10-08T17:15:30.3889057Z   duration_ms: 13.314149
2026-10-08T17:15:30.3889287Z   type: 'test'
2026-10-08T17:15:30.3889476Z   ...
2026-10-08T17:15:30.3889873Z # Subtest: R6 late run start/result cannot become the newly selected task status
2026-10-08T17:15:30.3890468Z ok 242 - R6 late run start/result cannot become the newly selected task status
2026-10-08T17:15:30.3890838Z   ---
2026-10-08T17:15:30.3891027Z   duration_ms: 12.999958
2026-10-08T17:15:30.3891257Z   type: 'test'
2026-10-08T17:15:30.3891449Z   ...
2026-10-08T17:15:30.3891878Z # Subtest: R6 previous-version notices and results do not leak after installed upgrade
2026-10-08T17:15:30.3892532Z ok 243 - R6 previous-version notices and results do not leak after installed upgrade
2026-10-08T17:15:30.3892934Z   ---
2026-10-08T17:15:30.3893128Z   duration_ms: 12.093113
2026-10-08T17:15:30.3893595Z   type: 'test'
2026-10-08T17:15:30.3893803Z   ...
2026-10-08T17:15:30.3894309Z # Subtest: two extension documents share only a refresh hint and re-read authoritative installed state
2026-10-08T17:15:30.3895081Z ok 244 - two extension documents share only a refresh hint and re-read authoritative installed state
2026-10-08T17:15:30.3895541Z   ---
2026-10-08T17:15:30.3895735Z   duration_ms: 45.513794
2026-10-08T17:15:30.3895960Z   type: 'test'
2026-10-08T17:15:30.3896156Z   ...
2026-10-08T17:15:30.3896639Z # Subtest: catalog installation stays in the complete directory and directs running back to Sidebar
2026-10-08T17:15:30.3897384Z ok 245 - catalog installation stays in the complete directory and directs running back to Sidebar
2026-10-08T17:15:30.3897840Z   ---
2026-10-08T17:15:30.3898035Z   duration_ms: 8.552031
2026-10-08T17:15:30.3898258Z   type: 'test'
2026-10-08T17:15:30.3898457Z   ...
2026-10-08T17:15:30.3899086Z # Subtest: catalog JS import hands source to Sidebar and never enters a view with a hidden runner
2026-10-08T17:15:30.3899811Z ok 246 - catalog JS import hands source to Sidebar and never enters a view with a hidden runner
2026-10-08T17:15:30.3900244Z   ---
2026-10-08T17:15:30.3900442Z   duration_ms: 5.632332
2026-10-08T17:15:30.3900661Z   type: 'test'
2026-10-08T17:15:30.3900852Z   ...
2026-10-08T17:15:30.3901335Z # Subtest: missing Sidebar refuses import with an actionable message, without losing the directory
2026-10-08T17:15:30.3902071Z ok 247 - missing Sidebar refuses import with an actionable message, without losing the directory
2026-10-08T17:15:30.3902508Z   ---
2026-10-08T17:15:30.3902704Z   duration_ms: 7.645138
2026-10-08T17:15:30.3902920Z   type: 'test'
2026-10-08T17:15:30.3903112Z   ...
2026-10-08T17:15:30.3903887Z # Subtest: catalog draft transport errors retain their cause instead of claiming Sidebar is missing
2026-10-08T17:15:30.3904651Z ok 248 - catalog draft transport errors retain their cause instead of claiming Sidebar is missing
2026-10-08T17:15:30.3905099Z   ---
2026-10-08T17:15:30.3905298Z   duration_ms: 7.730317
2026-10-08T17:15:30.3905522Z   type: 'test'
2026-10-08T17:15:30.3905712Z   ...
2026-10-08T17:15:30.3906161Z # Subtest: receiving a source-only import selects Sidebar Developer without creating a run
2026-10-08T17:15:30.3906852Z ok 249 - receiving a source-only import selects Sidebar Developer without creating a run
2026-10-08T17:15:30.3907271Z   ---
2026-10-08T17:15:30.3907462Z   duration_ms: 3.862769
2026-10-08T17:15:30.3907681Z   type: 'test'
2026-10-08T17:15:30.3907871Z   ...
2026-10-08T17:15:30.3908306Z # Subtest: R6.1 task-owned Stop is the sole cross-view action and names the launching task
2026-10-08T17:15:30.3908965Z ok 250 - R6.1 task-owned Stop is the sole cross-view action and names the launching task
2026-10-08T17:15:30.3909512Z   ---
2026-10-08T17:15:30.3909706Z   duration_ms: 16.19795
2026-10-08T17:15:30.3909925Z   type: 'test'
2026-10-08T17:15:30.3910122Z   ...
2026-10-08T17:15:30.3910545Z # Subtest: R6.1 a draft-owned run exposes only its Stop when viewing Tasks or Discover
2026-10-08T17:15:30.3911187Z ok 251 - R6.1 a draft-owned run exposes only its Stop when viewing Tasks or Discover
2026-10-08T17:15:30.3911584Z   ---
2026-10-08T17:15:30.3911774Z   duration_ms: 3.118848
2026-10-08T17:15:30.3911994Z   type: 'test'
2026-10-08T17:15:30.3912194Z   ...
2026-10-08T17:15:30.3912609Z # Subtest: R6.1 stop-only footer CSS hides all non-owner actions without hiding Stop
2026-10-08T17:15:30.3913424Z ok 252 - R6.1 stop-only footer CSS hides all non-owner actions without hiding Stop
2026-10-08T17:15:30.3913841Z   ---
2026-10-08T17:15:30.3914037Z   duration_ms: 1.040602
2026-10-08T17:15:30.3914251Z   type: 'test'
2026-10-08T17:15:30.3914442Z   ...
2026-10-08T17:15:30.3915354Z # Subtest: real manager → approval → preview executes two ordered sources, reuses draft locks offline, and rechecks new GM grants
2026-10-08T17:15:30.3916451Z ok 253 - real manager → approval → preview executes two ordered sources, reuses draft locks offline, and rechecks new GM grants
2026-10-08T17:15:30.3917004Z   ---
2026-10-08T17:15:30.3917204Z   duration_ms: 81.370361
2026-10-08T17:15:30.3917449Z   type: 'test'
2026-10-08T17:15:30.3917640Z   ...
2026-10-08T17:15:30.3918248Z # Subtest: classic top-level const runs repeatedly in fresh worlds; trailing comments and ASI do not consume the next source
2026-10-08T17:15:30.3919197Z ok 254 - classic top-level const runs repeatedly in fresh worlds; trailing comments and ASI do not consume the next source
2026-10-08T17:15:30.3919730Z   ---
2026-10-08T17:15:30.3919929Z   duration_ms: 24.971733
2026-10-08T17:15:30.3920155Z   type: 'test'
2026-10-08T17:15:30.3920350Z   ...
2026-10-08T17:15:30.3920851Z # Subtest: a synchronous dependency failure prevents later libraries and the consumer from executing
2026-10-08T17:15:30.3921638Z ok 255 - a synchronous dependency failure prevents later libraries and the consumer from executing
2026-10-08T17:15:30.3922093Z   ---
2026-10-08T17:15:30.3922286Z   duration_ms: 33.991783
2026-10-08T17:15:30.3922515Z   type: 'test'
2026-10-08T17:15:30.3922840Z   ...
2026-10-08T17:15:30.3923656Z # Subtest: an absent user main cannot fall back to a dependency global main or an async-main-looking comment
2026-10-08T17:15:30.3924497Z ok 256 - an absent user main cannot fall back to a dependency global main or an async-main-looking comment
2026-10-08T17:15:30.3924964Z   ---
2026-10-08T17:15:30.3925157Z   duration_ms: 29.983863
2026-10-08T17:15:30.3925388Z   type: 'test'
2026-10-08T17:15:30.3925583Z   ...
2026-10-08T17:15:30.3926197Z # Subtest: simulated Chromium named-world exhaustion falls back to default, fails the isolation probe, and injects no user code
2026-10-08T17:15:30.3927214Z ok 257 - simulated Chromium named-world exhaustion falls back to default, fails the isolation probe, and injects no user code
2026-10-08T17:15:30.3927768Z   ---
2026-10-08T17:15:30.3927962Z   duration_ms: 13.935622
2026-10-08T17:15:30.3928194Z   type: 'test'
2026-10-08T17:15:30.3928386Z   ...
2026-10-08T17:15:30.3929063Z # Subtest: document budget survives service restart and navigation cleanup; closing a tab releases the ledger even when the API is disabled
2026-10-08T17:15:30.3930147Z ok 258 - document budget survives service restart and navigation cleanup; closing a tab releases the ledger even when the API is disabled
2026-10-08T17:15:30.3930736Z   ---
2026-10-08T17:15:30.3930927Z   duration_ms: 59.317584
2026-10-08T17:15:30.3931147Z   type: 'test'
2026-10-08T17:15:30.3931347Z   ...
2026-10-08T17:15:30.3931531Z 1..258
2026-10-08T17:15:30.3931727Z # tests 258
2026-10-08T17:15:30.3931926Z # suites 0
2026-10-08T17:15:30.3932115Z # pass 254
2026-10-08T17:15:30.3932298Z # fail 0
2026-10-08T17:15:30.3932485Z # cancelled 0
2026-10-08T17:15:30.3932691Z # skipped 4
2026-10-08T17:15:30.3933020Z # todo 0
2026-10-08T17:15:30.3933459Z # duration_ms 5274.088001
2026-10-08T17:15:30.4030530Z Post job cleanup.
2026-10-08T17:15:30.5262045Z (node:4240) [DEP0040] DeprecationWarning: The `punycode` module is deprecated. Please use a userland alternative instead.
2026-10-08T17:15:30.5263821Z (Use `node --trace-deprecation ...` to show where the warning was created)
2026-10-08T17:15:30.5266792Z Cache hit occurred on the primary key node-cache-Linux-x64-npm-b8ba1b1e75b534e8b18fa308aa4c06e83b4d486ff426239c6fd9007055bc4cce, not saving cache.
2026-10-08T17:15:30.5440288Z Post job cleanup.
2026-10-08T17:15:30.6307375Z [command]/usr/bin/git version
2026-10-08T17:15:30.6350488Z git version 2.55.0
2026-10-08T17:15:30.6393154Z Temporarily overriding HOME='/home/runner/work/_temp/dba4949e-a921-4662-b5c3-00f57358cdf5' before making global git config changes
2026-10-08T17:15:30.6395478Z Adding repository directory to the temporary git global config as a safe directory
2026-10-08T17:15:30.6400429Z [command]/usr/bin/git config --global --add safe.directory /home/runner/work/opendesk-browser/opendesk-browser
2026-10-08T17:15:30.6440292Z [command]/usr/bin/git config --local --name-only --get-regexp core\.sshCommand
2026-10-08T17:15:30.6478431Z [command]/usr/bin/git submodule foreach --recursive sh -c "git config --local --name-only --get-regexp 'core\.sshCommand' && git config --local --unset-all 'core.sshCommand' || :"
2026-10-08T17:15:30.6763619Z [command]/usr/bin/git config --local --name-only --get-regexp http\.https\:\/\/github\.com\/\.extraheader
2026-10-08T17:15:30.6810089Z http.https://github.com/.extraheader
2026-10-08T17:15:30.6822616Z [command]/usr/bin/git config --local --unset-all http.https://github.com/.extraheader
2026-10-08T17:15:30.6858458Z [command]/usr/bin/git submodule foreach --recursive sh -c "git config --local --name-only --get-regexp 'http\.https\:\/\/github\.com\/\.extraheader' && git config --local --unset-all 'http.https://github.com/.extraheader' || :"
2026-10-08T17:15:30.7151573Z [command]/usr/bin/git config --local --name-only --get-regexp ^includeIf\.gitdir:
2026-10-08T17:15:30.7195240Z [command]/usr/bin/git submodule foreach --recursive git config --local --show-origin --name-only --get-regexp remote.origin.url
2026-10-08T17:15:30.7609006Z Cleaning up orphan processes
2026-10-08T17:15:30.7930783Z ##[warning]Node.js 20 is deprecated. The following actions target Node.js 20 but are being forced to run on Node.js 24: actions/checkout@v4, actions/setup-node@v4. For more information see: https://github.blog/changelog/2025-09-19-deprecation-of-node-20-on-github-actions-runners/

