2026-10-08T17:39:04.8517636Z Current runner version: '2.337.0'
2026-10-08T17:39:04.8552773Z ##[group]Runner Image Provisioner
2026-10-08T17:39:04.8553958Z Hosted Compute Agent
2026-10-08T17:39:04.8555025Z Version: 20261002.596
2026-10-08T17:39:04.8555979Z Commit: c3d12f3313a95f25162a1503be624f3b0617f8c0
2026-10-08T17:39:04.8557178Z Build Date: 2026-10-02T22:28:27Z
2026-10-08T17:39:04.8558302Z Worker ID: {598470aa-51c1-40ff-9915-8a3014f196b5}
2026-10-08T17:39:04.8559648Z Region: eastus2
2026-10-08T17:39:04.8560734Z Cloud: Azure
2026-10-08T17:39:04.8561563Z ##[endgroup]
2026-10-08T17:39:04.8563808Z ##[group]Operating System
2026-10-08T17:39:04.8564871Z Ubuntu
2026-10-08T17:39:04.8565675Z 24.04.5
2026-10-08T17:39:04.8566535Z LTS
2026-10-08T17:39:04.8567335Z ##[endgroup]
2026-10-08T17:39:04.8568157Z ##[group]Runner Image
2026-10-08T17:39:04.8569426Z Image: ubuntu-24.04
2026-10-08T17:39:04.8570281Z Version: 20261004.327.1
2026-10-08T17:39:04.8572322Z Included Software: https://github.com/actions/runner-images/blob/ubuntu24/20261004.327/images/ubuntu/Ubuntu2404-Readme.md
2026-10-08T17:39:04.8574840Z Image Release: https://github.com/actions/runner-images/releases/tag/ubuntu24%2F20261004.327
2026-10-08T17:39:04.8576571Z ##[endgroup]
2026-10-08T17:39:04.8578285Z ##[group]GITHUB_TOKEN Permissions
2026-10-08T17:39:04.8581607Z Contents: read
2026-10-08T17:39:04.8582559Z Metadata: read
2026-10-08T17:39:04.8583563Z ##[endgroup]
2026-10-08T17:39:04.8586081Z Secret source: Actions
2026-10-08T17:39:04.8587524Z Cache mode: write
2026-10-08T17:39:04.8589290Z Prepare workflow directory
2026-10-08T17:39:04.9036137Z Prepare all required actions
2026-10-08T17:39:04.9102760Z Getting action download info
2026-10-08T17:39:05.1155140Z Download action repository 'actions/checkout@v4' (SHA:11d5960a326750d5838078e36cf38b85af677262)
2026-10-08T17:39:05.2122842Z Download action repository 'actions/setup-node@v4' (SHA:49933ea5288caeca8642d1e84afbd3f7d6820020)
2026-10-08T17:39:05.4141035Z Complete job name: r3-package
2026-10-08T17:39:05.5026819Z ##[group]Run actions/checkout@v4
2026-10-08T17:39:05.5027648Z with:
2026-10-08T17:39:05.5028127Z   repository: shopable-ai/opendesk-browser
2026-10-08T17:39:05.5032849Z   token: ***
2026-10-08T17:39:05.5033306Z   ssh-strict: true
2026-10-08T17:39:05.5033750Z   ssh-user: git
2026-10-08T17:39:05.5034192Z   persist-credentials: true
2026-10-08T17:39:05.5034679Z   clean: true
2026-10-08T17:39:05.5035486Z   sparse-checkout-cone-mode: true
2026-10-08T17:39:05.5036009Z   fetch-depth: 1
2026-10-08T17:39:05.5036442Z   fetch-tags: false
2026-10-08T17:39:05.5036888Z   show-progress: true
2026-10-08T17:39:05.5037338Z   lfs: false
2026-10-08T17:39:05.5037746Z   submodules: false
2026-10-08T17:39:05.5038194Z   set-safe-directory: true
2026-10-08T17:39:05.5038826Z   allow-unsafe-pr-checkout: false
2026-10-08T17:39:05.5039659Z ##[endgroup]
2026-10-08T17:39:05.6036944Z Syncing repository: shopable-ai/opendesk-browser
2026-10-08T17:39:05.6039805Z ##[group]Getting Git version info
2026-10-08T17:39:05.6040974Z Working directory is '/home/runner/work/opendesk-browser/opendesk-browser'
2026-10-08T17:39:05.6042119Z [command]/usr/bin/git version
2026-10-08T17:39:05.6108003Z git version 2.55.0
2026-10-08T17:39:05.6130199Z ##[endgroup]
2026-10-08T17:39:05.6145276Z Temporarily overriding HOME='/home/runner/work/_temp/f240ecca-d795-4dab-8127-57f441ecef01' before making global git config changes
2026-10-08T17:39:05.6147188Z Adding repository directory to the temporary git global config as a safe directory
2026-10-08T17:39:05.6151045Z [command]/usr/bin/git config --global --add safe.directory /home/runner/work/opendesk-browser/opendesk-browser
2026-10-08T17:39:05.6202206Z Deleting the contents of '/home/runner/work/opendesk-browser/opendesk-browser'
2026-10-08T17:39:05.6207469Z ##[group]Initializing the repository
2026-10-08T17:39:05.6211882Z [command]/usr/bin/git init /home/runner/work/opendesk-browser/opendesk-browser
2026-10-08T17:39:05.6303586Z hint: Using 'master' as the name for the initial branch. This default branch name
2026-10-08T17:39:05.6305098Z hint: will change to "main" in Git 3.0. To configure the initial branch name
2026-10-08T17:39:05.6306830Z hint: to use in all of your new repositories, which will suppress this warning,
2026-10-08T17:39:05.6307882Z hint: call:
2026-10-08T17:39:05.6308526Z hint:
2026-10-08T17:39:05.6309486Z hint: 	git config --global init.defaultBranch <name>
2026-10-08T17:39:05.6310480Z hint:
2026-10-08T17:39:05.6311383Z hint: Names commonly chosen instead of 'master' are 'main', 'trunk' and
2026-10-08T17:39:05.6312874Z hint: 'development'. The just-created branch can be renamed via this command:
2026-10-08T17:39:05.6314079Z hint:
2026-10-08T17:39:05.6314739Z hint: 	git branch -m <name>
2026-10-08T17:39:05.6315491Z hint:
2026-10-08T17:39:05.6316454Z hint: Disable this message with "git config set advice.defaultBranchName false"
2026-10-08T17:39:05.6318236Z Initialized empty Git repository in /home/runner/work/opendesk-browser/opendesk-browser/.git/
2026-10-08T17:39:05.6321376Z [command]/usr/bin/git remote add origin https://github.com/shopable-ai/opendesk-browser
2026-10-08T17:39:05.6367630Z ##[endgroup]
2026-10-08T17:39:05.6369263Z ##[group]Disabling automatic garbage collection
2026-10-08T17:39:05.6372599Z [command]/usr/bin/git config --local gc.auto 0
2026-10-08T17:39:05.6406122Z ##[endgroup]
2026-10-08T17:39:05.6407256Z ##[group]Setting up auth
2026-10-08T17:39:05.6413833Z [command]/usr/bin/git config --local --name-only --get-regexp core\.sshCommand
2026-10-08T17:39:05.6451122Z [command]/usr/bin/git submodule foreach --recursive sh -c "git config --local --name-only --get-regexp 'core\.sshCommand' && git config --local --unset-all 'core.sshCommand' || :"
2026-10-08T17:39:05.6845280Z [command]/usr/bin/git config --local --name-only --get-regexp http\.https\:\/\/github\.com\/\.extraheader
2026-10-08T17:39:05.6887304Z [command]/usr/bin/git submodule foreach --recursive sh -c "git config --local --name-only --get-regexp 'http\.https\:\/\/github\.com\/\.extraheader' && git config --local --unset-all 'http.https://github.com/.extraheader' || :"
2026-10-08T17:39:05.7134635Z [command]/usr/bin/git config --local --name-only --get-regexp ^includeIf\.gitdir:
2026-10-08T17:39:05.7172958Z [command]/usr/bin/git submodule foreach --recursive git config --local --show-origin --name-only --get-regexp remote.origin.url
2026-10-08T17:39:05.7412178Z [command]/usr/bin/git config --local http.https://github.com/.extraheader AUTHORIZATION: basic ***
2026-10-08T17:39:05.7454830Z ##[endgroup]
2026-10-08T17:39:05.7455612Z ##[group]Fetching the repository
2026-10-08T17:39:05.7464563Z [command]/usr/bin/git -c protocol.version=2 fetch --no-tags --prune --no-recurse-submodules --depth=1 origin +189a7037afce89efe7fef7772e781fd70643143c:refs/remotes/origin/main
2026-10-08T17:39:08.1057916Z From https://github.com/shopable-ai/opendesk-browser
2026-10-08T17:39:08.1060019Z  * [new ref]         189a7037afce89efe7fef7772e781fd70643143c -> origin/main
2026-10-08T17:39:08.1064200Z ##[endgroup]
2026-10-08T17:39:08.1066062Z ##[group]Determining the checkout info
2026-10-08T17:39:08.1068064Z ##[endgroup]
2026-10-08T17:39:08.1071532Z [command]/usr/bin/git sparse-checkout disable
2026-10-08T17:39:08.1133747Z [command]/usr/bin/git config --local --unset-all extensions.worktreeConfig
2026-10-08T17:39:08.1167291Z ##[group]Checking out the ref
2026-10-08T17:39:08.1170450Z [command]/usr/bin/git checkout --progress --force -B main refs/remotes/origin/main
2026-10-08T17:39:09.1446446Z Updating files:  68% (8845/12960)
2026-10-08T17:39:09.1537512Z Updating files:  69% (8943/12960)
2026-10-08T17:39:09.1601992Z Updating files:  70% (9072/12960)
2026-10-08T17:39:09.1662269Z Updating files:  71% (9202/12960)
2026-10-08T17:39:09.1816731Z Updating files:  72% (9332/12960)
2026-10-08T17:39:09.1901190Z Updating files:  73% (9461/12960)
2026-10-08T17:39:09.1957928Z Updating files:  74% (9591/12960)
2026-10-08T17:39:09.2114363Z Updating files:  75% (9720/12960)
2026-10-08T17:39:09.2188997Z Updating files:  76% (9850/12960)
2026-10-08T17:39:09.2244568Z Updating files:  77% (9980/12960)
2026-10-08T17:39:09.2371543Z Updating files:  78% (10109/12960)
2026-10-08T17:39:09.2467544Z Updating files:  79% (10239/12960)
2026-10-08T17:39:09.2539620Z Updating files:  80% (10368/12960)
2026-10-08T17:39:09.2592759Z Updating files:  81% (10498/12960)
2026-10-08T17:39:09.2751424Z Updating files:  82% (10628/12960)
2026-10-08T17:39:09.2831619Z Updating files:  83% (10757/12960)
2026-10-08T17:39:09.2880745Z Updating files:  84% (10887/12960)
2026-10-08T17:39:09.3033558Z Updating files:  85% (11016/12960)
2026-10-08T17:39:09.3104044Z Updating files:  86% (11146/12960)
2026-10-08T17:39:09.3209377Z Updating files:  87% (11276/12960)
2026-10-08T17:39:09.3575250Z Updating files:  88% (11405/12960)
2026-10-08T17:39:09.3934659Z Updating files:  89% (11535/12960)
2026-10-08T17:39:09.4102563Z Updating files:  90% (11664/12960)
2026-10-08T17:39:09.4191606Z Updating files:  91% (11794/12960)
2026-10-08T17:39:09.4287419Z Updating files:  92% (11924/12960)
2026-10-08T17:39:09.4648182Z Updating files:  93% (12053/12960)
2026-10-08T17:39:09.5434388Z Updating files:  94% (12183/12960)
2026-10-08T17:39:09.5776427Z Updating files:  95% (12312/12960)
2026-10-08T17:39:09.6457294Z Updating files:  96% (12442/12960)
2026-10-08T17:39:09.7058268Z Updating files:  97% (12572/12960)
2026-10-08T17:39:09.8075567Z Updating files:  98% (12701/12960)
2026-10-08T17:39:09.8443927Z Updating files:  99% (12831/12960)
2026-10-08T17:39:09.8444309Z Updating files: 100% (12960/12960)
2026-10-08T17:39:09.8444616Z Updating files: 100% (12960/12960), done.
2026-10-08T17:39:09.8610358Z Switched to a new branch 'main'
2026-10-08T17:39:09.8616763Z branch 'main' set up to track 'origin/main'.
2026-10-08T17:39:09.8690595Z ##[endgroup]
2026-10-08T17:39:09.8740201Z [command]/usr/bin/git log -1 --format=%H
2026-10-08T17:39:09.8769935Z 189a7037afce89efe7fef7772e781fd70643143c
2026-10-08T17:39:09.9127189Z ##[group]Run actions/setup-node@v4
2026-10-08T17:39:09.9127486Z with:
2026-10-08T17:39:09.9127692Z   node-version: 22
2026-10-08T17:39:09.9127903Z   cache: npm
2026-10-08T17:39:09.9128127Z   always-auth: false
2026-10-08T17:39:09.9128346Z   check-latest: false
2026-10-08T17:39:09.9131433Z   token: ***
2026-10-08T17:39:09.9131644Z ##[endgroup]
2026-10-08T17:39:10.0531880Z Found in cache @ /opt/hostedtoolcache/node/22.23.3/x64
2026-10-08T17:39:10.0534979Z (node:2357) [DEP0040] DeprecationWarning: The `punycode` module is deprecated. Please use a userland alternative instead.
2026-10-08T17:39:10.0535654Z (Use `node --trace-deprecation ...` to show where the warning was created)
2026-10-08T17:39:10.0537695Z ##[group]Environment details
2026-10-08T17:39:10.4606420Z node: v22.23.3
2026-10-08T17:39:10.4607030Z npm: 10.9.9
2026-10-08T17:39:10.4607373Z yarn: 1.22.22
2026-10-08T17:39:10.4608418Z ##[endgroup]
2026-10-08T17:39:10.4629252Z [command]/opt/hostedtoolcache/node/22.23.3/x64/bin/npm config get cache
2026-10-08T17:39:10.5738312Z /home/runner/.npm
2026-10-08T17:39:10.7164844Z Cache hit for: node-cache-Linux-x64-npm-b8ba1b1e75b534e8b18fa308aa4c06e83b4d486ff426239c6fd9007055bc4cce
2026-10-08T17:39:10.7264954Z (node:2357) [DEP0169] DeprecationWarning: `url.parse()` behavior is not standardized and prone to errors that have security implications. Use the WHATWG URL API instead. CVEs are not issued for `url.parse()` vulnerabilities.
2026-10-08T17:39:10.9492700Z Received 15714701 of 15714701 (100.0%), 74.6 MBs/sec
2026-10-08T17:39:10.9493255Z Cache Size: ~15 MB (15714701 B)
2026-10-08T17:39:10.9518828Z [command]/usr/bin/tar -xf /home/runner/work/_temp/98f322e2-85c3-451f-b0e7-070b23cf346f/cache.tzst -P -C /home/runner/work/opendesk-browser/opendesk-browser --use-compress-program unzstd
2026-10-08T17:39:11.0255822Z Cache restored successfully
2026-10-08T17:39:11.0267676Z Cache restored from key: node-cache-Linux-x64-npm-b8ba1b1e75b534e8b18fa308aa4c06e83b4d486ff426239c6fd9007055bc4cce
2026-10-08T17:39:11.0438455Z ##[group]Run npm ci --ignore-scripts --no-audit --no-fund
2026-10-08T17:39:11.0439271Z [36;1mnpm ci --ignore-scripts --no-audit --no-fund[0m
2026-10-08T17:39:11.0694943Z shell: /usr/bin/bash -e {0}
2026-10-08T17:39:11.0695511Z ##[endgroup]
2026-10-08T17:39:13.4847673Z 
2026-10-08T17:39:13.4856395Z added 240 packages in 2s
2026-10-08T17:39:13.5536913Z ##[group]Run node --test tests/environment/dependency-metadata.test.mjs tests/environment/dependency-manager.test.mjs tests/environment/user-script-dependency-flow.test.mjs tests/environment/page-dependencies-ui.test.mjs tests/environment/page-program-package.test.mjs tests/environment/page-script-preview.test.mjs tests/environment/script-editor.test.mjs tests/environment/task-workbench.test.mjs tests/environment/sidebar-product-contract.test.mjs tests/environment/boundaries.test.mjs
2026-10-08T17:39:13.5540700Z [36;1mnode --test tests/environment/dependency-metadata.test.mjs tests/environment/dependency-manager.test.mjs tests/environment/user-script-dependency-flow.test.mjs tests/environment/page-dependencies-ui.test.mjs tests/environment/page-program-package.test.mjs tests/environment/page-script-preview.test.mjs tests/environment/script-editor.test.mjs tests/environment/task-workbench.test.mjs tests/environment/sidebar-product-contract.test.mjs tests/environment/boundaries.test.mjs[0m
2026-10-08T17:39:13.5616708Z shell: /usr/bin/bash -e {0}
2026-10-08T17:39:13.5616996Z ##[endgroup]
2026-10-08T17:39:13.6239701Z TAP version 13
2026-10-08T17:39:13.7030805Z # Subtest: product shell configures the Chrome Side Panel action and never creates a popup
2026-10-08T17:39:13.7049966Z ok 1 - product shell configures the Chrome Side Panel action and never creates a popup
2026-10-08T17:39:13.7075650Z   ---
2026-10-08T17:39:13.7112385Z   duration_ms: 2.068899
2026-10-08T17:39:13.7139412Z   type: 'test'
2026-10-08T17:39:13.7159286Z   ...
2026-10-08T17:39:13.7203201Z # Subtest: tool sender accepts top-level Side Panel documents and rejects foreign or nested senders
2026-10-08T17:39:13.7218565Z ok 2 - tool sender accepts top-level Side Panel documents and rejects foreign or nested senders
2026-10-08T17:39:13.7244092Z   ---
2026-10-08T17:39:13.7289511Z   duration_ms: 0.541456
2026-10-08T17:39:13.7309528Z   type: 'test'
2026-10-08T17:39:13.7339425Z   ...
2026-10-08T17:39:13.7367287Z # Subtest: URL policy rejects restricted/file/credentials and preserves exact origin including port
2026-10-08T17:39:13.7370616Z ok 3 - URL policy rejects restricted/file/credentials and preserves exact origin including port
2026-10-08T17:39:13.7399361Z   ---
2026-10-08T17:39:13.7413830Z   duration_ms: 0.508727
2026-10-08T17:39:13.7429329Z   type: 'test'
2026-10-08T17:39:13.7459307Z   ...
2026-10-08T17:39:13.7484472Z # Subtest: health waits for sender readiness and binds Chrome document metadata, not file result
2026-10-08T17:39:13.7499833Z ok 4 - health waits for sender readiness and binds Chrome document metadata, not file result
2026-10-08T17:39:13.7527387Z   ---
2026-10-08T17:39:13.7529575Z   duration_ms: 14.612666
2026-10-08T17:39:13.7546714Z   type: 'test'
2026-10-08T17:39:13.7573126Z   ...
2026-10-08T17:39:13.7589808Z # Subtest: revoked permission blocks even previously installed agent
2026-10-08T17:39:13.7619521Z ok 5 - revoked permission blocks even previously installed agent
2026-10-08T17:39:13.7649332Z   ---
2026-10-08T17:39:13.7679827Z   duration_ms: 2.657405
2026-10-08T17:39:13.7680489Z   type: 'test'
2026-10-08T17:39:13.7731045Z   ...
2026-10-08T17:39:13.7741527Z # Subtest: reload, cross-origin and closed tab reject bound target without automatic reinjection
2026-10-08T17:39:13.7765779Z ok 6 - reload, cross-origin and closed tab reject bound target without automatic reinjection
2026-10-08T17:39:13.7789374Z   ---
2026-10-08T17:39:13.7819188Z   duration_ms: 9.588399
2026-10-08T17:39:13.7849360Z   type: 'test'
2026-10-08T17:39:13.7849711Z   ...
2026-10-08T17:39:13.7871897Z # Subtest: forged health nonce and fake sender cannot satisfy exact target
2026-10-08T17:39:13.7899731Z ok 7 - forged health nonce and fake sender cannot satisfy exact target
2026-10-08T17:39:13.7929244Z   ---
2026-10-08T17:39:13.7950557Z   duration_ms: 1.319934
2026-10-08T17:39:13.7979246Z   type: 'test'
2026-10-08T17:39:13.8001948Z   ...
2026-10-08T17:39:13.8007684Z # Subtest: missing module has no capabilities or runner and can be mounted/disposed
2026-10-08T17:39:13.8030436Z ok 8 - missing module has no capabilities or runner and can be mounted/disposed
2026-10-08T17:39:13.8059278Z   ---
2026-10-08T17:39:13.8079361Z   duration_ms: 2.646809
2026-10-08T17:39:13.8109330Z   type: 'test'
2026-10-08T17:39:13.8119301Z   ...
2026-10-08T17:39:13.8141805Z # Subtest: Side Panel configuration failure is surfaced without a popup fallback
2026-10-08T17:39:13.8171643Z ok 9 - Side Panel configuration failure is surfaced without a popup fallback
2026-10-08T17:39:13.8199372Z   ---
2026-10-08T17:39:13.8219004Z   duration_ms: 0.543599
2026-10-08T17:39:13.8229399Z   type: 'test'
2026-10-08T17:39:13.8259321Z   ...
2026-10-08T17:39:13.8262062Z # Subtest: unknown authorization mode is rejected before another injection
2026-10-08T17:39:13.8289697Z ok 10 - unknown authorization mode is rejected before another injection
2026-10-08T17:39:13.8309400Z   ---
2026-10-08T17:39:13.8339187Z   duration_ms: 4.38097
2026-10-08T17:39:13.8341671Z   type: 'test'
2026-10-08T17:39:13.8379992Z   ...
2026-10-08T17:39:13.8389878Z # Subtest: permission revoke reports permission failure even when Chrome hides tab URL
2026-10-08T17:39:13.8413279Z ok 11 - permission revoke reports permission failure even when Chrome hides tab URL
2026-10-08T17:39:13.8439351Z   ---
2026-10-08T17:39:13.8459525Z   duration_ms: 3.021086
2026-10-08T17:39:13.8489274Z   type: 'test'
2026-10-08T17:39:13.8499472Z   ...
2026-10-08T17:39:13.8528041Z # Subtest: permission revoked during tabs.get is diagnosed before inspecting its hidden URL
2026-10-08T17:39:13.8529837Z ok 12 - permission revoked during tabs.get is diagnosed before inspecting its hidden URL
2026-10-08T17:39:13.8530751Z   ---
2026-10-08T17:39:13.8531258Z   duration_ms: 9.517814
2026-10-08T17:39:13.8531815Z   type: 'test'
2026-10-08T17:39:13.8532328Z   ...
2026-10-08T17:39:13.8533284Z # Subtest: repeated agent ready preserves optional authorization and cannot bypass revoke
2026-10-08T17:39:13.8534667Z ok 13 - repeated agent ready preserves optional authorization and cannot bypass revoke
2026-10-08T17:39:13.8535535Z   ---
2026-10-08T17:39:13.8536061Z   duration_ms: 1.241547
2026-10-08T17:39:13.8536604Z   type: 'test'
2026-10-08T17:39:13.8537170Z   ...
2026-10-08T17:39:13.8537997Z # Subtest: same-document concurrent binding resolves all readiness waiters
2026-10-08T17:39:13.8539373Z ok 14 - same-document concurrent binding resolves all readiness waiters
2026-10-08T17:39:13.8540211Z   ---
2026-10-08T17:39:13.8540716Z   duration_ms: 3.222596
2026-10-08T17:39:13.8541287Z   type: 'test'
2026-10-08T17:39:13.8541825Z   ...
2026-10-08T17:39:13.8542768Z # Subtest: document invalidation and revoke while awaiting reply reject late health success
2026-10-08T17:39:13.8544103Z ok 15 - document invalidation and revoke while awaiting reply reject late health success
2026-10-08T17:39:13.8544913Z   ---
2026-10-08T17:39:13.8545383Z   duration_ms: 8.491376
2026-10-08T17:39:13.8545946Z   type: 'test'
2026-10-08T17:39:13.8546427Z   ...
2026-10-08T17:39:13.8547319Z # Subtest: missing Side Panel sender documentId resolves only unique native instance context
2026-10-08T17:39:13.8548832Z ok 16 - missing Side Panel sender documentId resolves only unique native instance context
2026-10-08T17:39:13.8549719Z   ---
2026-10-08T17:39:13.8550218Z   duration_ms: 2.08944
2026-10-08T17:39:13.8550763Z   type: 'test'
2026-10-08T17:39:13.8551240Z   ...
2026-10-08T17:39:13.8552465Z # Subtest: inspection only parses and lists download permissions; explicit actions and post-download hash review are separate
2026-10-08T17:39:13.8554224Z ok 17 - inspection only parses and lists download permissions; explicit actions and post-download hash review are separate
2026-10-08T17:39:13.8555329Z   ---
2026-10-08T17:39:13.8555830Z   duration_ms: 77.260854
2026-10-08T17:39:13.8556388Z   type: 'test'
2026-10-08T17:39:13.8556885Z   ...
2026-10-08T17:39:13.8557985Z # Subtest: packaged jQuery and a second ordinary library use ordered generic assets; source provenance is explicit
2026-10-08T17:39:13.8560702Z ok 18 - packaged jQuery and a second ordinary library use ordered generic assets; source provenance is explicit
2026-10-08T17:39:13.8561843Z   ---
2026-10-08T17:39:13.8562407Z   duration_ms: 45.999013
2026-10-08T17:39:13.8563029Z   type: 'test'
2026-10-08T17:39:13.8563583Z   ...
2026-10-08T17:39:13.8564810Z # Subtest: approved locks run offline after a new manager instance and draft edits; source/mode changes require a new lock
2026-10-08T17:39:13.8566588Z ok 19 - approved locks run offline after a new manager instance and draft edits; source/mode changes require a new lock
2026-10-08T17:39:13.8567726Z   ---
2026-10-08T17:39:13.8568273Z   duration_ms: 10.54346
2026-10-08T17:39:13.8569132Z   type: 'test'
2026-10-08T17:39:13.8569679Z   ...
2026-10-08T17:39:13.8570823Z # Subtest: duplicate declarations preserve execution order, shared bytes do not share another namespace approval
2026-10-08T17:39:13.8572610Z ok 20 - duplicate declarations preserve execution order, shared bytes do not share another namespace approval
2026-10-08T17:39:13.8573678Z   ---
2026-10-08T17:39:13.8574200Z   duration_ms: 29.665396
2026-10-08T17:39:13.8574763Z   type: 'test'
2026-10-08T17:39:13.8575255Z   ...
2026-10-08T17:39:13.8808465Z # Subtest: a local file adapter preserves declared URL and original file bytes without claiming a network download
2026-10-08T17:39:13.8810414Z ok 21 - a local file adapter preserves declared URL and original file bytes without claiming a network download
2026-10-08T17:39:13.8869384Z   ---
2026-10-08T17:39:13.8929356Z   duration_ms: 24.831092
2026-10-08T17:39:13.8939612Z   type: 'test'
2026-10-08T17:39:13.8940333Z   ...
2026-10-08T17:39:13.9302205Z # Subtest: same URL updates produce new immutable locks; selecting approved old bytes stays offline and deterministic
2026-10-08T17:39:13.9307862Z ok 22 - same URL updates produce new immutable locks; selecting approved old bytes stays offline and deterministic
2026-10-08T17:39:13.9309742Z   ---
2026-10-08T17:39:13.9310320Z   duration_ms: 54.710376
2026-10-08T17:39:13.9311491Z   type: 'test'
2026-10-08T17:39:13.9380756Z   ...
2026-10-08T17:39:13.9886244Z # Subtest: SRI validates original bytes with SHA-256/384/512 and does not silently approve a mismatch
2026-10-08T17:39:13.9910158Z ok 23 - SRI validates original bytes with SHA-256/384/512 and does not silently approve a mismatch
2026-10-08T17:39:13.9939227Z   ---
2026-10-08T17:39:13.9969319Z   duration_ms: 46.841066
2026-10-08T17:39:13.9999312Z   type: 'test'
2026-10-08T17:39:13.9999877Z   ...
2026-10-08T17:39:14.0030038Z # Subtest: downloader rejects redirects, HTML/JSON, malformed UTF-8, private IPs and excess streaming bytes
2026-10-08T17:39:14.0064066Z ok 24 - downloader rejects redirects, HTML/JSON, malformed UTF-8, private IPs and excess streaming bytes
2026-10-08T17:39:14.0089324Z   ---
2026-10-08T17:39:14.0119301Z   duration_ms: 21.132743
2026-10-08T17:39:14.0120001Z   type: 'test'
2026-10-08T17:39:14.0149358Z   ...
2026-10-08T17:39:14.0180736Z # Subtest: permission revocation and stale host during network/hash work never commit an approvable review or lock
2026-10-08T17:39:14.0182435Z ok 25 - permission revocation and stale host during network/hash work never commit an approvable review or lock
2026-10-08T17:39:14.0209328Z   ---
2026-10-08T17:39:14.0219466Z   duration_ms: 9.753214
2026-10-08T17:39:14.0220017Z   type: 'test'
2026-10-08T17:39:14.0220500Z   ...
2026-10-08T17:39:14.0452940Z # Subtest: asset, review provenance and lock tampering fail closed; quota failure atomically rolls back prepared assets
2026-10-08T17:39:14.0480859Z ok 26 - asset, review provenance and lock tampering fail closed; quota failure atomically rolls back prepared assets
2026-10-08T17:39:14.0511522Z   ---
2026-10-08T17:39:14.0520029Z   duration_ms: 39.775901
2026-10-08T17:39:14.0550346Z   type: 'test'
2026-10-08T17:39:14.0570249Z   ...
2026-10-08T17:39:14.0760800Z # Subtest: ordinary JS and metadata-looking strings remain source; real BOM/blank-prefixed CRLF header is preserved
2026-10-08T17:39:14.0792417Z ok 27 - ordinary JS and metadata-looking strings remain source; real BOM/blank-prefixed CRLF header is preserved
2026-10-08T17:39:14.0819445Z   ---
2026-10-08T17:39:14.0820040Z   duration_ms: 5.06068
2026-10-08T17:39:14.0850065Z   type: 'test'
2026-10-08T17:39:14.0869856Z   ...
2026-10-08T17:39:14.0920633Z # Subtest: leading copyright comments do not hide real dependencies or privileges; malformed markers fail closed
2026-10-08T17:39:14.0949437Z ok 28 - leading copyright comments do not hide real dependencies or privileges; malformed markers fail closed
2026-10-08T17:39:14.1022320Z   ---
2026-10-08T17:39:14.1061835Z   duration_ms: 2.870682
2026-10-08T17:39:14.1093088Z   type: 'test'
2026-10-08T17:39:14.1129243Z   ...
2026-10-08T17:39:14.1151549Z # Subtest: standard unpinned @require is importable and reviewable, including duplicate execution order
2026-10-08T17:39:14.1153477Z ok 29 - standard unpinned @require is importable and reviewable, including duplicate execution order
2026-10-08T17:39:14.1154934Z   ---
2026-10-08T17:39:14.1155417Z   duration_ms: 1.724927
2026-10-08T17:39:14.1155970Z   type: 'test'
2026-10-08T17:39:14.1156471Z   ...
2026-10-08T17:39:14.1157745Z # Subtest: TM hex/Base64, SRI tokens, percent-encoded fragments and multiple strong hashes canonicalize without losing plus signs
2026-10-08T17:39:14.1159793Z ok 30 - TM hex/Base64, SRI tokens, percent-encoded fragments and multiple strong hashes canonicalize without losing plus signs
2026-10-08T17:39:14.1160850Z   ---
2026-10-08T17:39:14.1161337Z   duration_ms: 3.015057
2026-10-08T17:39:14.1161867Z   type: 'test'
2026-10-08T17:39:14.1162326Z   ...
2026-10-08T17:39:14.1163276Z # Subtest: malformed or conflicting integrity is preserved for diagnosis and cannot be admitted
2026-10-08T17:39:14.1164643Z ok 31 - malformed or conflicting integrity is preserved for diagnosis and cannot be admitted
2026-10-08T17:39:14.1165507Z   ---
2026-10-08T17:39:14.1166013Z   duration_ms: 2.236368
2026-10-08T17:39:14.1166692Z   type: 'test'
2026-10-08T17:39:14.1167460Z   ...
2026-10-08T17:39:14.1169061Z # Subtest: weak integrity does not masquerade as verified SRI; mixed declarations keep strong requirements
2026-10-08T17:39:14.1171032Z ok 32 - weak integrity does not masquerade as verified SRI; mixed declarations keep strong requirements
2026-10-08T17:39:14.1171940Z   ---
2026-10-08T17:39:14.1172414Z   duration_ms: 3.459128
2026-10-08T17:39:14.1172946Z   type: 'test'
2026-10-08T17:39:14.1173426Z   ...
2026-10-08T17:39:14.1174427Z # Subtest: relative dependencies use actual importer provenance, never a page URL or @downloadURL
2026-10-08T17:39:14.1175838Z ok 33 - relative dependencies use actual importer provenance, never a page URL or @downloadURL
2026-10-08T17:39:14.1176700Z   ---
2026-10-08T17:39:14.1177157Z   duration_ms: 2.287535
2026-10-08T17:39:14.1177668Z   type: 'test'
2026-10-08T17:39:14.1178172Z   ...
2026-10-08T17:39:14.1179334Z # Subtest: unsupported grants/resources/directives do not prevent import or hide later dependencies
2026-10-08T17:39:14.1180902Z ok 34 - unsupported grants/resources/directives do not prevent import or hide later dependencies
2026-10-08T17:39:14.1181865Z   ---
2026-10-08T17:39:14.1182413Z   duration_ms: 1.663085
2026-10-08T17:39:14.1182960Z   type: 'test'
2026-10-08T17:39:14.1183464Z   ...
2026-10-08T17:39:14.1184429Z # Subtest: entry modes remain explicit and native match/frame/timing mappings are inspectable
2026-10-08T17:39:14.1185830Z ok 35 - entry modes remain explicit and native match/frame/timing mappings are inspectable
2026-10-08T17:39:14.1186743Z   ---
2026-10-08T17:39:14.1187243Z   duration_ms: 2.526149
2026-10-08T17:39:14.1187793Z   type: 'test'
2026-10-08T17:39:14.1188273Z   ...
2026-10-08T17:39:14.1189649Z # Subtest: large valid headers no longer fail at 64 lines or 8 dependencies; real bounds fail closed with import diagnostics
2026-10-08T17:39:14.1191391Z ok 36 - large valid headers no longer fail at 64 lines or 8 dependencies; real bounds fail closed with import diagnostics
2026-10-08T17:39:14.1192946Z   ---
2026-10-08T17:39:14.1193502Z   duration_ms: 12.053827
2026-10-08T17:39:14.1194372Z   type: 'test'
2026-10-08T17:39:14.1194978Z   ...
2026-10-08T17:39:14.1196389Z # Subtest: pasting @require only inspects; trusted acquisition requests permission synchronously and full-hash approval unlocks unsaved edits
2026-10-08T17:39:14.1198518Z ok 37 - pasting @require only inspects; trusted acquisition requests permission synchronously and full-hash approval unlocks unsaved edits
2026-10-08T17:39:14.1199995Z   ---
2026-10-08T17:39:14.1200522Z   duration_ms: 45.994485
2026-10-08T17:39:14.1201083Z   type: 'test'
2026-10-08T17:39:14.1201603Z   ...
2026-10-08T17:39:14.1202824Z # Subtest: changing declarations clears an old lock and a late old review cannot replace the current source or become approvable
2026-10-08T17:39:14.1204476Z ok 38 - changing declarations clears an old lock and a late old review cannot replace the current source or become approvable
2026-10-08T17:39:14.1205432Z   ---
2026-10-08T17:39:14.1205952Z   duration_ms: 7.862771
2026-10-08T17:39:14.1206506Z   type: 'test'
2026-10-08T17:39:14.1207003Z   ...
2026-10-08T17:39:14.1208119Z # Subtest: approved cached bytes can be locked for explicitly selected classic mode without a CDN permission prompt
2026-10-08T17:39:14.1209920Z ok 39 - approved cached bytes can be locked for explicitly selected classic mode without a CDN permission prompt
2026-10-08T17:39:14.1210891Z   ---
2026-10-08T17:39:14.1211358Z   duration_ms: 7.506165
2026-10-08T17:39:14.1211874Z   type: 'test'
2026-10-08T17:39:14.1212359Z   ...
2026-10-08T17:39:14.1213457Z # Subtest: permission refusal stops acquisition and local files preserve their original bytes without a CDN request
2026-10-08T17:39:14.1215065Z ok 40 - permission refusal stops acquisition and local files preserve their original bytes without a CDN request
2026-10-08T17:39:14.1216043Z   ---
2026-10-08T17:39:14.1216525Z   duration_ms: 7.105374
2026-10-08T17:39:14.1217042Z   type: 'test'
2026-10-08T17:39:14.1217507Z   ...
2026-10-08T17:39:14.1218794Z # Subtest: add dependency edits only the true metadata block, leaves examples intact and refuses to hide an incomplete header
2026-10-08T17:39:14.1220709Z ok 41 - add dependency edits only the true metadata block, leaves examples intact and refuses to hide an incomplete header
2026-10-08T17:39:14.1221735Z   ---
2026-10-08T17:39:14.1222201Z   duration_ms: 5.526133
2026-10-08T17:39:14.1222722Z   type: 'test'
2026-10-08T17:39:14.1223176Z   ...
2026-10-08T17:39:14.1224366Z # Subtest: closing or changing source while permission/file reading is pending cancels acquisition and old approval handlers
2026-10-08T17:39:14.1226124Z ok 42 - closing or changing source while permission/file reading is pending cancels acquisition and old approval handlers
2026-10-08T17:39:14.1227121Z   ---
2026-10-08T17:39:14.1227565Z   duration_ms: 18.409681
2026-10-08T17:39:14.1228065Z   type: 'test'
2026-10-08T17:39:14.1229020Z   ...
2026-10-08T17:39:14.1230016Z # Subtest: review freezes dependency source selectors and lock status does not claim cache verification
2026-10-08T17:39:14.1231532Z ok 43 - review freezes dependency source selectors and lock status does not claim cache verification
2026-10-08T17:39:14.1232451Z   ---
2026-10-08T17:39:14.1232889Z   duration_ms: 2.501472
2026-10-08T17:39:14.1233368Z   type: 'test'
2026-10-08T17:39:14.1233827Z   ...
2026-10-08T17:39:14.1234897Z # Subtest: a late dependency inspection cannot replace the admission of current metadata with the old source policy
2026-10-08T17:39:14.1236593Z ok 44 - a late dependency inspection cannot replace the admission of current metadata with the old source policy
2026-10-08T17:39:14.1237572Z   ---
2026-10-08T17:39:14.1238064Z   duration_ms: 11.353445
2026-10-08T17:39:14.1238597Z   type: 'test'
2026-10-08T17:39:14.1239369Z   ...
2026-10-08T17:39:14.1240420Z # Subtest: repairing metadata during inspection uses current admission and retains a dependency-only lock
2026-10-08T17:39:14.1241961Z ok 45 - repairing metadata during inspection uses current admission and retains a dependency-only lock
2026-10-08T17:39:14.1243225Z   ---
2026-10-08T17:39:14.1243946Z   duration_ms: 4.011379
2026-10-08T17:39:14.1244485Z   type: 'test'
2026-10-08T17:39:14.1244972Z   ...
2026-10-08T17:39:14.1246164Z # Subtest: a newly unsupported policy cancels acquisition after the permission await even when dependencies are unchanged
2026-10-08T17:39:14.1247876Z ok 46 - a newly unsupported policy cancels acquisition after the permission await even when dependencies are unchanged
2026-10-08T17:39:14.1249041Z   ---
2026-10-08T17:39:14.1249623Z   duration_ms: 9.057789
2026-10-08T17:39:14.1250198Z   type: 'test'
2026-10-08T17:39:14.1250700Z   ...
2026-10-08T17:39:14.1251772Z # Subtest: approval revalidates current source even when an importer did not dispatch an input event
2026-10-08T17:39:14.1253286Z ok 47 - approval revalidates current source even when an importer did not dispatch an input event
2026-10-08T17:39:14.1254309Z   ---
2026-10-08T17:39:14.1284961Z   duration_ms: 5.208041
2026-10-08T17:39:14.1285796Z   type: 'test'
2026-10-08T17:39:14.1286319Z   ...
2026-10-08T17:39:14.1287414Z # Subtest: declared antifeatures remain visible as untrusted plain text through inspection and source edits
2026-10-08T17:39:14.1289257Z ok 48 - declared antifeatures remain visible as untrusted plain text through inspection and source edits
2026-10-08T17:39:14.1291623Z   ---
2026-10-08T17:39:14.1292173Z   duration_ms: 2.328175
2026-10-08T17:39:14.1292705Z   type: 'test'
2026-10-08T17:39:14.1293198Z   ...
2026-10-08T17:39:14.1294038Z # Subtest: explicit legacy adapter preserves R3 frozen USER_SCRIPT descriptors
2026-10-08T17:39:14.1295196Z ok 49 - explicit legacy adapter preserves R3 frozen USER_SCRIPT descriptors
2026-10-08T17:39:14.1295967Z   ---
2026-10-08T17:39:14.1296440Z   duration_ms: 11.732249
2026-10-08T17:39:14.1296940Z   type: 'test'
2026-10-08T17:39:14.1297429Z   ...
2026-10-08T17:39:14.1298315Z # Subtest: new pinned revision obtains different world and old revision unchanged
2026-10-08T17:39:14.1299691Z ok 50 - new pinned revision obtains different world and old revision unchanged
2026-10-08T17:39:14.1300676Z   ---
2026-10-08T17:39:14.1301113Z   duration_ms: 3.282014
2026-10-08T17:39:14.1301573Z   type: 'test'
2026-10-08T17:39:14.1301987Z   ...
2026-10-08T17:39:14.1302943Z # Subtest: fails closed without existing broker Available+install grant or with altered script hash
2026-10-08T17:39:14.1304267Z ok 51 - fails closed without existing broker Available+install grant or with altered script hash
2026-10-08T17:39:14.1305070Z   ---
2026-10-08T17:39:14.1305504Z   duration_ms: 4.165579
2026-10-08T17:39:14.1305965Z   type: 'test'
2026-10-08T17:39:14.1306385Z   ...
2026-10-08T17:39:14.1307180Z # Subtest: dependency version/sha/world lock enforced, library failure blocks injection
2026-10-08T17:39:14.1308384Z ok 52 - dependency version/sha/world lock enforced, library failure blocks injection
2026-10-08T17:39:14.1309371Z   ---
2026-10-08T17:39:14.1309849Z   duration_ms: 2.658466
2026-10-08T17:39:14.1310369Z   type: 'test'
2026-10-08T17:39:14.1310838Z   ...
2026-10-08T17:39:14.1311927Z # Subtest: D1 Page contract consumes actual manager locks and preserves generic classic globals without a wrapper
2026-10-08T17:39:14.1313516Z ok 53 - D1 Page contract consumes actual manager locks and preserves generic classic globals without a wrapper
2026-10-08T17:39:14.1314488Z   ---
2026-10-08T17:39:14.1314965Z   duration_ms: 72.531527
2026-10-08T17:39:14.1315487Z   type: 'test'
2026-10-08T17:39:14.1315973Z   ...
2026-10-08T17:39:14.1317070Z # Subtest: async-main Page revisions share immutable dependencies while registration identities remain isolated
2026-10-08T17:39:14.1318614Z ok 54 - async-main Page revisions share immutable dependencies while registration identities remain isolated
2026-10-08T17:39:14.1319812Z   ---
2026-10-08T17:39:14.1320257Z   duration_ms: 46.266261
2026-10-08T17:39:14.1320811Z   type: 'test'
2026-10-08T17:39:14.1321275Z   ...
2026-10-08T17:39:14.1322605Z # Subtest: full Page authority proof binds kind, entry, revision, dependency identity and every rule, not only matches
2026-10-08T17:39:14.1325393Z ok 55 - full Page authority proof binds kind, entry, revision, dependency identity and every rule, not only matches
2026-10-08T17:39:14.1326351Z   ---
2026-10-08T17:39:14.1326814Z   duration_ms: 82.714751
2026-10-08T17:39:14.1327320Z   type: 'test'
2026-10-08T17:39:14.1327812Z   ...
2026-10-08T17:39:14.1563327Z # Subtest: Page source/metadata/asset tampering is blocked and old Controller/R3 formats require an explicit path
2026-10-08T17:39:14.1632549Z ok 56 - Page source/metadata/asset tampering is blocked and old Controller/R3 formats require an explicit path
2026-10-08T17:39:14.1654452Z   ---
2026-10-08T17:39:14.1699997Z   duration_ms: 37.834653
2026-10-08T17:39:14.1705585Z   type: 'test'
2026-10-08T17:39:14.1706136Z   ...
2026-10-08T17:39:14.1920683Z # Subtest: named async main() evaluates in exact USER_SCRIPT main document without durable Task or registration
2026-10-08T17:39:14.2000463Z ok 57 - named async main() evaluates in exact USER_SCRIPT main document without durable Task or registration
2026-10-08T17:39:14.2001599Z   ---
2026-10-08T17:39:14.2045875Z   duration_ms: 18.493651
2026-10-08T17:39:14.2069953Z   type: 'test'
2026-10-08T17:39:14.2099280Z   ...
2026-10-08T17:39:14.2127157Z # Subtest: no injection after document change, permission revoke, Controller slot, invalid sender or API opt-in
2026-10-08T17:39:14.2149905Z ok 58 - no injection after document change, permission revoke, Controller slot, invalid sender or API opt-in
2026-10-08T17:39:14.2159236Z   ---
2026-10-08T17:39:14.2189185Z   duration_ms: 13.797132
2026-10-08T17:39:14.2219275Z   type: 'test'
2026-10-08T17:39:14.2220116Z   ...
2026-10-08T17:39:14.2250083Z # Subtest: incorrect browser document receipt and native script errors cannot claim success
2026-10-08T17:39:14.2289071Z ok 59 - incorrect browser document receipt and native script errors cannot claim success
2026-10-08T17:39:14.2290260Z   ---
2026-10-08T17:39:14.2290811Z   duration_ms: 17.844565
2026-10-08T17:39:14.2291381Z   type: 'test'
2026-10-08T17:39:14.2291901Z   ...
2026-10-08T17:39:14.2292871Z # Subtest: source, site and requested execution world cannot be forged through preview protocol
2026-10-08T17:39:14.2294266Z ok 60 - source, site and requested execution world cannot be forged through preview protocol
2026-10-08T17:39:14.2295131Z   ---
2026-10-08T17:39:14.2295622Z   duration_ms: 1.772869
2026-10-08T17:39:14.2296152Z   type: 'test'
2026-10-08T17:39:14.2296621Z   ...
2026-10-08T17:39:14.2297593Z # Subtest: verified pinned jQuery bytes precede preview main, without Service Worker evaluation
2026-10-08T17:39:14.2329898Z ok 61 - verified pinned jQuery bytes precede preview main, without Service Worker evaluation
2026-10-08T17:39:14.2359229Z   ---
2026-10-08T17:39:14.2365176Z   duration_ms: 31.026191
2026-10-08T17:39:14.2373899Z   type: 'test'
2026-10-08T17:39:14.2374582Z   ...
2026-10-08T17:39:14.2375606Z # Subtest: importing a JS draft leaves saved versions and running source independent
2026-10-08T17:39:14.2376892Z ok 62 - importing a JS draft leaves saved versions and running source independent
2026-10-08T17:39:14.2377738Z   ---
2026-10-08T17:39:14.2378240Z   duration_ms: 32.650668
2026-10-08T17:39:14.2379106Z   type: 'test'
2026-10-08T17:39:14.2379622Z   ...
2026-10-08T17:39:14.2421915Z # Subtest: draft import rejects empty/oversized sources and active saves without overwriting the editor
2026-10-08T17:39:14.2440106Z ok 63 - draft import rejects empty/oversized sources and active saves without overwriting the editor
2026-10-08T17:39:14.2449509Z   ---
2026-10-08T17:39:14.2469447Z   duration_ms: 8.713933
2026-10-08T17:39:14.2469985Z   type: 'test'
2026-10-08T17:39:14.2470452Z   ...
2026-10-08T17:39:14.2515924Z # Subtest: catalog draft import updates dependency review from the new source without saving or running
2026-10-08T17:39:14.2533137Z ok 64 - catalog draft import updates dependency review from the new source without saving or running
2026-10-08T17:39:14.2539963Z   ---
2026-10-08T17:39:14.2550550Z   duration_ms: 7.992805
2026-10-08T17:39:14.2551550Z   type: 'test'
2026-10-08T17:39:14.2552122Z   ...
2026-10-08T17:39:14.2574890Z # Subtest: Save persists revision/hash without requesting permission, creating a Run, or executing code
2026-10-08T17:39:14.2583480Z ok 65 - Save persists revision/hash without requesting permission, creating a Run, or executing code
2026-10-08T17:39:14.2584487Z   ---
2026-10-08T17:39:14.2584974Z   duration_ms: 6.231964
2026-10-08T17:39:14.2585503Z   type: 'test'
2026-10-08T17:39:14.2585994Z   ...
2026-10-08T17:39:14.2639156Z # Subtest: reopened editor lists saved scripts without running and loads the selected latest head explicitly
2026-10-08T17:39:14.2643685Z ok 66 - reopened editor lists saved scripts without running and loads the selected latest head explicitly
2026-10-08T17:39:14.2644639Z   ---
2026-10-08T17:39:14.2645114Z   duration_ms: 6.425457
2026-10-08T17:39:14.2645636Z   type: 'test'
2026-10-08T17:39:14.2646149Z   ...
2026-10-08T17:39:14.2719508Z # Subtest: loading a historical revision does not turn it into the latest Save CAS head
2026-10-08T17:39:14.2721845Z ok 67 - loading a historical revision does not turn it into the latest Save CAS head
2026-10-08T17:39:14.2722758Z   ---
2026-10-08T17:39:14.2723292Z   duration_ms: 7.7747
2026-10-08T17:39:14.2723877Z   type: 'test'
2026-10-08T17:39:14.2724422Z   ...
2026-10-08T17:39:14.2782146Z # Subtest: Delete tombstones the latest head and refreshes the saved-script selector
2026-10-08T17:39:14.2783495Z ok 68 - Delete tombstones the latest head and refreshes the saved-script selector
2026-10-08T17:39:14.2784328Z   ---
2026-10-08T17:39:14.2784814Z   duration_ms: 6.872868
2026-10-08T17:39:14.2785425Z   type: 'test'
2026-10-08T17:39:14.2796808Z   ...
2026-10-08T17:39:14.2882350Z # Subtest: saved A stays immutable; Run freezes unsaved B/params/page A; editing C and Save do not replace B
2026-10-08T17:39:14.2897194Z ok 69 - saved A stays immutable; Run freezes unsaved B/params/page A; editing C and Save do not replace B
2026-10-08T17:39:14.2898367Z   ---
2026-10-08T17:39:14.2899041Z   duration_ms: 9.554388
2026-10-08T17:39:14.2899580Z   type: 'test'
2026-10-08T17:39:14.2900051Z   ...
2026-10-08T17:39:14.2961806Z # Subtest: a brand-new unsaved draft runs with an empty script ID and never creates a saved revision
2026-10-08T17:39:14.2989773Z ok 70 - a brand-new unsaved draft runs with an empty script ID and never creates a saved revision
2026-10-08T17:39:14.2999388Z   ---
2026-10-08T17:39:14.2999883Z   duration_ms: 8.058717
2026-10-08T17:39:14.3000377Z   type: 'test'
2026-10-08T17:39:14.3000798Z   ...
2026-10-08T17:39:14.3088032Z # Subtest: permission preparation rejects a switched page; closing the editor during permission never admits a run
2026-10-08T17:39:14.3089789Z ok 71 - permission preparation rejects a switched page; closing the editor during permission never admits a run
2026-10-08T17:39:14.3090641Z   ---
2026-10-08T17:39:14.3090972Z   duration_ms: 13.296887
2026-10-08T17:39:14.3091388Z   type: 'test'
2026-10-08T17:39:14.3091713Z   ...
2026-10-08T17:39:14.3148956Z # Subtest: Stop uses the formal RunHost abort/retirement path and persists stopped with the original pin
2026-10-08T17:39:14.3152152Z ok 72 - Stop uses the formal RunHost abort/retirement path and persists stopped with the original pin
2026-10-08T17:39:14.3153075Z   ---
2026-10-08T17:39:14.3153504Z   duration_ms: 5.146699
2026-10-08T17:39:14.3153994Z   type: 'test'
2026-10-08T17:39:14.3154422Z   ...
2026-10-08T17:39:14.3243571Z # Subtest: pagehide invokes RunHost host-close; reopened editor only reads the durable interrupted Result
2026-10-08T17:39:14.3245036Z ok 73 - pagehide invokes RunHost host-close; reopened editor only reads the durable interrupted Result
2026-10-08T17:39:14.3245840Z   ---
2026-10-08T17:39:14.3246164Z   duration_ms: 7.255237
2026-10-08T17:39:14.3246546Z   type: 'test'
2026-10-08T17:39:14.3246869Z   ...
2026-10-08T17:39:14.3324041Z # Subtest: late Save/Load replies do not overwrite another script selection or edits made during loading
2026-10-08T17:39:14.3329607Z ok 74 - late Save/Load replies do not overwrite another script selection or edits made during loading
2026-10-08T17:39:14.3330598Z   ---
2026-10-08T17:39:14.3331087Z   duration_ms: 7.322427
2026-10-08T17:39:14.3331624Z   type: 'test'
2026-10-08T17:39:14.3332093Z   ...
2026-10-08T17:39:14.3399752Z # Subtest: late saved-script selector load cannot overwrite edits made during loading
2026-10-08T17:39:14.3400792Z ok 75 - late saved-script selector load cannot overwrite edits made during loading
2026-10-08T17:39:14.3427244Z   ---
2026-10-08T17:39:14.3427783Z   duration_ms: 5.477922
2026-10-08T17:39:14.3428198Z   type: 'test'
2026-10-08T17:39:14.3428538Z   ...
2026-10-08T17:39:14.3489768Z # Subtest: an older snapshot reply cannot disable Run after a newer durable observation
2026-10-08T17:39:14.3492223Z ok 76 - an older snapshot reply cannot disable Run after a newer durable observation
2026-10-08T17:39:14.3493003Z   ---
2026-10-08T17:39:14.3493384Z   duration_ms: 10.15718
2026-10-08T17:39:14.3493769Z   type: 'test'
2026-10-08T17:39:14.3494153Z   ...
2026-10-08T17:39:14.3640067Z # Subtest: an older snapshot error cannot overwrite a newer successful durable view
2026-10-08T17:39:14.3669790Z ok 77 - an older snapshot error cannot overwrite a newer successful durable view
2026-10-08T17:39:14.3699446Z   ---
2026-10-08T17:39:14.3739245Z   duration_ms: 13.235637
2026-10-08T17:39:14.3759248Z   type: 'test'
2026-10-08T17:39:14.3799275Z   ...
2026-10-08T17:39:14.3828552Z # Subtest: the permission request remains synchronous in the click fixture; denied permission and invalid params execute nothing
2026-10-08T17:39:14.3848987Z ok 78 - the permission request remains synchronous in the click fixture; denied permission and invalid params execute nothing
2026-10-08T17:39:14.3850080Z   ---
2026-10-08T17:39:14.3850520Z   duration_ms: 10.576339
2026-10-08T17:39:14.3851009Z   type: 'test'
2026-10-08T17:39:14.3851424Z   ...
2026-10-08T17:39:14.3852417Z # Subtest: DOM preview binds frozen source, dependency choice and exact current document from trusted click
2026-10-08T17:39:14.3853989Z ok 79 - DOM preview binds frozen source, dependency choice and exact current document from trusted click
2026-10-08T17:39:14.3854869Z   ---
2026-10-08T17:39:14.3855279Z   duration_ms: 7.080056
2026-10-08T17:39:14.3855752Z   type: 'test'
2026-10-08T17:39:14.3856165Z   ...
2026-10-08T17:39:14.3885074Z # Subtest: DOM preview refuses to inject when the active document changes while permission is pending
2026-10-08T17:39:14.3886421Z ok 80 - DOM preview refuses to inject when the active document changes while permission is pending
2026-10-08T17:39:14.3939615Z   ---
2026-10-08T17:39:14.4011424Z   duration_ms: 7.286764
2026-10-08T17:39:14.4011889Z   type: 'test'
2026-10-08T17:39:14.4039403Z   ...
2026-10-08T17:39:14.4050025Z # Subtest: Developer Stop cannot cancel the formal Task or another view using the shared RunHost
2026-10-08T17:39:14.4051521Z ok 81 - Developer Stop cannot cancel the formal Task or another view using the shared RunHost
2026-10-08T17:39:14.4052389Z   ---
2026-10-08T17:39:14.4052851Z   duration_ms: 5.543029
2026-10-08T17:39:14.4053323Z   type: 'test'
2026-10-08T17:39:14.4053754Z   ...
2026-10-08T17:39:14.4098613Z # Subtest: project import displays source while Save and Run freeze compiled bytes and the original hash
2026-10-08T17:39:14.4120275Z ok 82 - project import displays source while Save and Run freeze compiled bytes and the original hash
2026-10-08T17:39:14.4121232Z   ---
2026-10-08T17:39:14.4121699Z   duration_ms: 16.864006
2026-10-08T17:39:14.4122221Z   type: 'test'
2026-10-08T17:39:14.4122664Z   ...
2026-10-08T17:39:14.4162461Z # Subtest: invalid project envelope leaves the previous editor source and no execution or saved revision
2026-10-08T17:39:14.4169067Z ok 83 - invalid project envelope leaves the previous editor source and no execution or saved revision
2026-10-08T17:39:14.4170129Z   ---
2026-10-08T17:39:14.4170667Z   duration_ms: 8.533835
2026-10-08T17:39:14.4172281Z   type: 'test'
2026-10-08T17:39:14.4172804Z   ...
2026-10-08T17:39:14.4351548Z # Subtest: manifest exposes tool.html as a global Chrome Side Panel
2026-10-08T17:39:14.4369692Z ok 84 - manifest exposes tool.html as a global Chrome Side Panel
2026-10-08T17:39:14.4370431Z   ---
2026-10-08T17:39:14.4370876Z   duration_ms: 7.778425
2026-10-08T17:39:14.4371351Z   type: 'test'
2026-10-08T17:39:14.4371764Z   ...
2026-10-08T17:39:14.4372382Z # Subtest: product shell has no popup-window fallback
2026-10-08T17:39:14.4373153Z ok 85 - product shell has no popup-window fallback
2026-10-08T17:39:14.4373743Z   ---
2026-10-08T17:39:14.4374169Z   duration_ms: 1.781111
2026-10-08T17:39:14.4376064Z   type: 'test'
2026-10-08T17:39:14.4376485Z   ...
2026-10-08T17:39:14.4377306Z # Subtest: default Run freezes Current Page then revalidates before existing RunHost
2026-10-08T17:39:14.4378449Z ok 86 - default Run freezes Current Page then revalidates before existing RunHost
2026-10-08T17:39:14.4379332Z   ---
2026-10-08T17:39:14.4379778Z   duration_ms: 3.531585
2026-10-08T17:39:14.4380318Z   type: 'test'
2026-10-08T17:39:14.4380729Z   ...
2026-10-08T17:39:14.4381645Z # Subtest: trusted Side Panel run sends the exact unsaved draft to the original Controller authority
2026-10-08T17:39:14.4382964Z ok 87 - trusted Side Panel run sends the exact unsaved draft to the original Controller authority
2026-10-08T17:39:14.4387321Z   ---
2026-10-08T17:39:14.4387795Z   duration_ms: 2.716593
2026-10-08T17:39:14.4388304Z   type: 'test'
2026-10-08T17:39:14.4389048Z   ...
2026-10-08T17:39:14.4389807Z # Subtest: R6 uses valid tab roles with labelled content panels
2026-10-08T17:39:14.4390706Z ok 88 - R6 uses valid tab roles with labelled content panels
2026-10-08T17:39:14.4392597Z   ---
2026-10-08T17:39:14.4393017Z   duration_ms: 1.466723
2026-10-08T17:39:14.4393472Z   type: 'test'
2026-10-08T17:39:14.4393877Z   ...
2026-10-08T17:39:14.4394732Z # Subtest: R4 Sidebar sections preserve consumer controls and keep engineering tools folded
2026-10-08T17:39:14.4395986Z ok 89 - R4 Sidebar sections preserve consumer controls and keep engineering tools folded
2026-10-08T17:39:14.4396785Z   ---
2026-10-08T17:39:14.4397191Z   duration_ms: 3.146042
2026-10-08T17:39:14.4397746Z   type: 'test'
2026-10-08T17:39:14.4479879Z   ...
2026-10-08T17:39:14.4509956Z # Subtest: Sidebar starts at its three tabs without repeating Chrome extension identity
2026-10-08T17:39:14.4605382Z ok 90 - Sidebar starts at its three tabs without repeating Chrome extension identity
2026-10-08T17:39:14.4617497Z   ---
2026-10-08T17:39:14.4617986Z   duration_ms: 2.459049
2026-10-08T17:39:14.4618487Z   type: 'test'
2026-10-08T17:39:14.4619210Z   ...
2026-10-08T17:39:14.4620429Z # Subtest: entering Sidebar task views reads external installations without executing and preserves unchanged form inputs
2026-10-08T17:39:14.4622169Z ok 91 - entering Sidebar task views reads external installations without executing and preserves unchanged form inputs
2026-10-08T17:39:14.4623165Z   ---
2026-10-08T17:39:14.4623612Z   duration_ms: 30.989741
2026-10-08T17:39:14.4624109Z   type: 'test'
2026-10-08T17:39:14.4624531Z   ...
2026-10-08T17:39:14.4625556Z # Subtest: installed tasks default page, render schema form and freeze the exact saved version/params/target
2026-10-08T17:39:14.4649161Z ok 92 - installed tasks default page, render schema form and freeze the exact saved version/params/target
2026-10-08T17:39:14.4686211Z   ---
2026-10-08T17:39:14.4699331Z   duration_ms: 22.430489
2026-10-08T17:39:14.4699745Z   type: 'test'
2026-10-08T17:39:14.4700070Z   ...
2026-10-08T17:39:14.4700869Z # Subtest: installed task can be explicitly forked into an independent unsaved editor draft
2026-10-08T17:39:14.4702020Z ok 93 - installed task can be explicitly forked into an independent unsaved editor draft
2026-10-08T17:39:14.4702702Z   ---
2026-10-08T17:39:14.4703017Z   duration_ms: 6.681343
2026-10-08T17:39:14.4703375Z   type: 'test'
2026-10-08T17:39:14.4703681Z   ...
2026-10-08T17:39:14.4704491Z # Subtest: task Stop cannot cancel another view's in-flight draft; parameter form never navigates
2026-10-08T17:39:14.4706303Z ok 94 - task Stop cannot cancel another view's in-flight draft; parameter form never navigates
2026-10-08T17:39:14.4707040Z   ---
2026-10-08T17:39:14.4707354Z   duration_ms: 9.252339
2026-10-08T17:39:14.4707710Z   type: 'test'
2026-10-08T17:39:14.4708013Z   ...
2026-10-08T17:39:14.4708854Z # Subtest: installed task refuses stale target after async installed-version lookup
2026-10-08T17:39:14.4709815Z ok 95 - installed task refuses stale target after async installed-version lookup
2026-10-08T17:39:14.4710460Z   ---
2026-10-08T17:39:14.4710772Z   duration_ms: 7.189038
2026-10-08T17:39:14.4711122Z   type: 'test'
2026-10-08T17:39:14.4711424Z   ...
2026-10-08T17:39:14.4712157Z # Subtest: task cards retain readable selection and do not surface raw IDs as the main UI
2026-10-08T17:39:14.4713240Z ok 96 - task cards retain readable selection and do not surface raw IDs as the main UI
2026-10-08T17:39:14.4713891Z   ---
2026-10-08T17:39:14.4714222Z   duration_ms: 3.560679
2026-10-08T17:39:14.4714564Z   type: 'test'
2026-10-08T17:39:14.4714867Z   ...
2026-10-08T17:39:14.4715806Z # Subtest: Sidebar Discover searches installed tasks only and selects a task without running or opening the catalog
2026-10-08T17:39:14.4717289Z ok 97 - Sidebar Discover searches installed tasks only and selects a task without running or opening the catalog
2026-10-08T17:39:14.4718123Z   ---
2026-10-08T17:39:14.4718433Z   duration_ms: 15.04829
2026-10-08T17:39:14.4718950Z   type: 'test'
2026-10-08T17:39:14.4719250Z   ...
2026-10-08T17:39:14.4719959Z # Subtest: Discover filter controls are real view filters and cannot start another run
2026-10-08T17:39:14.4721031Z ok 98 - Discover filter controls are real view filters and cannot start another run
2026-10-08T17:39:14.4721678Z   ---
2026-10-08T17:39:14.4721976Z   duration_ms: 17.459252
2026-10-08T17:39:14.4722341Z   type: 'test'
2026-10-08T17:39:14.4722642Z   ...
2026-10-08T17:39:14.4723377Z # Subtest: opening the separate full-size catalog preserves its import and management view
2026-10-08T17:39:14.4724855Z ok 99 - opening the separate full-size catalog preserves its import and management view
2026-10-08T17:39:14.4725554Z   ---
2026-10-08T17:39:14.4725863Z   duration_ms: 3.263507
2026-10-08T17:39:14.4726215Z   type: 'test'
2026-10-08T17:39:14.4726519Z   ...
2026-10-08T17:39:14.4727406Z # Subtest: full-size catalog keeps its own reader after real install and re-reads the single Task Catalog state
2026-10-08T17:39:14.4728927Z ok 100 - full-size catalog keeps its own reader after real install and re-reads the single Task Catalog state
2026-10-08T17:39:14.4729709Z   ---
2026-10-08T17:39:14.4730048Z   duration_ms: 9.802347
2026-10-08T17:39:14.4730396Z   type: 'test'
2026-10-08T17:39:14.4730704Z   ...
2026-10-08T17:39:14.4731529Z # Subtest: idle Discover has no fixed footer and inline import still opens the authenticated catalog
2026-10-08T17:39:14.4732756Z ok 101 - idle Discover has no fixed footer and inline import still opens the authenticated catalog
2026-10-08T17:39:14.4733488Z   ---
2026-10-08T17:39:14.4733790Z   duration_ms: 18.172443
2026-10-08T17:39:14.4734154Z   type: 'test'
2026-10-08T17:39:14.4734470Z   ...
2026-10-08T17:39:14.4735049Z # Subtest: R5 result/history stay out of sight until a task has runs
2026-10-08T17:39:14.4735876Z ok 102 - R5 result/history stay out of sight until a task has runs
2026-10-08T17:39:14.4736421Z   ---
2026-10-08T17:39:14.4736745Z   duration_ms: 18.994947
2026-10-08T17:39:14.4737145Z   type: 'test'
2026-10-08T17:39:14.4737466Z   ...
2026-10-08T17:39:14.4738443Z # Subtest: card view retains original action identities, history and parameter form across tab changes
2026-10-08T17:39:14.4739843Z ok 103 - card view retains original action identities, history and parameter form across tab changes
2026-10-08T17:39:14.4740632Z   ---
2026-10-08T17:39:14.4740944Z   duration_ms: 11.455933
2026-10-08T17:39:14.4741321Z   type: 'test'
2026-10-08T17:39:14.4741641Z   ...
2026-10-08T17:39:14.4742736Z # Subtest: switching between two installed tasks preserves each independent unsaved parameter input
2026-10-08T17:39:14.4744296Z ok 104 - switching between two installed tasks preserves each independent unsaved parameter input
2026-10-08T17:39:14.4745031Z   ---
2026-10-08T17:39:14.4745333Z   duration_ms: 3.893654
2026-10-08T17:39:14.4745679Z   type: 'test'
2026-10-08T17:39:14.4745981Z   ...
2026-10-08T17:39:14.4746523Z # Subtest: R6 accessible roving tabs support Arrow and Home/End
2026-10-08T17:39:14.4747307Z ok 105 - R6 accessible roving tabs support Arrow and Home/End
2026-10-08T17:39:14.4747820Z   ---
2026-10-08T17:39:14.4748116Z   duration_ms: 7.301551
2026-10-08T17:39:14.4748471Z   type: 'test'
2026-10-08T17:39:14.4748918Z   ...
2026-10-08T17:39:14.4749608Z # Subtest: R6 task card refresh, keyboard selection and Discover handoff restore focus
2026-10-08T17:39:14.4750660Z ok 106 - R6 task card refresh, keyboard selection and Discover handoff restore focus
2026-10-08T17:39:14.4751296Z   ---
2026-10-08T17:39:14.4751607Z   duration_ms: 11.744737
2026-10-08T17:39:14.4751965Z   type: 'test'
2026-10-08T17:39:14.4752262Z   ...
2026-10-08T17:39:14.4816841Z # Subtest: R6 late run start/result cannot become the newly selected task status
2026-10-08T17:39:14.4818106Z ok 107 - R6 late run start/result cannot become the newly selected task status
2026-10-08T17:39:14.4819321Z   ---
2026-10-08T17:39:14.4819737Z   duration_ms: 16.122737
2026-10-08T17:39:14.4820211Z   type: 'test'
2026-10-08T17:39:14.4820620Z   ...
2026-10-08T17:39:14.4933003Z # Subtest: R6 previous-version notices and results do not leak after installed upgrade
2026-10-08T17:39:14.4934514Z ok 108 - R6 previous-version notices and results do not leak after installed upgrade
2026-10-08T17:39:14.4935373Z   ---
2026-10-08T17:39:14.4935737Z   duration_ms: 11.875036
2026-10-08T17:39:14.4936122Z   type: 'test'
2026-10-08T17:39:14.4936514Z   ...
2026-10-08T17:39:14.5285513Z # Subtest: two extension documents share only a refresh hint and re-read authoritative installed state
2026-10-08T17:39:14.5287505Z ok 109 - two extension documents share only a refresh hint and re-read authoritative installed state
2026-10-08T17:39:14.5288553Z   ---
2026-10-08T17:39:14.5289278Z   duration_ms: 35.318554
2026-10-08T17:39:14.5289771Z   type: 'test'
2026-10-08T17:39:14.5290177Z   ...
2026-10-08T17:39:14.5375632Z # Subtest: catalog installation stays in the complete directory and directs running back to Sidebar
2026-10-08T17:39:14.5377332Z ok 110 - catalog installation stays in the complete directory and directs running back to Sidebar
2026-10-08T17:39:14.5379232Z   ---
2026-10-08T17:39:14.5382689Z   duration_ms: 5.411423
2026-10-08T17:39:14.5382955Z   type: 'test'
2026-10-08T17:39:14.5383171Z   ...
2026-10-08T17:39:14.5536423Z # Subtest: catalog JS import hands source to Sidebar and never enters a view with a hidden runner
2026-10-08T17:39:14.5606616Z ok 111 - catalog JS import hands source to Sidebar and never enters a view with a hidden runner
2026-10-08T17:39:14.5607662Z   ---
2026-10-08T17:39:14.5608207Z   duration_ms: 9.702759
2026-10-08T17:39:14.5608927Z   type: 'test'
2026-10-08T17:39:14.5609412Z   ...
2026-10-08T17:39:14.5610547Z # Subtest: missing Sidebar refuses import with an actionable message, without losing the directory
2026-10-08T17:39:14.5612004Z ok 112 - missing Sidebar refuses import with an actionable message, without losing the directory
2026-10-08T17:39:14.5612918Z   ---
2026-10-08T17:39:14.5613415Z   duration_ms: 17.119341
2026-10-08T17:39:14.5613951Z   type: 'test'
2026-10-08T17:39:14.5614435Z   ...
2026-10-08T17:39:14.5655935Z # Subtest: catalog draft transport errors retain their cause instead of claiming Sidebar is missing
2026-10-08T17:39:14.5657094Z ok 113 - catalog draft transport errors retain their cause instead of claiming Sidebar is missing
2026-10-08T17:39:14.5657566Z   ---
2026-10-08T17:39:14.5657788Z   duration_ms: 4.988263
2026-10-08T17:39:14.5658025Z   type: 'test'
2026-10-08T17:39:14.5658236Z   ...
2026-10-08T17:39:14.5680957Z # Subtest: receiving a source-only import selects Sidebar Developer without creating a run
2026-10-08T17:39:14.5683324Z ok 114 - receiving a source-only import selects Sidebar Developer without creating a run
2026-10-08T17:39:14.5684418Z   ---
2026-10-08T17:39:14.5684939Z   duration_ms: 2.402164
2026-10-08T17:39:14.5685462Z   type: 'test'
2026-10-08T17:39:14.5685935Z   ...
2026-10-08T17:39:14.5876651Z # Subtest: R6.1 task-owned Stop is the sole cross-view action and names the launching task
2026-10-08T17:39:14.5878035Z ok 115 - R6.1 task-owned Stop is the sole cross-view action and names the launching task
2026-10-08T17:39:14.5878935Z   ---
2026-10-08T17:39:14.5879766Z   duration_ms: 18.884893
2026-10-08T17:39:14.5880151Z   type: 'test'
2026-10-08T17:39:14.5880494Z   ...
2026-10-08T17:39:14.5899137Z # Subtest: R6.1 a draft-owned run exposes only its Stop when viewing Tasks or Discover
2026-10-08T17:39:14.5907700Z ok 116 - R6.1 a draft-owned run exposes only its Stop when viewing Tasks or Discover
2026-10-08T17:39:14.5908250Z   ---
2026-10-08T17:39:14.5908585Z   duration_ms: 3.495923
2026-10-08T17:39:14.5909228Z   type: 'test'
2026-10-08T17:39:14.5909546Z   ...
2026-10-08T17:39:14.6041453Z # Subtest: R6.1 stop-only footer CSS hides all non-owner actions without hiding Stop
2026-10-08T17:39:14.6043296Z ok 117 - R6.1 stop-only footer CSS hides all non-owner actions without hiding Stop
2026-10-08T17:39:14.6100295Z   ---
2026-10-08T17:39:14.6110888Z   duration_ms: 7.722281
2026-10-08T17:39:14.6113907Z   type: 'test'
2026-10-08T17:39:14.6114365Z   ...
2026-10-08T17:39:14.6161245Z # Subtest: real manager → approval → preview executes two ordered sources, reuses draft locks offline, and rechecks new GM grants
2026-10-08T17:39:14.6163656Z ok 118 - real manager → approval → preview executes two ordered sources, reuses draft locks offline, and rechecks new GM grants
2026-10-08T17:39:14.6164738Z   ---
2026-10-08T17:39:14.6165217Z   duration_ms: 119.831655
2026-10-08T17:39:14.6165810Z   type: 'test'
2026-10-08T17:39:14.6166254Z   ...
2026-10-08T17:39:14.6167426Z # Subtest: classic top-level const runs repeatedly in fresh worlds; trailing comments and ASI do not consume the next source
2026-10-08T17:39:14.6168531Z ok 119 - classic top-level const runs repeatedly in fresh worlds; trailing comments and ASI do not consume the next source
2026-10-08T17:39:14.6170224Z   ---
2026-10-08T17:39:14.6170586Z   duration_ms: 30.795247
2026-10-08T17:39:14.6170988Z   type: 'test'
2026-10-08T17:39:14.6171340Z   ...
2026-10-08T17:39:14.6172245Z # Subtest: a synchronous dependency failure prevents later libraries and the consumer from executing
2026-10-08T17:39:14.6173643Z ok 120 - a synchronous dependency failure prevents later libraries and the consumer from executing
2026-10-08T17:39:14.6174463Z   ---
2026-10-08T17:39:14.6174817Z   duration_ms: 38.377822
2026-10-08T17:39:14.6175211Z   type: 'test'
2026-10-08T17:39:14.6175570Z   ...
2026-10-08T17:39:14.6176412Z # Subtest: an absent user main cannot fall back to a dependency global main or an async-main-looking comment
2026-10-08T17:39:14.6177808Z ok 121 - an absent user main cannot fall back to a dependency global main or an async-main-looking comment
2026-10-08T17:39:14.6178612Z   ---
2026-10-08T17:39:14.6179918Z   duration_ms: 29.68851
2026-10-08T17:39:14.6180305Z   type: 'test'
2026-10-08T17:39:14.6180641Z   ...
2026-10-08T17:39:14.6181750Z # Subtest: simulated Chromium named-world exhaustion falls back to default, fails the isolation probe, and injects no user code
2026-10-08T17:39:14.6183571Z ok 122 - simulated Chromium named-world exhaustion falls back to default, fails the isolation probe, and injects no user code
2026-10-08T17:39:14.6184516Z   ---
2026-10-08T17:39:14.6184858Z   duration_ms: 16.801282
2026-10-08T17:39:14.6185257Z   type: 'test'
2026-10-08T17:39:14.6185588Z   ...
2026-10-08T17:39:14.6186857Z # Subtest: document budget survives service restart and navigation cleanup; closing a tab releases the ledger even when the API is disabled
2026-10-08T17:39:14.6189010Z ok 123 - document budget survives service restart and navigation cleanup; closing a tab releases the ledger even when the API is disabled
2026-10-08T17:39:14.6191090Z   ---
2026-10-08T17:39:14.6191859Z   duration_ms: 69.700204
2026-10-08T17:39:14.6192263Z   type: 'test'
2026-10-08T17:39:14.6192626Z   ...
2026-10-08T17:39:14.6286912Z 1..123
2026-10-08T17:39:14.6287269Z # tests 123
2026-10-08T17:39:14.6287591Z # suites 0
2026-10-08T17:39:14.6287907Z # pass 123
2026-10-08T17:39:14.6288219Z # fail 0
2026-10-08T17:39:14.6288533Z # cancelled 0
2026-10-08T17:39:14.6289069Z # skipped 0
2026-10-08T17:39:14.6289379Z # todo 0
2026-10-08T17:39:14.6289737Z # duration_ms 1027.629238
2026-10-08T17:39:14.6422359Z ##[group]Run node --test tests/environment/basic-browser-page.test.mjs
2026-10-08T17:39:14.6422891Z [36;1mnode --test tests/environment/basic-browser-page.test.mjs[0m
2026-10-08T17:39:14.6492093Z shell: /usr/bin/bash -e {0}
2026-10-08T17:39:14.6492370Z ##[endgroup]
2026-10-08T17:39:14.7007792Z TAP version 13
2026-10-08T17:39:14.7460921Z # Subtest: one ordinary HTML page exposes unique, stable automation targets
2026-10-08T17:39:14.7471651Z ok 1 - one ordinary HTML page exposes unique, stable automation targets
2026-10-08T17:39:14.7473095Z   ---
2026-10-08T17:39:14.7473417Z   duration_ms: 7.885354
2026-10-08T17:39:14.7473797Z   type: 'test'
2026-10-08T17:39:14.7474120Z   ...
2026-10-08T17:39:14.7481873Z # Subtest: the unchanged signed v1 task still targets \#name → \#submit → \#done
2026-10-08T17:39:14.7485016Z ok 2 - the unchanged signed v1 task still targets \#name → \#submit → \#done
2026-10-08T17:39:14.7485662Z   ---
2026-10-08T17:39:14.7486511Z   duration_ms: 2.31807
2026-10-08T17:39:14.7486989Z   type: 'test'
2026-10-08T17:39:14.7487441Z   ...
2026-10-08T17:39:14.7502323Z # Subtest: modern search retains an initially filled field and deliberately replaces its submit button
2026-10-08T17:39:14.7503708Z ok 3 - modern search retains an initially filled field and deliberately replaces its submit button
2026-10-08T17:39:14.7504542Z   ---
2026-10-08T17:39:14.7504889Z   duration_ms: 1.358281
2026-10-08T17:39:14.7505251Z   type: 'test'
2026-10-08T17:39:14.7505639Z   ...
2026-10-08T17:39:14.7520899Z # Subtest: async scene sends only local fetches and distinguishes loading, 404, abort and timeout
2026-10-08T17:39:14.7523551Z ok 4 - async scene sends only local fetches and distinguishes loading, 404, abort and timeout
2026-10-08T17:39:14.7524272Z   ---
2026-10-08T17:39:14.7524586Z   duration_ms: 1.360395
2026-10-08T17:39:14.7524950Z   type: 'test'
2026-10-08T17:39:14.7525356Z   ...
2026-10-08T17:39:14.7540974Z # Subtest: explicit HTTP GET controls expose safe semantics and preserve offline-first operation
2026-10-08T17:39:14.7542850Z ok 5 - explicit HTTP GET controls expose safe semantics and preserve offline-first operation
2026-10-08T17:39:14.7543597Z   ---
2026-10-08T17:39:14.7544370Z   duration_ms: 2.953194
2026-10-08T17:39:14.7545646Z   type: 'test'
2026-10-08T17:39:14.7545957Z   ...
2026-10-08T17:39:14.7562473Z # Subtest: the single canonical page exposes seven navigable groups and honest Locator fixtures
2026-10-08T17:39:14.7565329Z ok 6 - the single canonical page exposes seven navigable groups and honest Locator fixtures
2026-10-08T17:39:14.7566065Z   ---
2026-10-08T17:39:14.7566378Z   duration_ms: 2.046671
2026-10-08T17:39:14.7566735Z   type: 'test'
2026-10-08T17:39:14.7567157Z   ...
2026-10-08T17:39:16.2806426Z # Subtest: Locator fixture actions, late insertion, and reset mutate only observable DOM
2026-10-08T17:39:16.2807987Z ok 7 - Locator fixture actions, late insertion, and reset mutate only observable DOM
2026-10-08T17:39:16.2810319Z   ---
2026-10-08T17:39:16.2810832Z   duration_ms: 1523.891046
2026-10-08T17:39:16.2811221Z   type: 'test'
2026-10-08T17:39:16.2811540Z   ...
2026-10-08T17:39:16.3096076Z # Subtest: HTTP panel sends no request until click and shows real status/content without HTML injection
2026-10-08T17:39:16.3097698Z ok 8 - HTTP panel sends no request until click and shows real status/content without HTML injection
2026-10-08T17:39:16.3099202Z   ---
2026-10-08T17:39:16.3099537Z   duration_ms: 29.058042
2026-10-08T17:39:16.3099907Z   type: 'test'
2026-10-08T17:39:16.3100208Z   ...
2026-10-08T17:39:16.3183664Z # Subtest: HTTP panel preserves actual 404 and abort/reset cannot resurrect late replies
2026-10-08T17:39:16.3209862Z ok 9 - HTTP panel preserves actual 404 and abort/reset cannot resurrect late replies
2026-10-08T17:39:16.3210339Z   ---
2026-10-08T17:39:16.3210590Z   duration_ms: 7.628502
2026-10-08T17:39:16.3210854Z   type: 'test'
2026-10-08T17:39:16.3211076Z   ...
2026-10-08T17:39:16.3255796Z # Subtest: minimal HTTP UI rejects invalid URLs without sending requests
2026-10-08T17:39:16.3261514Z ok 10 - minimal HTTP UI rejects invalid URLs without sending requests
2026-10-08T17:39:16.3262205Z   ---
2026-10-08T17:39:16.3262651Z   duration_ms: 6.68311
2026-10-08T17:39:16.3263021Z   type: 'test'
2026-10-08T17:39:16.3263328Z   ...
2026-10-08T17:39:16.3264063Z # Subtest: inline JavaScript parses without a third-party runtime or external resources
2026-10-08T17:39:16.3265163Z ok 11 - inline JavaScript parses without a third-party runtime or external resources
2026-10-08T17:39:16.3265801Z   ---
2026-10-08T17:39:16.3266165Z   duration_ms: 1.492932
2026-10-08T17:39:16.3266522Z   type: 'test'
2026-10-08T17:39:16.3266823Z   ...
2026-10-08T17:39:16.3288447Z # Subtest: manual browser testing has exactly one canonical HTML and no obsolete advertised URL
2026-10-08T17:39:16.3290240Z ok 12 - manual browser testing has exactly one canonical HTML and no obsolete advertised URL
2026-10-08T17:39:16.3291187Z   ---
2026-10-08T17:39:16.3291699Z   duration_ms: 3.207162
2026-10-08T17:39:16.3292298Z   type: 'test'
2026-10-08T17:39:16.3292810Z   ...
2026-10-08T17:39:16.3412436Z 1..12
2026-10-08T17:39:16.3413161Z # tests 12
2026-10-08T17:39:16.3413731Z # suites 0
2026-10-08T17:39:16.3414326Z # pass 12
2026-10-08T17:39:16.3414859Z # fail 0
2026-10-08T17:39:16.3415418Z # cancelled 0
2026-10-08T17:39:16.3415963Z # skipped 0
2026-10-08T17:39:16.3416656Z # todo 0
2026-10-08T17:39:16.3417347Z # duration_ms 1652.820635
2026-10-08T17:39:16.3526701Z ##[group]Run node --test tests/environment/r8-backlog-contract.test.mjs
2026-10-08T17:39:16.3527806Z [36;1mnode --test tests/environment/r8-backlog-contract.test.mjs[0m
2026-10-08T17:39:16.3619652Z shell: /usr/bin/bash -e {0}
2026-10-08T17:39:16.3620066Z ##[endgroup]
2026-10-08T17:39:16.4141920Z TAP version 13
2026-10-08T17:39:16.4747327Z # Subtest: R8 catalog has 188 single-owner capabilities, 40 complete tasks and an acyclic phased plan
2026-10-08T17:39:16.4759493Z ok 1 - R8 catalog has 188 single-owner capabilities, 40 complete tasks and an acyclic phased plan
2026-10-08T17:39:16.4760458Z   ---
2026-10-08T17:39:16.4761132Z   duration_ms: 4.881595
2026-10-08T17:39:16.4761728Z   type: 'test'
2026-10-08T17:39:16.4762248Z   ...
2026-10-08T17:39:16.4767761Z # Subtest: omitted deferred capability, duplicate primary ownership and invented capability fail the coverage gate
2026-10-08T17:39:16.4770986Z ok 2 - omitted deferred capability, duplicate primary ownership and invented capability fail the coverage gate
2026-10-08T17:39:16.4772364Z   ---
2026-10-08T17:39:16.4772687Z   duration_ms: 4.466236
2026-10-08T17:39:16.4773074Z   type: 'test'
2026-10-08T17:39:16.4773401Z   ...
2026-10-08T17:39:16.4780113Z # Subtest: invalid prerequisite, circular work ordering and duplicate catalog identity are rejected
2026-10-08T17:39:16.4781571Z ok 3 - invalid prerequisite, circular work ordering and duplicate catalog identity are rejected
2026-10-08T17:39:16.4782492Z   ---
2026-10-08T17:39:16.4783009Z   duration_ms: 10.955363
2026-10-08T17:39:16.4783576Z   type: 'test'
2026-10-08T17:39:16.4784126Z   ...
2026-10-08T17:39:16.4855180Z 1..3
2026-10-08T17:39:16.4855502Z # tests 3
2026-10-08T17:39:16.4855835Z # suites 0
2026-10-08T17:39:16.4857338Z # pass 3
2026-10-08T17:39:16.4857938Z # fail 0
2026-10-08T17:39:16.4858386Z # cancelled 0
2026-10-08T17:39:16.4859000Z # skipped 0
2026-10-08T17:39:16.4859564Z # todo 0
2026-10-08T17:39:16.4860080Z # duration_ms 83.638055
2026-10-08T17:39:16.4954098Z ##[group]Run npm run check
2026-10-08T17:39:16.4954530Z [36;1mnpm run check[0m
2026-10-08T17:39:16.5043222Z shell: /usr/bin/bash -e {0}
2026-10-08T17:39:16.5043506Z ##[endgroup]
2026-10-08T17:39:16.6149883Z 
2026-10-08T17:39:16.6150978Z > opendesk-browser@0.1.0 check
2026-10-08T17:39:16.6151819Z > node scripts/check-source.mjs
2026-10-08T17:39:16.6152329Z 
2026-10-08T17:39:20.6851380Z Syntax checked 160 source/test/build files; scripts/build-contract.mjs entries, fixed SDK/control entries, strict CSP and original MIT checked
2026-10-08T17:39:20.7020193Z ##[group]Run npm run build
2026-10-08T17:39:20.7020485Z [36;1mnpm run build[0m
2026-10-08T17:39:20.7086777Z shell: /usr/bin/bash -e {0}
2026-10-08T17:39:20.7087054Z ##[endgroup]
2026-10-08T17:39:20.8086728Z 
2026-10-08T17:39:20.8087238Z > opendesk-browser@0.1.0 build
2026-10-08T17:39:20.8087641Z > node scripts/build.mjs production
2026-10-08T17:39:20.8087850Z 
2026-10-08T17:39:21.2432011Z [log] 
2026-10-08T17:39:21.2432389Z WXT 0.21.4
2026-10-08T17:39:21.3624053Z [info] Generating types...
2026-10-08T17:39:21.4944571Z [success] Finished in 252 ms
2026-10-08T17:39:21.8956846Z [log] 
2026-10-08T17:39:21.8957242Z WXT 0.21.4
2026-10-08T17:39:22.0122821Z [info] Building chrome-mv3 for production with Vite 7.3.6
2026-10-08T17:39:22.1515316Z [?25l
2026-10-08T17:39:22.1570108Z ⠋ Preparing...[K
2026-10-08T17:39:22.2372203Z ⠋ [1/13] sw[K
2026-10-08T17:39:22.3920075Z ⠙ [1/13] sw[K
2026-10-08T17:39:22.5109559Z ⠹ [1/13] sw[K
2026-10-08T17:39:22.5925447Z ⠸ [1/13] sw[K
2026-10-08T17:39:23.1142413Z ⠼ [1/13] sw[K
2026-10-08T17:39:23.1941830Z ⠴ [1/13] sw[K
2026-10-08T17:39:23.2749293Z ⠦ [1/13] sw[K
2026-10-08T17:39:23.3558209Z ⠧ [1/13] sw[K
2026-10-08T17:39:23.4360821Z ⠇ [1/13] sw[K
2026-10-08T17:39:23.5180480Z ⠏ [1/13] sw[K
2026-10-08T17:39:23.5956256Z ⠋ [1/13] sw[K
2026-10-08T17:39:23.6759463Z ⠙ [1/13] sw[K
2026-10-08T17:39:23.7561134Z ⠹ [1/13] sw[K
2026-10-08T17:39:23.8364219Z ⠸ [1/13] sw[K
2026-10-08T17:39:23.9166528Z ⠼ [1/13] sw[K
2026-10-08T17:39:23.9980115Z ⠴ [1/13] sw[K
2026-10-08T17:39:24.0770123Z ⠦ [1/13] sw[K
2026-10-08T17:39:24.1580298Z ⠧ [1/13] sw[K
2026-10-08T17:39:24.2362960Z ⠇ [1/13] sw[K
2026-10-08T17:39:24.3165101Z ⠏ [1/13] sw[K
2026-10-08T17:39:24.3968137Z ⠋ [1/13] sw[K
2026-10-08T17:39:24.4770826Z ⠙ [1/13] sw[K
2026-10-08T17:39:24.5563285Z ⠹ [1/13] sw[K
2026-10-08T17:39:24.6365191Z ⠸ [1/13] sw[K
2026-10-08T17:39:24.7167798Z ⠼ [1/13] sw[K
2026-10-08T17:39:24.7970692Z ⠴ [1/13] sw[K
2026-10-08T17:39:24.8762432Z ⠦ [1/13] sw[K
2026-10-08T17:39:24.9566057Z ⠧ [1/13] sw[K
2026-10-08T17:39:25.0380739Z ⠇ [1/13] sw[K
2026-10-08T17:39:25.1171059Z ⠏ [1/13] sw[K
2026-10-08T17:39:25.1963511Z ⠋ [1/13] sw[K
2026-10-08T17:39:25.2764388Z ⠙ [1/13] sw[K
2026-10-08T17:39:25.3567428Z ⠹ [1/13] sw[K
2026-10-08T17:39:25.4369866Z ⠸ [1/13] sw[K
2026-10-08T17:39:25.5172389Z ⠼ [1/13] sw[K
2026-10-08T17:39:25.5975008Z ⠴ [1/13] sw[K
2026-10-08T17:39:25.6777620Z ⠦ [1/13] sw[K
2026-10-08T17:39:25.7582082Z ⠧ [1/13] sw[K
2026-10-08T17:39:25.8392578Z ⠇ [1/13] sw[K
2026-10-08T17:39:25.9187616Z ⠏ [1/13] sw[K
2026-10-08T17:39:25.9990337Z ⠋ [1/13] sw[K
2026-10-08T17:39:26.0783169Z ⠙ [1/13] sw[K
2026-10-08T17:39:26.1627694Z ⠹ [1/13] sw[K
2026-10-08T17:39:26.2406251Z ⠸ [1/13] sw[K
2026-10-08T17:39:26.3208519Z ⠼ [1/13] sw[K
2026-10-08T17:39:26.3634712Z ⠴ [1/13] sw[K
2026-10-08T17:39:26.4016021Z ⠴ [2/13] bootstrap[K
2026-10-08T17:39:26.4814843Z ⠦ [2/13] bootstrap[K
2026-10-08T17:39:26.5617268Z ⠧ [2/13] bootstrap[K
2026-10-08T17:39:26.5696151Z ⠇ [2/13] bootstrap[K
2026-10-08T17:39:26.6421127Z ⠇ [3/13] health[K
2026-10-08T17:39:26.7198078Z ⠏ [3/13] health[K
2026-10-08T17:39:26.7230864Z ⠏ [4/13] page-agent[K
2026-10-08T17:39:26.8041861Z ⠋ [4/13] page-agent[K
2026-10-08T17:39:26.8848210Z ⠙ [4/13] page-agent[K
2026-10-08T17:39:26.9680020Z ⠹ [4/13] page-agent[K
2026-10-08T17:39:27.0458086Z ⠸ [4/13] page-agent[K
2026-10-08T17:39:27.1246147Z ⠼ [4/13] page-agent[K
2026-10-08T17:39:27.2048524Z ⠴ [4/13] page-agent[K
2026-10-08T17:39:27.2269589Z ⠦ [4/13] page-agent[K
2026-10-08T17:39:27.2867070Z ⠦ [5/13] page-relay[K
2026-10-08T17:39:27.3663216Z ⠧ [5/13] page-relay[K
2026-10-08T17:39:27.4466749Z ⠇ [5/13] page-relay[K
2026-10-08T17:39:27.5268352Z ⠏ [5/13] page-relay[K
2026-10-08T17:39:27.6088045Z ⠋ [5/13] page-relay[K
2026-10-08T17:39:27.6874222Z ⠙ [5/13] page-relay[K
2026-10-08T17:39:27.7042238Z ⠹ [5/13] page-relay[K
2026-10-08T17:39:27.7907930Z ⠹ [6/13] page-session[K
2026-10-08T17:39:27.8709429Z ⠸ [6/13] page-session[K
2026-10-08T17:39:27.9514895Z ⠼ [6/13] page-session[K
2026-10-08T17:39:28.0341256Z ⠴ [6/13] page-session[K
2026-10-08T17:39:28.1116724Z ⠦ [6/13] page-session[K
2026-10-08T17:39:28.1921841Z ⠧ [6/13] page-session[K
2026-10-08T17:39:28.2730212Z ⠇ [6/13] page-session[K
2026-10-08T17:39:28.3523182Z ⠏ [6/13] page-session[K
2026-10-08T17:39:28.4325857Z ⠋ [6/13] page-session[K
2026-10-08T17:39:28.5130821Z ⠙ [6/13] page-session[K
2026-10-08T17:39:28.5136740Z ⠹ [6/13] page-session[K
2026-10-08T17:39:28.5923115Z ⠹ [7/13] sandbox[K
2026-10-08T17:39:28.6730275Z ⠸ [7/13] sandbox[K
2026-10-08T17:39:28.7543002Z ⠼ [7/13] sandbox[K
2026-10-08T17:39:28.7729919Z ⠴ [7/13] sandbox[K
2026-10-08T17:39:28.8584857Z ⠴ [8/13] sdk-main[K
2026-10-08T17:39:28.9388326Z ⠦ [8/13] sdk-main[K
2026-10-08T17:39:29.0192893Z ⠧ [8/13] sdk-main[K
2026-10-08T17:39:29.0995508Z ⠇ [8/13] sdk-main[K
2026-10-08T17:39:29.1820259Z ⠏ [8/13] sdk-main[K
2026-10-08T17:39:29.2610291Z ⠋ [8/13] sdk-main[K
2026-10-08T17:39:29.3410948Z ⠙ [8/13] sdk-main[K
2026-10-08T17:39:29.4202290Z ⠹ [8/13] sdk-main[K
2026-10-08T17:39:29.4934588Z ⠸ [8/13] sdk-main[K
2026-10-08T17:39:29.5005751Z ⠸ [9/13] selection-entry[K
2026-10-08T17:39:29.5803961Z ⠼ [9/13] selection-entry[K
2026-10-08T17:39:29.6254766Z ⠴ [9/13] selection-entry[K
2026-10-08T17:39:29.6604951Z ⠴ [10/13] settings[K
2026-10-08T17:39:29.7411601Z ⠦ [10/13] settings[K
2026-10-08T17:39:29.8203517Z ⠧ [10/13] settings[K
2026-10-08T17:39:29.8480036Z ⠇ [10/13] settings[K
2026-10-08T17:39:29.9044863Z ⠇ [11/13] tool-shell[K
2026-10-08T17:39:30.1535867Z ⠏ [11/13] tool-shell[K
2026-10-08T17:39:30.2337025Z ⠋ [11/13] tool-shell[K
2026-10-08T17:39:30.3138561Z ⠙ [11/13] tool-shell[K
2026-10-08T17:39:30.3941807Z ⠹ [11/13] tool-shell[K
2026-10-08T17:39:30.4760412Z ⠸ [11/13] tool-shell[K
2026-10-08T17:39:30.5580325Z ⠼ [11/13] tool-shell[K
2026-10-08T17:39:30.6360180Z ⠴ [11/13] tool-shell[K
2026-10-08T17:39:30.7170178Z ⠦ [11/13] tool-shell[K
2026-10-08T17:39:30.7964272Z ⠧ [11/13] tool-shell[K
2026-10-08T17:39:30.8767242Z ⠇ [11/13] tool-shell[K
2026-10-08T17:39:30.9570000Z ⠏ [11/13] tool-shell[K
2026-10-08T17:39:31.0372292Z ⠋ [11/13] tool-shell[K
2026-10-08T17:39:31.1190184Z ⠙ [11/13] tool-shell[K
2026-10-08T17:39:31.1990861Z ⠹ [11/13] tool-shell[K
2026-10-08T17:39:31.2780612Z ⠸ [11/13] tool-shell[K
2026-10-08T17:39:31.3577931Z ⠼ [11/13] tool-shell[K
2026-10-08T17:39:31.4380455Z ⠴ [11/13] tool-shell[K
2026-10-08T17:39:31.5190426Z ⠦ [11/13] tool-shell[K
2026-10-08T17:39:31.5975669Z ⠧ [11/13] tool-shell[K
2026-10-08T17:39:31.6778546Z ⠇ [11/13] tool-shell[K
2026-10-08T17:39:31.7581492Z ⠏ [11/13] tool-shell[K
2026-10-08T17:39:31.8380600Z ⠋ [11/13] tool-shell[K
2026-10-08T17:39:31.9104162Z ⠙ [11/13] tool-shell[K
2026-10-08T17:39:31.9176641Z ⠙ [12/13] transport[K
2026-10-08T17:39:31.9973510Z ⠹ [12/13] transport[K
2026-10-08T17:39:32.0775684Z ⠸ [12/13] transport[K
2026-10-08T17:39:32.1578229Z ⠼ [12/13] transport[K
2026-10-08T17:39:32.2375426Z ⠴ [12/13] transport[K
2026-10-08T17:39:32.3014895Z ⠦ [12/13] transport[K
2026-10-08T17:39:32.3176147Z ⠦ [13/13] worker-runtime[K
2026-10-08T17:39:32.3974181Z ⠧ [13/13] worker-runtime[K
2026-10-08T17:39:32.4792750Z ⠇ [13/13] worker-runtime[K
2026-10-08T17:39:32.5584277Z ⠏ [13/13] worker-runtime[K
2026-10-08T17:39:32.6410473Z ⠋ [13/13] worker-runtime[K
2026-10-08T17:39:32.7202156Z ⠙ [13/13] worker-runtime[K
2026-10-08T17:39:32.8004334Z ⠹ [13/13] worker-runtime[K
2026-10-08T17:39:32.8806796Z ⠸ [13/13] worker-runtime[K
2026-10-08T17:39:32.9630316Z ⠼ [13/13] worker-runtime[K
2026-10-08T17:39:33.0411488Z ⠴ [13/13] worker-runtime[K
2026-10-08T17:39:33.0414275Z ⠦ [13/13] worker-runtime[K
2026-10-08T17:39:33.0414697Z [K[?25h
2026-10-08T17:39:33.0433456Z [K[?25h[success] Built extension in 11.0 s
2026-10-08T17:39:33.0434411Z   ├─ dist/production/manifest.json                        1.20 kB  
2026-10-08T17:39:33.0435267Z   ├─ dist/production/native-agent/settings.html           1.83 kB  
2026-10-08T17:39:33.0435805Z   ├─ dist/production/scripting/sandbox/sandbox.html       385 B    
2026-10-08T17:39:33.0436583Z   ├─ dist/production/ui/target-bootstrap.html             200 B    
2026-10-08T17:39:33.0437165Z   ├─ dist/production/ui/tool.html                         21.23 kB 
2026-10-08T17:39:33.0437702Z   ├─ dist/production/agents/bootstrap.js                  21.47 kB 
2026-10-08T17:39:33.0438232Z   ├─ dist/production/agents/health.js                     828 B    
2026-10-08T17:39:33.0439061Z   ├─ dist/production/agents/page-agent.js                 34.35 kB 
2026-10-08T17:39:33.0439647Z   ├─ dist/production/agents/page-relay.js                 35.28 kB 
2026-10-08T17:39:33.0440192Z   ├─ dist/production/agents/selection-entry.js            383 B    
2026-10-08T17:39:33.0440756Z   ├─ dist/production/framework/sdk-main.js                49.54 kB 
2026-10-08T17:39:33.0441293Z   ├─ dist/production/native-agent/settings.js             22.16 kB 
2026-10-08T17:39:33.0441802Z   ├─ dist/production/native-agent/transport.js            29.30 kB 
2026-10-08T17:39:33.0442384Z   ├─ dist/production/scripting/packaged/page-session.js   55.08 kB 
2026-10-08T17:39:33.0442920Z   ├─ dist/production/scripting/sandbox/sandbox.js         4.01 kB  
2026-10-08T17:39:33.0443497Z   ├─ dist/production/scripting/sandbox/worker-runtime.js  49.68 kB 
2026-10-08T17:39:33.0444048Z   ├─ dist/production/sw.js                                324.98 kB
2026-10-08T17:39:33.0444570Z   ├─ dist/production/ui/tool-shell.js                     177.72 kB
2026-10-08T17:39:33.0445104Z   ├─ dist/production/vendor/jquery-3.7.1.min.js           87.53 kB 
2026-10-08T17:39:33.0445652Z   ├─ dist/production/ui/tool-shell.css                    19.09 kB 
2026-10-08T17:39:33.0446211Z   ├─ dist/production/icons/notification.png               595 B    
2026-10-08T17:39:33.0446765Z   ├─ dist/production/licenses/jquery-MIT.txt              1.10 kB  
2026-10-08T17:39:33.0447337Z   └─ dist/production/licenses/todo-user-vue-MIT.txt       1.10 kB  
2026-10-08T17:39:33.0447902Z Σ Total size: 939.02 kB                                 
2026-10-08T17:39:33.0448292Z [success] Finished in 11.1 s
2026-10-08T17:39:33.7122183Z {"mode":"production","builder":"wxt","status":"passed","packageHash":"3972c99cbd4367a6e5b1bdb653741c892612408da8bde7aac72d75a25130f3de","assets":24}
2026-10-08T17:39:33.7334885Z ##[group]Run npm run build:dev
2026-10-08T17:39:33.7335380Z [36;1mnpm run build:dev[0m
2026-10-08T17:39:33.7403673Z shell: /usr/bin/bash -e {0}
2026-10-08T17:39:33.7403960Z ##[endgroup]
2026-10-08T17:39:33.8467691Z 
2026-10-08T17:39:33.8468111Z > opendesk-browser@0.1.0 build:dev
2026-10-08T17:39:33.8468554Z > node scripts/build.mjs development
2026-10-08T17:39:33.8468993Z 
2026-10-08T17:39:34.2700450Z [log] 
2026-10-08T17:39:34.2700731Z WXT 0.21.4
2026-10-08T17:39:34.3725042Z [info] Generating types...
2026-10-08T17:39:34.4987063Z [success] Finished in 229 ms
2026-10-08T17:39:34.8976993Z [log] 
2026-10-08T17:39:34.8977262Z WXT 0.21.4
2026-10-08T17:39:35.0065144Z [info] Building chrome-mv3 for development with Vite 7.3.6
2026-10-08T17:39:35.1239691Z [?25l
2026-10-08T17:39:35.1295351Z ⠋ Preparing...[K
2026-10-08T17:39:35.2044989Z ⠋ [1/13] sw[K
2026-10-08T17:39:35.3720022Z ⠙ [1/13] sw[K
2026-10-08T17:39:35.4873843Z ⠹ [1/13] sw[K
2026-10-08T17:39:35.5679434Z ⠸ [1/13] sw[K
2026-10-08T17:39:36.0971594Z ⠼ [1/13] sw[K
2026-10-08T17:39:36.1770692Z ⠴ [1/13] sw[K
2026-10-08T17:39:36.2572772Z ⠦ [1/13] sw[K
2026-10-08T17:39:36.3364158Z ⠧ [1/13] sw[K
2026-10-08T17:39:36.4166120Z ⠇ [1/13] sw[K
2026-10-08T17:39:36.5019954Z ⠏ [1/13] sw[K
2026-10-08T17:39:36.5850141Z ⠋ [1/13] sw[K
2026-10-08T17:39:36.6609863Z ⠙ [1/13] sw[K
2026-10-08T17:39:36.7401331Z ⠹ [1/13] sw[K
2026-10-08T17:39:36.8204028Z ⠸ [1/13] sw[K
2026-10-08T17:39:36.9006239Z ⠼ [1/13] sw[K
2026-10-08T17:39:36.9830432Z ⠴ [1/13] sw[K
2026-10-08T17:39:37.0611777Z ⠦ [1/13] sw[K
2026-10-08T17:39:37.1420161Z ⠧ [1/13] sw[K
2026-10-08T17:39:37.2220361Z ⠇ [1/13] sw[K
2026-10-08T17:39:37.3022233Z ⠏ [1/13] sw[K
2026-10-08T17:39:37.3824718Z ⠋ [1/13] sw[K
2026-10-08T17:39:37.4647551Z ⠙ [1/13] sw[K
2026-10-08T17:39:37.5430641Z ⠹ [1/13] sw[K
2026-10-08T17:39:37.6223703Z ⠸ [1/13] sw[K
2026-10-08T17:39:37.7025668Z ⠼ [1/13] sw[K
2026-10-08T17:39:37.7830758Z ⠴ [1/13] sw[K
2026-10-08T17:39:37.8640107Z ⠦ [1/13] sw[K
2026-10-08T17:39:37.9424162Z ⠧ [1/13] sw[K
2026-10-08T17:39:38.0227113Z ⠇ [1/13] sw[K
2026-10-08T17:39:38.1029654Z ⠏ [1/13] sw[K
2026-10-08T17:39:38.1823370Z ⠋ [1/13] sw[K
2026-10-08T17:39:38.2641961Z ⠙ [1/13] sw[K
2026-10-08T17:39:38.3429554Z ⠹ [1/13] sw[K
2026-10-08T17:39:38.4231483Z ⠸ [1/13] sw[K
2026-10-08T17:39:38.5034245Z ⠼ [1/13] sw[K
2026-10-08T17:39:38.5880719Z ⠴ [1/13] sw[K
2026-10-08T17:39:38.6639197Z ⠦ [1/13] sw[K
2026-10-08T17:39:38.7442555Z ⠧ [1/13] sw[K
2026-10-08T17:39:38.8245145Z ⠇ [1/13] sw[K
2026-10-08T17:39:38.9047693Z ⠏ [1/13] sw[K
2026-10-08T17:39:38.9849915Z ⠋ [1/13] sw[K
2026-10-08T17:39:39.0652441Z ⠙ [1/13] sw[K
2026-10-08T17:39:39.1455459Z ⠹ [1/13] sw[K
2026-10-08T17:39:39.2304986Z ⠸ [1/13] sw[K
2026-10-08T17:39:39.3084756Z ⠼ [1/13] sw[K
2026-10-08T17:39:39.5359158Z ⠴ [1/13] sw[K
2026-10-08T17:39:39.5410316Z ⠦ [1/13] sw[K
2026-10-08T17:39:39.6153044Z ⠦ [2/13] bootstrap[K
2026-10-08T17:39:39.6955153Z ⠧ [2/13] bootstrap[K
2026-10-08T17:39:39.7523272Z ⠇ [2/13] bootstrap[K
2026-10-08T17:39:39.7761046Z ⠇ [3/13] health[K
2026-10-08T17:39:39.8563342Z ⠏ [3/13] health[K
2026-10-08T17:39:39.9195090Z ⠋ [3/13] health[K
2026-10-08T17:39:39.9385710Z ⠋ [4/13] page-agent[K
2026-10-08T17:39:40.0187911Z ⠙ [4/13] page-agent[K
2026-10-08T17:39:40.1011026Z ⠹ [4/13] page-agent[K
2026-10-08T17:39:40.1821773Z ⠸ [4/13] page-agent[K
2026-10-08T17:39:40.2627906Z ⠼ [4/13] page-agent[K
2026-10-08T17:39:40.3430438Z ⠴ [4/13] page-agent[K
2026-10-08T17:39:40.4221185Z ⠦ [4/13] page-agent[K
2026-10-08T17:39:40.4257221Z ⠧ [4/13] page-agent[K
2026-10-08T17:39:40.5027069Z ⠧ [5/13] page-relay[K
2026-10-08T17:39:40.5829868Z ⠇ [5/13] page-relay[K
2026-10-08T17:39:40.6632204Z ⠏ [5/13] page-relay[K
2026-10-08T17:39:40.7460897Z ⠋ [5/13] page-relay[K
2026-10-08T17:39:40.8244517Z ⠙ [5/13] page-relay[K
2026-10-08T17:39:40.9050376Z ⠹ [5/13] page-relay[K
2026-10-08T17:39:40.9254459Z ⠸ [5/13] page-relay[K
2026-10-08T17:39:41.0210881Z ⠸ [6/13] page-session[K
2026-10-08T17:39:41.0959195Z ⠼ [6/13] page-session[K
2026-10-08T17:39:41.1759686Z ⠴ [6/13] page-session[K
2026-10-08T17:39:41.2581997Z ⠦ [6/13] page-session[K
2026-10-08T17:39:41.3384665Z ⠧ [6/13] page-session[K
2026-10-08T17:39:41.4210140Z ⠇ [6/13] page-session[K
2026-10-08T17:39:41.5004943Z ⠏ [6/13] page-session[K
2026-10-08T17:39:41.5830117Z ⠋ [6/13] page-session[K
2026-10-08T17:39:41.6609815Z ⠙ [6/13] page-session[K
2026-10-08T17:39:41.7412094Z ⠹ [6/13] page-session[K
2026-10-08T17:39:41.7829354Z ⠸ [6/13] page-session[K
2026-10-08T17:39:41.8221185Z ⠸ [7/13] sandbox[K
2026-10-08T17:39:41.9030628Z ⠼ [7/13] sandbox[K
2026-10-08T17:39:41.9840691Z ⠴ [7/13] sandbox[K
2026-10-08T17:39:42.0605408Z ⠦ [7/13] sandbox[K
2026-10-08T17:39:42.0656670Z ⠦ [8/13] sdk-main[K
2026-10-08T17:39:42.1543009Z ⠧ [8/13] sdk-main[K
2026-10-08T17:39:42.2342864Z ⠇ [8/13] sdk-main[K
2026-10-08T17:39:42.3145062Z ⠏ [8/13] sdk-main[K
2026-10-08T17:39:42.3950457Z ⠋ [8/13] sdk-main[K
2026-10-08T17:39:42.4790226Z ⠙ [8/13] sdk-main[K
2026-10-08T17:39:42.5554448Z ⠹ [8/13] sdk-main[K
2026-10-08T17:39:42.6356925Z ⠸ [8/13] sdk-main[K
2026-10-08T17:39:42.7162101Z ⠼ [8/13] sdk-main[K
2026-10-08T17:39:42.7965358Z ⠴ [8/13] sdk-main[K
2026-10-08T17:39:42.8192123Z ⠦ [8/13] sdk-main[K
2026-10-08T17:39:42.8763606Z ⠦ [9/13] selection-entry[K
2026-10-08T17:39:42.9569962Z ⠧ [9/13] selection-entry[K
2026-10-08T17:39:42.9575303Z ⠇ [9/13] selection-entry[K
2026-10-08T17:39:43.0363545Z ⠇ [10/13] settings[K
2026-10-08T17:39:43.1167308Z ⠏ [10/13] settings[K
2026-10-08T17:39:43.1883732Z ⠋ [10/13] settings[K
2026-10-08T17:39:43.1983056Z ⠋ [11/13] tool-shell[K
2026-10-08T17:39:43.2795529Z ⠙ [11/13] tool-shell[K
2026-10-08T17:39:43.4814211Z ⠹ [11/13] tool-shell[K
2026-10-08T17:39:43.5618029Z ⠸ [11/13] tool-shell[K
2026-10-08T17:39:43.6420526Z ⠼ [11/13] tool-shell[K
2026-10-08T17:39:43.7220761Z ⠴ [11/13] tool-shell[K
2026-10-08T17:39:43.8018338Z ⠦ [11/13] tool-shell[K
2026-10-08T17:39:43.8834180Z ⠧ [11/13] tool-shell[K
2026-10-08T17:39:43.9630004Z ⠇ [11/13] tool-shell[K
2026-10-08T17:39:44.0460226Z ⠏ [11/13] tool-shell[K
2026-10-08T17:39:44.1231875Z ⠋ [11/13] tool-shell[K
2026-10-08T17:39:44.2051206Z ⠙ [11/13] tool-shell[K
2026-10-08T17:39:44.2854320Z ⠹ [11/13] tool-shell[K
2026-10-08T17:39:44.3657672Z ⠸ [11/13] tool-shell[K
2026-10-08T17:39:44.4458808Z ⠼ [11/13] tool-shell[K
2026-10-08T17:39:44.5261334Z ⠴ [11/13] tool-shell[K
2026-10-08T17:39:44.6063880Z ⠦ [11/13] tool-shell[K
2026-10-08T17:39:44.6880155Z ⠧ [11/13] tool-shell[K
2026-10-08T17:39:44.7673717Z ⠇ [11/13] tool-shell[K
2026-10-08T17:39:44.8475633Z ⠏ [11/13] tool-shell[K
2026-10-08T17:39:44.9278610Z ⠋ [11/13] tool-shell[K
2026-10-08T17:39:45.0081454Z ⠙ [11/13] tool-shell[K
2026-10-08T17:39:45.0873833Z ⠹ [11/13] tool-shell[K
2026-10-08T17:39:45.1686116Z ⠸ [11/13] tool-shell[K
2026-10-08T17:39:45.2487751Z ⠼ [11/13] tool-shell[K
2026-10-08T17:39:45.3366986Z ⠴ [11/13] tool-shell[K
2026-10-08T17:39:45.3422408Z ⠦ [11/13] tool-shell[K
2026-10-08T17:39:45.4166037Z ⠦ [12/13] transport[K
2026-10-08T17:39:45.4970665Z ⠧ [12/13] transport[K
2026-10-08T17:39:45.5790177Z ⠇ [12/13] transport[K
2026-10-08T17:39:45.6563732Z ⠏ [12/13] transport[K
2026-10-08T17:39:45.7271796Z ⠋ [12/13] transport[K
2026-10-08T17:39:45.7361892Z ⠋ [13/13] worker-runtime[K
2026-10-08T17:39:45.8170161Z ⠙ [13/13] worker-runtime[K
2026-10-08T17:39:45.8969181Z ⠹ [13/13] worker-runtime[K
2026-10-08T17:39:45.9771411Z ⠸ [13/13] worker-runtime[K
2026-10-08T17:39:46.0590196Z ⠼ [13/13] worker-runtime[K
2026-10-08T17:39:46.1413505Z ⠴ [13/13] worker-runtime[K
2026-10-08T17:39:46.2212907Z ⠦ [13/13] worker-runtime[K
2026-10-08T17:39:46.3015737Z ⠧ [13/13] worker-runtime[K
2026-10-08T17:39:46.3817932Z ⠇ [13/13] worker-runtime[K
2026-10-08T17:39:46.4650062Z ⠏ [13/13] worker-runtime[K
2026-10-08T17:39:46.4868308Z ⠋ [13/13] worker-runtime[K
2026-10-08T17:39:46.4868959Z [K[?25h
2026-10-08T17:39:46.4893238Z [K[?25h[success] Built extension in 11.5 s
2026-10-08T17:39:46.4894249Z   ├─ dist/development/manifest.json                            1.52 kB  
2026-10-08T17:39:46.4895617Z   ├─ dist/development/native-agent/settings.html               1.83 kB  
2026-10-08T17:39:46.4896672Z   ├─ dist/development/scripting/sandbox/sandbox.html           385 B    
2026-10-08T17:39:46.4897683Z   ├─ dist/development/ui/target-bootstrap.html                 200 B    
2026-10-08T17:39:46.4898886Z   ├─ dist/development/ui/tool.html                             21.23 kB 
2026-10-08T17:39:46.4899892Z   ├─ dist/development/agents/bootstrap.js                      21.70 kB 
2026-10-08T17:39:46.4900885Z   ├─ dist/development/agents/bootstrap.js.map                  65.33 kB 
2026-10-08T17:39:46.4901875Z   ├─ dist/development/agents/health.js                         1.06 kB  
2026-10-08T17:39:46.4902843Z   ├─ dist/development/agents/health.js.map                     15.04 kB 
2026-10-08T17:39:46.4903812Z   ├─ dist/development/agents/page-agent.js                     34.59 kB 
2026-10-08T17:39:46.4904768Z   ├─ dist/development/agents/page-agent.js.map                 95.31 kB 
2026-10-08T17:39:46.4905698Z   ├─ dist/development/agents/page-relay.js                     35.52 kB 
2026-10-08T17:39:46.4906595Z   ├─ dist/development/agents/page-relay.js.map                 113.01 kB
2026-10-08T17:39:46.4907486Z   ├─ dist/development/agents/selection-entry.js                638 B    
2026-10-08T17:39:46.4908829Z   ├─ dist/development/agents/selection-entry.js.map            968 B    
2026-10-08T17:39:46.4909735Z   ├─ dist/development/framework/sdk-main.js                    49.77 kB 
2026-10-08T17:39:46.4910649Z   ├─ dist/development/framework/sdk-main.js.map                152.75 kB
2026-10-08T17:39:46.4911583Z   ├─ dist/development/native-agent/settings.js                 22.39 kB 
2026-10-08T17:39:46.4912523Z   ├─ dist/development/native-agent/settings.js.map             58.37 kB 
2026-10-08T17:39:46.4913446Z   ├─ dist/development/native-agent/transport.js                29.53 kB 
2026-10-08T17:39:46.4914389Z   ├─ dist/development/native-agent/transport.js.map            89.73 kB 
2026-10-08T17:39:46.4915352Z   ├─ dist/development/scripting/packaged/page-session.js       55.33 kB 
2026-10-08T17:39:46.4916291Z   ├─ dist/development/scripting/packaged/page-session.js.map   174.29 kB
2026-10-08T17:39:46.4917154Z   ├─ dist/development/scripting/sandbox/sandbox.js             4.24 kB  
2026-10-08T17:39:46.4918097Z   ├─ dist/development/scripting/sandbox/sandbox.js.map         11.64 kB 
2026-10-08T17:39:46.4919204Z   ├─ dist/development/scripting/sandbox/worker-runtime.js      49.94 kB 
2026-10-08T17:39:46.4920112Z   ├─ dist/development/scripting/sandbox/worker-runtime.js.map  156.91 kB
2026-10-08T17:39:46.4921032Z   ├─ dist/development/sw.js                                    325.15 kB
2026-10-08T17:39:46.4921899Z   ├─ dist/development/sw.js.map                                963.02 kB
2026-10-08T17:39:46.4922768Z   ├─ dist/development/ui/tool-shell.js                         177.96 kB
2026-10-08T17:39:46.4923686Z   ├─ dist/development/ui/tool-shell.js.map                     529.24 kB
2026-10-08T17:39:46.4924619Z   ├─ dist/development/vendor/jquery-3.7.1.min.js               87.53 kB 
2026-10-08T17:39:46.4925510Z   ├─ dist/development/ui/tool-shell.css                        19.09 kB 
2026-10-08T17:39:46.4926433Z   ├─ dist/development/icons/notification.png                   595 B    
2026-10-08T17:39:46.4927389Z   ├─ dist/development/licenses/jquery-MIT.txt                  1.10 kB  
2026-10-08T17:39:46.4928290Z   └─ dist/development/licenses/todo-user-vue-MIT.txt           1.10 kB  
2026-10-08T17:39:46.4929453Z Σ Total size: 3.37 MB                                        
2026-10-08T17:39:46.4930036Z [success] Finished in 11.6 s
2026-10-08T17:39:47.1774502Z {"mode":"development","builder":"wxt","status":"passed","packageHash":"8de76f8b99610f306951973a400004fab6a10044deb172ac4e378d9f6070566d","assets":37}
2026-10-08T17:39:47.1990358Z ##[group]Run npm run verify
2026-10-08T17:39:47.1990658Z [36;1mnpm run verify[0m
2026-10-08T17:39:47.2057660Z shell: /usr/bin/bash -e {0}
2026-10-08T17:39:47.2057930Z ##[endgroup]
2026-10-08T17:39:47.3061948Z 
2026-10-08T17:39:47.3062617Z > opendesk-browser@0.1.0 verify
2026-10-08T17:39:47.3063448Z > node scripts/verify-package.mjs dist/production && node scripts/verify-package.mjs dist/development
2026-10-08T17:39:47.3063884Z 
2026-10-08T17:39:47.8884690Z {"status":"passed","manifestVersion":3,"classicEntries":["agents/bootstrap.js","agents/health.js","agents/page-agent.js","agents/page-relay.js","agents/selection-entry.js","framework/sdk-main.js","native-agent/settings.js","native-agent/transport.js","scripting/packaged/page-session.js","scripting/sandbox/sandbox.js","scripting/sandbox/worker-runtime.js","sw.js","ui/tool-shell.js","vendor/jquery-3.7.1.min.js"],"htmlChecked":["ui/tool.html","native-agent/settings.html","ui/target-bootstrap.html","scripting/sandbox/sandbox.html"],"assetsChecked":["icons/notification.png","licenses/todo-user-vue-MIT.txt","licenses/jquery-MIT.txt","framework/sdk-resources.json"],"sdkResources":{"schemaVersion":1,"resources":[{"path":"framework/sdk-main.js","bytes":49539,"sha256":"432c30ab8c60086a05335616f5f48014377a2b4cb6e0df197a1477d15df31fee"},{"path":"agents/page-relay.js","bytes":35276,"sha256":"cd61d0935d4670b6f593540c0a75b900e18c37db93a124dfd2a29f7826c5125a"}]},"sdkEntries":{"MAIN":"framework/sdk-main.js","ISOLATED":"agents/page-relay.js"},"privilegedDynamicExecutionFound":false,"approvedDynamicExecution":[{"file":"scripting/sandbox/worker-runtime.js","approvedAsyncBodyConstructors":1,"execution":"Host fetches fixed bytes; Blob classic Worker only inside opaque sandbox"}],"sandbox":{"pages":["scripting/sandbox/sandbox.html"],"csp":"sandbox allow-scripts; default-src 'none'; script-src 'self' 'unsafe-eval'; worker-src blob:; connect-src 'none'; child-src 'none'; img-src 'none'; style-src 'none'; base-uri 'none'; form-action 'none'"},"packageHash":"3972c99cbd4367a6e5b1bdb653741c892612408da8bde7aac72d75a25130f3de","hashRecipe":"SHA256 UTF-8 JSON.stringify(path-sorted [{path,bytes,sha256}]); exact file bytes","files":[{"path":"agents/bootstrap.js","bytes":21466,"sha256":"1b1b17378eb90a7f1d2e10b071e226648974975e56cbe12c6b1dbd5bf715c79c"},{"path":"agents/health.js","bytes":828,"sha256":"48b43e028694d4fcc376d32539ab2d55ebd58359fce01219cff250fd4b5a6f65"},{"path":"agents/page-agent.js","bytes":34347,"sha256":"35a38017342eff0fc2726e834d435e33cc60ae3452cfca0b8a5b72093b3a2c4c"},{"path":"agents/page-relay.js","bytes":35276,"sha256":"cd61d0935d4670b6f593540c0a75b900e18c37db93a124dfd2a29f7826c5125a"},{"path":"agents/selection-entry.js","bytes":383,"sha256":"0265146d80cd448c28ecd1231574d0bd6ba9f20d6991b09250478decc3e89fbb"},{"path":"framework/sdk-main.js","bytes":49539,"sha256":"432c30ab8c60086a05335616f5f48014377a2b4cb6e0df197a1477d15df31fee"},{"path":"framework/sdk-resources.json","bytes":359,"sha256":"747353949442c7bdf588f73a9e2a048d9471dc71aaa86adedf11ae0fd221cf8b"},{"path":"icons/notification.png","bytes":595,"sha256":"efb5caddc95697204e98f9e7319119095ea195fa02448904bc985e90e96d4de6"},{"path":"licenses/jquery-MIT.txt","bytes":1097,"sha256":"d4db9ebe6f29f5168eac45ad713f055623ac5d0dcd5ba92da23d650ae012020d"},{"path":"licenses/todo-user-vue-MIT.txt","bytes":1096,"sha256":"e301f131f52747f87193c4a41d3d5c09e6c021cc664a6a3101a2213635f03f29"},{"path":"manifest.json","bytes":1201,"sha256":"e1efc8ec08a08961b7d48304439ae802d3b9d60afa44034b8a8a5054d53f0034"},{"path":"native-agent/settings.html","bytes":1826,"sha256":"8763896451244519f856a7a9f5c2284348bc3b8adbd0aaa3a674932e95d5fecf"},{"path":"native-agent/settings.js","bytes":22157,"sha256":"7018e9e3e7a0dcf7392e270f8512b4d4b815d8db5940da26587ad938d13b971d"},{"path":"native-agent/transport.js","bytes":29297,"sha256":"112dff86a490ece497668e4420053ce0d48121e2de12360da177add825b30421"},{"path":"scripting/packaged/page-session.js","bytes":55082,"sha256":"bd346556fa4a137b804a6255fefc6617ce1bcd01719dd0637bb6a54e9b90b377"},{"path":"scripting/sandbox/sandbox.html","bytes":385,"sha256":"aa7362ce87a270f45005dde0e9cf14bf1d86bd4bd15fce37f14515638ef3b536"},{"path":"scripting/sandbox/sandbox.js","bytes":4010,"sha256":"4b735c3d8d6d6059a549b59122d4d1d56811c121c6ad1b7eeadca6cf3e15640e"},{"path":"scripting/sandbox/worker-runtime.js","bytes":49683,"sha256":"406de1f7b5ebffc7ce4a67696d5e35d24e27e9bae3b93cacec10cae6100c19f1"},{"path":"sw.js","bytes":324976,"sha256":"2c5145ba65ce9d41f1a03c7abcb10eba6f3cb2110a30965d6a2069d7799ea214"},{"path":"ui/target-bootstrap.html","bytes":200,"sha256":"b52748e3bf14e6931924843c0b8bc626ad8929b3b1bb6b63524b39238dc5d13c"},{"path":"ui/tool-shell.css","bytes":19090,"sha256":"cd3f89c5025b325830d114135ad47885d13a4a5f17d36d9e63038423c837976c"},{"path":"ui/tool-shell.js","bytes":177721,"sha256":"3bdcb693b3aaab75140d134dc6225e7e0ee35e24889a82592d9dca3845c6c79d"},{"path":"ui/tool.html","bytes":21232,"sha256":"c27502c481bdc9029331aa1dda32bc06985dabe1edbacb3a64ddde1536722ac9"},{"path":"vendor/jquery-3.7.1.min.js","bytes":87533,"sha256":"fc9a93dd241f6b045cbff0481cf4e1901becd0e12fb45166a8f17f95823f0b1a"}]}
2026-10-08T17:39:48.4969321Z {"status":"passed","manifestVersion":3,"classicEntries":["agents/bootstrap.js","agents/health.js","agents/page-agent.js","agents/page-relay.js","agents/selection-entry.js","framework/sdk-main.js","native-agent/settings.js","native-agent/transport.js","scripting/packaged/page-session.js","scripting/sandbox/sandbox.js","scripting/sandbox/worker-runtime.js","sw.js","ui/tool-shell.js","vendor/jquery-3.7.1.min.js"],"htmlChecked":["ui/tool.html","native-agent/settings.html","ui/target-bootstrap.html","scripting/sandbox/sandbox.html"],"assetsChecked":["icons/notification.png","licenses/todo-user-vue-MIT.txt","licenses/jquery-MIT.txt","framework/sdk-resources.json"],"sdkResources":{"schemaVersion":1,"resources":[{"path":"framework/sdk-main.js","bytes":49773,"sha256":"903bb9d0bbd1a48a92db218934aa730fd817dc8c211017d61b65b8a27ac25bb8"},{"path":"agents/page-relay.js","bytes":35516,"sha256":"1e75308cd25090fa6ab1b33823ad4844ddab51e172166a3fd028a0a983854e65"}]},"sdkEntries":{"MAIN":"framework/sdk-main.js","ISOLATED":"agents/page-relay.js"},"privilegedDynamicExecutionFound":false,"approvedDynamicExecution":[{"file":"scripting/sandbox/worker-runtime.js","approvedAsyncBodyConstructors":1,"execution":"Host fetches fixed bytes; Blob classic Worker only inside opaque sandbox"}],"sandbox":{"pages":["scripting/sandbox/sandbox.html"],"csp":"sandbox allow-scripts; default-src 'none'; script-src 'self' 'unsafe-eval'; worker-src blob:; connect-src 'none'; child-src 'none'; img-src 'none'; style-src 'none'; base-uri 'none'; form-action 'none'"},"packageHash":"8de76f8b99610f306951973a400004fab6a10044deb172ac4e378d9f6070566d","hashRecipe":"SHA256 UTF-8 JSON.stringify(path-sorted [{path,bytes,sha256}]); exact file bytes","files":[{"path":"agents/bootstrap.js","bytes":21703,"sha256":"9556baeec50d2c2fbd4c5391e34bab41c3d9aa9d6d416a4a89b205809542beb5"},{"path":"agents/bootstrap.js.map","bytes":65334,"sha256":"72024fdb0695ffff3a2296cfda4ddb2f96c6f5da8a260d2098c5516f2421b840"},{"path":"agents/health.js","bytes":1056,"sha256":"0fdbd009c25751599b50a9ff902d5c1a71fafb15a526ee64e5a1082b86ed7e7d"},{"path":"agents/health.js.map","bytes":15038,"sha256":"13ab8c72f5d5a8d82b65a38c7c455d8abf1ea4ab6c8878443a316fde59414b51"},{"path":"agents/page-agent.js","bytes":34587,"sha256":"23929816fb4342e44814992a820651ce5b0e5de8b827c32fa2498caccfc01283"},{"path":"agents/page-agent.js.map","bytes":95306,"sha256":"ec0f23bd47621fb6cf855b2c1999b4746ab13cb31b1add032787cde50a8db72e"},{"path":"agents/page-relay.js","bytes":35516,"sha256":"1e75308cd25090fa6ab1b33823ad4844ddab51e172166a3fd028a0a983854e65"},{"path":"agents/page-relay.js.map","bytes":113008,"sha256":"e399a9d2068b239aa9389f4616a4012ded4240d909d18df443769d3ed3df9348"},{"path":"agents/selection-entry.js","bytes":638,"sha256":"b86047d8de3434afe4161d07376ca71a4ea18bc870663be9a606b62c19a42d80"},{"path":"agents/selection-entry.js.map","bytes":968,"sha256":"f2ee1d5e62016c3f1854811589f17382f0f0e69ea9a3635484fe02734b7eb0f4"},{"path":"framework/sdk-main.js","bytes":49773,"sha256":"903bb9d0bbd1a48a92db218934aa730fd817dc8c211017d61b65b8a27ac25bb8"},{"path":"framework/sdk-main.js.map","bytes":152746,"sha256":"a3ac2c7cfa6a0cc3d74f8bee60a8e7b3bf35f4fea4316b599b3b4d35b2a52b03"},{"path":"framework/sdk-resources.json","bytes":359,"sha256":"6f6597ecccf98b85cf1889e8c413a64b712f6cf44976b8ab778d836e14a5f5a6"},{"path":"icons/notification.png","bytes":595,"sha256":"efb5caddc95697204e98f9e7319119095ea195fa02448904bc985e90e96d4de6"},{"path":"licenses/jquery-MIT.txt","bytes":1097,"sha256":"d4db9ebe6f29f5168eac45ad713f055623ac5d0dcd5ba92da23d650ae012020d"},{"path":"licenses/todo-user-vue-MIT.txt","bytes":1096,"sha256":"e301f131f52747f87193c4a41d3d5c09e6c021cc664a6a3101a2213635f03f29"},{"path":"manifest.json","bytes":1523,"sha256":"e6670098b865f36a8529c648f8e85ad5c3b36239c4b1880a296680a638cf0da8"},{"path":"native-agent/settings.html","bytes":1826,"sha256":"8763896451244519f856a7a9f5c2284348bc3b8adbd0aaa3a674932e95d5fecf"},{"path":"native-agent/settings.js","bytes":22391,"sha256":"606318ea6d225e92a72dc13e700f015dbd9a6d148f896eea09114205024fedd6"},{"path":"native-agent/settings.js.map","bytes":58367,"sha256":"4aef7296f6663d8a5d72a623f7f604ae7e9d0eb1d28f881b0a88ce748c2fb58e"},{"path":"native-agent/transport.js","bytes":29534,"sha256":"9541f51d2800df30bd69f7c6ac94e33cf496aea4b0287bf7d5989aacd50e6706"},{"path":"native-agent/transport.js.map","bytes":89731,"sha256":"bd60a744b5bf89e94ad2b485b9f19aff9a73e9daab184a5092ac4094459c1838"},{"path":"scripting/packaged/page-session.js","bytes":55328,"sha256":"fbc94b97dde28dd1a5ac99db3ecf861aa9b6374c85474b05e1d722f6520f3343"},{"path":"scripting/packaged/page-session.js.map","bytes":174289,"sha256":"954210c4f3cf3aeefc1422e4ff51980b3d2b3643485c7d55ae80dfce25d0f5f5"},{"path":"scripting/sandbox/sandbox.html","bytes":385,"sha256":"aa7362ce87a270f45005dde0e9cf14bf1d86bd4bd15fce37f14515638ef3b536"},{"path":"scripting/sandbox/sandbox.js","bytes":4241,"sha256":"e5e5069e25a85673c3880d555a42ecaea414e7c6dabacccd4589874bad7e8631"},{"path":"scripting/sandbox/sandbox.js.map","bytes":11636,"sha256":"2b3be0c1d212193b207fc20165a11866806b1c31cc2653ebac5036a9ea3374d6"},{"path":"scripting/sandbox/worker-runtime.js","bytes":49935,"sha256":"91865c2b35e45a17f18866368c7fa0d2cffcddc86a5deaefef8a746747a5d889"},{"path":"scripting/sandbox/worker-runtime.js.map","bytes":156913,"sha256":"2477b61c175dac272fe8f9afa65fe42d28959bf1b7b5d1c434fe936e3439d270"},{"path":"sw.js","bytes":325148,"sha256":"4fd630a423ff96f91c69823f1e650986739d13da7cc74fe47e1b550df1631104"},{"path":"sw.js.map","bytes":963024,"sha256":"a8500335913be166399f573b5fef8ae95de1884c3af960be2cd7dbcc048ff1ff"},{"path":"ui/target-bootstrap.html","bytes":200,"sha256":"b52748e3bf14e6931924843c0b8bc626ad8929b3b1bb6b63524b39238dc5d13c"},{"path":"ui/tool-shell.css","bytes":19090,"sha256":"cd3f89c5025b325830d114135ad47885d13a4a5f17d36d9e63038423c837976c"},{"path":"ui/tool-shell.js","bytes":177961,"sha256":"d6485561d2b435ba50794dd6460af955aed80b399e53d8dc96d7c69b704a1204"},{"path":"ui/tool-shell.js.map","bytes":529238,"sha256":"0e0e6269596da3b4d871a50facdcbe8d671de8c5cf573cf4c784c89323fca9ee"},{"path":"ui/tool.html","bytes":21232,"sha256":"c27502c481bdc9029331aa1dda32bc06985dabe1edbacb3a64ddde1536722ac9"},{"path":"vendor/jquery-3.7.1.min.js","bytes":87533,"sha256":"fc9a93dd241f6b045cbff0481cf4e1901becd0e12fb45166a8f17f95823f0b1a"}]}
2026-10-08T17:39:48.5221318Z Post job cleanup.
2026-10-08T17:39:48.6451128Z (node:3963) [DEP0040] DeprecationWarning: The `punycode` module is deprecated. Please use a userland alternative instead.
2026-10-08T17:39:48.6452495Z (Use `node --trace-deprecation ...` to show where the warning was created)
2026-10-08T17:39:48.6454909Z Cache hit occurred on the primary key node-cache-Linux-x64-npm-b8ba1b1e75b534e8b18fa308aa4c06e83b4d486ff426239c6fd9007055bc4cce, not saving cache.
2026-10-08T17:39:48.6608127Z Post job cleanup.
2026-10-08T17:39:48.7496721Z [command]/usr/bin/git version
2026-10-08T17:39:48.7542558Z git version 2.55.0
2026-10-08T17:39:48.7588575Z Temporarily overriding HOME='/home/runner/work/_temp/f2b704d2-689e-4ed8-88dc-66824b645958' before making global git config changes
2026-10-08T17:39:48.7590624Z Adding repository directory to the temporary git global config as a safe directory
2026-10-08T17:39:48.7592174Z [command]/usr/bin/git config --global --add safe.directory /home/runner/work/opendesk-browser/opendesk-browser
2026-10-08T17:39:48.7630668Z [command]/usr/bin/git config --local --name-only --get-regexp core\.sshCommand
2026-10-08T17:39:48.7666350Z [command]/usr/bin/git submodule foreach --recursive sh -c "git config --local --name-only --get-regexp 'core\.sshCommand' && git config --local --unset-all 'core.sshCommand' || :"
2026-10-08T17:39:48.7941626Z [command]/usr/bin/git config --local --name-only --get-regexp http\.https\:\/\/github\.com\/\.extraheader
2026-10-08T17:39:48.7972131Z http.https://github.com/.extraheader
2026-10-08T17:39:48.7984061Z [command]/usr/bin/git config --local --unset-all http.https://github.com/.extraheader
2026-10-08T17:39:48.8030475Z [command]/usr/bin/git submodule foreach --recursive sh -c "git config --local --name-only --get-regexp 'http\.https\:\/\/github\.com\/\.extraheader' && git config --local --unset-all 'http.https://github.com/.extraheader' || :"
2026-10-08T17:39:48.8373358Z [command]/usr/bin/git config --local --name-only --get-regexp ^includeIf\.gitdir:
2026-10-08T17:39:48.8430488Z [command]/usr/bin/git submodule foreach --recursive git config --local --show-origin --name-only --get-regexp remote.origin.url
2026-10-08T17:39:48.8928271Z Cleaning up orphan processes
2026-10-08T17:39:48.9296050Z ##[warning]Node.js 20 is deprecated. The following actions target Node.js 20 but are being forced to run on Node.js 24: actions/checkout@v4, actions/setup-node@v4. For more information see: https://github.blog/changelog/2025-09-19-deprecation-of-node-20-on-github-actions-runners/
